,selic,usd_brl,ibc_br,ipca_mom,pib_yoy,selic_change,usd_ret,usd_vol_20d,ibc_br_yoy,ipca_12m,juro_real
2010-01-04,0.0875,1.7232,88.30825,30.402199999999997,0.0,0.0,0.0,0.0,0.0,0.0,0.0875
2010-01-05,0.0875,1.7219,88.30825,30.402199999999997,0.0,0.0,-0.0007546951099840252,0.0,0.0,0.0,0.0875
2010-01-06,0.0875,1.7329,88.30825,30.402199999999997,0.0,0.0,0.006367973354059673,0.0,0.0,0.0,0.0875
2010-01-07,0.0875,1.7405,88.30825,30.402199999999997,0.0,0.0,0.00437612260529387,0.0,0.0,0.0,0.0875
2010-01-08,0.0875,1.7382,88.30825,30.402199999999997,0.0,0.0,-0.0013223332481338231,0.0,0.0,0.0,0.0875
2010-01-09,0.0875,1.7382,88.30825,30.402199999999997,0.0,0.0,0.0,0.0,0.0,0.0,0.0875
2010-01-10,0.0875,1.7382,88.30825,30.402199999999997,0.0,0.0,0.0,0.0,0.0,0.0,0.0875
2010-01-11,0.0875,1.7315,88.30825,30.402199999999997,0.0,0.0,-0.003862010160883071,0.0,0.0,0.0,0.0875
2010-01-12,0.0875,1.7431,88.30825,30.402199999999997,0.0,0.0,0.0066770523783430645,0.0,0.0,0.0,0.0875
2010-01-13,0.0875,1.7434,88.30825,30.402199999999997,0.0,0.0,0.00017209235665597563,0.0,0.0,0.0,0.0875
2010-01-14,0.0875,1.764,88.30825,30.402199999999997,0.0,0.0,0.011746727989260916,0.0,0.0,0.0,0.0875
2010-01-15,0.0875,1.7703,88.30825,30.402199999999997,0.0,0.0,0.0035650661644961446,0.0,0.0,0.0,0.0875
2010-01-16,0.0875,1.7703,88.30825,30.402199999999997,0.0,0.0,0.0,0.0,0.0,0.0,0.0875
2010-01-17,0.0875,1.7703,88.30825,30.402199999999997,0.0,0.0,0.0,0.0,0.0,0.0,0.0875
2010-01-18,0.0875,1.7713,88.30825,30.402199999999997,0.0,0.0,0.0005647165273184044,0.0,0.0,0.0,0.0875
2010-01-19,0.0875,1.7739,88.30825,30.402199999999997,0.0,0.0,0.0014667722363426738,0.0,0.0,0.0,0.0875
2010-01-20,0.0875,1.7846,88.30825,30.402199999999997,0.0,0.0,0.006013787971157062,0.003624400166651873,0.0,0.0,0.0875
2010-01-21,0.0875,1.7895,88.30825,30.402199999999997,0.0,0.0,0.00274195074002954,0.0036065124964321685,0.0,0.0,0.0875
2010-01-22,0.0875,1.8179,88.30825,30.402199999999997,0.0,0.0,0.015745737517935555,0.004719602556799093,0.0,0.0,0.0875
2010-01-23,0.0875,1.8179,88.30825,30.402199999999997,0.0,0.0,0.0,0.004719602556799093,0.0,0.0,0.0875
2010-01-24,0.0875,1.8179,88.30825,30.402199999999997,0.0,0.0,0.0,0.004719602556799093,0.0,0.0,0.0875
2010-01-25,0.0875,1.8186,88.30825,30.402199999999997,0.0,0.0,0.0003849855677962989,0.004682750259784762,0.0,0.0,0.0875
2010-01-26,0.0875,1.8359,88.30825,30.402199999999997,0.0,0.0,0.009467850174347448,0.004857474893089604,0.0,0.0,0.0875
2010-01-27,0.0875,1.8505,88.30825,30.402199999999997,0.0,0.0,0.007921048360050635,0.004977859090103753,0.0,0.0,0.0875
2010-01-28,0.0875,1.8552,88.30825,30.402199999999997,0.0,0.0,0.00253663411511121,0.00487255917846287,0.0,0.0,0.0875
2010-01-29,0.0875,1.874,88.30825,30.402199999999997,0.0,0.0,0.010082676857045588,0.005036661337017614,0.0,0.0,0.0875
2010-01-30,0.0875,1.874,88.30825,30.402199999999997,0.0,0.0,0.0,0.005036661337017614,0.0,0.0,0.0875
2010-01-31,0.0875,1.874,88.30825,30.402199999999997,0.0,0.0,0.0,0.004797358410831208,0.0,0.0,0.0875
2010-02-01,0.0875,1.8765,89.57084,30.6393,0.0,0.0,0.0013331557767080303,0.004786538409513577,0.0,0.0,0.0875
2010-02-02,0.0875,1.8355,89.57084,30.6393,0.0,0.0,-0.022091415638186614,0.007478756321443982,0.0,0.0,0.0875
2010-02-03,0.0875,1.8329,89.57084,30.6393,0.0,0.0,-0.0014175119590868171,0.007203186765980385,0.0,0.0,0.0875
2010-02-04,0.0875,1.8707,89.57084,30.6393,0.0,0.0,0.020413280377056683,0.008306866521317922,0.0,0.0,0.0875
2010-02-05,0.0875,1.8745,89.57084,30.6393,0.0,0.0,0.002029264821107835,0.008283764867978738,0.0,0.0,0.0875
2010-02-06,0.0875,1.8745,89.57084,30.6393,0.0,0.0,0.0,0.008283764867978738,0.0,0.0,0.0875
2010-02-07,0.0875,1.8745,89.57084,30.6393,0.0,0.0,0.0,0.008292956354494252,0.0,0.0,0.0875
2010-02-08,0.0875,1.8722,89.57084,30.6393,0.0,0.0,-0.0012277472383224036,0.00833805758306382,0.0,0.0,0.0875
2010-02-09,0.0875,1.8542,89.57084,30.6393,0.0,0.0,-0.009660873764762245,0.008736981932173475,0.0,0.0,0.0875
2010-02-10,0.0875,1.8475,89.57084,30.6393,0.0,0.0,-0.0036199623505252763,0.008820623008903627,0.0,0.0,0.0875
2010-02-11,0.0875,1.8508,89.57084,30.6393,0.0,0.0,0.0017846042104877526,0.008170251922865744,0.0,0.0,0.0875
2010-02-12,0.0875,1.8662,89.57084,30.6393,0.0,0.0,0.008286299767077154,0.008330902018559393,0.0,0.0,0.0875
2010-02-13,0.0875,1.8662,89.57084,30.6393,0.0,0.0,0.0,0.008330902018559393,0.0,0.0,0.0875
2010-02-14,0.0875,1.8662,89.57084,30.6393,0.0,0.0,0.0,0.008333598881752554,0.0,0.0,0.0875
2010-02-15,0.0875,1.8662,89.57084,30.6393,0.0,0.0,0.0,0.00811064508985862,0.0,0.0,0.0875
2010-02-16,0.0875,1.8662,89.57084,30.6393,0.0,0.0,0.0,0.007937104328702213,0.0,0.0,0.0875
2010-02-17,0.0875,1.8305,89.57084,30.6393,0.0,0.0,-0.019315124239630777,0.00905591017357389,0.0,0.0,0.0875
2010-02-18,0.0875,1.8258,89.57084,30.6393,0.0,0.0,-0.0025709064293104548,0.008700163810611597,0.0,0.0,0.0875
2010-02-19,0.0875,1.8108,89.57084,30.6393,0.0,0.0,-0.008249510569176896,0.008829734937470192,0.0,0.0,0.0875
2010-02-20,0.0875,1.8108,89.57084,30.6393,0.0,0.0,0.0,0.008829734937470192,0.0,0.0,0.0875
2010-02-21,0.0875,1.8108,89.57084,30.6393,0.0,0.0,0.0,0.008810521248936467,0.0,0.0,0.0875
2010-02-22,0.0875,1.8038,89.57084,30.6393,0.0,0.0,-0.003873185830195657,0.0074345749370112076,0.0,0.0,0.0875
2010-02-23,0.0875,1.8178,89.57084,30.6393,0.0,0.0,0.007731427953062197,0.007676705632572801,0.0,0.0,0.0875
2010-02-24,0.0875,1.8195,89.57084,30.6393,0.0,0.0,0.0009347593675444025,0.005932923401757448,0.0,0.0,0.0875
2010-02-25,0.0875,1.8356,89.57084,30.6393,0.0,0.0,0.00880966546846389,0.006319568101865774,0.0,0.0,0.0875
2010-02-26,0.0875,1.8102,89.57084,30.6393,0.0,0.0,-0.013934067127607969,0.006935915998533437,0.0,0.0,0.0875
2010-02-27,0.0875,1.8102,89.57084,30.6393,0.0,0.0,0.0,0.006935915998533437,0.0,0.0,0.0875
2010-02-28,0.0875,1.8102,89.57084,30.6393,0.0,0.0,0.0,0.006946162733811912,0.0,0.0,0.0875
2010-03-01,0.0875,1.7992,100.68303,30.7986,0.0,0.0,-0.00609521474796459,0.006774277383340978,0.0,0.0,0.0875
2010-03-02,0.0875,1.7843,100.68303,30.7986,0.0,0.0,-0.008315940207722826,0.006930989947187679,0.0,0.0,0.0875
2010-03-03,0.0875,1.7838,100.68303,30.7986,0.0,0.0,-0.0002802612052760836,0.0068909824569986155,0.0,0.0,0.0875
2010-03-04,0.0875,1.788,100.68303,30.7986,0.0,0.0,0.0023517565013524023,0.006551224544522253,0.0,0.0,0.0875
2010-03-05,0.0875,1.7816,100.68303,30.7986,0.0,0.0,-0.0035858397903015924,0.0065386216595770845,0.0,0.0,0.0875
2010-03-06,0.0875,1.7816,100.68303,30.7986,0.0,0.0,0.0,0.0065386216595770845,0.0,0.0,0.0875
2010-03-07,0.0875,1.7816,100.68303,30.7986,0.0,0.0,0.0,0.0065386216595770845,0.0,0.0,0.0875
2010-03-08,0.0875,1.7818,100.68303,30.7986,0.0,0.0,0.00011225234338546291,0.00654076539668128,0.0,0.0,0.0875
2010-03-09,0.0875,1.7891,100.68303,30.7986,0.0,0.0,0.00408861080923358,0.005318386813969256,0.0,0.0,0.0875
2010-03-10,0.0875,1.7708,100.68303,30.7986,0.0,0.0,-0.010281278237791194,0.005693503048181166,0.0,0.0,0.0875
2010-03-11,0.0875,1.7685,100.68303,30.7986,0.0,0.0,-0.0012996922124506862,0.005469439626186625,0.0,0.0,0.0875
2010-03-12,0.0875,1.7629,100.68303,30.7986,0.0,0.0,-0.003171549353837612,0.005479338330698386,0.0,0.0,0.0875
2010-03-13,0.0875,1.7629,100.68303,30.7986,0.0,0.0,0.0,0.005479338330698386,0.0,0.0,0.0875
2010-03-14,0.0875,1.7629,100.68303,30.7986,0.0,0.0,0.0,0.005453495390120758,0.0,0.0,0.0875
2010-03-15,0.0875,1.7636,100.68303,30.7986,0.0,0.0,0.00039699419208494524,0.005057265550770799,0.0,0.0,0.0875
2010-03-16,0.0875,1.7658,100.68303,30.7986,0.0,0.0,0.0012466709836994562,0.0050656867438405705,0.0,0.0,0.0875
2010-03-17,0.0875,1.7632,100.68303,30.7986,0.0,0.0,-0.0014735055088867049,0.004448714071691962,0.0,0.0,0.0875
2010-03-18,0.0875,1.784,100.68303,30.7986,0.0,0.0,0.011727694181359343,0.004529145511122683,0.0,0.0,0.0875
2010-03-19,0.0875,1.7946,100.68303,30.7986,0.0,0.0,0.005924121724002674,0.004766811996381811,0.0,0.0,0.0875
2010-03-20,0.0875,1.7946,100.68303,30.7986,0.0,0.0,0.0,0.004766811996381811,0.0,0.0,0.0875
2010-03-21,0.0875,1.7946,100.68303,30.7986,0.0,0.0,0.0,0.004576793459249096,0.0,0.0,0.0875
2010-03-22,0.0875,1.8022,100.68303,30.7986,0.0,0.0,0.00422598493697972,0.004242910568517362,0.0,0.0,0.0875
2010-03-23,0.0875,1.7805,100.68303,30.7986,0.0,0.0,-0.012113917083104548,0.005096554507689599,0.0,0.0,0.0875
2010-03-24,0.0875,1.7896,100.68303,30.7986,0.0,0.0,0.005097907458087471,0.005201780198913232,0.0,0.0,0.0875
2010-03-25,0.0875,1.8,100.68303,30.7986,0.0,0.0,0.005794533708336091,0.005279511537364669,0.0,0.0,0.0875
2010-03-26,0.0875,1.8223,100.68303,30.7986,0.0,0.0,0.01231277460775331,0.005898102428779936,0.0,0.0,0.0875
2010-03-27,0.0875,1.8223,100.68303,30.7986,0.0,0.0,0.0,0.005898102428779936,0.0,0.0,0.0875
2010-03-28,0.0875,1.8223,100.68303,30.7986,0.0,0.0,0.0,0.005899174578572065,0.0,0.0,0.0875
2010-03-29,0.0875,1.8056,100.68303,30.7986,0.0,0.0,-0.009206492988683524,0.006284027163330331,0.0,0.0,0.0875
2010-03-30,0.0875,1.7944,100.68303,30.7986,0.0,0.0,-0.006222242297327482,0.0059769402652563655,0.0,0.0,0.0875
2010-03-31,0.0875,1.7802,100.68303,30.7986,0.0,0.0,-0.007944986681167429,0.00626929020291159,0.0,0.0,0.0875
2010-04-01,0.0875,1.7693,96.07002,30.9742,0.026000000000000002,0.0,-0.0061417294058739485,0.00639059976906237,0.0,0.0,0.0875
2010-04-02,0.0875,1.7693,96.07002,30.9742,0.026000000000000002,0.0,0.0,0.00639059976906237,0.0,0.0,0.0875
2010-04-03,0.0875,1.7693,96.07002,30.9742,0.026000000000000002,0.0,0.0,0.00639059976906237,0.0,0.0,0.0875
2010-04-04,0.0875,1.7693,96.07002,30.9742,0.026000000000000002,0.0,0.0,0.006390510733302147,0.0,0.0,0.0875
2010-04-05,0.0875,1.7565,96.07002,30.9742,0.026000000000000002,0.0,-0.0072607954130754875,0.006594356575842814,0.0,0.0,0.0875
2010-04-06,0.0875,1.7597,96.07002,30.9742,0.026000000000000002,0.0,0.0018201472518341278,0.00660368241808973,0.0,0.0,0.0875
2010-04-07,0.0875,1.7654,96.07002,30.9742,0.026000000000000002,0.0,0.003233953628416604,0.006053222567935756,0.0,0.0,0.0875
2010-04-08,0.0875,1.7798,96.07002,30.9742,0.026000000000000002,0.0,0.008123704836629341,0.006194867763143158,0.0,0.0,0.0875
2010-04-09,0.0875,1.7722,96.07002,30.9742,0.026000000000000002,0.0,-0.004279285809559831,0.006253438103573178,0.0,0.0,0.0875
2010-04-10,0.0875,1.7722,96.07002,30.9742,0.026000000000000002,0.0,0.0,0.006253438103573178,0.0,0.0,0.0875
2010-04-11,0.0875,1.7722,96.07002,30.9742,0.026000000000000002,0.0,0.0,0.006151355664315796,0.0,0.0,0.0875
2010-04-12,0.0875,1.76,96.07002,30.9742,0.026000000000000002,0.0,-0.006907903581004598,0.005745938642609139,0.0,0.0,0.0875
2010-04-13,0.0875,1.7576,96.07002,30.9742,0.026000000000000002,0.0,-0.0013645669617969943,0.005589472233822655,0.0,0.0,0.0875
2010-04-14,0.0875,1.7438,96.07002,30.9742,0.026000000000000002,0.0,-0.007882602076685834,0.00556365028420625,0.0,0.0,0.0875
2010-04-15,0.0875,1.7475,96.07002,30.9742,0.026000000000000002,0.0,0.002119555114250793,0.004608287595923057,0.0,0.0,0.0875
2010-04-16,0.0875,1.755,96.07002,30.9742,0.026000000000000002,0.0,0.004282661792000728,0.004806049555243623,0.0,0.0,0.0875
2010-04-17,0.0875,1.755,96.07002,30.9742,0.026000000000000002,0.0,0.0,0.004806049555243623,0.0,0.0,0.0875
2010-04-18,0.0875,1.755,96.07002,30.9742,0.026000000000000002,0.0,0.0,0.0044986033791368655,0.0,0.0,0.0875
2010-04-19,0.0875,1.758,96.07002,30.9742,0.026000000000000002,0.0,0.0017079423451561158,0.004401605085242961,0.0,0.0,0.0875
2010-04-20,0.0875,1.7489,96.07002,30.9742,0.026000000000000002,0.0,-0.005189780389976809,0.004212677369916549,0.0,0.0,0.0875
2010-04-21,0.0875,1.7489,96.07002,30.9742,0.026000000000000002,0.0,0.0,0.0040293274119527454,0.0,0.0,0.0875
2010-04-22,0.0875,1.7618,96.07002,30.9742,0.026000000000000002,0.0,0.007348994820549761,0.00440277456656469,0.0,0.0,0.0875
2010-04-23,0.0875,1.7616,96.07002,30.9742,0.026000000000000002,0.0,-0.00011352670727975147,0.004402559493834397,0.0,0.0,0.0875
2010-04-24,0.0875,1.7616,96.07002,30.9742,0.026000000000000002,0.0,0.0,0.004402559493834397,0.0,0.0,0.0875
2010-04-25,0.0875,1.7616,96.07002,30.9742,0.026000000000000002,0.0,0.0,0.004078697941494056,0.0,0.0,0.0875
2010-04-26,0.0875,1.7438,96.07002,30.9742,0.026000000000000002,0.0,-0.010155846974700886,0.004657811910427041,0.0,0.0,0.0875
2010-04-27,0.0875,1.7584,96.07002,30.9742,0.026000000000000002,0.0,0.008337664655642237,0.004997880139892148,0.0,0.0,0.0875
2010-04-28,0.0875,1.755,96.07002,30.9742,0.026000000000000002,0.0,-0.0019354477493907826,0.004607161884378804,0.0,0.0,0.0875
2010-04-29,0.095,1.7313,96.07002,30.9742,0.026000000000000002,0.007500000000000007,-0.013596285514935661,0.005392126300124862,0.0,0.0,0.095
2010-04-30,0.095,1.7298,96.07002,30.9742,0.026000000000000002,0.0,-0.0008667765126190065,0.005385728619130538,0.0,0.0,0.095
2010-05-01,0.095,1.7298,95.82489,31.1074,0.026000000000000002,0.0,0.0,0.005385728619130538,0.0,0.0,0.095
2010-05-02,0.095,1.7298,95.82489,31.1074,0.026000000000000002,0.0,0.0,0.005220094859133692,0.0,0.0,0.095
2010-05-03,0.095,1.7307,95.82489,31.1074,0.026000000000000002,0.0,0.0005201560585417864,0.005227615980690764,0.0,0.0,0.095
2010-05-04,0.095,1.7549,95.82489,31.1074,0.026000000000000002,0.0,0.013885924288607665,0.005892884562242975,0.0,0.0,0.095
2010-05-05,0.095,1.7854,95.82489,31.1074,0.026000000000000002,0.0,0.01723060452570076,0.007000719482705051,0.0,0.0,0.095
2010-05-06,0.095,1.8345,95.82489,31.1074,0.026000000000000002,0.0,0.027129485050075047,0.009101010638948928,0.0,0.0,0.095
2010-05-07,0.095,1.8335,95.82489,31.1074,0.026000000000000002,0.0,-0.0005452562839561294,0.00910880890112561,0.0,0.0,0.095
2010-05-08,0.095,1.8335,95.82489,31.1074,0.026000000000000002,0.0,0.0,0.00910880890112561,0.0,0.0,0.095
2010-05-09,0.095,1.8335,95.82489,31.1074,0.026000000000000002,0.0,0.0,0.009121542634739969,0.0,0.0,0.095
2010-05-10,0.095,1.7825,95.82489,31.1074,0.026000000000000002,0.0,-0.02820983522292967,0.011285790364777162,0.0,0.0,0.095
2010-05-11,0.095,1.7835,95.82489,31.1074,0.026000000000000002,0.0,0.0005608525104952222,0.011283998340907634,0.0,0.0,0.095
2010-05-12,0.095,1.7715,95.82489,31.1074,0.026000000000000002,0.0,-0.00675108049341952,0.01130555418622064,0.0,0.0,0.095
2010-05-13,0.095,1.7729,95.82489,31.1074,0.026000000000000002,0.0,0.0007899785988079795,0.011305727086174463,0.0,0.0,0.095
2010-05-14,0.095,1.7959,95.82489,31.1074,0.026000000000000002,0.0,0.012889665120356083,0.011648727735317454,0.0,0.0,0.095
2010-05-15,0.095,1.7959,95.82489,31.1074,0.026000000000000002,0.0,0.0,0.011648727735317454,0.0,0.0,0.095
2010-05-16,0.095,1.7959,95.82489,31.1074,0.026000000000000002,0.0,0.0,0.011356152229518388,0.0,0.0,0.095
2010-05-17,0.095,1.8037,95.82489,31.1074,0.026000000000000002,0.0,0.004333821651462865,0.011263664611854135,0.0,0.0,0.095
2010-05-18,0.095,1.7913,95.82489,31.1074,0.026000000000000002,0.0,-0.006898497455097234,0.011391983105094086,0.0,0.0,0.095
2010-05-19,0.095,1.8358,95.82489,31.1074,0.026000000000000002,0.0,0.024538740563934326,0.0119918221928765,0.0,0.0,0.095
2010-05-20,0.095,1.8669,95.82489,31.1074,0.026000000000000002,0.0,0.01679894745829119,0.012342879353521238,0.0,0.0,0.095
2010-05-21,0.095,1.8702,95.82489,31.1074,0.026000000000000002,0.0,0.0017660757580645525,0.01232045653913523,0.0,0.0,0.095
2010-05-22,0.095,1.8702,95.82489,31.1074,0.026000000000000002,0.0,0.0,0.01232045653913523,0.0,0.0,0.095
2010-05-23,0.095,1.8702,95.82489,31.1074,0.026000000000000002,0.0,0.0,0.01232851748253281,0.0,0.0,0.095
2010-05-24,0.095,1.8514,95.82489,31.1074,0.026000000000000002,0.0,-0.010103267368235599,0.012469542709477133,0.0,0.0,0.095
2010-05-25,0.095,1.8803,95.82489,31.1074,0.026000000000000002,0.0,0.015489228928318019,0.012368237966882396,0.0,0.0,0.095
2010-05-26,0.095,1.8453,95.82489,31.1074,0.026000000000000002,0.0,-0.01878947267899667,0.01182305893740822,0.0,0.0,0.095
2010-05-27,0.095,1.832,95.82489,31.1074,0.026000000000000002,0.0,-0.007233599648356593,0.01194202372896302,0.0,0.0,0.095
2010-05-28,0.095,1.8221,95.82489,31.1074,0.026000000000000002,0.0,-0.005418584178242589,0.012002359868953854,0.0,0.0,0.095
2010-05-29,0.095,1.8221,95.82489,31.1074,0.026000000000000002,0.0,0.0,0.012002359868953854,0.0,0.0,0.095
2010-05-30,0.095,1.8221,95.82489,31.1074,0.026000000000000002,0.0,0.0,0.010050101364879558,0.0,0.0,0.095
2010-05-31,0.095,1.8159,95.82489,31.1074,0.026000000000000002,0.0,-0.0034084694900816895,0.010100347205176673,0.0,0.0,0.095
2010-06-01,0.095,1.8247,95.52389,31.1074,0.026000000000000002,0.0,0.004834377376738331,0.009969818588279954,0.0,0.0,0.095
2010-06-02,0.095,1.8354,95.52389,31.1074,0.026000000000000002,0.0,0.005846851442423101,0.010015431843898682,0.0,0.0,0.095
2010-06-03,0.095,1.8354,95.52389,31.1074,0.026000000000000002,0.0,0.0,0.009668383862198827,0.0,0.0,0.095
2010-06-04,0.095,1.8393,95.52389,31.1074,0.026000000000000002,0.0,0.002122623051839167,0.009667464493060116,0.0,0.0,0.095
2010-06-05,0.095,1.8393,95.52389,31.1074,0.026000000000000002,0.0,0.0,0.009667464493060116,0.0,0.0,0.095
2010-06-06,0.095,1.8393,95.52389,31.1074,0.026000000000000002,0.0,0.0,0.009641917939650371,0.0,0.0,0.095
2010-06-07,0.095,1.8626,95.52389,31.1074,0.026000000000000002,0.0,0.012588296650805568,0.009787659762154512,0.0,0.0,0.095
2010-06-08,0.095,1.865,95.52389,31.1074,0.026000000000000002,0.0,0.0012876919903585253,0.008218714506152691,0.0,0.0,0.095
2010-06-09,0.095,1.8415,95.52389,31.1074,0.026000000000000002,0.0,-0.012680596192795912,0.007830640174504792,0.0,0.0,0.095
2010-06-10,0.1025,1.8177,95.52389,31.1074,0.026000000000000002,0.007499999999999993,-0.013008491266066846,0.00827172598865082,0.0,0.0,0.1025
2010-06-11,0.1025,1.8117,95.52389,31.1074,0.026000000000000002,0.0,-0.003306334637087909,0.00827481454542371,0.0,0.0,0.1025
2010-06-12,0.1025,1.8117,95.52389,31.1074,0.026000000000000002,0.0,0.0,0.00827481454542371,0.0,0.0,0.1025
2010-06-13,0.1025,1.8117,95.52389,31.1074,0.026000000000000002,0.0,0.0,0.008032521641378437,0.0,0.0,0.1025
2010-06-14,0.1025,1.8022,95.52389,31.1074,0.026000000000000002,0.0,-0.00525749018102823,0.0070604113701502776,0.0,0.0,0.1025
2010-06-15,0.1025,1.7963,95.52389,31.1074,0.026000000000000002,0.0,-0.0032791470261469705,0.005887625463723851,0.0,0.0,0.1025
2010-06-16,0.1025,1.7885,95.52389,31.1074,0.026000000000000002,0.0,-0.004351714075717528,0.0057700301399679545,0.0,0.0,0.1025
2010-06-17,0.1025,1.7809,95.52389,31.1074,0.026000000000000002,0.0,-0.004258425217112427,0.00573110404233019,0.0,0.0,0.1025
2010-06-18,0.1025,1.7753,95.52389,31.1074,0.026000000000000002,0.0,-0.0031494317692079598,0.0057412885069779455,0.0,0.0,0.1025
2010-06-19,0.1025,1.7753,95.52389,31.1074,0.026000000000000002,0.0,0.0,0.0057412885069779455,0.0,0.0,0.1025
2010-06-20,0.1025,1.7753,95.52389,31.1074,0.026000000000000002,0.0,0.0,0.005726006504115171,0.0,0.0,0.1025
2010-06-21,0.1025,1.7655,95.52389,31.1074,0.026000000000000002,0.0,-0.005535486344310909,0.0056260738954276275,0.0,0.0,0.1025
2010-06-22,0.1025,1.7672,95.52389,31.1074,0.026000000000000002,0.0,0.0009624367374663973,0.00538438078354373,0.0,0.0,0.1025
2010-06-23,0.1025,1.79,95.52389,31.1074,0.026000000000000002,0.0,0.012819246728893174,0.006305792873788435,0.0,0.0,0.1025
2010-06-24,0.1025,1.7899,95.52389,31.1074,0.026000000000000002,0.0,-5.5867482346475755e-05,0.00626309712654619,0.0,0.0,0.1025
2010-06-25,0.1025,1.7773,95.52389,31.1074,0.026000000000000002,0.0,-0.00706439358650814,0.006380392120495808,0.0,0.0,0.1025
2010-06-26,0.1025,1.7773,95.52389,31.1074,0.026000000000000002,0.0,0.0,0.006380392120495808,0.0,0.0,0.1025
2010-06-27,0.1025,1.7773,95.52389,31.1074,0.026000000000000002,0.0,0.0,0.00544796097400818,0.0,0.0,0.1025
2010-06-28,0.1025,1.7818,95.52389,31.1074,0.026000000000000002,0.0,0.002528730520597276,0.0054983363798529325,0.0,0.0,0.1025
2010-06-29,0.1025,1.8068,95.52389,31.1074,0.026000000000000002,0.0,0.01393323549390572,0.006042753524282396,0.0,0.0,0.1025
2010-06-30,0.1025,1.8007,95.52389,31.1074,0.026000000000000002,0.0,-0.0033818466049893034,0.005378699966825122,0.0,0.0,0.1025
2010-07-01,0.1025,1.7998,99.41933,31.110500000000002,0.053,0.0,-0.0004999305756115413,0.005337253255936588,0.0,0.0,0.1025
2010-07-02,0.1025,1.7777,99.41933,31.110500000000002,0.053,0.0,-0.012355153671208378,0.005974129999995642,0.0,0.0,0.1025
2010-07-03,0.1025,1.7777,99.41933,31.110500000000002,0.053,0.0,0.0,0.005974129999995642,0.0,0.0,0.1025
2010-07-04,0.1025,1.7777,99.41933,31.110500000000002,0.053,0.0,0.0,0.005889560489833878,0.0,0.0,0.1025
2010-07-05,0.1025,1.7747,99.41933,31.110500000000002,0.053,0.0,-0.001688999388120621,0.00586336337634929,0.0,0.0,0.1025
2010-07-06,0.1025,1.7657,99.41933,31.110500000000002,0.053,0.0,-0.0050841822317665925,0.005890224412880727,0.0,0.0,0.1025
2010-07-07,0.1025,1.7711,99.41933,31.110500000000002,0.053,0.0,0.0030536101538339547,0.00588082779835123,0.0,0.0,0.1025
2010-07-08,0.1025,1.7644,99.41933,31.110500000000002,0.053,0.0,-0.003790133231801839,0.005899021773019076,0.0,0.0,0.1025
2010-07-09,0.1025,1.7564,99.41933,31.110500000000002,0.053,0.0,-0.0045444295432222346,0.00597358727863411,0.0,0.0,0.1025
2010-07-10,0.1025,1.7564,99.41933,31.110500000000002,0.053,0.0,0.0,0.00597358727863411,0.0,0.0,0.1025
2010-07-11,0.1025,1.7564,99.41933,31.110500000000002,0.053,0.0,0.0,0.005856809740037472,0.0,0.0,0.1025
2010-07-12,0.1025,1.7636,99.41933,31.110500000000002,0.053,0.0,0.004090914796220249,0.005932421238407007,0.0,0.0,0.1025
2010-07-13,0.1025,1.7517,99.41933,31.110500000000002,0.053,0.0,-0.006770429526180936,0.005266587568161938,0.0,0.0,0.1025
2010-07-14,0.1025,1.7649,99.41933,31.110500000000002,0.053,0.0,0.00750728658091822,0.005604774114437901,0.0,0.0,0.1025
2010-07-15,0.1025,1.7682,99.41933,31.110500000000002,0.053,0.0,0.0018680484331840138,0.005424190506421067,0.0,0.0,0.1025
2010-07-16,0.1025,1.7784,99.41933,31.110500000000002,0.053,0.0,0.005752003678282739,0.005588517095460648,0.0,0.0,0.1025
2010-07-17,0.1025,1.7784,99.41933,31.110500000000002,0.053,0.0,0.0,0.005588517095460648,0.0,0.0,0.1025
2010-07-18,0.1025,1.7784,99.41933,31.110500000000002,0.053,0.0,0.0,0.0055575515249669406,0.0,0.0,0.1025
2010-07-19,0.1025,1.7846,99.41933,31.110500000000002,0.053,0.0,0.0034802168160641277,0.004573138076255333,0.0,0.0,0.1025
2010-07-20,0.1025,1.7792,99.41933,31.110500000000002,0.053,0.0,-0.003030475409787825,0.0045626248686716905,0.0,0.0,0.1025
2010-07-21,0.1025,1.7758,99.41933,31.110500000000002,0.053,0.0,-0.0019127994580367606,0.004571912765218757,0.0,0.0,0.1025
2010-07-22,0.1075,1.7621,99.41933,31.110500000000002,0.053,0.0050000000000000044,-0.007744746023541555,0.004036693983479908,0.0,0.0,0.1075
2010-07-23,0.1075,1.7609,99.41933,31.110500000000002,0.053,0.0,-0.0006812376079526543,0.004035653588464806,0.0,0.0,0.1075
2010-07-24,0.1075,1.7609,99.41933,31.110500000000002,0.053,0.0,0.0,0.004035653588464806,0.0,0.0,0.1075
2010-07-25,0.1075,1.7609,99.41933,31.110500000000002,0.053,0.0,0.0,0.004026569045734831,0.0,0.0,0.1075
2010-07-26,0.1075,1.7661,99.41933,31.110500000000002,0.053,0.0,0.002948683735593032,0.003933273216636617,0.0,0.0,0.1075
2010-07-27,0.1075,1.765,99.41933,31.110500000000002,0.053,0.0,-0.0006230353349282356,0.0038689938759908543,0.0,0.0,0.1075
2010-07-28,0.1075,1.7642,99.41933,31.110500000000002,0.053,0.0,-0.00045336054273051026,0.003775601120208691,0.0,0.0,0.1075
2010-07-29,0.1075,1.7635,99.41933,31.110500000000002,0.053,0.0,-0.0003968591485598325,0.003624047384614765,0.0,0.0,0.1075
2010-07-30,0.1075,1.7564,99.41933,31.110500000000002,0.053,0.0,-0.004034210988544412,0.0037460805530428187,0.0,0.0,0.1075
2010-07-31,0.1075,1.7564,99.41933,31.110500000000002,0.053,0.0,0.0,0.0037460805530428187,0.0,0.0,0.1075
2010-08-01,0.1075,1.7564,99.35391,31.1229,0.053,0.0,0.0,0.0036205328745946806,0.0,0.0,0.1075
2010-08-02,0.1075,1.7481,99.35391,31.1229,0.053,0.0,-0.004736775870424201,0.003451013583568713,0.0,0.0,0.1075
2010-08-03,0.1075,1.7586,99.35391,31.1229,0.053,0.0,0.005988554127763482,0.003287584769526111,0.0,0.0,0.1075
2010-08-04,0.1075,1.7555,99.35391,31.1229,0.053,0.0,-0.0017643213364147274,0.0032688372706615853,0.0,0.0,0.1075
2010-08-05,0.1075,1.7527,99.35391,31.1229,0.053,0.0,-0.001596260529356679,0.002942308448434401,0.0,0.0,0.1075
2010-08-06,0.1075,1.7558,99.35391,31.1229,0.053,0.0,0.0017671374129780784,0.002991438600688507,0.0,0.0,0.1075
2010-08-07,0.1075,1.7558,99.35391,31.1229,0.053,0.0,0.0,0.002991438600688507,0.0,0.0,0.1075
2010-08-08,0.1075,1.7558,99.35391,31.1229,0.053,0.0,0.0,0.0028363882586218054,0.0,0.0,0.1075
2010-08-09,0.1075,1.7529,99.35391,31.1229,0.053,0.0,-0.0016530342636074179,0.0027961608921716944,0.0,0.0,0.1075
2010-08-10,0.1075,1.7568,99.35391,31.1229,0.053,0.0,0.0022224130867104976,0.002857449971309253,0.0,0.0,0.1075
2010-08-11,0.1075,1.7655,99.35391,31.1229,0.053,0.0,0.004939964053229672,0.0025665608469533493,0.0,0.0,0.1075
2010-08-12,0.1075,1.7723,99.35391,31.1229,0.053,0.0,0.003844201692652768,0.002690870819642259,0.0,0.0,0.1075
2010-08-13,0.1075,1.7708,99.35391,31.1229,0.053,0.0,-0.0008467162031080346,0.0027028484546429334,0.0,0.0,0.1075
2010-08-14,0.1075,1.7708,99.35391,31.1229,0.053,0.0,0.0,0.0027028484546429334,0.0,0.0,0.1075
2010-08-15,0.1075,1.7708,99.35391,31.1229,0.053,0.0,0.0,0.0026290490292465193,0.0,0.0,0.1075
2010-08-16,0.1075,1.7631,99.35391,31.1229,0.053,0.0,-0.00435779857127153,0.0028118497029970034,0.0,0.0,0.1075
2010-08-17,0.1075,1.752,99.35391,31.1229,0.053,0.0,-0.006315630790377611,0.003141868504889374,0.0,0.0,0.1075
2010-08-18,0.1075,1.7505,99.35391,31.1229,0.053,0.0,-0.0008565311016164693,0.0031439333216869408,0.0,0.0,0.1075
2010-08-19,0.1075,1.7576,99.35391,31.1229,0.053,0.0,0.004047780675680153,0.0031674797524539776,0.0,0.0,0.1075
2010-08-20,0.1075,1.7589,99.35391,31.1229,0.053,0.0,0.0007393715678784486,0.0031713725294131153,0.0,0.0,0.1075
2010-08-21,0.1075,1.7589,99.35391,31.1229,0.053,0.0,0.0,0.0031713725294131153,0.0,0.0,0.1075
2010-08-22,0.1075,1.7589,99.35391,31.1229,0.053,0.0,0.0,0.002963478002633379,0.0,0.0,0.1075
2010-08-23,0.1075,1.7579,99.35391,31.1229,0.053,0.0,-0.0005686988324336821,0.0026478520818182492,0.0,0.0,0.1075
2010-08-24,0.1075,1.7719,99.35391,31.1229,0.053,0.0,0.007932502358178408,0.003151504984519627,0.0,0.0,0.1075
2010-08-25,0.1075,1.766,99.35391,31.1229,0.053,0.0,-0.0033353150001183703,0.003234272449780271,0.0,0.0,0.1075
2010-08-26,0.1075,1.7588,99.35391,31.1229,0.053,0.0,-0.004085343857250275,0.0033641202726287494,0.0,0.0,0.1075
2010-08-27,0.1075,1.7536,99.35391,31.1229,0.053,0.0,-0.0029609405529585834,0.003432530835747317,0.0,0.0,0.1075
2010-08-28,0.1075,1.7536,99.35391,31.1229,0.053,0.0,0.0,0.003432530835747317,0.0,0.0,0.1075
2010-08-29,0.1075,1.7536,99.35391,31.1229,0.053,0.0,0.0,0.0034120621628794764,0.0,0.0,0.1075
2010-08-30,0.1075,1.7583,99.35391,31.1229,0.053,0.0,0.0026766153967967493,0.003428962529278607,0.0,0.0,0.1075
2010-08-31,0.1075,1.7552,99.35391,31.1229,0.053,0.0,-0.0017646226295273582,0.0032479400822504737,0.0,0.0,0.1075
2010-09-01,0.1075,1.7433,97.8898,31.2629,0.053,0.0,-0.006802941771796202,0.0034030748483522087,0.0,0.0,0.1075
2010-09-02,0.1075,1.7359,97.8898,31.2629,0.053,0.0,-0.004253857874666199,0.0034884335477847104,0.0,0.0,0.1075
2010-09-03,0.1075,1.7273,97.8898,31.2629,0.053,0.0,-0.00496651517526473,0.0035891731234643652,0.0,0.0,0.1075
2010-09-04,0.1075,1.7273,97.8898,31.2629,0.053,0.0,0.0,0.0035891731234643652,0.0,0.0,0.1075
2010-09-05,0.1075,1.7273,97.8898,31.2629,0.053,0.0,0.0,0.0035218107342863078,0.0,0.0,0.1075
2010-09-06,0.1075,1.7251,97.8898,31.2629,0.053,0.0,-0.0012744758995401474,0.0032964717181517282,0.0,0.0,0.1075
2010-09-07,0.1075,1.7251,97.8898,31.2629,0.053,0.0,0.0,0.0033008991630940512,0.0,0.0,0.1075
2010-09-08,0.1075,1.7223,97.8898,31.2629,0.053,0.0,-0.001624412957997871,0.0031066782204754954,0.0,0.0,0.1075
2010-09-09,0.1075,1.723,97.8898,31.2629,0.053,0.0,0.00040635068622899007,0.003097662898705014,0.0,0.0,0.1075
2010-09-10,0.1075,1.7178,97.8898,31.2629,0.053,0.0,-0.003022555195805354,0.0031183736633406756,0.0,0.0,0.1075
2010-09-11,0.1075,1.7178,97.8898,31.2629,0.053,0.0,0.0,0.0031183736633406756,0.0,0.0,0.1075
2010-09-12,0.1075,1.7178,97.8898,31.2629,0.053,0.0,0.0,0.0031268437595522716,0.0,0.0,0.1075
2010-09-13,0.1075,1.7166,97.8898,31.2629,0.053,0.0,-0.0006988120480047944,0.002290569348999355,0.0,0.0,0.1075
2010-09-14,0.1075,1.7068,97.8898,31.2629,0.053,0.0,-0.005725317970274587,0.0024438843528078085,0.0,0.0,0.1075
2010-09-15,0.1075,1.7161,97.8898,31.2629,0.053,0.0,0.005434002094412355,0.0028492311312886326,0.0,0.0,0.1075
2010-09-16,0.1075,1.7176,97.8898,31.2629,0.053,0.0,0.0008736931563138217,0.0028555555968211178,0.0,0.0,0.1075
2010-09-17,0.1075,1.7158,97.8898,31.2629,0.053,0.0,-0.0010485234257064549,0.002845118186758102,0.0,0.0,0.1075
2010-09-18,0.1075,1.7158,97.8898,31.2629,0.053,0.0,0.0,0.002845118186758102,0.0,0.0,0.1075
2010-09-19,0.1075,1.7158,97.8898,31.2629,0.053,0.0,0.0,0.002718785103496003,0.0,0.0,0.1075
2010-09-20,0.1075,1.7208,97.8898,31.2629,0.053,0.0,0.0029098548146555925,0.002866708984768593,0.0,0.0,0.1075
2010-09-21,0.1075,1.7247,97.8898,31.2629,0.053,0.0,0.002263823343834527,0.0026038763369233817,0.0,0.0,0.1075
2010-09-22,0.1075,1.7176,97.8898,31.2629,0.053,0.0,-0.004125154732783595,0.002594346999327419,0.0,0.0,0.1075
2010-09-23,0.1075,1.7186,97.8898,31.2629,0.053,0.0,0.0005820383145512732,0.002383006118404611,0.0,0.0,0.1075
2010-09-24,0.1075,1.7112,97.8898,31.2629,0.053,0.0,-0.00431512711092668,0.0025485396426094993,0.0,0.0,0.1075
2010-09-25,0.1075,1.7112,97.8898,31.2629,0.053,0.0,0.0,0.0025485396426094993,0.0,0.0,0.1075
2010-09-26,0.1075,1.7112,97.8898,31.2629,0.053,0.0,0.0,0.00254324726624883,0.0,0.0,0.1075
2010-09-27,0.1075,1.7092,97.8898,31.2629,0.053,0.0,-0.0011694539983260106,0.002546898663413172,0.0,0.0,0.1075
2010-09-28,0.1075,1.7085,97.8898,31.2629,0.053,0.0,-0.0004096322145234033,0.00253218542480195,0.0,0.0,0.1075
2010-09-29,0.1075,1.7045,97.8898,31.2629,0.053,0.0,-0.00234397997738879,0.0025604852835758455,0.0,0.0,0.1075
2010-09-30,0.1075,1.6934,97.8898,31.2629,0.053,0.0,-0.006533470369780935,0.0028442888106827023,0.0,0.0,0.1075
2010-10-01,0.1075,1.6804,97.79701,31.4974,0.075,0.0,-0.0077064819129499,0.0032371611090643566,0.0,0.0,0.1075
2010-10-02,0.1075,1.6804,97.79701,31.4974,0.075,0.0,0.0,0.0032371611090643566,0.0,0.0,0.1075
2010-10-03,0.1075,1.6804,97.79701,31.4974,0.075,0.0,0.0,0.00324548704187537,0.0,0.0,0.1075
2010-10-04,0.1075,1.6874,97.79701,31.4974,0.075,0.0,0.004157022436299342,0.0032510081612730766,0.0,0.0,0.1075
2010-10-05,0.1075,1.68,97.79701,31.4974,0.075,0.0,-0.004395089334221791,0.0030308405076255474,0.0,0.0,0.1075
2010-10-06,0.1075,1.675,97.79701,31.4974,0.075,0.0,-0.0029806281381377893,0.003023743164183303,0.0,0.0,0.1075
2010-10-07,0.1075,1.6769,97.79701,31.4974,0.075,0.0,0.001133685493897137,0.003070622651865416,0.0,0.0,0.1075
2010-10-08,0.1075,1.6796,97.79701,31.4974,0.075,0.0,0.001608819056974249,0.0031228703823945295,0.0,0.0,0.1075
2010-10-09,0.1075,1.6796,97.79701,31.4974,0.075,0.0,0.0,0.0031228703823945295,0.0,0.0,0.1075
2010-10-10,0.1075,1.6796,97.79701,31.4974,0.075,0.0,0.0,0.0029929614145021237,0.0,0.0,0.1075
2010-10-11,0.1075,1.664,97.79701,31.4974,0.075,0.0,-0.009331327428884305,0.003382039897966001,0.0,0.0,0.1075
2010-10-12,0.1075,1.664,97.79701,31.4974,0.075,0.0,0.0,0.0033579274859218897,0.0,0.0,0.1075
2010-10-13,0.1075,1.6546,97.79701,31.4974,0.075,0.0,-0.005665054625071335,0.003435381542471548,0.0,0.0,0.1075
2010-10-14,0.1075,1.6588,97.79701,31.4974,0.075,0.0,0.0025351616161437577,0.0035220569484418402,0.0,0.0,0.1075
2010-10-15,0.1075,1.6596,97.79701,31.4974,0.075,0.0,0.00048216008648656225,0.0035348878551225505,0.0,0.0,0.1075
2010-10-16,0.1075,1.6596,97.79701,31.4974,0.075,0.0,0.0,0.0035348878551225505,0.0,0.0,0.1075
2010-10-17,0.1075,1.6596,97.79701,31.4974,0.075,0.0,0.0,0.0035508180879254636,0.0,0.0,0.1075
2010-10-18,0.1075,1.6678,97.79701,31.4974,0.075,0.0,0.00492878319417203,0.0038249805296368053,0.0,0.0,0.1075
2010-10-19,0.1075,1.686,97.79701,31.4974,0.075,0.0,0.010853466908915841,0.004664499120143854,0.0,0.0,0.1075
2010-10-20,0.1075,1.6727,97.79701,31.4974,0.075,0.0,-0.007919772243837636,0.004767328998120043,0.0,0.0,0.1075
2010-10-21,0.1075,1.6889,97.79701,31.4974,0.075,0.0,0.009638342105912622,0.004982176442485631,0.0,0.0,0.1075
2010-10-22,0.1075,1.6989,97.79701,31.4974,0.075,0.0,0.0059035533639934,0.005138862389582723,0.0,0.0,0.1075
2010-10-23,0.1075,1.6989,97.79701,31.4974,0.075,0.0,0.0,0.005138862389582723,0.0,0.0,0.1075
2010-10-24,0.1075,1.6989,97.79701,31.4974,0.075,0.0,0.0,0.005068773982333134,0.0,0.0,0.1075
2010-10-25,0.1075,1.7018,97.79701,31.4974,0.075,0.0,0.0017055316275879063,0.004951047046458452,0.0,0.0,0.1075
2010-10-26,0.1075,1.7037,97.79701,31.4974,0.075,0.0,0.001115842136039604,0.004877363996688027,0.0,0.0,0.1075
2010-10-27,0.1075,1.7069,97.79701,31.4974,0.075,0.0,0.0018765032187908024,0.004882467866860963,0.0,0.0,0.1075
2010-10-28,0.1075,1.7104,97.79701,31.4974,0.075,0.0,0.002048401500493467,0.004886877580641454,0.0,0.0,0.1075
2010-10-29,0.1075,1.7006,97.79701,31.4974,0.075,0.0,-0.0057461313190886815,0.005107057223694805,0.0,0.0,0.1075
2010-10-30,0.1075,1.7006,97.79701,31.4974,0.075,0.0,0.0,0.005107057223694805,0.0,0.0,0.1075
2010-10-31,0.1075,1.7006,97.79701,31.4974,0.075,0.0,0.0,0.0045453080340745996,0.0,0.0,0.1075
2010-11-01,0.1075,1.7036,98.04411,31.7588,0.075,0.0,0.0017625290973662946,0.004540189908096934,0.0,0.0,0.1075
2010-11-02,0.1075,1.7036,98.04411,31.7588,0.075,0.0,0.0,0.004258933991672356,0.0,0.0,0.1075
2010-11-03,0.1075,1.6929,98.04411,31.7588,0.075,0.0,-0.006300624405854342,0.004587086048488403,0.0,0.0,0.1075
2010-11-04,0.1075,1.6811,98.04411,31.7588,0.075,0.0,-0.006994693604191164,0.004925221034894417,0.0,0.0,0.1075
2010-11-05,0.1075,1.6793,98.04411,31.7588,0.075,0.0,-0.0010713011380507544,0.004938396791308936,0.0,0.0,0.1075
2010-11-06,0.1075,1.6793,98.04411,31.7588,0.075,0.0,0.0,0.004938396791308936,0.0,0.0,0.1075
2010-11-07,0.1075,1.6793,98.04411,31.7588,0.075,0.0,0.0,0.00483232602736733,0.0,0.0,0.1075
2010-11-08,0.1075,1.6962,98.04411,31.7588,0.075,0.0,0.010013415026637494,0.004738914088778729,0.0,0.0,0.1075
2010-11-09,0.1075,1.6962,98.04411,31.7588,0.075,0.0,0.0,0.004328929671440612,0.0,0.0,0.1075
2010-11-10,0.1075,1.7062,98.04411,31.7588,0.075,0.0,0.005878220546994819,0.003988455750890706,0.0,0.0,0.1075
2010-11-11,0.1075,1.717,98.04411,31.7588,0.075,0.0,0.006309906422881319,0.004018302878621171,0.0,0.0,0.1075
2010-11-12,0.1075,1.719,98.04411,31.7588,0.075,0.0,0.0011641444853738039,0.004018654917479679,0.0,0.0,0.1075
2010-11-13,0.1075,1.719,98.04411,31.7588,0.075,0.0,0.0,0.004018654917479679,0.0,0.0,0.1075
2010-11-14,0.1075,1.719,98.04411,31.7588,0.075,0.0,0.0,0.0040117844966274865,0.0,0.0,0.1075
2010-11-15,0.1075,1.719,98.04411,31.7588,0.075,0.0,0.0,0.004010569179635881,0.0,0.0,0.1075
2010-11-16,0.1075,1.7287,98.04411,31.7588,0.075,0.0,0.005626954545891786,0.004165608911273448,0.0,0.0,0.1075
2010-11-17,0.1075,1.729,98.04411,31.7588,0.075,0.0,0.0001735257545495441,0.004153194269967178,0.0,0.0,0.1075
2010-11-18,0.1075,1.7135,98.04411,31.7588,0.075,0.0,-0.009005144368626976,0.004465068530284905,0.0,0.0,0.1075
2010-11-19,0.1075,1.7181,98.04411,31.7588,0.075,0.0,0.0026809667532577425,0.004493282224176834,0.0,0.0,0.1075
2010-11-20,0.1075,1.7181,98.04411,31.7588,0.075,0.0,0.0,0.004493282224176834,0.0,0.0,0.1075
2010-11-21,0.1075,1.7181,98.04411,31.7588,0.075,0.0,0.0,0.00448473870050757,0.0,0.0,0.1075
2010-11-22,0.1075,1.7227,98.04411,31.7588,0.075,0.0,0.002673798384402205,0.004511216068218027,0.0,0.0,0.1075
2010-11-23,0.1075,1.7328,98.04411,31.7588,0.075,0.0,0.005845769794402779,0.0043542268055414175,0.0,0.0,0.1075
2010-11-24,0.1075,1.7239,98.04411,31.7588,0.075,0.0,-0.005149431345793161,0.0041886346418183945,0.0,0.0,0.1075
2010-11-25,0.1075,1.7198,98.04411,31.7588,0.075,0.0,-0.0023811609241367894,0.004236918525377377,0.0,0.0,0.1075
2010-11-26,0.1075,1.729,98.04411,31.7588,0.075,0.0,0.005335201706494429,0.004324988293598797,0.0,0.0,0.1075
2010-11-27,0.1075,1.729,98.04411,31.7588,0.075,0.0,0.0,0.004324988293598797,0.0,0.0,0.1075
2010-11-28,0.1075,1.729,98.04411,31.7588,0.075,0.0,0.0,0.003834252413291834,0.0,0.0,0.1075
2010-11-29,0.1075,1.7263,98.04411,31.7588,0.075,0.0,-0.0015628168607873473,0.003870548994506436,0.0,0.0,0.1075
2010-11-30,0.1075,1.7153,98.04411,31.7588,0.075,0.0,-0.006392397406723818,0.004006617174712401,0.0,0.0,0.1075
2010-12-01,0.1075,1.7044,95.94389,31.9589,0.075,0.0,-0.006374849790022407,0.0040035031051233105,0.0,0.0,0.1075
2010-12-02,0.1075,1.7021,95.94389,31.9589,0.075,0.0,-0.001350359811829575,0.0039923134364182,0.0,0.0,0.1075
2010-12-03,0.1075,1.6909,95.94389,31.9589,0.075,0.0,-0.006601851269543872,0.004215980820477628,0.0,0.0,0.1075
2010-12-04,0.1075,1.6909,95.94389,31.9589,0.075,0.0,0.0,0.004215980820477628,0.0,0.0,0.1075
2010-12-05,0.1075,1.6909,95.94389,31.9589,0.075,0.0,0.0,0.004215980820477628,0.0,0.0,0.1075
2010-12-06,0.1075,1.6828,95.94389,31.9589,0.075,0.0,-0.004801858828017622,0.004016309240384851,0.0,0.0,0.1075
2010-12-07,0.1075,1.6731,95.94389,31.9589,0.075,0.0,-0.005780879652748115,0.004117204611541115,0.0,0.0,0.1075
2010-12-08,0.1075,1.6884,95.94389,31.9589,0.075,0.0,0.009103141844725974,0.004394782041310268,0.0,0.0,0.1075
2010-12-09,0.1075,1.7016,95.94389,31.9589,0.075,0.0,0.0077876499776837645,0.004738753259401524,0.0,0.0,0.1075
2010-12-10,0.1075,1.7109,95.94389,31.9589,0.075,0.0,0.005450562944575555,0.004921183471972861,0.0,0.0,0.1075
2010-12-11,0.1075,1.7109,95.94389,31.9589,0.075,0.0,0.0,0.004921183471972861,0.0,0.0,0.1075
2010-12-12,0.1075,1.7109,95.94389,31.9589,0.075,0.0,0.0,0.004874819155762213,0.0,0.0,0.1075
2010-12-13,0.1075,1.7019,95.94389,31.9589,0.075,0.0,-0.005274273829971785,0.004764630812100359,0.0,0.0,0.1075
2010-12-14,0.1075,1.6941,95.94389,31.9589,0.075,0.0,-0.0045936476537305005,0.00474009759562692,0.0,0.0,0.1075
2010-12-15,0.1075,1.698,95.94389,31.9589,0.075,0.0,0.0022994615243918694,0.00477706151500064,0.0,0.0,0.1075
2010-12-16,0.1075,1.702,95.94389,31.9589,0.075,0.0,0.002352942262026836,0.004624925834179917,0.0,0.0,0.1075
2010-12-17,0.1075,1.709,95.94389,31.9589,0.075,0.0,0.004104373982271451,0.004751024147941094,0.0,0.0,0.1075
2010-12-18,0.1075,1.709,95.94389,31.9589,0.075,0.0,0.0,0.004751024147941094,0.0,0.0,0.1075
2010-12-19,0.1075,1.709,95.94389,31.9589,0.075,0.0,0.0,0.00474688911331002,0.0,0.0,0.1075
2010-12-20,0.1075,1.7074,95.94389,31.9589,0.075,0.0,-0.0009366585393849085,0.0045430543371803725,0.0,0.0,0.1075
2010-12-21,0.1075,1.6966,95.94389,31.9589,0.075,0.0,-0.0063454972025715674,0.004540969309946102,0.0,0.0,0.1075
2010-12-22,0.1075,1.6938,95.94389,31.9589,0.075,0.0,-0.0016517228861358082,0.004545382776043434,0.0,0.0,0.1075
2010-12-23,0.1075,1.6976,95.94389,31.9589,0.075,0.0,0.0022409633722200546,0.004318868580464854,0.0,0.0,0.1075
2010-12-24,0.1075,1.6895,95.94389,31.9589,0.075,0.0,-0.004782861705374037,0.004460488988734559,0.0,0.0,0.1075
2010-12-25,0.1075,1.6895,95.94389,31.9589,0.075,0.0,0.0,0.004460488988734559,0.0,0.0,0.1075
2010-12-26,0.1075,1.6895,95.94389,31.9589,0.075,0.0,0.0,0.004317713075314906,0.0,0.0,0.1075
2010-12-27,0.1075,1.6914,95.94389,31.9589,0.075,0.0,0.001123961193777231,0.004084163765242034,0.0,0.0,0.1075
2010-12-28,0.1075,1.6858,95.94389,31.9589,0.075,0.0,-0.003316359784740094,0.003633591481988556,0.0,0.0,0.1075
2010-12-29,0.1075,1.678,95.94389,31.9589,0.075,0.0,-0.004637620536230285,0.0032612764087803646,0.0,0.0,0.1075
2010-12-30,0.1075,1.6654,95.94389,31.9589,0.075,0.0,-0.007537273225432479,0.0032655370144716593,0.0,0.0,0.1075
2010-12-31,0.1075,1.6654,95.94389,31.9589,0.075,0.0,0.0,0.0032655370144716593,0.0,0.0,0.1075
2011-01-01,0.1075,1.6654,93.1191,32.2242,0.075,0.0,0.0,0.0032655370144716593,0.05447792250440919,0.0,0.1075
2011-01-02,0.1075,1.6654,93.1191,32.2242,0.075,0.0,0.0,0.0031423962968960685,0.05447792250440919,0.0,0.1075
2011-01-03,0.1075,1.6502,93.1191,32.2242,0.075,0.0,-0.009168842131476194,0.0035512702581200527,0.05447792250440919,0.0,0.1075
2011-01-04,0.1075,1.6548,93.1191,32.2242,0.075,0.0,0.0027836629170136895,0.0035787361712944356,0.05447792250440919,0.0,0.1075
2011-01-05,0.1075,1.6705,93.1191,32.2242,0.075,0.0,0.009442827209554822,0.0042471558196536825,0.05447792250440919,0.0,0.1075
2011-01-06,0.1075,1.6849,93.1191,32.2242,0.075,0.0,0.008583232047528316,0.004627823591244682,0.05447792250440919,0.0,0.1075
2011-01-07,0.1075,1.6853,93.1191,32.2242,0.075,0.0,0.00023737463763462215,0.004630044480733172,0.05447792250440919,0.0,0.1075
2011-01-08,0.1075,1.6853,93.1191,32.2242,0.075,0.0,0.0,0.004630044480733172,0.05447792250440919,0.0,0.1075
2011-01-09,0.1075,1.6853,93.1191,32.2242,0.075,0.0,0.0,0.004632242588554615,0.05447792250440919,0.0,0.1075
2011-01-10,0.1075,1.6904,93.1191,32.2242,0.075,0.0,0.003021597819872718,0.004497817888327368,0.05447792250440919,0.0,0.1075
2011-01-11,0.1075,1.6879,93.1191,32.2242,0.075,0.0,-0.0014800346069647548,0.004495030270983485,0.05447792250440919,0.0,0.1075
2011-01-12,0.1075,1.6765,93.1191,32.2242,0.075,0.0,-0.006776865788598816,0.004688125648207509,0.05447792250440919,0.0,0.1075
2011-01-13,0.1075,1.6693,93.1191,32.2242,0.075,0.0,-0.0043039100449408785,0.004666946258056115,0.05447792250440919,0.0,0.1075
2011-01-14,0.1075,1.6835,93.1191,32.2242,0.075,0.0,0.008470582739786738,0.005089613895097719,0.05447792250440919,0.0,0.1075
2011-01-15,0.1075,1.6835,93.1191,32.2242,0.075,0.0,0.0,0.005089613895097719,0.05447792250440919,0.0,0.1075
2011-01-16,0.1075,1.6835,93.1191,32.2242,0.075,0.0,0.0,0.0050806801305579114,0.05447792250440919,0.0,0.1075
2011-01-17,0.1075,1.681,93.1191,32.2242,0.075,0.0,-0.001486105192513497,0.005038548941442719,0.05447792250440919,0.0,0.1075
2011-01-18,0.1075,1.6737,93.1191,32.2242,0.075,0.0,-0.004352109889023254,0.00502553062645119,0.05447792250440919,0.0,0.1075
2011-01-19,0.1075,1.6706,93.1191,32.2242,0.075,0.0,-0.0018539011977863808,0.004736937191984098,0.05447792250440919,0.0,0.1075
2011-01-20,0.1125,1.6707,93.1191,32.2242,0.075,0.0050000000000000044,5.9856941926603376e-05,0.004736852433250427,0.05447792250440919,0.0,0.1125
2011-01-21,0.1125,1.6715,93.1191,32.2242,0.075,0.0,0.0004787265964205989,0.004737216925438241,0.05447792250440919,0.0,0.1125
2011-01-22,0.1125,1.6715,93.1191,32.2242,0.075,0.0,0.0,0.004737216925438241,0.05447792250440919,0.0,0.1125
2011-01-23,0.1125,1.6715,93.1191,32.2242,0.075,0.0,0.0,0.0041974929694984535,0.05447792250440919,0.0,0.1125
2011-01-24,0.1125,1.6723,93.1191,32.2242,0.075,0.0,0.0004784975269237241,0.004167107087323403,0.05447792250440919,0.0,0.1125
2011-01-25,0.1125,1.6737,93.1191,32.2242,0.075,0.0,0.0008368201325152816,0.0036041955294480767,0.05447792250440919,0.0,0.1125
2011-01-26,0.1125,1.6684,93.1191,32.2242,0.075,0.0,-0.0031716611968020565,0.0030654490179925363,0.05447792250440919,0.0,0.1125
2011-01-27,0.1125,1.6712,93.1191,32.2242,0.075,0.0,0.0016768479195657616,0.003100178675712697,0.05447792250440919,0.0,0.1125
2011-01-28,0.1125,1.6774,93.1191,32.2242,0.075,0.0,0.003703044307955116,0.0032342666147222865,0.05447792250440919,0.0,0.1125
2011-01-29,0.1125,1.6774,93.1191,32.2242,0.075,0.0,0.0,0.0032342666147222865,0.05447792250440919,0.0,0.1125
2011-01-30,0.1125,1.6774,93.1191,32.2242,0.075,0.0,0.0,0.003143437959937041,0.05447792250440919,0.0,0.1125
2011-01-31,0.1125,1.6726,93.1191,32.2242,0.075,0.0,-0.0028656736028857513,0.0031838298874702882,0.05447792250440919,0.0,0.1125
2011-02-01,0.1125,1.6623,95.58846,32.482,0.075,0.0,-0.006177116406011678,0.003123406350206083,0.06718280190294057,0.0,0.1125
2011-02-02,0.1125,1.6663,95.58846,32.482,0.075,0.0,0.0024034140031640567,0.0030441172133789858,0.06718280190294057,0.0,0.1125
2011-02-03,0.1125,1.6689,95.58846,32.482,0.075,0.0,0.0015591272047794707,0.002329612803058256,0.06718280190294057,0.0,0.1125
2011-02-04,0.1125,1.673,95.58846,32.482,0.075,0.0,0.0024536952374668098,0.0024167358959021447,0.06718280190294057,0.0,0.1125
2011-02-05,0.1125,1.673,95.58846,32.482,0.075,0.0,0.0,0.0024167358959021447,0.06718280190294057,0.0,0.1125
2011-02-06,0.1125,1.673,95.58846,32.482,0.075,0.0,0.0,0.0024015618673172943,0.06718280190294057,0.0,0.1125
2011-02-07,0.1125,1.6768,95.58846,32.482,0.075,0.0,0.0022687931398989794,0.0022566357082492716,0.06718280190294057,0.0,0.1125
2011-02-08,0.1125,1.6703,95.58846,32.482,0.075,0.0,-0.003883964130821179,0.0023904802071719527,0.06718280190294057,0.0,0.1125
2011-02-09,0.1125,1.6635,95.58846,32.482,0.075,0.0,-0.004079434537370478,0.0025575553180410934,0.06718280190294057,0.0,0.1125
2011-02-10,0.1125,1.6672,95.58846,32.482,0.075,0.0,0.0022217561005164425,0.0026115996560400557,0.06718280190294057,0.0,0.1125
2011-02-11,0.1125,1.6671,95.58846,32.482,0.075,0.0,-5.99826050624884e-05,0.002611478406425257,0.06718280190294057,0.0,0.1125
2011-02-12,0.1125,1.6671,95.58846,32.482,0.075,0.0,0.0,0.002611478406425257,0.06718280190294057,0.0,0.1125
2011-02-13,0.1125,1.6671,95.58846,32.482,0.075,0.0,0.0,0.0026077822585862747,0.06718280190294057,0.0,0.1125
2011-02-14,0.1125,1.6673,95.58846,32.482,0.075,0.0,0.00011996161242797766,0.002598331576890461,0.06718280190294057,0.0,0.1125
2011-02-15,0.1125,1.6674,95.58846,32.482,0.075,0.0,5.9975410099824055e-05,0.0025019498035477356,0.06718280190294057,0.0,0.1125
2011-02-16,0.1125,1.6696,95.58846,32.482,0.075,0.0,0.0013185497864779147,0.0024903408907901016,0.06718280190294057,0.0,0.1125
2011-02-17,0.1125,1.6653,95.58846,32.482,0.075,0.0,-0.002578789398765698,0.0023863316366293653,0.06718280190294057,0.0,0.1125
2011-02-18,0.1125,1.6669,95.58846,32.482,0.075,0.0,0.000960326584817078,0.002403597711487654,0.06718280190294057,0.0,0.1125
2011-02-19,0.1125,1.6669,95.58846,32.482,0.075,0.0,0.0,0.002403597711487654,0.06718280190294057,0.0,0.1125
2011-02-20,0.1125,1.6669,95.58846,32.482,0.075,0.0,0.0,0.0023276951310016625,0.06718280190294057,0.0,0.1125
2011-02-21,0.1125,1.6659,95.58846,32.482,0.075,0.0,-0.0006000960333712092,0.0018566684783316509,0.06718280190294057,0.0,0.1125
2011-02-22,0.1125,1.6686,95.58846,32.482,0.075,0.0,0.001619433552302976,0.0018134319723944082,0.06718280190294057,0.0,0.1125
2011-02-23,0.1125,1.6712,95.58846,32.482,0.075,0.0,0.0015569797743819037,0.0018133391589804434,0.06718280190294057,0.0,0.1125
2011-02-24,0.1125,1.6641,95.58846,32.482,0.075,0.0,-0.004257494513057589,0.0019635317681894705,0.06718280190294057,0.0,0.1125
2011-02-25,0.1125,1.6617,95.58846,32.482,0.075,0.0,-0.001443262022130659,0.001979669087918156,0.06718280190294057,0.0,0.1125
2011-02-26,0.1125,1.6617,95.58846,32.482,0.075,0.0,0.0,0.001979669087918156,0.06718280190294057,0.0,0.1125
2011-02-27,0.1125,1.6617,95.58846,32.482,0.075,0.0,0.0,0.0018851259013480375,0.06718280190294057,0.0,0.1125
2011-02-28,0.1125,1.6604,95.58846,32.482,0.075,0.0,-0.00078263752828415,0.001707139790027444,0.06718280190294057,0.0,0.1125
2011-03-01,0.1125,1.6619,101.73266,32.7386,0.075,0.0,0.0009029889545938125,0.001473743584128868,0.010425093483976244,0.0,0.1125
2011-03-02,0.1125,1.6602,101.73266,32.7386,0.075,0.0,-0.0010234491125424086,0.0013867584314653312,0.010425093483976244,0.0,0.1125
2011-03-03,0.1175,1.6537,101.73266,32.7386,0.075,0.0049999999999999906,-0.0039228753647844936,0.0016149437953973742,0.010425093483976244,0.0,0.1175
2011-03-04,0.1175,1.6454,101.73266,32.7386,0.075,0.0,-0.0050316859213207984,0.001913168079611646,0.010425093483976244,0.0,0.1175
2011-03-05,0.1175,1.6454,101.73266,32.7386,0.075,0.0,0.0,0.001913168079611646,0.010425093483976244,0.0,0.1175
2011-03-06,0.1175,1.6454,101.73266,32.7386,0.075,0.0,0.0,0.0019107968163380666,0.010425093483976244,0.0,0.1175
2011-03-07,0.1175,1.6454,101.73266,32.7386,0.075,0.0,0.0,0.0019096523297349908,0.010425093483976244,0.0,0.1175
2011-03-08,0.1175,1.6454,101.73266,32.7386,0.075,0.0,0.0,0.0018597094688732458,0.010425093483976244,0.0,0.1175
2011-03-09,0.1175,1.6551,101.73266,32.7386,0.075,0.0,0.005877914211664853,0.0023213319395577452,0.010425093483976244,0.0,0.1175
2011-03-10,0.1175,1.6604,101.73266,32.7386,0.075,0.0,0.0031971072323888666,0.002436632833694987,0.010425093483976244,0.0,0.1175
2011-03-11,0.1175,1.6641,101.73266,32.7386,0.075,0.0,0.0022258995504146483,0.002496133696331729,0.010425093483976244,0.0,0.1175
2011-03-12,0.1175,1.6641,101.73266,32.7386,0.075,0.0,0.0,0.002496133696331729,0.010425093483976244,0.0,0.1175
2011-03-13,0.1175,1.6641,101.73266,32.7386,0.075,0.0,0.0,0.0024932092079302587,0.010425093483976244,0.0,0.1175
2011-03-14,0.1175,1.6623,101.73266,32.7386,0.075,0.0,-0.0010822511878848177,0.0024708556419400095,0.010425093483976244,0.0,0.1175
2011-03-15,0.1175,1.6684,101.73266,32.7386,0.075,0.0,0.0036628977813765403,0.002591127914912096,0.010425093483976244,0.0,0.1175
2011-03-16,0.1175,1.6666,101.73266,32.7386,0.075,0.0,-0.0010794603746837857,0.0024130328336936136,0.010425093483976244,0.0,0.1175
2011-03-17,0.1175,1.6749,101.73266,32.7386,0.075,0.0,0.004967839036318064,0.0026178607639053947,0.010425093483976244,0.0,0.1175
2011-03-18,0.1175,1.6712,101.73266,32.7386,0.075,0.0,-0.002211530742068501,0.0026813866804523945,0.010425093483976244,0.0,0.1175
2011-03-19,0.1175,1.6712,101.73266,32.7386,0.075,0.0,0.0,0.0026813866804523945,0.010425093483976244,0.0,0.1175
2011-03-20,0.1175,1.6712,101.73266,32.7386,0.075,0.0,0.0,0.002670674524455387,0.010425093483976244,0.0,0.1175
2011-03-21,0.1175,1.6644,101.73266,32.7386,0.075,0.0,-0.0040772331335697755,0.002840633088248866,0.010425093483976244,0.0,0.1175
2011-03-22,0.1175,1.663,101.73266,32.7386,0.075,0.0,-0.0008414979158586229,0.002837218759070324,0.010425093483976244,0.0,0.1175
2011-03-23,0.1175,1.6594,101.73266,32.7386,0.075,0.0,-0.0021671089627428204,0.0027319147086416777,0.010425093483976244,0.0,0.1175
2011-03-24,0.1175,1.6585,101.73266,32.7386,0.075,0.0,-0.0005425118430777498,0.002451937450865726,0.010425093483976244,0.0,0.1175
2011-03-25,0.1175,1.6573,101.73266,32.7386,0.075,0.0,-0.0007238072576088906,0.002463412629255572,0.010425093483976244,0.0,0.1175
2011-03-26,0.1175,1.6573,101.73266,32.7386,0.075,0.0,0.0,0.002463412629255572,0.010425093483976244,0.0,0.1175
2011-03-27,0.1175,1.6573,101.73266,32.7386,0.075,0.0,0.0,0.002463412629255572,0.010425093483976244,0.0,0.1175
2011-03-28,0.1175,1.6606,101.73266,32.7386,0.075,0.0,0.0019892106984319953,0.0024881325576949207,0.010425093483976244,0.0,0.1175
2011-03-29,0.1175,1.6538,101.73266,32.7386,0.075,0.0,-0.004103312539864028,0.0023408222467830577,0.010425093483976244,0.0,0.1175
2011-03-30,0.1175,1.6352,101.73266,32.7386,0.075,0.0,-0.011310549278681,0.0033257606914975867,0.010425093483976244,0.0,0.1175
2011-03-31,0.1175,1.6279,101.73266,32.7386,0.075,0.0,-0.004474280394921189,0.003346058726420891,0.010425093483976244,0.0,0.1175
2011-04-01,0.1175,1.6186,98.18854,32.990700000000004,0.066,0.0,-0.005729262552862564,0.003489145493940281,0.02205183261125576,0.0,0.1175
2011-04-02,0.1175,1.6186,98.18854,32.990700000000004,0.066,0.0,0.0,0.003489145493940281,0.02205183261125576,0.0,0.1175
2011-04-03,0.1175,1.6186,98.18854,32.990700000000004,0.066,0.0,0.0,0.003502473321111791,0.02205183261125576,0.0,0.1175
2011-04-04,0.1175,1.6102,98.18854,32.990700000000004,0.066,0.0,-0.005203183195721108,0.00339647817005999,0.02205183261125576,0.0,0.1175
2011-04-05,0.1175,1.6079,98.18854,32.990700000000004,0.066,0.0,-0.0014294151155144618,0.003393604753948653,0.02205183261125576,0.0,0.1175
2011-04-06,0.1175,1.6089,98.18854,32.990700000000004,0.066,0.0,0.0006217359066233252,0.003060732150099077,0.02205183261125576,0.0,0.1175
2011-04-07,0.1175,1.5919,98.18854,32.990700000000004,0.066,0.0,-0.010622444295898864,0.0036171204267857883,0.02205183261125576,0.0,0.1175
2011-04-08,0.1175,1.5754,98.18854,32.990700000000004,0.066,0.0,-0.010419063091866366,0.0039806492226327145,0.02205183261125576,0.0,0.1175
2011-04-09,0.1175,1.5754,98.18854,32.990700000000004,0.066,0.0,0.0,0.0039806492226327145,0.02205183261125576,0.0,0.1175
2011-04-10,0.1175,1.5754,98.18854,32.990700000000004,0.066,0.0,0.0,0.0040241363396361154,0.02205183261125576,0.0,0.1175
2011-04-11,0.1175,1.5797,98.18854,32.990700000000004,0.066,0.0,0.0027257473058277617,0.0041887636719055085,0.02205183261125576,0.0,0.1175
2011-04-12,0.1175,1.5862,98.18854,32.990700000000004,0.066,0.0,0.004106263074167633,0.004447377192208783,0.02205183261125576,0.0,0.1175
2011-04-13,0.1175,1.5856,98.18854,32.990700000000004,0.066,0.0,-0.00037833407349579254,0.004450856036383501,0.02205183261125576,0.0,0.1175
2011-04-14,0.1175,1.5834,98.18854,32.990700000000004,0.066,0.0,-0.0013884508383901681,0.004441351512118797,0.02205183261125576,0.0,0.1175
2011-04-15,0.1175,1.5768,98.18854,32.990700000000004,0.066,0.0,-0.00417695689882295,0.004426640356551529,0.02205183261125576,0.0,0.1175
2011-04-16,0.1175,1.5768,98.18854,32.990700000000004,0.066,0.0,0.0,0.004426640356551529,0.02205183261125576,0.0,0.1175
2011-04-17,0.1175,1.5768,98.18854,32.990700000000004,0.066,0.0,0.0,0.004342253891257253,0.02205183261125576,0.0,0.1175
2011-04-18,0.1175,1.5904,98.18854,32.990700000000004,0.066,0.0,0.008588080063799087,0.004988568635285362,0.02205183261125576,0.0,0.1175
2011-04-19,0.1175,1.5784,98.18854,32.990700000000004,0.066,0.0,-0.007573881193904021,0.004680160919394386,0.02205183261125576,0.0,0.1175
2011-04-20,0.1175,1.5714,98.18854,32.990700000000004,0.066,0.0,-0.004444733966684463,0.004679266173536221,0.02205183261125576,0.0,0.1175
2011-04-21,0.12,1.5714,98.18854,32.990700000000004,0.066,0.0025000000000000022,0.0,0.004598554828861494,0.02205183261125576,0.0,0.12
2011-04-22,0.12,1.5714,98.18854,32.990700000000004,0.066,0.0,0.0,0.004598554828861494,0.02205183261125576,0.0,0.12
2011-04-23,0.12,1.5714,98.18854,32.990700000000004,0.066,0.0,0.0,0.004598554828861494,0.02205183261125576,0.0,0.12
2011-04-24,0.12,1.5714,98.18854,32.990700000000004,0.066,0.0,0.0,0.004523385341862323,0.02205183261125576,0.0,0.12
2011-04-25,0.12,1.5712,98.18854,32.990700000000004,0.066,0.0,-0.00012728314151972149,0.004529572822956224,0.02205183261125576,0.0,0.12
2011-04-26,0.12,1.5646,98.18854,32.990700000000004,0.066,0.0,-0.004209458349221163,0.0045585929950679215,0.02205183261125576,0.0,0.12
2011-04-27,0.12,1.5697,98.18854,32.990700000000004,0.066,0.0,0.0032543180301811132,0.004114833908647885,0.02205183261125576,0.0,0.12
2011-04-28,0.12,1.5845,98.18854,32.990700000000004,0.066,0.0,0.009384381849814022,0.0040354853508503125,0.02205183261125576,0.0,0.12
2011-04-29,0.12,1.5725,98.18854,32.990700000000004,0.066,0.0,-0.007602190556379905,0.004405140310939772,0.02205183261125576,0.0,0.12
2011-04-30,0.12,1.5725,98.18854,32.990700000000004,0.066,0.0,0.0,0.004405140310939772,0.02205183261125576,0.0,0.12
2011-05-01,0.12,1.5725,100.53753,33.1458,0.066,0.0,0.0,0.0043552542988355685,0.049179706859042716,0.0,0.12
2011-05-02,0.12,1.5739,100.53753,33.1458,0.066,0.0,0.0008899059829597716,0.0042447524115914684,0.049179706859042716,0.0,0.12
2011-05-03,0.12,1.5882,100.53753,33.1458,0.066,0.0,0.009044683903555242,0.0047400837768550716,0.049179706859042716,0.0,0.12
2011-05-04,0.12,1.6022,100.53753,33.1458,0.066,0.0,0.008776385319905804,0.005105028568300613,0.049179706859042716,0.0,0.12
2011-05-05,0.12,1.6211,100.53753,33.1458,0.066,0.0,0.011727246366511108,0.005543260682705116,0.049179706859042716,0.0,0.12
2011-05-06,0.12,1.6103,100.53753,33.1458,0.066,0.0,-0.006684434123577159,0.005825513227053582,0.049179706859042716,0.0,0.12
2011-05-07,0.12,1.6103,100.53753,33.1458,0.066,0.0,0.0,0.005825513227053582,0.049179706859042716,0.0,0.12
2011-05-08,0.12,1.6103,100.53753,33.1458,0.066,0.0,0.0,0.005550757870138361,0.049179706859042716,0.0,0.12
2011-05-09,0.12,1.6191,100.53753,33.1458,0.066,0.0,0.005449942268756521,0.005296818780858915,0.049179706859042716,0.0,0.12
2011-05-10,0.12,1.6061,100.53753,33.1458,0.066,0.0,-0.008061559223855208,0.005557623926694703,0.049179706859042716,0.0,0.12
2011-05-11,0.12,1.617,100.53753,33.1458,0.066,0.0,0.006763700508255188,0.005691838662790385,0.049179706859042716,0.0,0.12
2011-05-12,0.12,1.6199,100.53753,33.1458,0.066,0.0,0.0017918383489852869,0.005682234559853499,0.049179706859042716,0.0,0.12
2011-05-13,0.12,1.632,100.53753,33.1458,0.066,0.0,0.007441837597960101,0.005819470915108085,0.049179706859042716,0.0,0.12
2011-05-14,0.12,1.632,100.53753,33.1458,0.066,0.0,0.0,0.005819470915108085,0.049179706859042716,0.0,0.12
2011-05-15,0.12,1.632,100.53753,33.1458,0.066,0.0,0.0,0.005817215608004101,0.049179706859042716,0.0,0.12
2011-05-16,0.12,1.6309,100.53753,33.1458,0.066,0.0,-0.0006742468611801657,0.005673800077543063,0.049179706859042716,0.0,0.12
2011-05-17,0.12,1.6282,100.53753,33.1458,0.066,0.0,-0.0016568995229946436,0.0057261142692279195,0.049179706859042716,0.0,0.12
2011-05-18,0.12,1.6158,100.53753,33.1458,0.066,0.0,-0.007644920094269191,0.005809107440625312,0.049179706859042716,0.0,0.12
2011-05-19,0.12,1.6157,100.53753,33.1458,0.066,0.0,-6.189076282344889e-05,0.00545694526080738,0.049179706859042716,0.0,0.12
2011-05-20,0.12,1.6161,100.53753,33.1458,0.066,0.0,0.0002475400718130117,0.005453989941443877,0.049179706859042716,0.0,0.12
2011-05-21,0.12,1.6161,100.53753,33.1458,0.066,0.0,0.0,0.005453989941443877,0.049179706859042716,0.0,0.12
2011-05-22,0.12,1.6161,100.53753,33.1458,0.066,0.0,0.0,0.005461715584900776,0.049179706859042716,0.0,0.12
2011-05-23,0.12,1.6331,100.53753,33.1458,0.066,0.0,0.010464209728099784,0.00557538328146232,0.049179706859042716,0.0,0.12
2011-05-24,0.12,1.6248,100.53753,33.1458,0.066,0.0,-0.0050953178165226995,0.005470503521509861,0.049179706859042716,0.0,0.12
2011-05-25,0.12,1.6289,100.53753,33.1458,0.066,0.0,0.0025202090973843144,0.004845414416527971,0.049179706859042716,0.0,0.12
2011-05-26,0.12,1.6188,100.53753,33.1458,0.066,0.0,-0.006219806361848875,0.00481146269703823,0.049179706859042716,0.0,0.12
2011-05-27,0.12,1.603,100.53753,33.1458,0.066,0.0,-0.009808260392157554,0.005313383592272447,0.049179706859042716,0.0,0.12
2011-05-28,0.12,1.603,100.53753,33.1458,0.066,0.0,0.0,0.005313383592272447,0.049179706859042716,0.0,0.12
2011-05-29,0.12,1.603,100.53753,33.1458,0.066,0.0,0.0,0.005143957343967618,0.049179706859042716,0.0,0.12
2011-05-30,0.12,1.595,100.53753,33.1458,0.066,0.0,-0.0050031373906080515,0.0049490937466337434,0.049179706859042716,0.0,0.12
2011-05-31,0.12,1.5791,100.53753,33.1458,0.066,0.0,-0.010018671746347444,0.005100474543684331,0.049179706859042716,0.0,0.12
2011-06-01,0.12,1.587,99.4965,33.1955,0.066,0.0,0.004990377053811647,0.00524680231512956,0.041587607037359975,0.0,0.12
2011-06-02,0.12,1.5797,99.4965,33.1955,0.066,0.0,-0.004610485951357448,0.004903985111063395,0.041587607037359975,0.0,0.12
2011-06-03,0.12,1.5736,99.4965,33.1955,0.066,0.0,-0.0038689675002021523,0.0049126638876197375,0.041587607037359975,0.0,0.12
2011-06-04,0.12,1.5736,99.4965,33.1955,0.066,0.0,0.0,0.0049126638876197375,0.041587607037359975,0.0,0.12
2011-06-05,0.12,1.5736,99.4965,33.1955,0.066,0.0,0.0,0.004923256824141602,0.041587607037359975,0.0,0.12
2011-06-06,0.12,1.5802,99.4965,33.1955,0.066,0.0,0.004185433213783626,0.005101559564531864,0.041587607037359975,0.0,0.12
2011-06-07,0.12,1.5756,99.4965,33.1955,0.066,0.0,-0.0029152691918821493,0.004907462959868378,0.041587607037359975,0.0,0.12
2011-06-08,0.12,1.5812,99.4965,33.1955,0.066,0.0,0.003547900325779624,0.005018950505646572,0.041587607037359975,0.0,0.12
2011-06-09,0.1225,1.5869,99.4965,33.1955,0.066,0.0025000000000000022,0.0035983751462662,0.00512047267220555,0.041587607037359975,0.0,0.1225
2011-06-10,0.1225,1.593,99.4965,33.1955,0.066,0.0,0.003836603341251828,0.00522717873560598,0.041587607037359975,0.0,0.1225
2011-06-11,0.1225,1.593,99.4965,33.1955,0.066,0.0,0.0,0.00522717873560598,0.041587607037359975,0.0,0.1225
2011-06-12,0.1225,1.593,99.4965,33.1955,0.066,0.0,0.0,0.004525394785640892,0.041587607037359975,0.0,0.1225
2011-06-13,0.1225,1.588,99.4965,33.1955,0.066,0.0,-0.003143668102967414,0.004458502816392187,0.041587607037359975,0.0,0.1225
2011-06-14,0.1225,1.5813,99.4965,33.1955,0.066,0.0,-0.004228069277810236,0.004421686825109226,0.041587607037359975,0.0,0.1225
2011-06-15,0.1225,1.5952,99.4965,33.1955,0.066,0.0,0.008751826678303092,0.00482634384321037,0.041587607037359975,0.0,0.1225
2011-06-16,0.1225,1.61,99.4965,33.1955,0.066,0.0,0.009235058770934779,0.004820445961578182,0.041587607037359975,0.0,0.1225
2011-06-17,0.1225,1.5971,99.4965,33.1955,0.066,0.0,-0.008044694316245082,0.005163046104082385,0.041587607037359975,0.0,0.1225
2011-06-18,0.1225,1.5971,99.4965,33.1955,0.066,0.0,0.0,0.005163046104082385,0.041587607037359975,0.0,0.1225
2011-06-19,0.1225,1.5971,99.4965,33.1955,0.066,0.0,0.0,0.005036946416230405,0.041587607037359975,0.0,0.1225
2011-06-20,0.1225,1.5961,99.4965,33.1955,0.066,0.0,-0.0006263309737509824,0.004451006170653257,0.041587607037359975,0.0,0.1225
2011-06-21,0.1225,1.5902,99.4965,33.1955,0.066,0.0,-0.0037033592211296327,0.004417423319671951,0.041587607037359975,0.0,0.1225
2011-06-22,0.1225,1.5869,99.4965,33.1955,0.066,0.0,-0.0020773668985864862,0.004310249261652691,0.041587607037359975,0.0,0.1225
2011-06-23,0.1225,1.5869,99.4965,33.1955,0.066,0.0,0.0,0.004202192210622328,0.041587607037359975,0.0,0.1225
2011-06-24,0.1225,1.598,99.4965,33.1955,0.066,0.0,0.0069704197574234445,0.004447357408895243,0.041587607037359975,0.0,0.1225
2011-06-25,0.1225,1.598,99.4965,33.1955,0.066,0.0,0.0,0.004447357408895243,0.041587607037359975,0.0,0.1225
2011-06-26,0.1225,1.598,99.4965,33.1955,0.066,0.0,0.0,0.004376053821694102,0.041587607037359975,0.0,0.1225
2011-06-27,0.1225,1.5961,99.4965,33.1955,0.066,0.0,-0.0011896936377072372,0.004320586578131537,0.041587607037359975,0.0,0.1225
2011-06-28,0.1225,1.5825,99.4965,33.1955,0.066,0.0,-0.008557278670181544,0.004721969479881285,0.041587607037359975,0.0,0.1225
2011-06-29,0.1225,1.5722,99.4965,33.1955,0.066,0.0,-0.0065299626586750896,0.004861439231296315,0.041587607037359975,0.0,0.1225
2011-06-30,0.1225,1.5603,99.4965,33.1955,0.066,0.0,-0.007597801912519602,0.0049992977268938235,0.041587607037359975,0.0,0.1225
2011-07-01,0.1225,1.5591,101.9154,33.2486,0.055999999999999994,0.0,-0.0007693787646306739,0.004993854969140493,0.025106485831276615,0.0,0.1225
2011-07-02,0.1225,1.5591,101.9154,33.2486,0.055999999999999994,0.0,0.0,0.004993854969140493,0.025106485831276615,0.0,0.1225
2011-07-03,0.1225,1.5591,101.9154,33.2486,0.055999999999999994,0.0,0.0,0.0049747705800652405,0.025106485831276615,0.0,0.1225
2011-07-04,0.1225,1.5572,101.9154,33.2486,0.055999999999999994,0.0,-0.001219394946205235,0.00491454433010519,0.025106485831276615,0.0,0.1225
2011-07-05,0.1225,1.5629,101.9154,33.2486,0.055999999999999994,0.0,0.0036537331118472517,0.004510387490365883,0.025106485831276615,0.0,0.1225
2011-07-06,0.1225,1.5654,101.9154,33.2486,0.055999999999999994,0.0,0.0015983125225898069,0.003874741703595554,0.025106485831276615,0.0,0.1225
2011-07-07,0.1225,1.5573,101.9154,33.2486,0.055999999999999994,0.0,-0.005187829869444699,0.003663999552510671,0.025106485831276615,0.0,0.1225
2011-07-08,0.1225,1.5626,101.9154,33.2486,0.055999999999999994,0.0,0.003397548061351019,0.0038017527614308123,0.025106485831276615,0.0,0.1225
2011-07-09,0.1225,1.5626,101.9154,33.2486,0.055999999999999994,0.0,0.0,0.0038017527614308123,0.025106485831276615,0.0,0.1225
2011-07-10,0.1225,1.5626,101.9154,33.2486,0.055999999999999994,0.0,0.0,0.003808363771784701,0.025106485831276615,0.0,0.1225
2011-07-11,0.1225,1.5788,101.9154,33.2486,0.055999999999999994,0.0,0.010313964226048114,0.004519789232483129,0.025106485831276615,0.0,0.1225
2011-07-12,0.1225,1.5765,101.9154,33.2486,0.055999999999999994,0.0,-0.001457864803576494,0.004509509495079985,0.025106485831276615,0.0,0.1225
2011-07-13,0.1225,1.5754,101.9154,33.2486,0.055999999999999994,0.0,-0.0006979917158916196,0.004509532180273038,0.025106485831276615,0.0,0.1225
2011-07-14,0.1225,1.5721,101.9154,33.2486,0.055999999999999994,0.0,-0.002096903071755685,0.0041769184070695456,0.025106485831276615,0.0,0.1225
2011-07-15,0.1225,1.5735,101.9154,33.2486,0.055999999999999994,0.0,0.0008901323069932514,0.004190801602765058,0.025106485831276615,0.0,0.1225
2011-07-16,0.1225,1.5735,101.9154,33.2486,0.055999999999999994,0.0,0.0,0.004190801602765058,0.025106485831276615,0.0,0.1225
2011-07-17,0.1225,1.5735,101.9154,33.2486,0.055999999999999994,0.0,0.0,0.0041930112865171,0.025106485831276615,0.0,0.1225
2011-07-18,0.1225,1.582,101.9154,33.2486,0.055999999999999994,0.0,0.005387431823137801,0.003973639065685019,0.025106485831276615,0.0,0.1225
2011-07-19,0.1225,1.5683,101.9154,33.2486,0.055999999999999994,0.0,-0.008697639187220252,0.0041846298665555995,0.025106485831276615,0.0,0.1225
2011-07-20,0.1225,1.5643,101.9154,33.2486,0.055999999999999994,0.0,-0.0025537905726543742,0.0038490418307092077,0.025106485831276615,0.0,0.1225
2011-07-21,0.125,1.5559,101.9154,33.2486,0.055999999999999994,0.0025000000000000022,-0.005384283246807526,0.004039297749930564,0.025106485831276615,0.0,0.125
2011-07-22,0.125,1.5539,101.9154,33.2486,0.055999999999999994,0.0,-0.0012862565282285663,0.0040478068259615675,0.025106485831276615,0.0,0.125
2011-07-23,0.125,1.5539,101.9154,33.2486,0.055999999999999994,0.0,0.0,0.0040478068259615675,0.025106485831276615,0.0,0.125
2011-07-24,0.125,1.5539,101.9154,33.2486,0.055999999999999994,0.0,0.0,0.004040298132703395,0.025106485831276615,0.0,0.125
2011-07-25,0.125,1.5441,101.9154,33.2486,0.055999999999999994,0.0,-0.006326683465869998,0.004165873958024633,0.025106485831276615,0.0,0.125
2011-07-26,0.125,1.5337,101.9154,33.2486,0.055999999999999994,0.0,-0.006758099670084398,0.004348312620165273,0.025106485831276615,0.0,0.125
2011-07-27,0.125,1.5631,101.9154,33.2486,0.055999999999999994,0.0,0.018987912244691162,0.006126353397760731,0.025106485831276615,0.0,0.125
2011-07-28,0.125,1.5643,101.9154,33.2486,0.055999999999999994,0.0,0.0007674106662990967,0.006081851196997907,0.025106485831276615,0.0,0.125
2011-07-29,0.125,1.5555,101.9154,33.2486,0.055999999999999994,0.0,-0.00564140223003283,0.0062138932854652286,0.025106485831276615,0.0,0.125
2011-07-30,0.125,1.5555,101.9154,33.2486,0.055999999999999994,0.0,0.0,0.0062138932854652286,0.025106485831276615,0.0,0.125
2011-07-31,0.125,1.5555,101.9154,33.2486,0.055999999999999994,0.0,0.0,0.005699691265980092,0.025106485831276615,0.0,0.125
2011-08-01,0.125,1.5543,103.53861,33.3716,0.055999999999999994,0.0,-0.0007717538488394208,0.005697228959299019,0.042119127470675366,0.0,0.125
2011-08-02,0.125,1.5648,103.53861,33.3716,0.055999999999999994,0.0,0.006732736791700647,0.005935308716141185,0.042119127470675366,0.0,0.125
2011-08-03,0.125,1.5643,103.53861,33.3716,0.055999999999999994,0.0,-0.0003195807128282598,0.005920868494702196,0.042119127470675366,0.0,0.125
2011-08-04,0.125,1.5744,103.53861,33.3716,0.055999999999999994,0.0,0.006435807730264309,0.006104031864956574,0.042119127470675366,0.0,0.125
2011-08-05,0.125,1.5887,103.53861,33.3716,0.055999999999999994,0.0,0.009041824427988824,0.006428041914844749,0.042119127470675366,0.0,0.125
2011-08-06,0.125,1.5887,103.53861,33.3716,0.055999999999999994,0.0,0.0,0.006428041914844749,0.042119127470675366,0.0,0.125
2011-08-07,0.125,1.5887,103.53861,33.3716,0.055999999999999994,0.0,0.0,0.0063236330808521795,0.042119127470675366,0.0,0.125
2011-08-08,0.125,1.5991,103.53861,33.3716,0.055999999999999994,0.0,0.006524899239418493,0.006107304158003094,0.042119127470675366,0.0,0.125
2011-08-09,0.125,1.6326,103.53861,33.3716,0.055999999999999994,0.0,0.020732865051859332,0.0074678642580533845,0.042119127470675366,0.0,0.125
2011-08-10,0.125,1.6175,103.53861,33.3716,0.055999999999999994,0.0,-0.009292088642200054,0.007721807650181819,0.042119127470675366,0.0,0.125
2011-08-11,0.125,1.6298,103.53861,33.3716,0.055999999999999994,0.0,0.007575560511063809,0.00778087981995942,0.042119127470675366,0.0,0.125
2011-08-12,0.125,1.6149,103.53861,33.3716,0.055999999999999994,0.0,-0.00918427265109803,0.008189313634415215,0.042119127470675366,0.0,0.125
2011-08-13,0.125,1.6149,103.53861,33.3716,0.055999999999999994,0.0,0.0,0.008189313634415215,0.042119127470675366,0.0,0.125
2011-08-14,0.125,1.6149,103.53861,33.3716,0.055999999999999994,0.0,0.0,0.007973122772021973,0.042119127470675366,0.0,0.125
2011-08-15,0.125,1.5948,103.53861,33.3716,0.055999999999999994,0.0,-0.012524698727821327,0.00840810775483527,0.042119127470675366,0.0,0.125
2011-08-16,0.125,1.591,103.53861,33.3716,0.055999999999999994,0.0,-0.0023855871694130892,0.0074304996663843385,0.042119127470675366,0.0,0.125
2011-08-17,0.125,1.5822,103.53861,33.3716,0.055999999999999994,0.0,-0.005546465750490818,0.0075685833535549365,0.042119127470675366,0.0,0.125
2011-08-18,0.125,1.6054,103.53861,33.3716,0.055999999999999994,0.0,0.014556663110180357,0.00802980471522569,0.042119127470675366,0.0,0.125
2011-08-19,0.125,1.5952,103.53861,33.3716,0.055999999999999994,0.0,-0.006373826489902544,0.00821999433089119,0.042119127470675366,0.0,0.125
2011-08-20,0.125,1.5952,103.53861,33.3716,0.055999999999999994,0.0,0.0,0.00821999433089119,0.042119127470675366,0.0,0.125
2011-08-21,0.125,1.5952,103.53861,33.3716,0.055999999999999994,0.0,0.0,0.008211761348818581,0.042119127470675366,0.0,0.125
2011-08-22,0.125,1.6001,103.53861,33.3716,0.055999999999999994,0.0,0.00306700706725526,0.008124536197303092,0.042119127470675366,0.0,0.125
2011-08-23,0.125,1.6028,103.53861,33.3716,0.055999999999999994,0.0,0.0016859724871604038,0.008118267023010904,0.042119127470675366,0.0,0.125
2011-08-24,0.125,1.6031,103.53861,33.3716,0.055999999999999994,0.0,0.0001871549336384224,0.008026517939724767,0.042119127470675366,0.0,0.125
2011-08-25,0.125,1.6146,103.53861,33.3716,0.055999999999999994,0.0,0.007147993265287372,0.00793611303109676,0.042119127470675366,0.0,0.125
2011-08-26,0.125,1.6106,103.53861,33.3716,0.055999999999999994,0.0,-0.002480467599470605,0.00796872902172038,0.042119127470675366,0.0,0.125
2011-08-27,0.125,1.6106,103.53861,33.3716,0.055999999999999994,0.0,0.0,0.00796872902172038,0.042119127470675366,0.0,0.125
2011-08-28,0.125,1.6106,103.53861,33.3716,0.055999999999999994,0.0,0.0,0.00784971412841203,0.042119127470675366,0.0,0.125
2011-08-29,0.125,1.5966,103.53861,33.3716,0.055999999999999994,0.0,-0.008730412149746085,0.006467811867816511,0.042119127470675366,0.0,0.125
2011-08-30,0.125,1.5896,103.53861,33.3716,0.055999999999999994,0.0,-0.004393955974091475,0.006230253711676744,0.042119127470675366,0.0,0.125
2011-08-31,0.125,1.5864,103.53861,33.3716,0.055999999999999994,0.0,-0.0020151140320207547,0.005906689091566272,0.042119127470675366,0.0,0.125
2011-09-01,0.12,1.6032,99.88691,33.5485,0.055999999999999994,-0.0050000000000000044,0.010534333684959324,0.0061699237917257,0.02040161487713732,0.0,0.12
2011-09-02,0.12,1.6335,99.88691,33.5485,0.055999999999999994,0.0,0.018723320150579103,0.007504175312109646,0.02040161487713732,0.0,0.12
2011-09-03,0.12,1.6335,99.88691,33.5485,0.055999999999999994,0.0,0.0,0.007504175312109646,0.02040161487713732,0.0,0.12
2011-09-04,0.12,1.6335,99.88691,33.5485,0.055999999999999994,0.0,0.0,0.006847533679183778,0.02040161487713732,0.0,0.12
2011-09-05,0.12,1.6514,99.88691,33.5485,0.055999999999999994,0.0,0.010898460942203253,0.0071203825624869726,0.02040161487713732,0.0,0.12
2011-09-06,0.12,1.6575,99.88691,33.5485,0.055999999999999994,0.0,0.003687030076689434,0.00691093918083883,0.02040161487713732,0.0,0.12
2011-09-07,0.12,1.6575,99.88691,33.5485,0.055999999999999994,0.0,0.0,0.006293895310950558,0.02040161487713732,0.0,0.12
2011-09-08,0.12,1.6558,99.88691,33.5485,0.055999999999999994,0.0,-0.0010261673553121173,0.006046171661776567,0.02040161487713732,0.0,0.12
2011-09-09,0.12,1.6766,99.88691,33.5485,0.055999999999999994,0.0,0.012483657499051623,0.0064729060899347355,0.02040161487713732,0.0,0.12
2011-09-10,0.12,1.6766,99.88691,33.5485,0.055999999999999994,0.0,0.0,0.0064729060899347355,0.02040161487713732,0.0,0.12
2011-09-11,0.12,1.6766,99.88691,33.5485,0.055999999999999994,0.0,0.0,0.006494771268951121,0.02040161487713732,0.0,0.12
2011-09-12,0.12,1.6891,99.88691,33.5485,0.055999999999999994,0.0,0.007427909482542228,0.0065907670034951685,0.02040161487713732,0.0,0.12
2011-09-13,0.12,1.7119,99.88691,33.5485,0.055999999999999994,0.0,0.013408022094433375,0.0069849133341366295,0.02040161487713732,0.0,0.12
2011-09-14,0.12,1.728,99.88691,33.5485,0.055999999999999994,0.0,0.009360805583268348,0.007066402986358998,0.02040161487713732,0.0,0.12
2011-09-15,0.12,1.7098,99.88691,33.5485,0.055999999999999994,0.0,-0.010588265771867554,0.007631142734531213,0.02040161487713732,0.0,0.12
2011-09-16,0.12,1.7114,99.88691,33.5485,0.055999999999999994,0.0,0.0009353443918210975,0.007614712410000112,0.02040161487713732,0.0,0.12
2011-09-17,0.12,1.7114,99.88691,33.5485,0.055999999999999994,0.0,0.0,0.007614712410000112,0.02040161487713732,0.0,0.12
2011-09-18,0.12,1.7114,99.88691,33.5485,0.055999999999999994,0.0,0.0,0.007140190237670354,0.02040161487713732,0.0,0.12
2011-09-19,0.12,1.7755,99.88691,33.5485,0.055999999999999994,0.0,0.036770324399188196,0.010080891972245685,0.02040161487713732,0.0,0.12
2011-09-20,0.12,1.7862,99.88691,33.5485,0.055999999999999994,0.0,0.006008384866643089,0.009923244449380609,0.02040161487713732,0.0,0.12
2011-09-21,0.12,1.8272,99.88691,33.5485,0.055999999999999994,0.0,0.0226942822119054,0.01057147282756665,0.02040161487713732,0.0,0.12
2011-09-22,0.12,1.9008,99.88691,33.5485,0.055999999999999994,0.0,0.03949010970663479,0.012647265686544638,0.02040161487713732,0.0,0.12
2011-09-23,0.12,1.8727,99.88691,33.5485,0.055999999999999994,0.0,-0.014893610401863048,0.013524936853149903,0.02040161487713732,0.0,0.12
2011-09-24,0.12,1.8727,99.88691,33.5485,0.055999999999999994,0.0,0.0,0.013524936853149903,0.02040161487713732,0.0,0.12
2011-09-25,0.12,1.8727,99.88691,33.5485,0.055999999999999994,0.0,0.0,0.013571978618357863,0.02040161487713732,0.0,0.12
2011-09-26,0.12,1.8437,99.88691,33.5485,0.055999999999999994,0.0,-0.015606817690117672,0.014425442882581215,0.02040161487713732,0.0,0.12
2011-09-27,0.12,1.8,99.88691,33.5485,0.055999999999999994,0.0,-0.023987757192088933,0.015821038163753024,0.02040161487713732,0.0,0.12
2011-09-28,0.12,1.8123,99.88691,33.5485,0.055999999999999994,0.0,0.006810091928549112,0.015783774483141742,0.02040161487713732,0.0,0.12
2011-09-29,0.12,1.8283,99.88691,33.5485,0.055999999999999994,0.0,0.008789816521654054,0.015707055308765927,0.02040161487713732,0.0,0.12
2011-09-30,0.12,1.8536,99.88691,33.5485,0.055999999999999994,0.0,0.01374312078370727,0.015807907415141657,0.02040161487713732,0.0,0.12
2011-10-01,0.12,1.8536,99.68521,33.692800000000005,0.048,0.0,0.0,0.015807907415141657,0.019307338741746838,0.0,0.12
2011-10-02,0.12,1.8536,99.68521,33.692800000000005,0.048,0.0,0.0,0.01583554309370856,0.019307338741746838,0.0,0.12
2011-10-03,0.12,1.8804,99.68521,33.692800000000005,0.048,0.0,0.014354826031809065,0.01586450227256818,0.019307338741746838,0.0,0.12
2011-10-04,0.12,1.8848,99.68521,33.692800000000005,0.048,0.0,0.002337194307292057,0.015833468180822634,0.019307338741746838,0.0,0.12
2011-10-05,0.12,1.8449,99.68521,33.692800000000005,0.048,0.0,-0.021396638993547948,0.01653865910455686,0.019307338741746838,0.0,0.12
2011-10-06,0.12,1.8109,99.68521,33.692800000000005,0.048,0.0,-0.018601116216422936,0.01727735486508581,0.019307338741746838,0.0,0.12
2011-10-07,0.12,1.7659,99.68521,33.692800000000005,0.048,0.0,-0.025163483828218085,0.01837529536161925,0.019307338741746838,0.0,0.12
2011-10-08,0.12,1.7659,99.68521,33.692800000000005,0.048,0.0,0.0,0.01837529536161925,0.019307338741746838,0.0,0.12
2011-10-09,0.12,1.7659,99.68521,33.692800000000005,0.048,0.0,0.0,0.016401201500784942,0.019307338741746838,0.0,0.12
2011-10-10,0.12,1.7471,99.68521,33.692800000000005,0.048,0.0,-0.010703204938679727,0.01648990519929626,0.019307338741746838,0.0,0.12
2011-10-11,0.12,1.7652,99.68521,33.692800000000005,0.048,0.0,0.010306727914993347,0.015765602981032415,0.019307338741746838,0.0,0.12
2011-10-12,0.12,1.7652,99.68521,33.692800000000005,0.048,0.0,0.0,0.012457856362332828,0.019307338741746838,0.0,0.12
2011-10-13,0.12,1.7529,99.68521,33.692800000000005,0.048,0.0,-0.0069924391668911715,0.012206977962176504,0.019307338741746838,0.0,0.12
2011-10-14,0.12,1.7369,99.68521,33.692800000000005,0.048,0.0,-0.009169644168533917,0.012248424043026472,0.019307338741746838,0.0,0.12
2011-10-15,0.12,1.7369,99.68521,33.692800000000005,0.048,0.0,0.0,0.012248424043026472,0.019307338741746838,0.0,0.12
2011-10-16,0.12,1.7369,99.68521,33.692800000000005,0.048,0.0,0.0,0.011947670137416433,0.019307338741746838,0.0,0.12
2011-10-17,0.12,1.7481,99.68521,33.692800000000005,0.048,0.0,0.006427568757171154,0.011034233882357029,0.019307338741746838,0.0,0.12
2011-10-18,0.12,1.7717,99.68521,33.692800000000005,0.048,0.0,0.01341005378925347,0.011387703140916788,0.019307338741746838,0.0,0.12
2011-10-19,0.12,1.7597,99.68521,33.692800000000005,0.048,0.0,-0.00679619764867589,0.011204753539730054,0.019307338741746838,0.0,0.12
2011-10-20,0.115,1.7819,99.68521,33.692800000000005,0.048,-0.0049999999999999906,0.012536870775653106,0.01111896779996062,0.019307338741746838,0.0,0.115
2011-10-21,0.115,1.7796,99.68521,33.692800000000005,0.048,0.0,-0.0012915908014823347,0.011110656315037824,0.019307338741746838,0.0,0.115
2011-10-22,0.115,1.7796,99.68521,33.692800000000005,0.048,0.0,0.0,0.011110656315037824,0.019307338741746838,0.0,0.115
2011-10-23,0.115,1.7796,99.68521,33.692800000000005,0.048,0.0,0.0,0.010439398566347034,0.019307338741746838,0.0,0.115
2011-10-24,0.115,1.7761,99.68521,33.692800000000005,0.048,0.0,-0.0019686706586055872,0.010373048120107742,0.019307338741746838,0.0,0.115
2011-10-25,0.115,1.7541,99.68521,33.692800000000005,0.048,0.0,-0.012464044423546594,0.0097089494475777,0.019307338741746838,0.0,0.115
2011-10-26,0.115,1.7599,99.68521,33.692800000000005,0.048,0.0,0.003301084386430838,0.009010108919572286,0.019307338741746838,0.0,0.115
2011-10-27,0.115,1.7316,99.68521,33.692800000000005,0.048,0.0,-0.016211152668339758,0.007926061710350433,0.019307338741746838,0.0,0.115
2011-10-28,0.115,1.6979,99.68521,33.692800000000005,0.048,0.0,-0.01965364324585937,0.008950240006323938,0.019307338741746838,0.0,0.115
2011-10-29,0.115,1.6979,99.68521,33.692800000000005,0.048,0.0,0.0,0.008950240006323938,0.019307338741746838,0.0,0.115
2011-10-30,0.115,1.6979,99.68521,33.692800000000005,0.048,0.0,0.0,0.008717110363125865,0.019307338741746838,0.0,0.115
2011-10-31,0.115,1.6878,99.68521,33.692800000000005,0.048,0.0,-0.005966287598099969,0.008314273237528253,0.019307338741746838,0.0,0.115
2011-11-01,0.115,1.7499,99.58094,33.868,0.048,0.0,0.03613273770383558,0.011955452293578982,0.015674883478467017,0.0,0.115
2011-11-02,0.115,1.7499,99.58094,33.868,0.048,0.0,0.0,0.011855427808797973,0.015674883478467017,0.0,0.115
2011-11-03,0.115,1.7262,99.58094,33.868,0.048,0.0,-0.013636182642144428,0.012075579371968983,0.015674883478467017,0.0,0.115
2011-11-04,0.115,1.7408,99.58094,33.868,0.048,0.0,0.008422316876066288,0.012232755658241577,0.015674883478467017,0.0,0.115
2011-11-05,0.115,1.7408,99.58094,33.868,0.048,0.0,0.0,0.012232755658241577,0.015674883478467017,0.0,0.115
2011-11-06,0.115,1.7408,99.58094,33.868,0.048,0.0,0.0,0.012142201747178522,0.015674883478467017,0.0,0.115
2011-11-07,0.115,1.7496,99.58094,33.868,0.048,0.0,0.005042412700934659,0.011787196672537057,0.015674883478467017,0.0,0.115
2011-11-08,0.115,1.7446,99.58094,33.868,0.048,0.0,-0.0028618873634399878,0.011711417601192608,0.015674883478467017,0.0,0.115
2011-11-09,0.115,1.751,99.58094,33.868,0.048,0.0,0.0036617502867337796,0.011356975665004846,0.015674883478467017,0.0,0.115
2011-11-10,0.115,1.7603,99.58094,33.868,0.048,0.0,0.005297195766074695,0.011439507644217667,0.015674883478467017,0.0,0.115
2011-11-11,0.115,1.754,99.58094,33.868,0.048,0.0,-0.0035853551197982136,0.011458590884875807,0.015674883478467017,0.0,0.115
2011-11-12,0.115,1.754,99.58094,33.868,0.048,0.0,0.0,0.011458590884875807,0.015674883478467017,0.0,0.115
2011-11-13,0.115,1.754,99.58094,33.868,0.048,0.0,0.0,0.011455795818216711,0.015674883478467017,0.0,0.115
2011-11-14,0.115,1.7642,99.58094,33.868,0.048,0.0,0.005798435892538114,0.011187234260197415,0.015674883478467017,0.0,0.115
2011-11-15,0.115,1.7642,99.58094,33.868,0.048,0.0,0.0,0.011164754868639947,0.015674883478467017,0.0,0.115
2011-11-16,0.115,1.7765,99.58094,33.868,0.048,0.0,0.00694780663641515,0.010566544462890298,0.015674883478467017,0.0,0.115
2011-11-17,0.115,1.7767,99.58094,33.868,0.048,0.0,0.0001125745807785082,0.009361165733443054,0.015674883478467017,0.0,0.115
2011-11-18,0.115,1.7716,99.58094,33.868,0.048,0.0,-0.0028746179928171903,0.009419711037065015,0.015674883478467017,0.0,0.115
2011-11-19,0.115,1.7716,99.58094,33.868,0.048,0.0,0.0,0.009419711037065015,0.015674883478467017,0.0,0.115
2011-11-20,0.115,1.7716,99.58094,33.868,0.048,0.0,0.0,0.009242807885390513,0.015674883478467017,0.0,0.115
2011-11-21,0.115,1.8053,99.58094,33.868,0.048,0.0,0.018843689893569267,0.006247115854459077,0.015674883478467017,0.0,0.115
2011-11-22,0.115,1.8062,99.58094,33.868,0.048,0.0,0.0004984078740860087,0.006241563648362588,0.015674883478467017,0.0,0.115
2011-11-23,0.115,1.8434,99.58094,33.868,0.048,0.0,0.0203865017428654,0.006506005111233851,0.015674883478467017,0.0,0.115
2011-11-24,0.115,1.8652,99.58094,33.868,0.048,0.0,0.011756593374601932,0.006684851443832006,0.015674883478467017,0.0,0.115
2011-11-25,0.115,1.893,99.58094,33.868,0.048,0.0,0.014794586275157114,0.007089190833423255,0.015674883478467017,0.0,0.115
2011-11-26,0.115,1.893,99.58094,33.868,0.048,0.0,0.0,0.007089190833423255,0.015674883478467017,0.0,0.115
2011-11-27,0.115,1.893,99.58094,33.868,0.048,0.0,0.0,0.007146744665980984,0.015674883478467017,0.0,0.115
2011-11-28,0.115,1.859,99.58094,33.868,0.048,0.0,-0.01812416348787884,0.008581868576882751,0.015674883478467017,0.0,0.115
2011-11-29,0.115,1.8478,99.58094,33.868,0.048,0.0,-0.006042966484799176,0.008823887468007555,0.015674883478467017,0.0,0.115
2011-11-30,0.115,1.8102,99.58094,33.868,0.048,0.0,-0.02055840584357445,0.010207444585856339,0.015674883478467017,0.0,0.115
2011-12-01,0.11,1.7922,97.73043,34.0373,0.048,-0.0050000000000000044,-0.009993420942951258,0.010469302551257904,0.018620675063310443,0.0,0.11
2011-12-02,0.11,1.7836,97.73043,34.0373,0.048,0.0,-0.0048101216967974675,0.010550289212880417,0.018620675063310443,0.0,0.11
2011-12-03,0.11,1.7836,97.73043,34.0373,0.048,0.0,0.0,0.010550289212880417,0.018620675063310443,0.0,0.11
2011-12-04,0.11,1.7836,97.73043,34.0373,0.048,0.0,0.0,0.010486241912924845,0.018620675063310443,0.0,0.11
2011-12-05,0.11,1.7823,97.73043,34.0373,0.048,0.0,-0.0007291287235161682,0.010489509987878728,0.018620675063310443,0.0,0.11
2011-12-06,0.11,1.7906,97.73043,34.0373,0.048,0.0,0.004646094170250256,0.010427608321856876,0.018620675063310443,0.0,0.11
2011-12-07,0.11,1.7974,97.73043,34.0373,0.048,0.0,0.0037904170242174665,0.010454754620723625,0.018620675063310443,0.0,0.11
2011-12-08,0.11,1.7934,97.73043,34.0373,0.048,0.0,-0.0022279167063258966,0.01044450537577118,0.018620675063310443,0.0,0.11
2011-12-09,0.11,1.8123,97.73043,34.0373,0.048,0.0,0.010483497294857983,0.010672772037664808,0.018620675063310443,0.0,0.11
2011-12-10,0.11,1.8123,97.73043,34.0373,0.048,0.0,0.0,0.010672772037664808,0.018620675063310443,0.0,0.11
2011-12-11,0.11,1.8123,97.73043,34.0373,0.048,0.0,0.0,0.009825357201962833,0.018620675063310443,0.0,0.11
2011-12-12,0.11,1.8211,97.73043,34.0373,0.048,0.0,0.004843957288968701,0.009880349568530658,0.018620675063310443,0.0,0.11
2011-12-13,0.11,1.8403,97.73043,34.0373,0.048,0.0,0.010487887689374888,0.009039167057049262,0.018620675063310443,0.0,0.11
2011-12-14,0.11,1.8721,97.73043,34.0373,0.048,0.0,0.01713219362307399,0.00947900383283783,0.018620675063310443,0.0,0.11
2011-12-15,0.11,1.8602,97.73043,34.0373,0.048,0.0,-0.006376786605856067,0.008927687806933288,0.018620675063310443,0.0,0.11
2011-12-16,0.11,1.8458,97.73043,34.0373,0.048,0.0,-0.007771220976890251,0.00905584327989377,0.018620675063310443,0.0,0.11
2011-12-17,0.11,1.8458,97.73043,34.0373,0.048,0.0,0.0,0.00905584327989377,0.018620675063310443,0.0,0.11
2011-12-18,0.11,1.8458,97.73043,34.0373,0.048,0.0,0.0,0.008140256530234554,0.018620675063310443,0.0,0.11
2011-12-19,0.11,1.8608,97.73043,34.0373,0.048,0.0,0.008093714932923596,0.008233704569854297,0.018620675063310443,0.0,0.11
2011-12-20,0.11,1.8501,97.73043,34.0373,0.048,0.0,-0.005766811098843091,0.006795441160448613,0.018620675063310443,0.0,0.11
2011-12-21,0.11,1.855,97.73043,34.0373,0.048,0.0,0.002645004375978536,0.0062784876788136235,0.018620675063310443,0.0,0.11
2011-12-22,0.11,1.8571,97.73043,34.0373,0.048,0.0,0.001131435157471782,0.006090904899556039,0.018620675063310443,0.0,0.11
2011-12-23,0.11,1.8554,97.73043,34.0373,0.048,0.0,-0.0009158249798361724,0.006110295200789274,0.018620675063310443,0.0,0.11
2011-12-24,0.11,1.8554,97.73043,34.0373,0.048,0.0,0.0,0.006110295200789274,0.018620675063310443,0.0,0.11
2011-12-25,0.11,1.8554,97.73043,34.0373,0.048,0.0,0.0,0.0060954798371595995,0.018620675063310443,0.0,0.11
2011-12-26,0.11,1.8559,97.73043,34.0373,0.048,0.0,0.00026944736508791137,0.006074378832870666,0.018620675063310443,0.0,0.11
2011-12-27,0.11,1.8578,97.73043,34.0373,0.048,0.0,0.0010232383691613704,0.006057931439669847,0.018620675063310443,0.0,0.11
2011-12-28,0.11,1.8626,97.73043,34.0373,0.048,0.0,0.002580369134137003,0.005990864039482661,0.018620675063310443,0.0,0.11
2011-12-29,0.11,1.8751,97.73043,34.0373,0.048,0.0,0.006688630228115416,0.005760116958357613,0.018620675063310443,0.0,0.11
2011-12-30,0.11,1.8751,97.73043,34.0373,0.048,0.0,0.0,0.005760116958357613,0.018620675063310443,0.0,0.11
2011-12-31,0.11,1.8751,97.73043,34.0373,0.048,0.0,0.0,0.005760116958357613,0.018620675063310443,0.0,0.11
2012-01-01,0.11,1.8751,93.59296,34.2279,0.04,0.0,0.0,0.005722825654085203,0.005088751931666025,0.0,0.11
2012-01-02,0.11,1.8676,93.59296,34.2279,0.04,0.0,-0.004007807218890975,0.0054298525703620985,0.005088751931666025,0.0,0.11
2012-01-03,0.11,1.845,93.59296,34.2279,0.04,0.0,-0.01217490662215436,0.004674173600710683,0.005088751931666025,0.0,0.11
2012-01-04,0.11,1.8265,93.59296,34.2279,0.04,0.0,-0.010077710239290391,0.004973220730070629,0.005088751931666025,0.0,0.11
2012-01-05,0.11,1.8365,93.59296,34.2279,0.04,0.0,0.005460019024384894,0.004892433191178221,0.005088751931666025,0.0,0.11
2012-01-06,0.11,1.8442,93.59296,34.2279,0.04,0.0,0.004183992845318784,0.004992236464960511,0.005088751931666025,0.0,0.11
2012-01-07,0.11,1.8442,93.59296,34.2279,0.04,0.0,0.0,0.004992236464960511,0.005088751931666025,0.0,0.11
2012-01-08,0.11,1.8442,93.59296,34.2279,0.04,0.0,0.0,0.004611430574991907,0.005088751931666025,0.0,0.11
2012-01-09,0.11,1.8435,93.59296,34.2279,0.04,0.0,-0.00037964043084169136,0.004438497171801478,0.005088751931666025,0.0,0.11
2012-01-10,0.11,1.8036,93.59296,34.2279,0.04,0.0,-0.02188127112726998,0.006518220895411227,0.005088751931666025,0.0,0.11
2012-01-11,0.11,1.8041,93.59296,34.2279,0.04,0.0,0.000277184911828122,0.006503507646070279,0.005088751931666025,0.0,0.11
2012-01-12,0.11,1.7867,93.59296,34.2279,0.04,0.0,-0.009691509519635851,0.006756841562584848,0.005088751931666025,0.0,0.11
2012-01-13,0.11,1.7846,93.59296,34.2279,0.04,0.0,-0.0011760424730704634,0.006744666385205411,0.005088751931666025,0.0,0.11
2012-01-14,0.11,1.7846,93.59296,34.2279,0.04,0.0,0.0,0.006744666385205411,0.005088751931666025,0.0,0.11
2012-01-15,0.11,1.7846,93.59296,34.2279,0.04,0.0,0.0,0.0067402773028085615,0.005088751931666025,0.0,0.11
2012-01-16,0.11,1.783,93.59296,34.2279,0.04,0.0,-0.0008969616029106587,0.006709169369006767,0.005088751931666025,0.0,0.11
2012-01-17,0.11,1.7754,93.59296,34.2279,0.04,0.0,-0.004271589228921369,0.006634551709888093,0.005088751931666025,0.0,0.11
2012-01-18,0.11,1.7785,93.59296,34.2279,0.04,0.0,0.0017445627542908087,0.006364813486021206,0.005088751931666025,0.0,0.11
2012-01-19,0.105,1.7642,93.59296,34.2279,0.04,-0.0050000000000000044,-0.008072982563843317,0.006443769730490329,0.005088751931666025,0.0,0.105
2012-01-20,0.105,1.7664,93.59296,34.2279,0.04,0.0,0.0012462472581095119,0.006480717870776708,0.005088751931666025,0.0,0.105
2012-01-21,0.105,1.7664,93.59296,34.2279,0.04,0.0,0.0,0.006480717870776708,0.005088751931666025,0.0,0.105
2012-01-22,0.105,1.7664,93.59296,34.2279,0.04,0.0,0.0,0.006509356516094576,0.005088751931666025,0.0,0.105
2012-01-23,0.105,1.7521,93.59296,34.2279,0.04,0.0,-0.008128508589734322,0.006260280326928547,0.005088751931666025,0.0,0.105
2012-01-24,0.105,1.7643,93.59296,34.2279,0.04,0.0,0.006938942640978138,0.006343901482051303,0.005088751931666025,0.0,0.105
2012-01-25,0.105,1.7623,93.59296,34.2279,0.04,0.0,-0.001134237063696292,0.0061177465054411675,0.005088751931666025,0.0,0.105
2012-01-26,0.105,1.7382,93.59296,34.2279,0.04,0.0,-0.013769679066964052,0.0064605970719719755,0.005088751931666025,0.0,0.105
2012-01-27,0.105,1.7429,93.59296,34.2279,0.04,0.0,0.0027002975242762235,0.006553257704545549,0.005088751931666025,0.0,0.105
2012-01-28,0.105,1.7429,93.59296,34.2279,0.04,0.0,0.0,0.006553257704545549,0.005088751931666025,0.0,0.105
2012-01-29,0.105,1.7429,93.59296,34.2279,0.04,0.0,0.0,0.006561257889665401,0.005088751931666025,0.0,0.105
2012-01-30,0.105,1.7502,93.59296,34.2279,0.04,0.0,0.004179674574094817,0.004967872708820339,0.005088751931666025,0.0,0.105
2012-01-31,0.105,1.7385,93.59296,34.2279,0.04,0.0,-0.00670739465381464,0.0050803887384349876,0.005088751931666025,0.0,0.105
2012-02-01,0.105,1.737,95.00497,34.3819,0.04,0.0,-0.0008631852068110167,0.004735191880199559,-0.006104188727384052,0.0,0.105
2012-02-02,0.105,1.732,95.00497,34.3819,0.04,0.0,-0.0028826771187244918,0.00474610843197786,-0.006104188727384052,0.0,0.105
2012-02-03,0.105,1.7216,95.00497,34.3819,0.04,0.0,-0.006022719154915214,0.004836410066066225,-0.006104188727384052,0.0,0.105
2012-02-04,0.105,1.7216,95.00497,34.3819,0.04,0.0,0.0,0.004836410066066225,-0.006104188727384052,0.0,0.105
2012-02-05,0.105,1.7216,95.00497,34.3819,0.04,0.0,0.0,0.004849336991496966,-0.006104188727384052,0.0,0.105
2012-02-06,0.105,1.7243,95.00497,34.3819,0.04,0.0,0.0015670800386206325,0.00486540241048585,-0.006104188727384052,0.0,0.105
2012-02-07,0.105,1.7255,95.00497,34.3819,0.04,0.0,0.0006956925319722377,0.004834595573754947,-0.006104188727384052,0.0,0.105
2012-02-08,0.105,1.7189,95.00497,34.3819,0.04,0.0,-0.003832312203946798,0.004619961655989544,-0.006104188727384052,0.0,0.105
2012-02-09,0.105,1.7219,95.00497,34.3819,0.04,0.0,0.0017437809580287942,0.004635710100367459,-0.006104188727384052,0.0,0.105
2012-02-10,0.105,1.7254,95.00497,34.3819,0.04,0.0,0.0020305753503382005,0.00468707344283487,-0.006104188727384052,0.0,0.105
2012-02-11,0.105,1.7254,95.00497,34.3819,0.04,0.0,0.0,0.00468707344283487,-0.006104188727384052,0.0,0.105
2012-02-12,0.105,1.7254,95.00497,34.3819,0.04,0.0,0.0,0.0043956781462994084,-0.006104188727384052,0.0,0.105
2012-02-13,0.105,1.7162,95.00497,34.3819,0.04,0.0,-0.00534636326945788,0.0041112199863934645,-0.006104188727384052,0.0,0.105
2012-02-14,0.105,1.7167,95.00497,34.3819,0.04,0.0,0.00029129890386287273,0.004128065750415264,-0.006104188727384052,0.0,0.105
2012-02-15,0.105,1.7151,95.00497,34.3819,0.04,0.0,-0.0009324553388481972,0.0029060488869939085,-0.006104188727384052,0.0,0.105
2012-02-16,0.105,1.732,95.00497,34.3819,0.04,0.0,0.009805422184345224,0.003672755873062745,-0.006104188727384052,0.0,0.105
2012-02-17,0.105,1.713,95.00497,34.3819,0.04,0.0,-0.01103059079826054,0.004382763385755153,-0.006104188727384052,0.0,0.105
2012-02-18,0.105,1.713,95.00497,34.3819,0.04,0.0,0.0,0.004382763385755153,-0.006104188727384052,0.0,0.105
2012-02-19,0.105,1.713,95.00497,34.3819,0.04,0.0,0.0,0.004226407820358456,-0.006104188727384052,0.0,0.105
2012-02-20,0.105,1.713,95.00497,34.3819,0.04,0.0,0.0,0.004016802882853636,-0.006104188727384052,0.0,0.105
2012-02-21,0.105,1.713,95.00497,34.3819,0.04,0.0,0.0,0.00402003234493772,-0.006104188727384052,0.0,0.105
2012-02-22,0.105,1.7069,95.00497,34.3819,0.04,0.0,-0.0035673595538326824,0.00404248953603729,-0.006104188727384052,0.0,0.105
2012-02-23,0.105,1.7033,95.00497,34.3819,0.04,0.0,-0.002111313903755662,0.0038636096234510825,-0.006104188727384052,0.0,0.105
2012-02-24,0.105,1.7091,95.00497,34.3819,0.04,0.0,0.0033993702879281506,0.003961876163428068,-0.006104188727384052,0.0,0.105
2012-02-25,0.105,1.7091,95.00497,34.3819,0.04,0.0,0.0,0.003961876163428068,-0.006104188727384052,0.0,0.105
2012-02-26,0.105,1.7091,95.00497,34.3819,0.04,0.0,0.0,0.003937086195424861,-0.006104188727384052,0.0,0.105
2012-02-27,0.105,1.7082,95.00497,34.3819,0.04,0.0,-0.0005267316424127958,0.003927961055769444,-0.006104188727384052,0.0,0.105
2012-02-28,0.105,1.7017,95.00497,34.3819,0.04,0.0,-0.0038124331346558083,0.003927076885152465,-0.006104188727384052,0.0,0.105
2012-02-29,0.105,1.7086,95.00497,34.3819,0.04,0.0,0.004046570340127319,0.00402885259317417,-0.06613107334458768,0.0,0.105
2012-03-01,0.105,1.7146,102.72527,34.4541,0.04,0.0,0.003505495527137365,0.0040885048029988165,0.009757043608217941,0.0,0.105
2012-03-02,0.105,1.7239,102.72527,34.4541,0.04,0.0,0.005409348656277484,0.004284587667444094,0.009757043608217941,0.0,0.105
2012-03-03,0.105,1.7239,102.72527,34.4541,0.04,0.0,0.0,0.004284587667444094,0.009757043608217941,0.0,0.105
2012-03-04,0.105,1.7239,102.72527,34.4541,0.04,0.0,0.0,0.004099090742764269,0.009757043608217941,0.0,0.105
2012-03-05,0.105,1.7308,102.72527,34.4541,0.04,0.0,0.003994563449796613,0.00418503924234957,0.009757043608217941,0.0,0.105
2012-03-06,0.105,1.755,102.72527,34.4541,0.04,0.0,0.013885127549236358,0.005138119447690819,0.009757043608217941,0.0,0.105
2012-03-07,0.105,1.7685,102.72527,34.4541,0.04,0.0,0.007662872745569097,0.00496766527674857,0.009757043608217941,0.0,0.105
2012-03-08,0.0975,1.7691,102.72527,34.4541,0.04,-0.007499999999999993,0.00033921302903272446,0.0040855466909844665,0.009757043608217941,0.0,0.0975
2012-03-09,0.0975,1.7761,102.72527,34.4541,0.04,0.0,0.003949006598713079,0.00409898254041332,0.009757043608217941,0.0,0.0975
2012-03-10,0.0975,1.7761,102.72527,34.4541,0.04,0.0,0.0,0.00409898254041332,0.009757043608217941,0.0,0.0975
2012-03-11,0.0975,1.7761,102.72527,34.4541,0.04,0.0,0.0,0.00409898254041332,0.009757043608217941,0.0,0.0975
2012-03-12,0.0975,1.8151,102.72527,34.4541,0.04,0.0,0.021720613326650807,0.006021259400116767,0.009757043608217941,0.0,0.0975
2012-03-13,0.0975,1.8096,102.72527,34.4541,0.04,0.0,-0.0030347362380758933,0.005992282441287244,0.009757043608217941,0.0,0.0975
2012-03-14,0.0975,1.814,102.72527,34.4541,0.04,0.0,0.002428525313225865,0.005876474984527831,0.009757043608217941,0.0,0.0975
2012-03-15,0.0975,1.8,102.72527,34.4541,0.04,0.0,-0.007747686790825826,0.006360129726630281,0.009757043608217941,0.0,0.0975
2012-03-16,0.0975,1.8012,102.72527,34.4541,0.04,0.0,0.0006664445431604468,0.006347573903251368,0.009757043608217941,0.0,0.0975
2012-03-17,0.0975,1.8012,102.72527,34.4541,0.04,0.0,0.0,0.006347573903251368,0.009757043608217941,0.0,0.0975
2012-03-18,0.0975,1.8012,102.72527,34.4541,0.04,0.0,0.0,0.006334891941397919,0.009757043608217941,0.0,0.0975
2012-03-19,0.0975,1.8084,102.72527,34.4541,0.04,0.0,0.003989366993033515,0.006153576778352268,0.009757043608217941,0.0,0.0975
2012-03-20,0.0975,1.8253,102.72527,34.4541,0.04,0.0,0.009301880648288482,0.006309028404593665,0.009757043608217941,0.0,0.0975
2012-03-21,0.0975,1.8261,102.72527,34.4541,0.04,0.0,0.00043818809924996073,0.006341059810911023,0.009757043608217941,0.0,0.0975
2012-03-22,0.0975,1.8244,102.72527,34.4541,0.04,0.0,-0.0009313793304430649,0.006380547081005861,0.009757043608217941,0.0,0.0975
2012-03-23,0.0975,1.8188,102.72527,34.4541,0.04,0.0,-0.003074222886689916,0.006488506866379349,0.009757043608217941,0.0,0.0975
2012-03-24,0.0975,1.8188,102.72527,34.4541,0.04,0.0,0.0,0.006488506866379349,0.009757043608217941,0.0,0.0975
2012-03-25,0.0975,1.8188,102.72527,34.4541,0.04,0.0,0.0,0.00650734532052155,0.009757043608217941,0.0,0.0975
2012-03-26,0.0975,1.8137,102.72527,34.4541,0.04,0.0,-0.0028079853274777943,0.006019734406666924,0.009757043608217941,0.0,0.0975
2012-03-27,0.0975,1.8129,102.72527,34.4541,0.04,0.0,-0.0004411845877550844,0.005864076686533846,0.009757043608217941,0.0,0.0975
2012-03-28,0.0975,1.8217,102.72527,34.4541,0.04,0.0,0.0048423580011608194,0.005913917324563669,0.009757043608217941,0.0,0.0975
2012-03-29,0.0975,1.8327,102.72527,34.4541,0.04,0.0,0.006020158287047611,0.0059774964271182285,0.009757043608217941,0.0,0.0975
2012-03-30,0.0975,1.8215,102.72527,34.4541,0.04,0.0,-0.0061299518752124926,0.006214609989722033,0.009757043608217941,0.0,0.0975
2012-03-31,0.0975,1.8215,102.72527,34.4541,0.04,0.0,0.0,0.006214609989722033,0.04620427190382892,0.0,0.0975
2012-04-01,0.0975,1.8215,98.16376,34.6746,0.031,0.0,0.0,0.003928676922656342,-0.0002523716107807328,0.0,0.0975
2012-04-02,0.0975,1.8308,98.16376,34.6746,0.031,0.0,0.005092692330868522,0.003998802514230598,-0.0002523716107807328,0.0,0.0975
2012-04-03,0.0975,1.825,98.16376,34.6746,0.031,0.0,-0.0031730427628951685,0.0040584146284061715,-0.0002523716107807328,0.0,0.0975
2012-04-04,0.0975,1.831,98.16376,34.6746,0.031,0.0,0.0032822786579187755,0.0036341888070565956,-0.0002523716107807328,0.0,0.0975
2012-04-05,0.0975,1.8295,98.16376,34.6746,0.031,0.0,-0.0008195602152492682,0.0036533603848791767,-0.0002523716107807328,0.0,0.0975
2012-04-06,0.0975,1.8295,98.16376,34.6746,0.031,0.0,0.0,0.0036533603848791767,-0.0002523716107807328,0.0,0.0975
2012-04-07,0.0975,1.8295,98.16376,34.6746,0.031,0.0,0.0,0.0036533603848791767,-0.0002523716107807328,0.0,0.0975
2012-04-08,0.0975,1.8295,98.16376,34.6746,0.031,0.0,0.0,0.003576989769884745,-0.0002523716107807328,0.0,0.0975
2012-04-09,0.0975,1.8254,98.16376,34.6746,0.031,0.0,-0.0022435643764845605,0.002976566138876382,-0.0002523716107807328,0.0,0.0975
2012-04-10,0.0975,1.8311,98.16376,34.6746,0.031,0.0,0.003117738064891155,0.003056430463471872,-0.0002523716107807328,0.0,0.0975
2012-04-11,0.0975,1.8297,98.16376,34.6746,0.031,0.0,-0.0007648601771476725,0.00305359323874794,-0.0002523716107807328,0.0,0.0975
2012-04-12,0.0975,1.8264,98.16376,34.6746,0.031,0.0,-0.0018052027549346364,0.0029958169750235867,-0.0002523716107807328,0.0,0.0975
2012-04-13,0.0975,1.8358,98.16376,34.6746,0.031,0.0,0.005133537569404857,0.0031905979894898896,-0.0002523716107807328,0.0,0.0975
2012-04-14,0.0975,1.8358,98.16376,34.6746,0.031,0.0,0.0,0.0031905979894898896,-0.0002523716107807328,0.0,0.0975
2012-04-15,0.0975,1.8358,98.16376,34.6746,0.031,0.0,0.0,0.0030994650666571273,-0.0002523716107807328,0.0,0.0975
2012-04-16,0.0975,1.8367,98.16376,34.6746,0.031,0.0,0.0004901293494985805,0.003089892305574484,-0.0002523716107807328,0.0,0.0975
2012-04-17,0.0975,1.8447,98.16376,34.6746,0.031,0.0,0.004346179493044477,0.003056287234224101,-0.0002523716107807328,0.0,0.0975
2012-04-18,0.0975,1.8688,98.16376,34.6746,0.031,0.0,0.012979851006374311,0.00396403105075897,-0.0002523716107807328,0.0,0.0975
2012-04-19,0.09,1.8861,98.16376,34.6746,0.031,-0.007500000000000007,0.009214691423217243,0.004001230205412522,-0.0002523716107807328,0.0,0.09
2012-04-20,0.09,1.878,98.16376,34.6746,0.031,0.0,-0.004303824288917007,0.004210156762690332,-0.0002523716107807328,0.0,0.09
2012-04-21,0.09,1.878,98.16376,34.6746,0.031,0.0,0.0,0.004210156762690332,-0.0002523716107807328,0.0,0.09
2012-04-22,0.09,1.878,98.16376,34.6746,0.031,0.0,0.0,0.004136534003949775,-0.0002523716107807328,0.0,0.09
2012-04-23,0.09,1.8858,98.16376,34.6746,0.031,0.0,0.004144753263368652,0.004045228867405515,-0.0002523716107807328,0.0,0.09
2012-04-24,0.09,1.8774,98.16376,34.6746,0.031,0.0,-0.004464293128685493,0.004245473908068692,-0.0002523716107807328,0.0,0.09
2012-04-25,0.09,1.8801,98.16376,34.6746,0.031,0.0,0.0014371259958480525,0.004217435357332185,-0.0002523716107807328,0.0,0.09
2012-04-26,0.09,1.8864,98.16376,34.6746,0.031,0.0,0.0033452838843669366,0.004226813817906338,-0.0002523716107807328,0.0,0.09
2012-04-27,0.09,1.8846,98.16376,34.6746,0.031,0.0,-0.000954654010450661,0.004250342481164795,-0.0002523716107807328,0.0,0.09
2012-04-28,0.09,1.8846,98.16376,34.6746,0.031,0.0,0.0,0.004250342481164795,-0.0002523716107807328,0.0,0.09
2012-04-29,0.09,1.8846,98.16376,34.6746,0.031,0.0,0.0,0.004175746063689086,-0.0002523716107807328,0.0,0.09
2012-04-30,0.09,1.8912,98.16376,34.6746,0.031,0.0,0.003495951439123142,0.004183849644422159,-0.023610784947670882,0.0,0.09
2012-05-01,0.09,1.8912,101.46943,34.7994,0.031,0.0,0.0,0.004164404341181981,0.009269175401464436,0.0,0.09
2012-05-02,0.09,1.9143,101.46943,34.7994,0.031,0.0,0.012140472330631799,0.004689335494597891,0.009269175401464436,0.0,0.09
2012-05-03,0.09,1.9271,101.46943,34.7994,0.031,0.0,0.006664261661464036,0.004749261992912613,0.009269175401464436,0.0,0.09
2012-05-04,0.09,1.9204,101.46943,34.7994,0.031,0.0,-0.0034827845470895655,0.0049042495912279375,0.009269175401464436,0.0,0.09
2012-05-05,0.09,1.9204,101.46943,34.7994,0.031,0.0,0.0,0.0049042495912279375,0.009269175401464436,0.0,0.09
2012-05-06,0.09,1.9204,101.46943,34.7994,0.031,0.0,0.0,0.00491473384030531,0.009269175401464436,0.0,0.09
2012-05-07,0.09,1.9262,101.46943,34.7994,0.031,0.0,0.0030156524699785575,0.004893514309943922,0.009269175401464436,0.0,0.09
2012-05-08,0.09,1.936,101.46943,34.7994,0.031,0.0,0.005074838709758411,0.004250767689626424,0.009269175401464436,0.0,0.09
2012-05-09,0.09,1.9571,101.46943,34.7994,0.031,0.0,0.010839796874401187,0.004413072778904351,0.009269175401464436,0.0,0.09
2012-05-10,0.09,1.9576,101.46943,34.7994,0.031,0.0,0.0002554474175383851,0.004190743760701286,0.009269175401464436,0.0,0.09
2012-05-11,0.09,1.9507,101.46943,34.7994,0.031,0.0,-0.0035309506275749453,0.004353983015713164,0.009269175401464436,0.0,0.09
2012-05-12,0.09,1.9507,101.46943,34.7994,0.031,0.0,0.0,0.004353983015713164,0.009269175401464436,0.0,0.09
2012-05-13,0.09,1.9507,101.46943,34.7994,0.031,0.0,0.0,0.004340084961371634,0.009269175401464436,0.0,0.09
2012-05-14,0.09,1.986,101.46943,34.7994,0.031,0.0,0.017934283104230845,0.005422788384195427,0.009269175401464436,0.0,0.09
2012-05-15,0.09,1.9941,101.46943,34.7994,0.031,0.0,0.004070255110527984,0.0054196217159633835,0.009269175401464436,0.0,0.09
2012-05-16,0.09,1.9968,101.46943,34.7994,0.031,0.0,0.0013530784594627384,0.005430144080859872,0.009269175401464436,0.0,0.09
2012-05-17,0.09,1.9967,101.46943,34.7994,0.031,0.0,-5.0081382256666e-05,0.005400527488114027,0.009269175401464436,0.0,0.09
2012-05-18,0.09,2.0088,101.46943,34.7994,0.031,0.0,0.006041711050523266,0.005399396967599854,0.009269175401464436,0.0,0.09
2012-05-19,0.09,2.0088,101.46943,34.7994,0.031,0.0,0.0,0.005399396967599854,0.009269175401464436,0.0,0.09
2012-05-20,0.09,2.0088,101.46943,34.7994,0.031,0.0,0.0,0.005445400482589272,0.009269175401464436,0.0,0.09
2012-05-21,0.09,2.0368,101.46943,34.7994,0.031,0.0,0.013842419959766936,0.005902370384169846,0.009269175401464436,0.0,0.09
2012-05-22,0.09,2.0487,101.46943,34.7994,0.031,0.0,0.005825496832011202,0.005588098769465531,0.009269175401464436,0.0,0.09
2012-05-23,0.09,2.0809,101.46943,34.7994,0.031,0.0,0.015595046783580625,0.006187920439317693,0.009269175401464436,0.0,0.09
2012-05-24,0.09,2.0378,101.46943,34.7994,0.031,0.0,-0.020929697878549088,0.008182729887531206,0.009269175401464436,0.0,0.09
2012-05-25,0.09,2.0026,101.46943,34.7994,0.031,0.0,-0.017424458266482385,0.009358383474159657,0.009269175401464436,0.0,0.09
2012-05-26,0.09,2.0026,101.46943,34.7994,0.031,0.0,0.0,0.009358383474159657,0.009269175401464436,0.0,0.09
2012-05-27,0.09,2.0026,101.46943,34.7994,0.031,0.0,0.0,0.009367070180209096,0.009269175401464436,0.0,0.09
2012-05-28,0.09,1.9772,101.46943,34.7994,0.031,0.0,-0.01276463384089821,0.00988821241370583,0.009269175401464436,0.0,0.09
2012-05-29,0.09,1.9938,101.46943,34.7994,0.031,0.0,0.008360663155799251,0.009773947179110506,0.009269175401464436,0.0,0.09
2012-05-30,0.085,2.0072,101.46943,34.7994,0.031,-0.0049999999999999906,0.006698350463609055,0.009856411011218712,0.009269175401464436,0.0,0.085
2012-05-31,0.085,2.0217,101.46943,34.7994,0.031,0.0,0.007198025568068345,0.009874397639686804,0.019829139718482658,0.0,0.085
2012-06-01,0.085,2.0344,99.86748,34.8272,0.031,0.0,0.0062621934876289755,0.009913938966694026,0.0037285733669023546,0.0,0.085
2012-06-02,0.085,2.0344,99.86748,34.8272,0.031,0.0,0.0,0.009913938966694026,0.0037285733669023546,0.0,0.085
2012-06-03,0.085,2.0344,99.86748,34.8272,0.031,0.0,0.0,0.00919113925550301,0.0037285733669023546,0.0,0.085
2012-06-04,0.085,2.0404,99.86748,34.8272,0.031,0.0,0.002944931940861416,0.009176100823207065,0.0037285733669023546,0.0,0.085
2012-06-05,0.085,2.0259,99.86748,34.8272,0.031,0.0,-0.007131820799865573,0.009360396694952224,0.0037285733669023546,0.0,0.085
2012-06-06,0.085,2.0176,99.86748,34.8272,0.031,0.0,-0.004105360038250924,0.009421755185969511,0.0037285733669023546,0.0,0.085
2012-06-07,0.085,2.0176,99.86748,34.8272,0.031,0.0,0.0,0.009331846190337905,0.0037285733669023546,0.0,0.085
2012-06-08,0.085,2.0347,99.86748,34.8272,0.031,0.0,0.008439701651202077,0.009510552926647119,0.0037285733669023546,0.0,0.085
2012-06-09,0.085,2.0347,99.86748,34.8272,0.031,0.0,0.0,0.009510552926647119,0.0037285733669023546,0.0,0.085
2012-06-10,0.085,2.0347,99.86748,34.8272,0.031,0.0,0.0,0.008988594620080913,0.0037285733669023546,0.0,0.085
2012-06-11,0.085,2.0342,99.86748,34.8272,0.031,0.0,-0.00024576667036144937,0.00888154953200646,0.0037285733669023546,0.0,0.085
2012-06-12,0.085,2.0558,99.86748,34.8272,0.031,0.0,0.01056244538732589,0.008467508692881473,0.0037285733669023546,0.0,0.085
2012-06-13,0.085,2.0597,99.86748,34.8272,0.031,0.0,0.001895274531610339,0.006994228018050609,0.0037285733669023546,0.0,0.085
2012-06-14,0.085,2.0685,99.86748,34.8272,0.031,0.0,0.004263365791034113,0.00560699019384905,0.0037285733669023546,0.0,0.085
2012-06-15,0.085,2.0437,99.86748,34.8272,0.031,0.0,-0.012061816386975776,0.006384992583066395,0.0037285733669023546,0.0,0.085
2012-06-16,0.085,2.0437,99.86748,34.8272,0.031,0.0,0.0,0.006384992583066395,0.0037285733669023546,0.0,0.085
2012-06-17,0.085,2.0437,99.86748,34.8272,0.031,0.0,0.0,0.005513522817714806,0.0037285733669023546,0.0,0.085
2012-06-18,0.085,2.0628,99.86748,34.8272,0.031,0.0,0.00930239266231363,0.0055774638764263355,0.0037285733669023546,0.0,0.085
2012-06-19,0.085,2.0433,99.86748,34.8272,0.031,0.0,-0.009498135261421696,0.005975334739966646,0.0037285733669023546,0.0,0.085
2012-06-20,0.085,2.0287,99.86748,34.8272,0.031,0.0,-0.007170954108098508,0.00604060313540424,0.0037285733669023546,0.0,0.085
2012-06-21,0.085,2.0357,99.86748,34.8272,0.031,0.0,0.0034445462657166836,0.005922817696025467,0.0037285733669023546,0.0,0.085
2012-06-22,0.085,2.0549,99.86748,34.8272,0.031,0.0,0.00938744487282407,0.006281274846656546,0.0037285733669023546,0.0,0.085
2012-06-23,0.085,2.0549,99.86748,34.8272,0.031,0.0,0.0,0.006281274846656546,0.0037285733669023546,0.0,0.085
2012-06-24,0.085,2.0549,99.86748,34.8272,0.031,0.0,0.0,0.006255440862421988,0.0037285733669023546,0.0,0.085
2012-06-25,0.085,2.0712,99.86748,34.8272,0.031,0.0,0.007900964491503504,0.006211611429297754,0.0037285733669023546,0.0,0.085
2012-06-26,0.085,2.0737,99.86748,34.8272,0.031,0.0,0.001206301866466799,0.006089431941429114,0.0037285733669023546,0.0,0.085
2012-06-27,0.085,2.0758,99.86748,34.8272,0.031,0.0,0.0010121702273939665,0.006081636534719779,0.0037285733669023546,0.0,0.085
2012-06-28,0.085,2.0897,99.86748,34.8272,0.031,0.0,0.0066738934548636825,0.005986466033137097,0.0037285733669023546,0.0,0.085
2012-06-29,0.085,2.0207,99.86748,34.8272,0.031,0.0,-0.033576528966601786,0.009844815930020224,0.0037285733669023546,0.0,0.085
2012-06-30,0.085,2.0207,99.86748,34.8272,0.031,0.0,0.0,0.009844815930020224,-0.02009431351885982,0.0,0.085
2012-07-01,0.085,2.0207,103.50512,34.977,0.022000000000000002,0.0,0.0,0.009845099981021043,0.015598427715536545,0.0,0.085
2012-07-02,0.085,1.9887,103.50512,34.977,0.022000000000000002,0.0,-0.01596282710399504,0.010083855675517561,0.015598427715536545,0.0,0.085
2012-07-03,0.085,1.9882,103.50512,34.977,0.022000000000000002,0.0,-0.00025145213741077356,0.010055414418191829,0.015598427715536545,0.0,0.085
2012-07-04,0.085,2.0195,103.50512,34.977,0.022000000000000002,0.0,0.015620249225422692,0.010713020535327581,0.015598427715536545,0.0,0.085
2012-07-05,0.085,2.0287,103.50512,34.977,0.022000000000000002,0.0,0.004545237803816445,0.010467500502291414,0.015598427715536545,0.0,0.085
2012-07-06,0.085,2.0353,103.50512,34.977,0.022000000000000002,0.0,0.0032480343515494917,0.010498665924602035,0.015598427715536545,0.0,0.085
2012-07-07,0.085,2.0353,103.50512,34.977,0.022000000000000002,0.0,0.0,0.010498665924602035,0.015598427715536545,0.0,0.085
2012-07-08,0.085,2.0353,103.50512,34.977,0.022000000000000002,0.0,0.0,0.01025856551369829,0.015598427715536545,0.0,0.085
2012-07-09,0.085,2.0303,103.50512,34.977,0.022000000000000002,0.0,-0.002459662790637723,0.010058591240350157,0.015598427715536545,0.0,0.085
2012-07-10,0.085,2.0327,103.50512,34.977,0.022000000000000002,0.0,0.0011813931967207657,0.009931729783805073,0.015598427715536545,0.0,0.085
2012-07-11,0.085,2.0304,103.50512,34.977,0.022000000000000002,0.0,-0.0011321406047930384,0.009903260795683579,0.015598427715536545,0.0,0.085
2012-07-12,0.08,2.0465,103.50512,34.977,0.022000000000000002,-0.0050000000000000044,0.007898198972334318,0.009833281862743001,0.015598427715536545,0.0,0.08
2012-07-13,0.08,2.0332,103.50512,34.977,0.022000000000000002,0.0,-0.006520110359710268,0.009933703162913334,0.015598427715536545,0.0,0.08
2012-07-14,0.08,2.0332,103.50512,34.977,0.022000000000000002,0.0,0.0,0.009933703162913334,0.015598427715536545,0.0,0.08
2012-07-15,0.08,2.0332,103.50512,34.977,0.022000000000000002,0.0,0.0,0.009735870534731628,0.015598427715536545,0.0,0.08
2012-07-16,0.08,2.0375,103.50512,34.977,0.022000000000000002,0.0,0.0021126595422703534,0.009748418880621881,0.015598427715536545,0.0,0.08
2012-07-17,0.08,2.0343,103.50512,34.977,0.022000000000000002,0.0,-0.001571786757111718,0.009739132537687628,0.015598427715536545,0.0,0.08
2012-07-18,0.08,2.0253,103.50512,34.977,0.022000000000000002,0.0,-0.004433941641971557,0.009593531362576778,0.015598427715536545,0.0,0.08
2012-07-19,0.08,2.0233,103.50512,34.977,0.022000000000000002,0.0,-0.000987995930785707,0.0059435240457496865,0.015598427715536545,0.0,0.08
2012-07-20,0.08,2.022,103.50512,34.977,0.022000000000000002,0.0,-0.0006427212047321861,0.005945627160323865,0.015598427715536545,0.0,0.08
2012-07-21,0.08,2.022,103.50512,34.977,0.022000000000000002,0.0,0.0,0.005945627160323865,0.015598427715536545,0.0,0.08
2012-07-22,0.08,2.022,103.50512,34.977,0.022000000000000002,0.0,0.0,0.004605946374395102,0.015598427715536545,0.0,0.08
2012-07-23,0.08,2.0406,103.50512,34.977,0.022000000000000002,0.0,0.009156761660788043,0.0049567295345601566,0.015598427715536545,0.0,0.08
2012-07-24,0.08,2.0413,103.50512,34.977,0.022000000000000002,0.0,0.0003429775383336413,0.0036347188752573908,0.015598427715536545,0.0,0.08
2012-07-25,0.08,2.0397,103.50512,34.977,0.022000000000000002,0.0,-0.0007841215790149143,0.0035188969789059638,0.015598427715536545,0.0,0.08
2012-07-26,0.08,2.0249,103.50512,34.977,0.022000000000000002,0.0,-0.007282421595299845,0.003824463401209985,0.015598427715536545,0.0,0.08
2012-07-27,0.08,2.0167,103.50512,34.977,0.022000000000000002,0.0,-0.004057804459427567,0.00391668224717481,0.015598427715536545,0.0,0.08
2012-07-28,0.08,2.0167,103.50512,34.977,0.022000000000000002,0.0,0.0,0.00391668224717481,0.015598427715536545,0.0,0.08
2012-07-29,0.08,2.0167,103.50512,34.977,0.022000000000000002,0.0,0.0,0.0038890758281329364,0.015598427715536545,0.0,0.08
2012-07-30,0.08,2.0308,103.50512,34.977,0.022000000000000002,0.0,0.006967291927443194,0.004209861068992145,0.015598427715536545,0.0,0.08
2012-07-31,0.08,2.0494,103.50512,34.977,0.022000000000000002,0.0,0.009117263292378167,0.004669522602525316,-0.0003234542167409593,0.0,0.08
2012-08-01,0.08,2.0426,105.22389,35.1204,0.022000000000000002,0.0,-0.0033235612216188275,0.004395600251152159,0.016276826586719695,0.0,0.08
2012-08-02,0.08,2.047,105.22389,35.1204,0.022000000000000002,0.0,0.0021518005172909646,0.004149300578959842,0.016276826586719695,0.0,0.08
2012-08-03,0.08,2.0307,105.22389,35.1204,0.022000000000000002,0.0,-0.007994745478617993,0.004549409064016796,0.016276826586719695,0.0,0.08
2012-08-04,0.08,2.0307,105.22389,35.1204,0.022000000000000002,0.0,0.0,0.004549409064016796,0.016276826586719695,0.0,0.08
2012-08-05,0.08,2.0307,105.22389,35.1204,0.022000000000000002,0.0,0.0,0.004520706202702585,0.016276826586719695,0.0,0.08
2012-08-06,0.08,2.0273,105.22389,35.1204,0.022000000000000002,0.0,-0.001675702708523583,0.004522464941119125,0.016276826586719695,0.0,0.08
2012-08-07,0.08,2.0276,105.22389,35.1204,0.022000000000000002,0.0,0.00014796912404617943,0.004409874107189485,0.016276826586719695,0.0,0.08
2012-08-08,0.08,2.0267,105.22389,35.1204,0.022000000000000002,0.0,-0.0004439730729268328,0.0044047655725107755,0.016276826586719695,0.0,0.08
2012-08-09,0.08,2.0177,105.22389,35.1204,0.022000000000000002,0.0,-0.004450605704635189,0.004518653649382395,0.016276826586719695,0.0,0.08
2012-08-10,0.08,2.0169,105.22389,35.1204,0.022000000000000002,0.0,-0.00039656967753151184,0.004519032062134616,0.016276826586719695,0.0,0.08
2012-08-11,0.08,2.0169,105.22389,35.1204,0.022000000000000002,0.0,0.0,0.004519032062134616,0.016276826586719695,0.0,0.08
2012-08-12,0.08,2.0169,105.22389,35.1204,0.022000000000000002,0.0,0.0,0.003958071566215126,0.016276826586719695,0.0,0.08
2012-08-13,0.08,2.026,105.22389,35.1204,0.022000000000000002,0.0,0.004501726665527812,0.0041154507638276544,0.016276826586719695,0.0,0.08
2012-08-14,0.08,2.0252,105.22389,35.1204,0.022000000000000002,0.0,-0.0003949447128745885,0.004114340274340159,0.016276826586719695,0.0,0.08
2012-08-15,0.08,2.0228,105.22389,35.1204,0.022000000000000002,0.0,-0.001185770889926067,0.0037870386454669576,0.016276826586719695,0.0,0.08
2012-08-16,0.08,2.0208,105.22389,35.1204,0.022000000000000002,0.0,-0.0009892176096013706,0.003676754434071431,0.016276826586719695,0.0,0.08
2012-08-17,0.08,2.0176,105.22389,35.1204,0.022000000000000002,0.0,-0.0015847863855716303,0.003696084518154319,0.016276826586719695,0.0,0.08
2012-08-18,0.08,2.0176,105.22389,35.1204,0.022000000000000002,0.0,0.0,0.003696084518154319,0.016276826586719695,0.0,0.08
2012-08-19,0.08,2.0176,105.22389,35.1204,0.022000000000000002,0.0,0.0,0.003315833803174094,0.016276826586719695,0.0,0.08
2012-08-20,0.08,2.0203,105.22389,35.1204,0.022000000000000002,0.0,0.0013373290088419345,0.0025075100421176263,0.016276826586719695,0.0,0.08
2012-08-21,0.08,2.0167,105.22389,35.1204,0.022000000000000002,0.0,-0.001783503073700704,0.0024460839365503186,0.016276826586719695,0.0,0.08
2012-08-22,0.08,2.0204,105.22389,35.1204,0.022000000000000002,0.0,0.0018329994481013569,0.002427918144589658,0.016276826586719695,0.0,0.08
2012-08-23,0.08,2.0236,105.22389,35.1204,0.022000000000000002,0.0,0.0015825918238835473,0.0017551469703548873,0.016276826586719695,0.0,0.08
2012-08-24,0.08,2.025,105.22389,35.1204,0.022000000000000002,0.0,0.0006915971228583803,0.0017655608485096872,0.016276826586719695,0.0,0.08
2012-08-25,0.08,2.025,105.22389,35.1204,0.022000000000000002,0.0,0.0,0.0017655608485096872,0.016276826586719695,0.0,0.08
2012-08-26,0.08,2.025,105.22389,35.1204,0.022000000000000002,0.0,0.0,0.0017282411993488353,0.016276826586719695,0.0,0.08
2012-08-27,0.08,2.0287,105.22389,35.1204,0.022000000000000002,0.0,0.001825493266644431,0.0017786716975517777,0.016276826586719695,0.0,0.08
2012-08-28,0.08,2.0427,105.22389,35.1204,0.022000000000000002,0.0,0.006877268349746878,0.0023410792249980343,0.016276826586719695,0.0,0.08
2012-08-29,0.08,2.0503,105.22389,35.1204,0.022000000000000002,0.0,0.003713661731970458,0.002156543975254891,0.016276826586719695,0.0,0.08
2012-08-30,0.075,2.0507,105.22389,35.1204,0.022000000000000002,-0.0050000000000000044,0.0001950743727230616,0.0021432631429957765,0.016276826586719695,0.0,0.075
2012-08-31,0.075,2.0366,105.22389,35.1204,0.022000000000000002,0.0,-0.006899447524159014,0.002752671127981361,0.05343022424059374,0.0,0.075
2012-09-01,0.075,2.0366,99.39013,35.3206,0.022000000000000002,0.0,0.0,0.002752671127981361,-0.004973424445705699,0.0,0.075
2012-09-02,0.075,2.0366,99.39013,35.3206,0.022000000000000002,0.0,0.0,0.002586031900998996,-0.004973424445705699,0.0,0.075
2012-09-03,0.075,2.0329,99.39013,35.3206,0.022000000000000002,0.0,-0.0018184057105465677,0.0026243372682792174,-0.004973424445705699,0.0,0.075
2012-09-04,0.075,2.0386,99.39013,35.3206,0.022000000000000002,0.0,0.002799952707293893,0.0026653983897204658,-0.004973424445705699,0.0,0.075
2012-09-05,0.075,2.038,99.39013,35.3206,0.022000000000000002,0.0,-0.0002943629516424816,0.0026509773840350664,-0.004973424445705699,0.0,0.075
2012-09-06,0.075,2.0375,99.39013,35.3206,0.022000000000000002,0.0,-0.0002453686676522232,0.00261422906221291,-0.004973424445705699,0.0,0.075
2012-09-07,0.075,2.0375,99.39013,35.3206,0.022000000000000002,0.0,0.0,0.00261422906221291,-0.004973424445705699,0.0,0.075
2012-09-08,0.075,2.0375,99.39013,35.3206,0.022000000000000002,0.0,0.0,0.00261422906221291,-0.004973424445705699,0.0,0.075
2012-09-09,0.075,2.0375,99.39013,35.3206,0.022000000000000002,0.0,0.0,0.0026085323484400895,-0.004973424445705699,0.0,0.075
2012-09-10,0.075,2.0235,99.39013,35.3206,0.022000000000000002,0.0,-0.006894880799097627,0.0030493292155637204,-0.004973424445705699,0.0,0.075
2012-09-11,0.075,2.0192,99.39013,35.3206,0.022000000000000002,0.0,-0.002127291969026113,0.003064088737581086,-0.004973424445705699,0.0,0.075
2012-09-12,0.075,2.0198,99.39013,35.3206,0.022000000000000002,0.0,0.0002971032455625154,0.003041890273072385,-0.004973424445705699,0.0,0.075
2012-09-13,0.075,2.0249,99.39013,35.3206,0.022000000000000002,0.0,0.002521820012767087,0.0030938532097278103,-0.004973424445705699,0.0,0.075
2012-09-14,0.075,2.0133,99.39013,35.3206,0.022000000000000002,0.0,-0.005745149772920416,0.0033497420386981226,-0.004973424445705699,0.0,0.075
2012-09-15,0.075,2.0133,99.39013,35.3206,0.022000000000000002,0.0,0.0,0.0033497420386981226,-0.004973424445705699,0.0,0.075
2012-09-16,0.075,2.0133,99.39013,35.3206,0.022000000000000002,0.0,0.0,0.003313749884265511,-0.004973424445705699,0.0,0.075
2012-09-17,0.075,2.0306,99.39013,35.3206,0.022000000000000002,0.0,0.008556149034819157,0.003522014028772964,-0.004973424445705699,0.0,0.075
2012-09-18,0.075,2.0268,99.39013,35.3206,0.022000000000000002,0.0,-0.0018731212653676091,0.00340683968891363,-0.004973424445705699,0.0,0.075
2012-09-19,0.075,2.023,99.39013,35.3206,0.022000000000000002,0.0,-0.001876636434009246,0.0034136370023777076,-0.004973424445705699,0.0,0.075
2012-09-20,0.075,2.0257,99.39013,35.3206,0.022000000000000002,0.0,0.0013337616520151029,0.0031067800186071323,-0.004973424445705699,0.0,0.075
2012-09-21,0.075,2.0235,99.39013,35.3206,0.022000000000000002,0.0,-0.0010866345038405732,0.0031113388598397367,-0.004973424445705699,0.0,0.075
2012-09-22,0.075,2.0235,99.39013,35.3206,0.022000000000000002,0.0,0.0,0.0031113388598397367,-0.004973424445705699,0.0,0.075
2012-09-23,0.075,2.0235,99.39013,35.3206,0.022000000000000002,0.0,0.0,0.003091836963096254,-0.004973424445705699,0.0,0.075
2012-09-24,0.075,2.0267,99.39013,35.3206,0.022000000000000002,0.0,0.0015801692093473099,0.0030404911147237836,-0.004973424445705699,0.0,0.075
2012-09-25,0.075,2.0245,99.39013,35.3206,0.022000000000000002,0.0,-0.0010860980530515874,0.003045663340993768,-0.004973424445705699,0.0,0.075
2012-09-26,0.075,2.0335,99.39013,35.3206,0.022000000000000002,0.0,0.004435689875063359,0.0032271535196883973,-0.004973424445705699,0.0,0.075
2012-09-27,0.075,2.0305,99.39013,35.3206,0.022000000000000002,0.0,-0.0014763782209268324,0.003241640739283869,-0.004973424445705699,0.0,0.075
2012-09-28,0.075,2.03,99.39013,35.3206,0.022000000000000002,0.0,-0.0002462750905195006,0.0032414204350257204,-0.004973424445705699,0.0,0.075
2012-09-29,0.075,2.03,99.39013,35.3206,0.022000000000000002,0.0,0.0,0.0032414204350257204,-0.004973424445705699,0.0,0.075
2012-09-30,0.075,2.03,99.39013,35.3206,0.022000000000000002,0.0,0.0,0.0028308046799034384,-0.0029601181559431033,0.0,0.075
2012-10-01,0.075,2.0254,103.67915,35.529,0.019,0.0,-0.0022685811376483415,0.0028369836804810118,0.040065522257514585,0.0,0.075
2012-10-02,0.075,2.026,103.67915,35.529,0.019,0.0,0.000296193910444108,0.002836981261661579,0.040065522257514585,0.0,0.075
2012-10-03,0.075,2.026,103.67915,35.529,0.019,0.0,0.0,0.0027816707480027843,0.040065522257514585,0.0,0.075
2012-10-04,0.075,2.0218,103.67915,35.529,0.019,0.0,-0.0020752020886715,0.0024862054362594864,0.040065522257514585,0.0,0.075
2012-10-05,0.075,2.024,103.67915,35.529,0.019,0.0,0.0010875476873991408,0.0024932389215191085,0.040065522257514585,0.0,0.075
2012-10-06,0.075,2.024,103.67915,35.529,0.019,0.0,0.0,0.0024932389215191085,0.040065522257514585,0.0,0.075
2012-10-07,0.075,2.024,103.67915,35.529,0.019,0.0,0.0,0.0015521759703214044,0.040065522257514585,0.0,0.075
2012-10-08,0.075,2.0307,103.67915,35.529,0.019,0.0,0.0033048097753154283,0.0016785661068192137,0.040065522257514585,0.0,0.075
2012-10-09,0.075,2.0331,103.67915,35.529,0.019,0.0,0.0011811606275055212,0.0016279167930227127,0.040065522257514585,0.0,0.075
2012-10-10,0.075,2.0373,103.67915,35.529,0.019,0.0,0.00206367997767834,0.0016613541276563955,0.040065522257514585,0.0,0.075
2012-10-11,0.0725,2.0363,103.67915,35.529,0.019,-0.0025000000000000022,-0.0004909662313861484,0.001640671460855863,0.040065522257514585,0.0,0.0725
2012-10-12,0.0725,2.0363,103.67915,35.529,0.019,0.0,0.0,0.001640671460855863,0.040065522257514585,0.0,0.0725
2012-10-13,0.0725,2.0363,103.67915,35.529,0.019,0.0,0.0,0.001640671460855863,0.040065522257514585,0.0,0.0725
2012-10-14,0.0725,2.0363,103.67915,35.529,0.019,0.0,0.0,0.0016143906749735346,0.040065522257514585,0.0,0.0725
2012-10-15,0.0725,2.0377,103.67915,35.529,0.019,0.0,0.0006872852504215458,0.0015863955958638303,0.040065522257514585,0.0,0.0725
2012-10-16,0.0725,2.0345,103.67915,35.529,0.019,0.0,-0.001571632365146262,0.0013121054523189879,0.040065522257514585,0.0,0.0725
2012-10-17,0.0725,2.033,103.67915,35.529,0.019,0.0,-0.000737553813398088,0.0012775690284235774,0.040065522257514585,0.0,0.0725
2012-10-18,0.0725,2.029,103.67915,35.529,0.019,0.0,-0.0019694738025319435,0.0013551696068465572,0.040065522257514585,0.0,0.0725
2012-10-19,0.0725,2.0266,103.67915,35.529,0.019,0.0,-0.001183548811597479,0.0013796574658968652,0.040065522257514585,0.0,0.0725
2012-10-20,0.0725,2.0266,103.67915,35.529,0.019,0.0,0.0,0.0013796574658968652,0.040065522257514585,0.0,0.0725
2012-10-21,0.0725,2.0266,103.67915,35.529,0.019,0.0,0.0,0.0012802576692665223,0.040065522257514585,0.0,0.0725
2012-10-22,0.0725,2.026,103.67915,35.529,0.019,0.0,-0.0002961062055886311,0.0012806171069649802,0.040065522257514585,0.0,0.0725
2012-10-23,0.0725,2.0281,103.67915,35.529,0.019,0.0,0.0010359883514578342,0.0013014006945860955,0.040065522257514585,0.0,0.0725
2012-10-24,0.0725,2.0257,103.67915,35.529,0.019,0.0,-0.0011840743403257106,0.0012384790054999163,0.040065522257514585,0.0,0.0725
2012-10-25,0.0725,2.0256,103.67915,35.529,0.019,0.0,-4.936686990378828e-05,0.0012164858730854223,0.040065522257514585,0.0,0.0725
2012-10-26,0.0725,2.0257,103.67915,35.529,0.019,0.0,4.936686990369752e-05,0.001216451568782807,0.040065522257514585,0.0,0.0725
2012-10-27,0.0725,2.0257,103.67915,35.529,0.019,0.0,0.0,0.001216451568782807,0.040065522257514585,0.0,0.0725
2012-10-28,0.0725,2.0257,103.67915,35.529,0.019,0.0,0.0,0.000943814748793245,0.040065522257514585,0.0,0.0725
2012-10-29,0.0725,2.0291,103.67915,35.529,0.019,0.0,0.0016770251538180474,0.0009854777295132846,0.040065522257514585,0.0,0.0725
2012-10-30,0.0725,2.0318,103.67915,35.529,0.019,0.0,0.0013297546838658629,0.0009116255971086845,0.040065522257514585,0.0,0.0725
2012-10-31,0.0725,2.0308,103.67915,35.529,0.019,0.0,-0.0004922955842052702,0.0009116529523790777,0.041154562308811427,0.0,0.0725
2012-11-01,0.0725,2.0306,101.18533,35.7422,0.019,0.0,-9.848820611694973e-05,0.0009111498954085189,0.016111416501993103,0.0,0.0725
2012-11-02,0.0725,2.0306,101.18533,35.7422,0.019,0.0,0.0,0.0009111498954085189,0.016111416501993103,0.0,0.0725
2012-11-03,0.0725,2.0306,101.18533,35.7422,0.019,0.0,0.0,0.0009111498954085189,0.016111416501993103,0.0,0.0725
2012-11-04,0.0725,2.0306,101.18533,35.7422,0.019,0.0,0.0,0.0008910388720379724,0.016111416501993103,0.0,0.0725
2012-11-05,0.0725,2.0344,101.18533,35.7422,0.019,0.0,0.0018696192407875354,0.0009380699250725219,0.016111416501993103,0.0,0.0725
2012-11-06,0.0725,2.0336,101.18533,35.7422,0.019,0.0,-0.00039331367272043617,0.0009269646422317607,0.016111416501993103,0.0,0.0725
2012-11-07,0.0725,2.0324,101.18533,35.7422,0.019,0.0,-0.0005902607156126821,0.0008162744626466115,0.016111416501993103,0.0,0.0725
2012-11-08,0.0725,2.0352,101.18533,35.7422,0.019,0.0,0.0013767334262261902,0.0008077897987954308,0.016111416501993103,0.0,0.0725
2012-11-09,0.0725,2.0507,101.18533,35.7422,0.019,0.0,0.007587104115921077,0.0018334764604904688,0.016111416501993103,0.0,0.0725
2012-11-10,0.0725,2.0507,101.18533,35.7422,0.019,0.0,0.0,0.0018334764604904688,0.016111416501993103,0.0,0.0725
2012-11-11,0.0725,2.0507,101.18533,35.7422,0.019,0.0,0.0,0.001827119856023079,0.016111416501993103,0.0,0.0725
2012-11-12,0.0725,2.047,101.18533,35.7422,0.019,0.0,-0.0018058916004345098,0.0019009258418172222,0.016111416501993103,0.0,0.0725
2012-11-13,0.0725,2.0609,101.18533,35.7422,0.019,0.0,0.006767473916173311,0.0023228429796824475,0.016111416501993103,0.0,0.0725
2012-11-14,0.0725,2.0624,101.18533,35.7422,0.019,0.0,0.0007275726074599488,0.0023132872973883646,0.016111416501993103,0.0,0.0725
2012-11-15,0.0725,2.0624,101.18533,35.7422,0.019,0.0,0.0,0.002314269094928501,0.016111416501993103,0.0,0.0725
2012-11-16,0.0725,2.0706,101.18533,35.7422,0.019,0.0,0.003968067147090089,0.0024016944530300044,0.016111416501993103,0.0,0.0725
2012-11-17,0.0725,2.0706,101.18533,35.7422,0.019,0.0,0.0,0.0024016944530300044,0.016111416501993103,0.0,0.0725
2012-11-18,0.0725,2.0706,101.18533,35.7422,0.019,0.0,0.0,0.002409609203241692,0.016111416501993103,0.0,0.0725
2012-11-19,0.0725,2.074,101.18533,35.7422,0.019,0.0,0.0016406894574597963,0.0024127661915179124,0.016111416501993103,0.0,0.0725
2012-11-20,0.0725,2.0827,101.18533,35.7422,0.019,0.0,0.0041860190554980255,0.0024833787071155914,0.016111416501993103,0.0,0.0725
2012-11-21,0.0725,2.0918,101.18533,35.7422,0.019,0.0,0.004359810475197388,0.002553944223489562,0.016111416501993103,0.0,0.0725
2012-11-22,0.0725,2.0907,101.18533,35.7422,0.019,0.0,-0.0005260012075850615,0.002572677515981193,0.016111416501993103,0.0,0.0725
2012-11-23,0.0725,2.098,101.18533,35.7422,0.019,0.0,0.003485571843659502,0.0025867057760218057,0.016111416501993103,0.0,0.0725
2012-11-24,0.0725,2.098,101.18533,35.7422,0.019,0.0,0.0,0.0025867057760218057,0.016111416501993103,0.0,0.0725
2012-11-25,0.0725,2.098,101.18533,35.7422,0.019,0.0,0.0,0.002611357206570104,0.016111416501993103,0.0,0.0725
2012-11-26,0.0725,2.0782,101.18533,35.7422,0.019,0.0,-0.009482375537696151,0.0035775184157196323,0.016111416501993103,0.0,0.0725
2012-11-27,0.0725,2.0746,101.18533,35.7422,0.019,0.0,-0.0017337704208184664,0.0036146418788433952,0.016111416501993103,0.0,0.0725
2012-11-28,0.0725,2.0907,101.18533,35.7422,0.019,0.0,0.007730574114855003,0.003913788841996229,0.016111416501993103,0.0,0.0725
2012-11-29,0.0725,2.0986,101.18533,35.7422,0.019,0.0,0.003771517611227655,0.0036794962187866238,0.016111416501993103,0.0,0.0725
2012-11-30,0.0725,2.1068,101.18533,35.7422,0.019,0.0,0.003899752885423677,0.003718223862596309,0.03535132302190824,0.0,0.0725
2012-12-01,0.0725,2.1068,97.92988,36.0246,0.019,0.0,0.0,0.003718223862596309,0.0020408177882773604,0.0,0.0725
2012-12-02,0.0725,2.1068,97.92988,36.0246,0.019,0.0,0.0,0.003659021696617431,0.0020408177882773604,0.0,0.0725
2012-12-03,0.0725,2.1115,97.92988,36.0246,0.019,0.0,0.0022283867647640843,0.003445725433167048,0.0020408177882773604,0.0,0.0725
2012-12-04,0.0725,2.1072,97.92988,36.0246,0.019,0.0,-0.0020385433849815617,0.0035209195757993487,0.0020408177882773604,0.0,0.0725
2012-12-05,0.0725,2.104,97.92988,36.0246,0.019,0.0,-0.0015197571314161883,0.003561495172996063,0.0020408177882773604,0.0,0.0725
2012-12-06,0.0725,2.0831,97.92988,36.0246,0.019,0.0,-0.009983126067731385,0.004249127591878333,0.0020408177882773604,0.0,0.0725
2012-12-07,0.0725,2.0798,97.92988,36.0246,0.019,0.0,-0.0015854335637366967,0.004269776111082361,0.0020408177882773604,0.0,0.0725
2012-12-08,0.0725,2.0798,97.92988,36.0246,0.019,0.0,0.0,0.004269776111082361,0.0020408177882773604,0.0,0.0725
2012-12-09,0.0725,2.0798,97.92988,36.0246,0.019,0.0,0.0,0.004256819216806259,0.0020408177882773604,0.0,0.0725
2012-12-10,0.0725,2.0804,97.92988,36.0246,0.019,0.0,0.00028844767278505537,0.004149692608387946,0.0020408177882773604,0.0,0.0725
2012-12-11,0.0725,2.0737,97.92988,36.0246,0.019,0.0,-0.0032257315951226954,0.0040708284380019475,0.0020408177882773604,0.0,0.0725
2012-12-12,0.0725,2.0795,97.92988,36.0246,0.019,0.0,0.002793028879171569,0.004134063716276363,0.0020408177882773604,0.0,0.0725
2012-12-13,0.0725,2.0745,97.92988,36.0246,0.019,0.0,-0.0024073194100437036,0.0040617827233823366,0.0020408177882773604,0.0,0.0725
2012-12-14,0.0725,2.0834,97.92988,36.0246,0.019,0.0,0.004281013777425898,0.004203360230793524,0.0020408177882773604,0.0,0.0725
2012-12-15,0.0725,2.0834,97.92988,36.0246,0.019,0.0,0.0,0.004203360230793524,0.0020408177882773604,0.0,0.0725
2012-12-16,0.0725,2.0834,97.92988,36.0246,0.019,0.0,0.0,0.0036121662119998916,0.0020408177882773604,0.0,0.0725
2012-12-17,0.0725,2.0896,97.92988,36.0246,0.019,0.0,0.0029714855317633294,0.003637871576159662,0.0020408177882773604,0.0,0.0725
2012-12-18,0.0725,2.096,97.92988,36.0246,0.019,0.0,0.0030581063588208724,0.003271189283280492,0.0020408177882773604,0.0,0.0725
2012-12-19,0.0725,2.0785,97.92988,36.0246,0.019,0.0,-0.008384286748240724,0.003664009081239414,0.0020408177882773604,0.0,0.0725
2012-12-20,0.0725,2.062,97.92988,36.0246,0.019,0.0,-0.007970094115787014,0.00387244272393475,0.0020408177882773604,0.0,0.0725
2012-12-21,0.0725,2.0751,97.92988,36.0246,0.019,0.0,0.00633295969774347,0.004209222027511963,0.0020408177882773604,0.0,0.0725
2012-12-22,0.0725,2.0751,97.92988,36.0246,0.019,0.0,0.0,0.004209222027511963,0.0020408177882773604,0.0,0.0725
2012-12-23,0.0725,2.0751,97.92988,36.0246,0.019,0.0,0.0,0.004155155528086595,0.0020408177882773604,0.0,0.0725
2012-12-24,0.0725,2.0767,97.92988,36.0246,0.019,0.0,0.0007707500742848255,0.004161034616429026,0.0020408177882773604,0.0,0.0725
2012-12-25,0.0725,2.0767,97.92988,36.0246,0.019,0.0,0.0,0.004159710433911349,0.0020408177882773604,0.0,0.0725
2012-12-26,0.0725,2.0563,97.92988,36.0246,0.019,0.0,-0.009871844021460765,0.004146627308482301,0.0020408177882773604,0.0,0.0725
2012-12-27,0.0725,2.0477,97.92988,36.0246,0.019,0.0,-0.004191039272958171,0.004217966689579265,0.0020408177882773604,0.0,0.0725
2012-12-28,0.0725,2.0429,97.92988,36.0246,0.019,0.0,-0.0023468450609066523,0.0042278245554304,0.0020408177882773604,0.0,0.0725
2012-12-29,0.0725,2.0429,97.92988,36.0246,0.019,0.0,0.0,0.0042278245554304,0.0020408177882773604,0.0,0.0725
2012-12-30,0.0725,2.0429,97.92988,36.0246,0.019,0.0,0.0,0.0042240650537936795,0.0020408177882773604,0.0,0.0725
2012-12-31,0.0725,2.0429,97.92988,36.0246,0.019,0.0,0.0,0.004192435046997087,0.046338100643467106,0.0,0.0725
2013-01-01,0.0725,2.0429,97.79238,36.3344,0.019,0.0,0.0,0.004114052605935879,0.04486897305096438,0.0,0.0725
2013-01-02,0.0725,2.0409,97.79238,36.3344,0.019,0.0,-0.000979479974482904,0.004098657268557268,0.04486897305096438,0.0,0.0725
2013-01-03,0.0725,2.0458,97.79238,36.3344,0.019,0.0,0.0023980240037820536,0.003995735942909563,0.04486897305096438,0.0,0.0725
2013-01-04,0.0725,2.0419,97.79238,36.3344,0.019,0.0,-0.0019081640939178819,0.0039956294922628725,0.04486897305096438,0.0,0.0725
2013-01-05,0.0725,2.0419,97.79238,36.3344,0.019,0.0,0.0,0.0039956294922628725,0.04486897305096438,0.0,0.0725
2013-01-06,0.0725,2.0419,97.79238,36.3344,0.019,0.0,0.0,0.003893895879001872,0.04486897305096438,0.0,0.0725
2013-01-07,0.0725,2.0306,97.79238,36.3344,0.019,0.0,-0.005549431061866636,0.0038794282822255163,0.04486897305096438,0.0,0.0725
2013-01-08,0.0725,2.028,97.79238,36.3344,0.019,0.0,-0.001281230156048573,0.00353395727989891,0.04486897305096438,0.0,0.0725
2013-01-09,0.0725,2.0411,97.79238,36.3344,0.019,0.0,0.006438792488923135,0.0035561935599812563,0.04486897305096438,0.0,0.0725
2013-01-10,0.0725,2.0352,97.79238,36.3344,0.019,0.0,-0.002894784054193894,0.003202784995167112,0.04486897305096438,0.0,0.0725
2013-01-11,0.0725,2.0335,97.79238,36.3344,0.019,0.0,-0.000835647798523809,0.003194895299122472,0.04486897305096438,0.0,0.0725
2013-01-12,0.0725,2.0335,97.79238,36.3344,0.019,0.0,0.0,0.003194895299122472,0.04486897305096438,0.0,0.0725
2013-01-13,0.0725,2.0335,97.79238,36.3344,0.019,0.0,0.0,0.0031768502013010303,0.04486897305096438,0.0,0.0725
2013-01-14,0.0725,2.0328,97.79238,36.3344,0.019,0.0,-0.0003442933413250012,0.0031717836295484907,0.04486897305096438,0.0,0.0725
2013-01-15,0.0725,2.0368,97.79238,36.3344,0.019,0.0,0.0019657957971877483,0.002469187084994526,0.04486897305096438,0.0,0.0725
2013-01-16,0.0725,2.0403,97.79238,36.3344,0.019,0.0,0.0017169070465604401,0.0023520187350410155,0.04486897305096438,0.0,0.0725
2013-01-17,0.0725,2.0405,97.79238,36.3344,0.019,0.0,9.80199961578656e-05,0.0022964049320852533,0.04486897305096438,0.0,0.0725
2013-01-18,0.0725,2.0435,97.79238,36.3344,0.019,0.0,0.0014691481584714289,0.0023217417485412507,0.04486897305096438,0.0,0.0725
2013-01-19,0.0725,2.0435,97.79238,36.3344,0.019,0.0,0.0,0.0023217417485412507,0.04486897305096438,0.0,0.0725
2013-01-20,0.0725,2.0435,97.79238,36.3344,0.019,0.0,0.0,0.0023217417485412507,0.04486897305096438,0.0,0.0725
2013-01-21,0.0725,2.0415,97.79238,36.3344,0.019,0.0,-0.0009791922447014915,0.002332367686072832,0.04486897305096438,0.0,0.0725
2013-01-22,0.0725,2.0466,97.79238,36.3344,0.019,0.0,0.0024950478930246822,0.002387018602204419,0.04486897305096438,0.0,0.0725
2013-01-23,0.0725,2.0388,97.79238,36.3344,0.019,0.0,-0.003818480186768377,0.0024803554750964254,0.04486897305096438,0.0,0.0725
2013-01-24,0.0725,2.0338,97.79238,36.3344,0.019,0.0,-0.0024554351088497154,0.0025034357516210072,0.04486897305096438,0.0,0.0725
2013-01-25,0.0725,2.0277,97.79238,36.3344,0.019,0.0,-0.0030038185826189376,0.002579825043901264,0.04486897305096438,0.0,0.0725
2013-01-26,0.0725,2.0277,97.79238,36.3344,0.019,0.0,0.0,0.002579825043901264,0.04486897305096438,0.0,0.0725
2013-01-27,0.0725,2.0277,97.79238,36.3344,0.019,0.0,0.0,0.0022709976954412253,0.04486897305096438,0.0,0.0725
2013-01-28,0.0725,2.0235,97.79238,36.3344,0.019,0.0,-0.002073460458497891,0.002299934358941901,0.04486897305096438,0.0,0.0725
2013-01-29,0.0725,1.9906,97.79238,36.3344,0.019,0.0,-0.0163925845039571,0.003951200279331585,0.04486897305096438,0.0,0.0725
2013-01-30,0.0725,1.9894,97.79238,36.3344,0.019,0.0,-0.000603015093649592,0.003934265458721351,0.04486897305096438,0.0,0.0725
2013-01-31,0.0725,1.9877,97.79238,36.3344,0.019,0.0,-0.0008548943217602397,0.0039341899507501065,0.02933962296919823,0.0,0.0725
2013-02-01,0.0725,1.9838,95.55762,36.5524,0.019,0.0,-0.0019639940846599437,0.003928770675096075,0.005817064096752089,0.0,0.0725
2013-02-02,0.0725,1.9838,95.55762,36.5524,0.019,0.0,0.0,0.003928770675096075,0.005817064096752089,0.0,0.0725
2013-02-03,0.0725,1.9838,95.55762,36.5524,0.019,0.0,0.0,0.003933640369336318,0.005817064096752089,0.0,0.0725
2013-02-04,0.0725,1.9888,95.55762,36.5524,0.019,0.0,0.0025172444445532597,0.003958997071982545,0.005817064096752089,0.0,0.0725
2013-02-05,0.0725,1.9875,95.55762,36.5524,0.019,0.0,-0.000653874227959577,0.003902389892691836,0.005817064096752089,0.0,0.0725
2013-02-06,0.0725,1.9878,95.55762,36.5524,0.019,0.0,0.00015093200541814228,0.0039034131805673142,0.005817064096752089,0.0,0.0725
2013-02-07,0.0725,1.9783,95.55762,36.5524,0.019,0.0,-0.004790609499858867,0.0039199144192249204,0.005817064096752089,0.0,0.0725
2013-02-08,0.0725,1.963,95.55762,36.5524,0.019,0.0,-0.007763974757585169,0.0041297293290835395,0.005817064096752089,0.0,0.0725
2013-02-09,0.0725,1.963,95.55762,36.5524,0.019,0.0,0.0,0.0041297293290835395,0.005817064096752089,0.0,0.0725
2013-02-10,0.0725,1.963,95.55762,36.5524,0.019,0.0,0.0,0.004148349375301225,0.005817064096752089,0.0,0.0725
2013-02-11,0.0725,1.963,95.55762,36.5524,0.019,0.0,0.0,0.004043496465139247,0.005817064096752089,0.0,0.0725
2013-02-12,0.0725,1.963,95.55762,36.5524,0.019,0.0,0.0,0.004047500326639269,0.005817064096752089,0.0,0.0725
2013-02-13,0.0725,1.9665,95.55762,36.5524,0.019,0.0,0.0017813975954030577,0.004126690342337315,0.005817064096752089,0.0,0.0725
2013-02-14,0.0725,1.966,95.55762,36.5524,0.019,0.0,-0.00025429116475228784,0.0041261551633331875,0.005817064096752089,0.0,0.0725
2013-02-15,0.0725,1.9594,95.55762,36.5524,0.019,0.0,-0.003362717796569897,0.004128395085470524,0.005817064096752089,0.0,0.0725
2013-02-16,0.0725,1.9594,95.55762,36.5524,0.019,0.0,0.0,0.004128395085470524,0.005817064096752089,0.0,0.0725
2013-02-17,0.0725,1.9594,95.55762,36.5524,0.019,0.0,0.0,0.004144873470181673,0.005817064096752089,0.0,0.0725
2013-02-18,0.0725,1.967,95.55762,36.5524,0.019,0.0,0.0038712354785171844,0.002485622577795922,0.005817064096752089,0.0,0.0725
2013-02-19,0.0725,1.9591,95.55762,36.5524,0.019,0.0,-0.004024355295072614,0.0026011548030457545,0.005817064096752089,0.0,0.0725
2013-02-20,0.0725,1.9564,95.55762,36.5524,0.019,0.0,-0.0013791344287844142,0.0026047219005665414,0.005817064096752089,0.0,0.0725
2013-02-21,0.0725,1.9715,95.55762,36.5524,0.019,0.0,0.007688624652479718,0.0032021928714381495,0.005817064096752089,0.0,0.0725
2013-02-22,0.0725,1.9699,95.55762,36.5524,0.019,0.0,-0.0008118942953720038,0.003203189189883288,0.005817064096752089,0.0,0.0725
2013-02-23,0.0725,1.9699,95.55762,36.5524,0.019,0.0,0.0,0.003203189189883288,0.005817064096752089,0.0,0.0725
2013-02-24,0.0725,1.9699,95.55762,36.5524,0.019,0.0,0.0,0.0031332232735235923,0.005817064096752089,0.0,0.0725
2013-02-25,0.0725,1.967,95.55762,36.5524,0.019,0.0,-0.0014732406332507299,0.003140998891413612,0.005817064096752089,0.0,0.0725
2013-02-26,0.0725,1.9812,95.55762,36.5524,0.019,0.0,0.007193182325023533,0.00358353294244218,0.005817064096752089,0.0,0.0725
2013-02-27,0.0725,1.9801,95.55762,36.5524,0.019,0.0,-0.0005553732503338404,0.0034171598154516957,0.005817064096752089,0.0,0.0725
2013-02-28,0.0725,1.9749,95.55762,36.5524,0.019,0.0,-0.0026295843218080528,0.002962156067779971,0.005817064096752089,0.0,0.0725
2013-03-01,0.0725,1.9843,103.89182,36.7242,0.019,0.0,0.00474844294926572,0.0031226122717582286,0.011356017852277356,0.0,0.0725
2013-03-02,0.0725,1.9843,103.89182,36.7242,0.019,0.0,0.0,0.0031226122717582286,0.011356017852277356,0.0,0.0725
2013-03-03,0.0725,1.9843,103.89182,36.7242,0.019,0.0,0.0,0.0031226122717582286,0.011356017852277356,0.0,0.0725
2013-03-04,0.0725,1.9822,103.89182,36.7242,0.019,0.0,-0.001058868118598458,0.0031411642459096877,0.011356017852277356,0.0,0.0725
2013-03-05,0.0725,1.9688,103.89182,36.7242,0.019,0.0,-0.006783118895761851,0.0035167069507882295,0.011356017852277356,0.0,0.0725
2013-03-06,0.0725,1.9668,103.89182,36.7242,0.019,0.0,-0.0010163635390618285,0.0035243939389221044,0.011356017852277356,0.0,0.0725
2013-03-07,0.0725,1.9636,103.89182,36.7242,0.019,0.0,-0.0016283333538869291,0.0034574734718292883,0.011356017852277356,0.0,0.0725
2013-03-08,0.0725,1.9522,103.89182,36.7242,0.019,0.0,-0.005822581443032701,0.0037033584164137164,0.011356017852277356,0.0,0.0725
2013-03-09,0.0725,1.9522,103.89182,36.7242,0.019,0.0,0.0,0.0037033584164137164,0.011356017852277356,0.0,0.0725
2013-03-10,0.0725,1.9522,103.89182,36.7242,0.019,0.0,0.0,0.003579337474180137,0.011356017852277356,0.0,0.0725
2013-03-11,0.0725,1.9546,103.89182,36.7242,0.019,0.0,0.0012286271638705234,0.003489256009938901,0.011356017852277356,0.0,0.0725
2013-03-12,0.0725,1.9579,103.89182,36.7242,0.019,0.0,0.0016869013584920453,0.0034981341526583607,0.011356017852277356,0.0,0.0725
2013-03-13,0.0725,1.9614,103.89182,36.7242,0.019,0.0,0.0017860336949926262,0.003037374502422974,0.011356017852277356,0.0,0.0725
2013-03-14,0.0725,1.9671,103.89182,36.7242,0.019,0.0,0.0029018729794636085,0.0031142015848013996,0.011356017852277356,0.0,0.0725
2013-03-15,0.0725,1.9743,103.89182,36.7242,0.019,0.0,0.003653528192499656,0.0032238201638054207,0.011356017852277356,0.0,0.0725
2013-03-16,0.0725,1.9743,103.89182,36.7242,0.019,0.0,0.0,0.0032238201638054207,0.011356017852277356,0.0,0.0725
2013-03-17,0.0725,1.9743,103.89182,36.7242,0.019,0.0,0.0,0.003202463313765771,0.011356017852277356,0.0,0.0725
2013-03-18,0.0725,1.9865,103.89182,36.7242,0.019,0.0,0.006160391124470435,0.003089859917116238,0.011356017852277356,0.0,0.0725
2013-03-19,0.0725,1.9824,103.89182,36.7242,0.019,0.0,-0.0020660643797755854,0.0031258440327660256,0.011356017852277356,0.0,0.0725
2013-03-20,0.0725,1.9862,103.89182,36.7242,0.019,0.0,0.0019150335943801165,0.003085104302880782,0.011356017852277356,0.0,0.0725
2013-03-21,0.0725,1.9925,103.89182,36.7242,0.019,0.0,0.0031668661951118745,0.0029832703113782943,0.011356017852277356,0.0,0.0725
2013-03-22,0.0725,2.012,103.89182,36.7242,0.019,0.0,0.009739120555259766,0.003664838182230647,0.011356017852277356,0.0,0.0725
2013-03-23,0.0725,2.012,103.89182,36.7242,0.019,0.0,0.0,0.003664838182230647,0.011356017852277356,0.0,0.0725
2013-03-24,0.0725,2.012,103.89182,36.7242,0.019,0.0,0.0,0.0036457947202961447,0.011356017852277356,0.0,0.0725
2013-03-25,0.0725,2.0134,103.89182,36.7242,0.019,0.0,0.0006955830756930967,0.003187652941293991,0.011356017852277356,0.0,0.0725
2013-03-26,0.0725,2.0081,103.89182,36.7242,0.019,0.0,-0.0026358339269087136,0.00326442304840425,0.011356017852277356,0.0,0.0725
2013-03-27,0.0725,2.0179,103.89182,36.7242,0.019,0.0,0.004868365303424244,0.00330797260149237,0.011356017852277356,0.0,0.0725
2013-03-28,0.0725,2.0132,103.89182,36.7242,0.019,0.0,-0.002331870769633571,0.0029851825259053885,0.011356017852277356,0.0,0.0725
2013-03-29,0.0725,2.0132,103.89182,36.7242,0.019,0.0,0.0,0.0029851825259053885,0.011356017852277356,0.0,0.0725
2013-03-30,0.0725,2.0132,103.89182,36.7242,0.019,0.0,0.0,0.0029851825259053885,0.011356017852277356,0.0,0.0725
2013-03-31,0.0725,2.0132,103.89182,36.7242,0.019,0.0,0.0,0.0030044728651131263,0.011356017852277356,0.0,0.0725
2013-04-01,0.0725,2.018,105.14305,36.9262,0.022000000000000002,0.0,0.0023814260113492907,0.003011033232542778,0.07109843795714443,0.0,0.0725
2013-04-02,0.0725,2.0173,105.14305,36.9262,0.022000000000000002,0.0,-0.0003469382732491347,0.003038455256259467,0.07109843795714443,0.0,0.0725
2013-04-03,0.0725,2.0233,105.14305,36.9262,0.022000000000000002,0.0,0.0029698581448438107,0.0030402554227839922,0.07109843795714443,0.0,0.0725
2013-04-04,0.0725,2.0195,105.14305,36.9262,0.022000000000000002,0.0,-0.0018798857816813455,0.0030767550191642297,0.07109843795714443,0.0,0.0725
2013-04-05,0.0725,2.0029,105.14305,36.9262,0.022000000000000002,0.0,-0.00825382569628071,0.003722370255350686,0.07109843795714443,0.0,0.0725
2013-04-06,0.0725,2.0029,105.14305,36.9262,0.022000000000000002,0.0,0.0,0.003722370255350686,0.07109843795714443,0.0,0.0725
2013-04-07,0.0725,2.0029,105.14305,36.9262,0.022000000000000002,0.0,0.0,0.0034964405925451275,0.07109843795714443,0.0,0.0725
2013-04-08,0.0725,1.9897,105.14305,36.9262,0.022000000000000002,0.0,-0.006612256721984535,0.00380051635773654,0.07109843795714443,0.0,0.0725
2013-04-09,0.0725,1.9855,105.14305,36.9262,0.022000000000000002,0.0,-0.002113102013896123,0.003810661761000615,0.07109843795714443,0.0,0.0725
2013-04-10,0.0725,1.9804,105.14305,36.9262,0.022000000000000002,0.0,-0.0025719270840381912,0.0037741399098956026,0.07109843795714443,0.0,0.0725
2013-04-11,0.0725,1.9731,105.14305,36.9262,0.022000000000000002,0.0,-0.0036929345118529287,0.0030107085160462907,0.07109843795714443,0.0,0.0725
2013-04-12,0.0725,1.9755,105.14305,36.9262,0.022000000000000002,0.0,0.0012156208760303255,0.0030435444646004727,0.07109843795714443,0.0,0.0725
2013-04-13,0.0725,1.9755,105.14305,36.9262,0.022000000000000002,0.0,0.0,0.0030435444646004727,0.07109843795714443,0.0,0.0725
2013-04-14,0.0725,1.9755,105.14305,36.9262,0.022000000000000002,0.0,0.0,0.0030281018331989313,0.07109843795714443,0.0,0.0725
2013-04-15,0.0725,1.9784,105.14305,36.9262,0.022000000000000002,0.0,0.0014669063557609923,0.003046808042178447,0.07109843795714443,0.0,0.0725
2013-04-16,0.0725,1.9897,105.14305,36.9262,0.022000000000000002,0.0,0.005695436377995922,0.003131444434771193,0.07109843795714443,0.0,0.0725
2013-04-17,0.0725,1.9933,105.14305,36.9262,0.022000000000000002,0.0,0.0018076831435177424,0.003154879602190797,0.07109843795714443,0.0,0.0725
2013-04-18,0.075,2.0146,105.14305,36.9262,0.022000000000000002,0.0025000000000000022,0.0106291077798609,0.004019688174496358,0.07109843795714443,0.0,0.075
2013-04-19,0.075,2.0084,105.14305,36.9262,0.022000000000000002,0.0,-0.003082279348030368,0.004079729489534328,0.07109843795714443,0.0,0.075
2013-04-20,0.075,2.0084,105.14305,36.9262,0.022000000000000002,0.0,0.0,0.004079729489534328,0.07109843795714443,0.0,0.075
2013-04-21,0.075,2.0084,105.14305,36.9262,0.022000000000000002,0.0,0.0,0.004037432999910907,0.07109843795714443,0.0,0.075
2013-04-22,0.075,2.0148,105.14305,36.9262,0.022000000000000002,0.0,0.0031815497109451115,0.004108901715436211,0.07109843795714443,0.0,0.075
2013-04-23,0.075,2.0164,105.14305,36.9262,0.022000000000000002,0.0,0.000793808336980341,0.0040528214128439126,0.07109843795714443,0.0,0.075
2013-04-24,0.075,2.0238,105.14305,36.9262,0.022000000000000002,0.0,0.003663189087183875,0.004118789650312536,0.07109843795714443,0.0,0.075
2013-04-25,0.075,2.0114,105.14305,36.9262,0.022000000000000002,0.0,-0.006145935285279516,0.0039155594747168855,0.07109843795714443,0.0,0.075
2013-04-26,0.075,1.9995,105.14305,36.9262,0.022000000000000002,0.0,-0.005933847723506996,0.004150227899772487,0.07109843795714443,0.0,0.075
2013-04-27,0.075,1.9995,105.14305,36.9262,0.022000000000000002,0.0,0.0,0.004150227899772487,0.07109843795714443,0.0,0.075
2013-04-28,0.075,1.9995,105.14305,36.9262,0.022000000000000002,0.0,0.0,0.0038558145753002358,0.07109843795714443,0.0,0.075
2013-04-29,0.075,1.9993,105.14305,36.9262,0.022000000000000002,0.0,-0.00010003000908604919,0.0038170801730540243,0.07109843795714443,0.0,0.075
2013-04-30,0.075,2.0011,105.14305,36.9262,0.022000000000000002,0.0,0.000899910069730937,0.0037558344179007648,0.07109843795714443,0.0,0.075
2013-05-01,0.075,2.0011,103.20205,37.0628,0.022000000000000002,0.0,0.0,0.0036263648332418514,0.017075290557954315,0.0,0.075
2013-05-02,0.075,2.0089,103.20205,37.0628,0.022000000000000002,0.0,0.003890279220585769,0.0036948746265126594,0.017075290557954315,0.0,0.075
2013-05-03,0.075,2.0088,103.20205,37.0628,0.022000000000000002,0.0,-4.9779724728554396e-05,0.0036954857618678935,0.017075290557954315,0.0,0.075
2013-05-04,0.075,2.0088,103.20205,37.0628,0.022000000000000002,0.0,0.0,0.0036954857618678935,0.017075290557954315,0.0,0.075
2013-05-05,0.075,2.0088,103.20205,37.0628,0.022000000000000002,0.0,0.0,0.003696857561052591,0.017075290557954315,0.0,0.075
2013-05-06,0.075,2.0137,103.20205,37.0628,0.022000000000000002,0.0,0.00243629704098447,0.0035363131293186913,0.017075290557954315,0.0,0.075
2013-05-07,0.075,2.0104,103.20205,37.0628,0.022000000000000002,0.0,-0.0016401186549771997,0.0035582853819330824,0.017075290557954315,0.0,0.075
2013-05-08,0.075,2.0024,103.20205,37.0628,0.022000000000000002,0.0,-0.003987246111817935,0.0027652954644041537,0.017075290557954315,0.0,0.075
2013-05-09,0.075,2.0046,103.20205,37.0628,0.022000000000000002,0.0,0.001098078473201161,0.002701472466396844,0.017075290557954315,0.0,0.075
2013-05-10,0.075,2.0225,103.20205,37.0628,0.022000000000000002,0.0,0.008889830341880872,0.003367197352166228,0.017075290557954315,0.0,0.075
2013-05-11,0.075,2.0225,103.20205,37.0628,0.022000000000000002,0.0,0.0,0.003367197352166228,0.017075290557954315,0.0,0.075
2013-05-12,0.075,2.0225,103.20205,37.0628,0.022000000000000002,0.0,0.0,0.003300875306577095,0.017075290557954315,0.0,0.075
2013-05-13,0.075,2.0144,103.20205,37.0628,0.022000000000000002,0.0,-0.0040129856425639545,0.0034272281037231395,0.017075290557954315,0.0,0.075
2013-05-14,0.075,2.0057,103.20205,37.0628,0.022000000000000002,0.0,-0.004328257298081699,0.0034374149933866106,0.017075290557954315,0.0,0.075
2013-05-15,0.075,2.0227,103.20205,37.0628,0.022000000000000002,0.0,0.008440125567048753,0.003702275178718883,0.017075290557954315,0.0,0.075
2013-05-16,0.075,2.0249,103.20205,37.0628,0.022000000000000002,0.0,0.001087064046173995,0.003402809934986332,0.017075290557954315,0.0,0.075
2013-05-17,0.075,2.0348,103.20205,37.0628,0.022000000000000002,0.0,0.0048772173433863746,0.003527668733147749,0.017075290557954315,0.0,0.075
2013-05-18,0.075,2.0348,103.20205,37.0628,0.022000000000000002,0.0,0.0,0.003527668733147749,0.017075290557954315,0.0,0.075
2013-05-19,0.075,2.0348,103.20205,37.0628,0.022000000000000002,0.0,0.0,0.0035262841965297267,0.017075290557954315,0.0,0.075
2013-05-20,0.075,2.0328,103.20205,37.0628,0.022000000000000002,0.0,-0.000983380942655717,0.0035507853499613523,0.017075290557954315,0.0,0.075
2013-05-21,0.075,2.0396,103.20205,37.0628,0.022000000000000002,0.0,0.003339557175046305,0.003590188692733324,0.017075290557954315,0.0,0.075
2013-05-22,0.075,2.0381,103.20205,37.0628,0.022000000000000002,0.0,-0.0007357088886668667,0.003539642019428103,0.017075290557954315,0.0,0.075
2013-05-23,0.075,2.0531,103.20205,37.0628,0.022000000000000002,0.0,0.00733284474638485,0.003828161474442666,0.017075290557954315,0.0,0.075
2013-05-24,0.075,2.0489,103.20205,37.0628,0.022000000000000002,0.0,-0.002047782285565198,0.0038858191532434466,0.017075290557954315,0.0,0.075
2013-05-25,0.075,2.0489,103.20205,37.0628,0.022000000000000002,0.0,0.0,0.0038858191532434466,0.017075290557954315,0.0,0.075
2013-05-26,0.075,2.0489,103.20205,37.0628,0.022000000000000002,0.0,0.0,0.0038762120028414497,0.017075290557954315,0.0,0.075
2013-05-27,0.075,2.0521,103.20205,37.0628,0.022000000000000002,0.0,0.0015605952935649693,0.0038331107126342552,0.017075290557954315,0.0,0.075
2013-05-28,0.075,2.061,103.20205,37.0628,0.022000000000000002,0.0,0.0043276428437405015,0.0037096253330329352,0.017075290557954315,0.0,0.075
2013-05-29,0.075,2.0888,103.20205,37.0628,0.022000000000000002,0.0,0.01339843649446018,0.004569534578690128,0.017075290557954315,0.0,0.075
2013-05-30,0.08,2.0888,103.20205,37.0628,0.022000000000000002,0.0050000000000000044,0.0,0.004293992897271551,0.017075290557954315,0.0,0.08
2013-05-31,0.08,2.1314,103.20205,37.0628,0.022000000000000002,0.0,0.020189302401936848,0.0059490614967965625,0.017075290557954315,0.0,0.08
2013-06-01,0.08,2.1314,101.69049,37.1592,0.022000000000000002,0.0,0.0,0.0059490614967965625,0.01825429058588446,0.0,0.08
2013-06-02,0.08,2.1314,101.69049,37.1592,0.022000000000000002,0.0,0.0,0.005778727293809647,0.01825429058588446,0.0,0.08
2013-06-03,0.08,2.1349,101.69049,37.1592,0.022000000000000002,0.0,0.001640766371422388,0.005539129827450249,0.01825429058588446,0.0,0.08
2013-06-04,0.08,2.1276,101.69049,37.1592,0.022000000000000002,0.0,-0.003425223290115759,0.005574782362062377,0.01825429058588446,0.0,0.08
2013-06-05,0.08,2.1229,101.69049,37.1592,0.022000000000000002,0.0,-0.002211505430206378,0.00566767749572236,0.01825429058588446,0.0,0.08
2013-06-06,0.08,2.1244,101.69049,37.1592,0.022000000000000002,0.0,0.0007063311102879162,0.005646999184502802,0.01825429058588446,0.0,0.08
2013-06-07,0.08,2.1367,101.69049,37.1592,0.022000000000000002,0.0,0.005773173200698385,0.005678531881396838,0.01825429058588446,0.0,0.08
2013-06-08,0.08,2.1367,101.69049,37.1592,0.022000000000000002,0.0,0.0,0.005678531881396838,0.01825429058588446,0.0,0.08
2013-06-09,0.08,2.1367,101.69049,37.1592,0.022000000000000002,0.0,0.0,0.005651492939574974,0.01825429058588446,0.0,0.08
2013-06-10,0.08,2.1501,101.69049,37.1592,0.022000000000000002,0.0,0.006251769919040887,0.005711664376660284,0.01825429058588446,0.0,0.08
2013-06-11,0.08,2.1515,101.69049,37.1592,0.022000000000000002,0.0,0.0006509206106710128,0.005676866425085772,0.01825429058588446,0.0,0.08
2013-06-12,0.08,2.1415,101.69049,37.1592,0.022000000000000002,0.0,-0.0046587552232285855,0.005794662439337246,0.01825429058588446,0.0,0.08
2013-06-13,0.08,2.1441,101.69049,37.1592,0.022000000000000002,0.0,0.0012133658386171047,0.005716935339636983,0.01825429058588446,0.0,0.08
2013-06-14,0.08,2.1361,101.69049,37.1592,0.022000000000000002,0.0,-0.00373814743041386,0.005854535712302458,0.01825429058588446,0.0,0.08
2013-06-15,0.08,2.1361,101.69049,37.1592,0.022000000000000002,0.0,0.0,0.005854535712302458,0.01825429058588446,0.0,0.08
2013-06-16,0.08,2.1361,101.69049,37.1592,0.022000000000000002,0.0,0.0,0.00587225099500972,0.01825429058588446,0.0,0.08
2013-06-17,0.08,2.1532,101.69049,37.1592,0.022000000000000002,0.0,0.007973371223173134,0.006003240051450579,0.01825429058588446,0.0,0.08
2013-06-18,0.08,2.17,101.69049,37.1592,0.022000000000000002,0.0,0.007772059847702889,0.005566185998148377,0.01825429058588446,0.0,0.08
2013-06-19,0.08,2.1738,101.69049,37.1592,0.022000000000000002,0.0,0.0017496205945813704,0.005548359715983215,0.01825429058588446,0.0,0.08
2013-06-20,0.08,2.2517,101.69049,37.1592,0.022000000000000002,0.0,0.03520869833652797,0.008416021907827751,0.01825429058588446,0.0,0.08
2013-06-21,0.08,2.2642,101.69049,37.1592,0.022000000000000002,0.0,0.005536009178394705,0.008412014713700434,0.01825429058588446,0.0,0.08
2013-06-22,0.08,2.2642,101.69049,37.1592,0.022000000000000002,0.0,0.0,0.008412014713700434,0.01825429058588446,0.0,0.08
2013-06-23,0.08,2.2642,101.69049,37.1592,0.022000000000000002,0.0,0.0,0.008434167085387528,0.01825429058588446,0.0,0.08
2013-06-24,0.08,2.2509,101.69049,37.1592,0.022000000000000002,0.0,-0.005891359424216307,0.008549365876266363,0.01825429058588446,0.0,0.08
2013-06-25,0.08,2.218,101.69049,37.1592,0.022000000000000002,0.0,-0.014724247309480475,0.009356441548207249,0.01825429058588446,0.0,0.08
2013-06-26,0.08,2.1969,101.69049,37.1592,0.022000000000000002,0.0,-0.009558613175178605,0.009716780302203852,0.01825429058588446,0.0,0.08
2013-06-27,0.08,2.184,101.69049,37.1592,0.022000000000000002,0.0,-0.00588921787033798,0.009807596023188238,0.01825429058588446,0.0,0.08
2013-06-28,0.08,2.215,101.69049,37.1592,0.022000000000000002,0.0,0.014094345614440302,0.01022238942441619,0.01825429058588446,0.0,0.08
2013-06-29,0.08,2.215,101.69049,37.1592,0.022000000000000002,0.0,0.0,0.01022238942441619,0.01825429058588446,0.0,0.08
2013-06-30,0.08,2.215,101.69049,37.1592,0.022000000000000002,0.0,0.0,0.010174552401200134,0.01825429058588446,0.0,0.08
2013-07-01,0.08,2.2292,106.78091,37.170300000000005,0.028999999999999998,0.0,0.00639037321614529,0.010230519119923407,0.0316485793166561,0.0,0.08
2013-07-02,0.08,2.2407,106.78091,37.170300000000005,0.028999999999999998,0.0,0.0051455403357492865,0.010140564941769114,0.0316485793166561,0.0,0.08
2013-07-03,0.08,2.2628,106.78091,37.170300000000005,0.028999999999999998,0.0,0.009814667437870041,0.010275156982356752,0.0316485793166561,0.0,0.08
2013-07-04,0.08,2.2589,106.78091,37.170300000000005,0.028999999999999998,0.0,-0.0017250153557710679,0.010218533436213347,0.0316485793166561,0.0,0.08
2013-07-05,0.08,2.2639,106.78091,37.170300000000005,0.028999999999999998,0.0,0.0022110206230306056,0.01019864669924678,0.0316485793166561,0.0,0.08
2013-07-06,0.08,2.2639,106.78091,37.170300000000005,0.028999999999999998,0.0,0.0,0.01019864669924678,0.0316485793166561,0.0,0.08
2013-07-07,0.08,2.2639,106.78091,37.170300000000005,0.028999999999999998,0.0,0.0,0.010145813719122621,0.0316485793166561,0.0,0.08
2013-07-08,0.08,2.2577,106.78091,37.170300000000005,0.028999999999999998,0.0,-0.002742393792333269,0.010131021523203231,0.0316485793166561,0.0,0.08
2013-07-09,0.08,2.2615,106.78091,37.170300000000005,0.028999999999999998,0.0,0.0016817139739709027,0.01013111451815052,0.0316485793166561,0.0,0.08
2013-07-10,0.08,2.2691,106.78091,37.170300000000005,0.028999999999999998,0.0,0.003354967169326391,0.006476706672620576,0.0316485793166561,0.0,0.08
2013-07-11,0.085,2.2666,106.78091,37.170300000000005,0.028999999999999998,0.0050000000000000044,-0.0011023657883760677,0.006368017748233511,0.0316485793166561,0.0,0.085
2013-07-12,0.085,2.2664,106.78091,37.170300000000005,0.028999999999999998,0.0,-8.824178254121863e-05,0.006368086949571206,0.0316485793166561,0.0,0.085
2013-07-13,0.085,2.2664,106.78091,37.170300000000005,0.028999999999999998,0.0,0.0,0.006368086949571206,0.0316485793166561,0.0,0.085
2013-07-14,0.085,2.2664,106.78091,37.170300000000005,0.028999999999999998,0.0,0.0,0.006213238927592242,0.0316485793166561,0.0,0.085
2013-07-15,0.085,2.2543,106.78091,37.170300000000005,0.028999999999999998,0.0,-0.005353166056219671,0.005303988348130999,0.0316485793166561,0.0,0.085
2013-07-16,0.085,2.2347,106.78091,37.170300000000005,0.028999999999999998,0.0,-0.008732512609746819,0.005221554841377284,0.0316485793166561,0.0,0.085
2013-07-17,0.085,2.2366,106.78091,37.170300000000005,0.028999999999999998,0.0,0.0008498647437476737,0.004975201675624868,0.0316485793166561,0.0,0.085
2013-07-18,0.085,2.2291,106.78091,37.170300000000005,0.028999999999999998,0.0,-0.0033589390472014494,0.004034311769627823,0.0316485793166561,0.0,0.085
2013-07-19,0.085,2.2358,106.78091,37.170300000000005,0.028999999999999998,0.0,0.003001189289338599,0.004077474252680098,0.0316485793166561,0.0,0.085
2013-07-20,0.085,2.2358,106.78091,37.170300000000005,0.028999999999999998,0.0,0.0,0.004077474252680098,0.0316485793166561,0.0,0.085
2013-07-21,0.085,2.2358,106.78091,37.170300000000005,0.028999999999999998,0.0,0.0,0.0038318904751031848,0.0316485793166561,0.0,0.085
2013-07-22,0.085,2.238,106.78091,37.170300000000005,0.028999999999999998,0.0,0.000983504035645237,0.0036551284094630005,0.0316485793166561,0.0,0.085
2013-07-23,0.085,2.2261,106.78091,37.170300000000005,0.028999999999999998,0.0,-0.005331434415587091,0.00301434648327664,0.0316485793166561,0.0,0.085
2013-07-24,0.085,2.2342,106.78091,37.170300000000005,0.028999999999999998,0.0,0.003632046680464547,0.003163778176572789,0.0316485793166561,0.0,0.085
2013-07-25,0.085,2.2491,106.78091,37.170300000000005,0.028999999999999998,0.0,0.006646914040377996,0.0035046323012974234,0.0316485793166561,0.0,0.085
2013-07-26,0.085,2.2483,106.78091,37.170300000000005,0.028999999999999998,0.0,-0.00035576111016924163,0.003503782940175392,0.0316485793166561,0.0,0.085
2013-07-27,0.085,2.2483,106.78091,37.170300000000005,0.028999999999999998,0.0,0.0,0.003503782940175392,0.0316485793166561,0.0,0.085
2013-07-28,0.085,2.2483,106.78091,37.170300000000005,0.028999999999999998,0.0,0.0,0.0034584214735241497,0.0316485793166561,0.0,0.085
2013-07-29,0.085,2.2603,106.78091,37.170300000000005,0.028999999999999998,0.0,0.005323172752586052,0.0036535288988348786,0.0316485793166561,0.0,0.085
2013-07-30,0.085,2.2729,106.78091,37.170300000000005,0.028999999999999998,0.0,0.0055590013445706325,0.00379152781014932,0.0316485793166561,0.0,0.085
2013-07-31,0.085,2.2897,106.78091,37.170300000000005,0.028999999999999998,0.0,0.007364255435538003,0.004111307562018043,0.0316485793166561,0.0,0.085
2013-08-01,0.085,2.2908,106.55763,37.259499999999996,0.028999999999999998,0.0,0.00048029692005071423,0.004108940137700188,0.01267525844178552,0.0,0.085
2013-08-02,0.085,2.2927,106.55763,37.259499999999996,0.028999999999999998,0.0,0.0008290608089141249,0.004107435956848385,0.01267525844178552,0.0,0.085
2013-08-03,0.085,2.2927,106.55763,37.259499999999996,0.028999999999999998,0.0,0.0,0.004107435956848385,0.01267525844178552,0.0,0.085
2013-08-04,0.085,2.2927,106.55763,37.259499999999996,0.028999999999999998,0.0,0.0,0.0038681163306147383,0.01267525844178552,0.0,0.085
2013-08-05,0.085,2.3004,106.55763,37.259499999999996,0.028999999999999998,0.0,0.003352858510982603,0.003175177084702786,0.01267525844178552,0.0,0.085
2013-08-06,0.085,2.2949,106.55763,37.259499999999996,0.028999999999999998,0.0,-0.0023937512790329677,0.0032882059997434675,0.01267525844178552,0.0,0.085
2013-08-07,0.085,2.3022,106.55763,37.259499999999996,0.028999999999999998,0.0,0.003175917920395659,0.003122808082673137,0.01267525844178552,0.0,0.085
2013-08-08,0.085,2.2876,106.55763,37.259499999999996,0.028999999999999998,0.0,-0.006361954439800638,0.0035731667347509107,0.01267525844178552,0.0,0.085
2013-08-09,0.085,2.2743,106.55763,37.259499999999996,0.028999999999999998,0.0,-0.005830920310793099,0.0038949208080023413,0.01267525844178552,0.0,0.085
2013-08-10,0.085,2.2743,106.55763,37.259499999999996,0.028999999999999998,0.0,0.0,0.0038949208080023413,0.01267525844178552,0.0,0.085
2013-08-11,0.085,2.2743,106.55763,37.259499999999996,0.028999999999999998,0.0,0.0,0.0038994012124820635,0.01267525844178552,0.0,0.085
2013-08-12,0.085,2.2716,106.55763,37.259499999999996,0.028999999999999998,0.0,-0.0011878837270905805,0.003658895726225945,0.01267525844178552,0.0,0.085
2013-08-13,0.085,2.3029,106.55763,37.259499999999996,0.028999999999999998,0.0,0.013684769250693203,0.0046057812476011754,0.01267525844178552,0.0,0.085
2013-08-14,0.085,2.3112,106.55763,37.259499999999996,0.028999999999999998,0.0,0.0035976718980548867,0.0044755652834844555,0.01267525844178552,0.0,0.085
2013-08-15,0.085,2.3428,106.55763,37.259499999999996,0.028999999999999998,0.0,0.013579925063601825,0.005217401960491479,0.01267525844178552,0.0,0.085
2013-08-16,0.085,2.3559,106.55763,37.259499999999996,0.028999999999999998,0.0,0.005576024833311505,0.005250483625365709,0.01267525844178552,0.0,0.085
2013-08-17,0.085,2.3559,106.55763,37.259499999999996,0.028999999999999998,0.0,0.0,0.005250483625365709,0.01267525844178552,0.0,0.085
2013-08-18,0.085,2.3559,106.55763,37.259499999999996,0.028999999999999998,0.0,0.0,0.005226028058005996,0.01267525844178552,0.0,0.085
2013-08-19,0.085,2.3974,106.55763,37.259499999999996,0.028999999999999998,0.0,0.01746199672406075,0.006226185375603303,0.01267525844178552,0.0,0.085
2013-08-20,0.085,2.3937,106.55763,37.259499999999996,0.028999999999999998,0.0,-0.0015445307906545673,0.006190979471577801,0.01267525844178552,0.0,0.085
2013-08-21,0.085,2.4163,106.55763,37.259499999999996,0.028999999999999998,0.0,0.009397158549063393,0.006377297130898407,0.01267525844178552,0.0,0.085
2013-08-22,0.085,2.4451,106.55763,37.259499999999996,0.028999999999999998,0.0,0.011848577336691231,0.006679049490120288,0.01267525844178552,0.0,0.085
2013-08-23,0.085,2.3862,106.55763,37.259499999999996,0.028999999999999998,0.0,-0.024383879426399586,0.009088320407518091,0.01267525844178552,0.0,0.085
2013-08-24,0.085,2.3862,106.55763,37.259499999999996,0.028999999999999998,0.0,0.0,0.009088320407518091,0.01267525844178552,0.0,0.085
2013-08-25,0.085,2.3862,106.55763,37.259499999999996,0.028999999999999998,0.0,0.0,0.009092947194427761,0.01267525844178552,0.0,0.085
2013-08-26,0.085,2.3699,106.55763,37.259499999999996,0.028999999999999998,0.0,-0.006854382295545926,0.009255280637527133,0.01267525844178552,0.0,0.085
2013-08-27,0.085,2.3992,106.55763,37.259499999999996,0.028999999999999998,0.0,0.012287588288645354,0.009555901075146835,0.01267525844178552,0.0,0.085
2013-08-28,0.085,2.3509,106.55763,37.259499999999996,0.028999999999999998,0.0,-0.020337114890822777,0.010652461776820051,0.01267525844178552,0.0,0.085
2013-08-29,0.09,2.3572,106.55763,37.259499999999996,0.028999999999999998,0.0049999999999999906,0.002676240419781914,0.010519024475763793,0.01267525844178552,0.0,0.09
2013-08-30,0.09,2.3719,106.55763,37.259499999999996,0.028999999999999998,0.0,0.006216847749142298,0.010555135243353123,0.01267525844178552,0.0,0.09
2013-08-31,0.09,2.3719,106.55763,37.259499999999996,0.028999999999999998,0.0,0.0,0.010555135243353123,0.01267525844178552,0.0,0.09
2013-09-01,0.09,2.3719,103.37112,37.3899,0.028999999999999998,0.0,0.0,0.010538984594221703,0.04005417841791736,0.0,0.09
2013-09-02,0.09,2.3637,103.37112,37.3899,0.028999999999999998,0.0,-0.0034631337931485574,0.010245518525454292,0.04005417841791736,0.0,0.09
2013-09-03,0.09,2.3891,103.37112,37.3899,0.028999999999999998,0.0,0.010688538048222465,0.010449759125565663,0.04005417841791736,0.0,0.09
2013-09-04,0.09,2.3532,103.37112,37.3899,0.028999999999999998,0.0,-0.015140621977673732,0.010695647484699292,0.04005417841791736,0.0,0.09
2013-09-05,0.09,2.3308,103.37112,37.3899,0.028999999999999998,0.0,-0.009564547721381905,0.010831662961253988,0.04005417841791736,0.0,0.09
2013-09-06,0.09,2.2973,103.37112,37.3899,0.028999999999999998,0.0,-0.014477035970793951,0.011268895557168127,0.04005417841791736,0.0,0.09
2013-09-07,0.09,2.2973,103.37112,37.3899,0.028999999999999998,0.0,0.0,0.011268895557168127,0.04005417841791736,0.0,0.09
2013-09-08,0.09,2.2973,103.37112,37.3899,0.028999999999999998,0.0,0.0,0.010383744729763432,0.04005417841791736,0.0,0.09
2013-09-09,0.09,2.2862,103.37112,37.3899,0.028999999999999998,0.0,-0.0048434697064471755,0.010400102071612684,0.04005417841791736,0.0,0.09
2013-09-10,0.09,2.2773,103.37112,37.3899,0.028999999999999998,0.0,-0.0039005199008458743,0.010031646181925999,0.04005417841791736,0.0,0.09
2013-09-11,0.09,2.2941,103.37112,37.3899,0.028999999999999998,0.0,0.007350079027456911,0.009727918086209783,0.04005417841791736,0.0,0.09
2013-09-12,0.09,2.2763,103.37112,37.3899,0.028999999999999998,0.0,-0.007789291964946206,0.008448384380117252,0.04005417841791736,0.0,0.09
2013-09-13,0.09,2.2779,103.37112,37.3899,0.028999999999999998,0.0,0.0007026481339547601,0.008460156918503303,0.04005417841791736,0.0,0.09
2013-09-14,0.09,2.2779,103.37112,37.3899,0.028999999999999998,0.0,0.0,0.008460156918503303,0.04005417841791736,0.0,0.09
2013-09-15,0.09,2.2779,103.37112,37.3899,0.028999999999999998,0.0,0.0,0.008405563690185735,0.04005417841791736,0.0,0.09
2013-09-16,0.09,2.2643,103.37112,37.3899,0.028999999999999998,0.0,-0.005988305508821951,0.007739950640279039,0.04005417841791736,0.0,0.09
2013-09-17,0.09,2.2611,103.37112,37.3899,0.028999999999999998,0.0,-0.001414239860941946,0.0065623890154340074,0.04005417841791736,0.0,0.09
2013-09-18,0.09,2.2483,103.37112,37.3899,0.028999999999999998,0.0,-0.005677045450577083,0.006518307695030594,0.04005417841791736,0.0,0.09
2013-09-19,0.09,2.2029,103.37112,37.3899,0.028999999999999998,0.0,-0.020399700941282285,0.00733936179553062,0.04005417841791736,0.0,0.09
2013-09-20,0.09,2.2047,103.37112,37.3899,0.028999999999999998,0.0,0.0008167710772606921,0.007363242481474925,0.04005417841791736,0.0,0.09
2013-09-21,0.09,2.2047,103.37112,37.3899,0.028999999999999998,0.0,0.0,0.007363242481474925,0.04005417841791736,0.0,0.09
2013-09-22,0.09,2.2047,103.37112,37.3899,0.028999999999999998,0.0,0.0,0.007408572423703355,0.04005417841791736,0.0,0.09
2013-09-23,0.09,2.2026,103.37112,37.3899,0.028999999999999998,0.0,-0.0009529644720916464,0.006655711424798667,0.04005417841791736,0.0,0.09
2013-09-24,0.09,2.2025,103.37112,37.3899,0.028999999999999998,0.0,-4.540192050897826e-05,0.006171807892770592,0.04005417841791736,0.0,0.09
2013-09-25,0.09,2.2218,103.37112,37.3899,0.028999999999999998,0.0,0.008724599337287264,0.006540117350248323,0.04005417841791736,0.0,0.09
2013-09-26,0.09,2.2279,103.37112,37.3899,0.028999999999999998,0.0,0.002741759588855808,0.005974795230384465,0.04005417841791736,0.0,0.09
2013-09-27,0.09,2.2565,103.37112,37.3899,0.028999999999999998,0.0,0.012755502530577936,0.006774412752745877,0.04005417841791736,0.0,0.09
2013-09-28,0.09,2.2565,103.37112,37.3899,0.028999999999999998,0.0,0.0,0.006774412752745877,0.04005417841791736,0.0,0.09
2013-09-29,0.09,2.2565,103.37112,37.3899,0.028999999999999998,0.0,0.0,0.006712156412113663,0.04005417841791736,0.0,0.09
2013-09-30,0.09,2.2294,103.37112,37.3899,0.028999999999999998,0.0,-0.012082449311532777,0.007155172499937746,0.04005417841791736,0.0,0.09
2013-10-01,0.09,2.2118,106.62486,37.603,0.03,0.0,-0.007925827314263433,0.007023971006678481,0.028411787712379954,0.0,0.09
2013-10-02,0.09,2.2082,106.62486,37.603,0.03,0.0,-0.0016289596362229891,0.006882381341715987,0.028411787712379954,0.0,0.09
2013-10-03,0.09,2.2063,106.62486,37.603,0.03,0.0,-0.0008607996907106727,0.006864679135144818,0.028411787712379954,0.0,0.09
2013-10-04,0.09,2.2045,106.62486,37.603,0.03,0.0,-0.0008161785163336494,0.006857108407723944,0.028411787712379954,0.0,0.09
2013-10-05,0.09,2.2045,106.62486,37.603,0.03,0.0,0.0,0.006857108407723944,0.028411787712379954,0.0,0.09
2013-10-06,0.09,2.2045,106.62486,37.603,0.03,0.0,0.0,0.006787525812244449,0.028411787712379954,0.0,0.09
2013-10-07,0.09,2.2081,106.62486,37.603,0.03,0.0,0.001631691428511575,0.006819825970994202,0.028411787712379954,0.0,0.09
2013-10-08,0.09,2.201,106.62486,37.603,0.03,0.0,-0.003220614700042172,0.006756512334195205,0.028411787712379954,0.0,0.09
2013-10-09,0.09,2.2048,106.62486,37.603,0.03,0.0,0.001724999292877878,0.005009224280376546,0.028411787712379954,0.0,0.09
2013-10-10,0.095,2.1844,106.62486,37.603,0.03,0.0050000000000000044,-0.009295610541340833,0.0054204985865014535,0.028411787712379954,0.0,0.095
2013-10-11,0.095,2.1815,106.62486,37.603,0.03,0.0,-0.0013284777143342558,0.005422671842733443,0.028411787712379954,0.0,0.095
2013-10-12,0.095,2.1815,106.62486,37.603,0.03,0.0,0.0,0.005422671842733443,0.028411787712379954,0.0,0.095
2013-10-13,0.095,2.1815,106.62486,37.603,0.03,0.0,0.0,0.005422936646452866,0.028411787712379954,0.0,0.095
2013-10-14,0.095,2.1811,106.62486,37.603,0.03,0.0,-0.0001833768858576276,0.005422440691294789,0.028411787712379954,0.0,0.095
2013-10-15,0.095,2.1812,106.62486,37.603,0.03,0.0,4.5847374099769246e-05,0.004975191717782285,0.028411787712379954,0.0,0.095
2013-10-16,0.095,2.1623,106.62486,37.603,0.03,0.0,-0.008702714072057114,0.005185317550349232,0.028411787712379954,0.0,0.095
2013-10-17,0.095,2.1605,106.62486,37.603,0.03,0.0,-0.0008327936078615428,0.003967036264769617,0.028411787712379954,0.0,0.095
2013-10-18,0.095,2.161,106.62486,37.603,0.03,0.0,0.0002314011348981728,0.003974041092518257,0.028411787712379954,0.0,0.095
2013-10-19,0.095,2.161,106.62486,37.603,0.03,0.0,0.0,0.003974041092518257,0.028411787712379954,0.0,0.095
2013-10-20,0.095,2.161,106.62486,37.603,0.03,0.0,0.0,0.0032365622360190373,0.028411787712379954,0.0,0.095
2013-10-21,0.095,2.1732,106.62486,37.603,0.03,0.0,0.0056296581704819515,0.0032521970628627897,0.028411787712379954,0.0,0.095
2013-10-22,0.095,2.1754,106.62486,37.603,0.03,0.0,0.0010118199823818475,0.003273738012233772,0.028411787712379954,0.0,0.095
2013-10-23,0.095,2.1821,106.62486,37.603,0.03,0.0,0.0030751601973334785,0.003383093557540992,0.028411787712379954,0.0,0.095
2013-10-24,0.095,2.1997,106.62486,37.603,0.03,0.0,0.00803327155459429,0.003887720274966937,0.028411787712379954,0.0,0.095
2013-10-25,0.095,2.1842,106.62486,37.603,0.03,0.0,-0.007071358648049506,0.004187296239035734,0.028411787712379954,0.0,0.095
2013-10-26,0.095,2.1842,106.62486,37.603,0.03,0.0,0.0,0.004187296239035734,0.028411787712379954,0.0,0.095
2013-10-27,0.095,2.1842,106.62486,37.603,0.03,0.0,0.0,0.004160152544888551,0.028411787712379954,0.0,0.095
2013-10-28,0.095,2.184,106.62486,37.603,0.03,0.0,-9.157089883236609e-05,0.0041127674595092525,0.028411787712379954,0.0,0.095
2013-10-29,0.095,2.1798,106.62486,37.603,0.03,0.0,-0.0019249284095843938,0.004095028017448388,0.028411787712379954,0.0,0.095
2013-10-30,0.095,2.1882,106.62486,37.603,0.03,0.0,0.003846158587478315,0.0036516148807216784,0.028411787712379954,0.0,0.095
2013-10-31,0.095,2.202,106.62486,37.603,0.03,0.0,0.006286750239935591,0.0038857819364836814,0.028411787712379954,0.0,0.095
2013-11-01,0.095,2.2462,103.73711,37.8061,0.03,0.0,0.01987386124631047,0.00581974813585173,0.025218873131114927,0.0,0.095
2013-11-02,0.095,2.2462,103.73711,37.8061,0.03,0.0,0.0,0.00581974813585173,0.025218873131114927,0.0,0.095
2013-11-03,0.095,2.2462,103.73711,37.8061,0.03,0.0,0.0,0.005817164399925242,0.025218873131114927,0.0,0.095
2013-11-04,0.095,2.242,103.73711,37.8061,0.03,0.0,-0.0018715748968305458,0.005857540095713841,0.025218873131114927,0.0,0.095
2013-11-05,0.095,2.2741,103.73711,37.8061,0.03,0.0,0.01421604508527824,0.006021842288144676,0.025218873131114927,0.0,0.095
2013-11-06,0.095,2.2779,103.73711,37.8061,0.03,0.0,0.0016695961699141274,0.005974308999953657,0.025218873131114927,0.0,0.095
2013-11-07,0.095,2.2819,103.73711,37.8061,0.03,0.0,0.0017544633650805792,0.005951578411684606,0.025218873131114927,0.0,0.095
2013-11-08,0.095,2.3164,103.73711,37.8061,0.03,0.0,0.015005827099256347,0.006510043988859735,0.025218873131114927,0.0,0.095
2013-11-09,0.095,2.3164,103.73711,37.8061,0.03,0.0,0.0,0.006510043988859735,0.025218873131114927,0.0,0.095
2013-11-10,0.095,2.3164,103.73711,37.8061,0.03,0.0,0.0,0.006533513660332783,0.025218873131114927,0.0,0.095
2013-11-11,0.095,2.3136,103.73711,37.8061,0.03,0.0,-0.0012095033871890126,0.006591129068733795,0.025218873131114927,0.0,0.095
2013-11-12,0.095,2.3356,103.73711,37.8061,0.03,0.0,0.00946406444493696,0.006743952461357425,0.025218873131114927,0.0,0.095
2013-11-13,0.095,2.3228,103.73711,37.8061,0.03,0.0,-0.005495462911487755,0.006930565999177714,0.025218873131114927,0.0,0.095
2013-11-14,0.095,2.3283,103.73711,37.8061,0.03,0.0,0.002365033030307994,0.006538854573990026,0.025218873131114927,0.0,0.095
2013-11-15,0.095,2.3283,103.73711,37.8061,0.03,0.0,0.0,0.006538854573990026,0.025218873131114927,0.0,0.095
2013-11-16,0.095,2.3283,103.73711,37.8061,0.03,0.0,0.0,0.006538854573990026,0.025218873131114927,0.0,0.095
2013-11-17,0.095,2.3283,103.73711,37.8061,0.03,0.0,0.0,0.006536464214246958,0.025218873131114927,0.0,0.095
2013-11-18,0.095,2.2822,103.73711,37.8061,0.03,0.0,-0.01999849752762356,0.008294954313005925,0.025218873131114927,0.0,0.095
2013-11-19,0.095,2.2656,103.73711,37.8061,0.03,0.0,-0.0073002655011786205,0.008555630642753474,0.025218873131114927,0.0,0.095
2013-11-20,0.095,2.2713,103.73711,37.8061,0.03,0.0,0.0025127302779699703,0.008491402903473605,0.025218873131114927,0.0,0.095
2013-11-21,0.095,2.3061,103.73711,37.8061,0.03,0.0,0.015205431245825334,0.008011785245783692,0.025218873131114927,0.0,0.095
2013-11-22,0.095,2.2906,103.73711,37.8061,0.03,0.0,-0.006743994059580061,0.008209562792917511,0.025218873131114927,0.0,0.095
2013-11-23,0.095,2.2906,103.73711,37.8061,0.03,0.0,0.0,0.008209562792917511,0.025218873131114927,0.0,0.095
2013-11-24,0.095,2.2906,103.73711,37.8061,0.03,0.0,0.0,0.00818599629331987,0.025218873131114927,0.0,0.095
2013-11-25,0.095,2.2865,103.73711,37.8061,0.03,0.0,-0.0017915278655058656,0.007594425496741029,0.025218873131114927,0.0,0.095
2013-11-26,0.095,2.3034,103.73711,37.8061,0.03,0.0,0.007364028136697027,0.0077546391316571945,0.025218873131114927,0.0,0.095
2013-11-27,0.095,2.3052,103.73711,37.8061,0.03,0.0,0.0007811483277043704,0.007749778751165193,0.025218873131114927,0.0,0.095
2013-11-28,0.1,2.3202,103.73711,37.8061,0.03,0.0050000000000000044,0.006485948278795072,0.007119435810972826,0.025218873131114927,0.0,0.1
2013-11-29,0.1,2.3243,103.73711,37.8061,0.03,0.0,0.0017655295790752236,0.007129304997997941,0.025218873131114927,0.0,0.1
2013-11-30,0.1,2.3243,103.73711,37.8061,0.03,0.0,0.0,0.007129304997997941,0.025218873131114927,0.0,0.1
2013-12-01,0.1,2.3243,102.32062,38.1539,0.03,0.0,0.0,0.007122111480744313,0.04483554968105752,0.0,0.1
2013-12-02,0.1,2.3443,102.32062,38.1539,0.03,0.0,0.008567931435090563,0.00706354331120672,0.04483554968105752,0.0,0.1
2013-12-03,0.1,2.3552,102.32062,38.1539,0.03,0.0,0.004638799679084772,0.0069977232098134765,0.04483554968105752,0.0,0.1
2013-12-04,0.1,2.3734,102.32062,38.1539,0.03,0.0,0.007697876696481717,0.00716441948005873,0.04483554968105752,0.0,0.1
2013-12-05,0.1,2.3741,102.32062,38.1539,0.03,0.0,0.0002948920505835281,0.007162644623339374,0.04483554968105752,0.0,0.1
2013-12-06,0.1,2.3519,102.32062,38.1539,0.03,0.0,-0.009394906173780885,0.007528606626647841,0.04483554968105752,0.0,0.1
2013-12-07,0.1,2.3519,102.32062,38.1539,0.03,0.0,0.0,0.007528606626647841,0.04483554968105752,0.0,0.1
2013-12-08,0.1,2.3519,102.32062,38.1539,0.03,0.0,0.0,0.00578934049788992,0.04483554968105752,0.0,0.1
2013-12-09,0.1,2.3218,102.32062,38.1539,0.03,0.0,-0.012880765203905903,0.006343932476395141,0.04483554968105752,0.0,0.1
2013-12-10,0.1,2.3096,102.32062,38.1539,0.03,0.0,-0.005268397555210032,0.00649755095823534,0.04483554968105752,0.0,0.1
2013-12-11,0.1,2.3256,102.32062,38.1539,0.03,0.0,0.006903720895940831,0.0057538893906811436,0.04483554968105752,0.0,0.1
2013-12-12,0.1,2.3333,102.32062,38.1539,0.03,0.0,0.003305504308346973,0.005529685143858856,0.04483554968105752,0.0,0.1
2013-12-13,0.1,2.3348,102.32062,38.1539,0.03,0.0,0.0006426597766227643,0.005525902262064018,0.04483554968105752,0.0,0.1
2013-12-14,0.1,2.3348,102.32062,38.1539,0.03,0.0,0.0,0.005525902262064018,0.04483554968105752,0.0,0.1
2013-12-15,0.1,2.3348,102.32062,38.1539,0.03,0.0,0.0,0.005493451711296643,0.04483554968105752,0.0,0.1
2013-12-16,0.1,2.3249,102.32062,38.1539,0.03,0.0,-0.004249206985856364,0.00540341988501614,0.04483554968105752,0.0,0.1
2013-12-17,0.1,2.3215,102.32062,38.1539,0.03,0.0,-0.0014634988838032417,0.005419784124198177,0.04483554968105752,0.0,0.1
2013-12-18,0.1,2.3268,102.32062,38.1539,0.03,0.0,0.0022804045766300516,0.005248151515332652,0.04483554968105752,0.0,0.1
2013-12-19,0.1,2.3522,102.32062,38.1539,0.03,0.0,0.010857127380329805,0.005764517355169572,0.04483554968105752,0.0,0.1
2013-12-20,0.1,2.3811,102.32062,38.1539,0.03,0.0,0.012211505348003441,0.006318133570853055,0.04483554968105752,0.0,0.1
2013-12-21,0.1,2.3811,102.32062,38.1539,0.03,0.0,0.0,0.006318133570853055,0.04483554968105752,0.0,0.1
2013-12-22,0.1,2.3811,102.32062,38.1539,0.03,0.0,0.0,0.006078710106149821,0.04483554968105752,0.0,0.1
2013-12-23,0.1,2.37,102.32062,38.1539,0.03,0.0,-0.004672610635762608,0.006123924233364535,0.04483554968105752,0.0,0.1
2013-12-24,0.1,2.3543,102.32062,38.1539,0.03,0.0,-0.006646511778272576,0.006053111486751979,0.04483554968105752,0.0,0.1
2013-12-25,0.1,2.3543,102.32062,38.1539,0.03,0.0,0.0,0.006051678454173351,0.04483554968105752,0.0,0.1
2013-12-26,0.1,2.3501,102.32062,38.1539,0.03,0.0,-0.0017855629265718191,0.005685786080693647,0.04483554968105752,0.0,0.1
2013-12-27,0.1,2.3532,102.32062,38.1539,0.03,0.0,0.0013182235659684196,0.005693888038141697,0.04483554968105752,0.0,0.1
2013-12-28,0.1,2.3532,102.32062,38.1539,0.03,0.0,0.0,0.005693888038141697,0.04483554968105752,0.0,0.1
2013-12-29,0.1,2.3532,102.32062,38.1539,0.03,0.0,0.0,0.004818086868346645,0.04483554968105752,0.0,0.1
2013-12-30,0.1,2.342,102.32062,38.1539,0.03,0.0,-0.004770838832638262,0.004786985558902743,0.04483554968105752,0.0,0.1
2013-12-31,0.1,2.342,102.32062,38.1539,0.03,0.0,0.0,0.004559330913627324,0.04483554968105752,0.0,0.1
2014-01-01,0.1,2.342,100.1761,38.3637,0.03,0.0,0.0,0.004506209954088052,0.024375314313855645,0.0,0.1
2014-01-02,0.1,2.3969,100.1761,38.3637,0.03,0.0,0.02317097059128206,0.006838485988686779,0.024375314313855645,0.0,0.1
2014-01-03,0.1,2.3734,100.1761,38.3637,0.03,0.0,-0.009852709517905988,0.007278730283347839,0.024375314313855645,0.0,0.1
2014-01-04,0.1,2.3734,100.1761,38.3637,0.03,0.0,0.0,0.007278730283347839,0.024375314313855645,0.0,0.1
2014-01-05,0.1,2.3734,100.1761,38.3637,0.03,0.0,0.0,0.007184384673054668,0.024375314313855645,0.0,0.1
2014-01-06,0.1,2.3783,100.1761,38.3637,0.03,0.0,0.002062420496612814,0.0071631463036033365,0.024375314313855645,0.0,0.1
2014-01-07,0.1,2.3628,100.1761,38.3637,0.03,0.0,-0.006538590294571315,0.007362366832403566,0.024375314313855645,0.0,0.1
2014-01-08,0.1,2.3773,100.1761,38.3637,0.03,0.0,0.006118033471146716,0.007091843950328254,0.024375314313855645,0.0,0.1
2014-01-09,0.1,2.3954,100.1761,38.3637,0.03,0.0,0.00758484160917934,0.006758387823718074,0.024375314313855645,0.0,0.1
2014-01-10,0.1,2.3813,100.1761,38.3637,0.03,0.0,-0.005903674483508983,0.00689960311702289,0.024375314313855645,0.0,0.1
2014-01-11,0.1,2.3813,100.1761,38.3637,0.03,0.0,0.0,0.00689960311702289,0.024375314313855645,0.0,0.1
2014-01-12,0.1,2.3813,100.1761,38.3637,0.03,0.0,0.0,0.006811452197614259,0.024375314313855645,0.0,0.1
2014-01-13,0.1,2.3485,100.1761,38.3637,0.03,0.0,-0.013869730562847531,0.0073647170952707095,0.024375314313855645,0.0,0.1
2014-01-14,0.1,2.3611,100.1761,38.3637,0.03,0.0,0.005350785655868151,0.0074659271486020775,0.024375314313855645,0.0,0.1
2014-01-15,0.1,2.3465,100.1761,38.3637,0.03,0.0,-0.006202755888445545,0.007590318121549991,0.024375314313855645,0.0,0.1
2014-01-16,0.105,2.3677,100.1761,38.3637,0.03,0.0049999999999999906,0.00899416355448181,0.007854042394133353,0.024375314313855645,0.0,0.105
2014-01-17,0.105,2.3595,100.1761,38.3637,0.03,0.0,-0.0034692876225116648,0.007899363630598427,0.024375314313855645,0.0,0.105
2014-01-18,0.105,2.3595,100.1761,38.3637,0.03,0.0,0.0,0.007899363630598427,0.024375314313855645,0.0,0.105
2014-01-19,0.105,2.3595,100.1761,38.3637,0.03,0.0,0.0,0.007815047820717635,0.024375314313855645,0.0,0.105
2014-01-20,0.105,2.3329,100.1761,38.3637,0.03,0.0,-0.011337603329849254,0.00824295202792407,0.024375314313855645,0.0,0.105
2014-01-21,0.105,2.3602,100.1761,38.3637,0.03,0.0,0.011634232355055164,0.008657506217394481,0.024375314313855645,0.0,0.105
2014-01-22,0.105,2.3595,100.1761,38.3637,0.03,0.0,-0.0002966290252060013,0.006797522991040041,0.024375314313855645,0.0,0.105
2014-01-23,0.105,2.3755,100.1761,38.3637,0.03,0.0,0.006758209460533742,0.006644525264994078,0.024375314313855645,0.0,0.105
2014-01-24,0.105,2.4123,100.1761,38.3637,0.03,0.0,0.015372707595236922,0.007476240083324049,0.024375314313855645,0.0,0.105
2014-01-25,0.105,2.4123,100.1761,38.3637,0.03,0.0,0.0,0.007476240083324049,0.024375314313855645,0.0,0.105
2014-01-26,0.105,2.4123,100.1761,38.3637,0.03,0.0,0.0,0.007472320132306286,0.024375314313855645,0.0,0.105
2014-01-27,0.105,2.4038,100.1761,38.3637,0.03,0.0,-0.0035298307035246707,0.007347963772179258,0.024375314313855645,0.0,0.105
2014-01-28,0.105,2.4159,100.1761,38.3637,0.03,0.0,0.005021069950920549,0.0073106507048228105,0.024375314313855645,0.0,0.105
2014-01-29,0.105,2.439,100.1761,38.3637,0.03,0.0,0.009516230746311288,0.007416901684576172,0.024375314313855645,0.0,0.105
2014-01-30,0.105,2.4218,100.1761,38.3637,0.03,0.0,-0.0070770538956542745,0.007477957744190582,0.024375314313855645,0.0,0.105
2014-01-31,0.105,2.4257,100.1761,38.3637,0.03,0.0,0.001609077190909354,0.0074770639883351,0.024375314313855645,0.0,0.105
2014-02-01,0.105,2.4257,100.74587,38.6284,0.03,0.0,0.0,0.0074770639883351,0.05429446652187431,0.0,0.105
2014-02-02,0.105,2.4257,100.74587,38.6284,0.03,0.0,0.0,0.006627744592686041,0.05429446652187431,0.0,0.105
2014-02-03,0.105,2.4084,100.74587,38.6284,0.03,0.0,-0.007157515920882705,0.006843534063336177,0.05429446652187431,0.0,0.105
2014-02-04,0.105,2.4171,100.74587,38.6284,0.03,0.0,0.003605847860967156,0.006649524534353921,0.05429446652187431,0.0,0.105
2014-02-05,0.105,2.4101,100.74587,38.6284,0.03,0.0,-0.0029002340514686525,0.006471838578225599,0.05429446652187431,0.0,0.105
2014-02-06,0.105,2.4035,100.74587,38.6284,0.03,0.0,-0.002742232065775905,0.006448076741935976,0.05429446652187431,0.0,0.105
2014-02-07,0.105,2.3811,100.74587,38.6284,0.03,0.0,-0.009363442569075902,0.006846307835975021,0.05429446652187431,0.0,0.105
2014-02-08,0.105,2.3811,100.74587,38.6284,0.03,0.0,0.0,0.006846307835975021,0.05429446652187431,0.0,0.105
2014-02-09,0.105,2.3811,100.74587,38.6284,0.03,0.0,0.0,0.006262951245347513,0.05429446652187431,0.0,0.105
2014-02-10,0.105,2.393,100.74587,38.6284,0.03,0.0,0.004985243143433593,0.005831632952731425,0.05429446652187431,0.0,0.105
2014-02-11,0.105,2.407,100.74587,38.6284,0.03,0.0,0.0058333498746986935,0.0059371790510464005,0.05429446652187431,0.0,0.105
2014-02-12,0.105,2.408,100.74587,38.6284,0.03,0.0,0.0004153686456396348,0.005780555189794676,0.05429446652187431,0.0,0.105
2014-02-13,0.105,2.4232,100.74587,38.6284,0.03,0.0,0.00629245328431583,0.004846988255513477,0.05429446652187431,0.0,0.105
2014-02-14,0.105,2.3919,100.74587,38.6284,0.03,0.0,-0.013000951536468084,0.005679174196667472,0.05429446652187431,0.0,0.105
2014-02-15,0.105,2.3919,100.74587,38.6284,0.03,0.0,0.0,0.005679174196667472,0.05429446652187431,0.0,0.105
2014-02-16,0.105,2.3919,100.74587,38.6284,0.03,0.0,0.0,0.005632249399333262,0.05429446652187431,0.0,0.105
2014-02-17,0.105,2.3864,100.74587,38.6284,0.03,0.0,-0.0023020749760207008,0.005508343399990756,0.05429446652187431,0.0,0.105
2014-02-18,0.105,2.3977,100.74587,38.6284,0.03,0.0,0.004723990307186306,0.005136128669648788,0.05429446652187431,0.0,0.105
2014-02-19,0.105,2.398,100.74587,38.6284,0.03,0.0,0.00012511207973460935,0.004924984225712037,0.05429446652187431,0.0,0.105
2014-02-20,0.105,2.3793,100.74587,38.6284,0.03,0.0,-0.007828729830075914,0.005159454314621713,0.05429446652187431,0.0,0.105
2014-02-21,0.105,2.3619,100.74587,38.6284,0.03,0.0,-0.00733994689885251,0.005344865952324689,0.05429446652187431,0.0,0.105
2014-02-22,0.105,2.3619,100.74587,38.6284,0.03,0.0,0.0,0.005344865952324689,0.05429446652187431,0.0,0.105
2014-02-23,0.105,2.3619,100.74587,38.6284,0.03,0.0,0.0,0.005171125226762208,0.05429446652187431,0.0,0.105
2014-02-24,0.105,2.3385,100.74587,38.6284,0.03,0.0,-0.00995668169259033,0.005422004897173733,0.05429446652187431,0.0,0.105
2014-02-25,0.105,2.3361,100.74587,38.6284,0.03,0.0,-0.0010268259148906997,0.005415501114229745,0.05429446652187431,0.0,0.105
2014-02-26,0.105,2.3448,100.74587,38.6284,0.03,0.0,0.003717238145632671,0.005532588975493454,0.05429446652187431,0.0,0.105
2014-02-27,0.1075,2.3431,100.74587,38.6284,0.03,0.0025000000000000022,-0.0007252714752956438,0.0051913946525020405,0.05429446652187431,0.0,0.1075
2014-02-28,0.1075,2.3327,100.74587,38.6284,0.03,0.0,-0.004448443966876768,0.005250081083187557,0.05429446652187431,0.0,0.1075
2014-03-01,0.1075,2.3327,104.60675,38.9838,0.03,0.0,0.0,0.005250081083187557,0.006881484990830078,0.0,0.1075
2014-03-02,0.1075,2.3327,104.60675,38.9838,0.03,0.0,0.0,0.005064690015397192,0.006881484990830078,0.0,0.1075
2014-03-03,0.1075,2.3327,104.60675,38.9838,0.03,0.0,0.0,0.0047944798911245,0.006881484990830078,0.0,0.1075
2014-03-04,0.1075,2.3327,104.60675,38.9838,0.03,0.0,0.0,0.004786330177844724,0.006881484990830078,0.0,0.1075
2014-03-05,0.1075,2.3234,104.60675,38.9838,0.03,0.0,-0.003994764875135985,0.004434668335567595,0.006881484990830078,0.0,0.1075
2014-03-06,0.1075,2.3088,104.60675,38.9838,0.03,0.0,-0.006303721059767905,0.0037717486679494845,0.006881484990830078,0.0,0.1075
2014-03-07,0.1075,2.3376,104.60675,38.9838,0.03,0.0,0.012396852976828502,0.004921108983354076,0.006881484990830078,0.0,0.1075
2014-03-08,0.1075,2.3376,104.60675,38.9838,0.03,0.0,0.0,0.004921108983354076,0.006881484990830078,0.0,0.1075
2014-03-09,0.1075,2.3376,104.60675,38.9838,0.03,0.0,0.0,0.004919621019390983,0.006881484990830078,0.0,0.1075
2014-03-10,0.1075,2.3404,104.60675,38.9838,0.03,0.0,0.0011970929176458207,0.004763119028980924,0.006881484990830078,0.0,0.1075
2014-03-11,0.1075,2.3455,104.60675,38.9838,0.03,0.0,0.002176743854431707,0.004815180825411936,0.006881484990830078,0.0,0.1075
2014-03-12,0.1075,2.3643,104.60675,38.9838,0.03,0.0,0.007983396259200803,0.004949642443083705,0.006881484990830078,0.0,0.1075
2014-03-13,0.1075,2.348,104.60675,38.9838,0.03,0.0,-0.006918093079726598,0.004918939411103543,0.006881484990830078,0.0,0.1075
2014-03-14,0.1075,2.3631,104.60675,38.9838,0.03,0.0,0.0064104144294013015,0.005142934904095879,0.006881484990830078,0.0,0.1075
2014-03-15,0.1075,2.3631,104.60675,38.9838,0.03,0.0,0.0,0.005142934904095879,0.006881484990830078,0.0,0.1075
2014-03-16,0.1075,2.3631,104.60675,38.9838,0.03,0.0,0.0,0.004576529293205625,0.006881484990830078,0.0,0.1075
2014-03-17,0.1075,2.3513,104.60675,38.9838,0.03,0.0,-0.0050059497038280245,0.004731336062878103,0.006881484990830078,0.0,0.1075
2014-03-18,0.1075,2.3516,104.60675,38.9838,0.03,0.0,0.00012758085453943273,0.004663449612970959,0.006881484990830078,0.0,0.1075
2014-03-19,0.1075,2.3333,104.60675,38.9838,0.03,0.0,-0.007812372975086751,0.00499081047702967,0.006881484990830078,0.0,0.1075
2014-03-20,0.1075,2.3414,104.60675,38.9838,0.03,0.0,0.003465466492559097,0.004950607775414398,0.006881484990830078,0.0,0.1075
2014-03-21,0.1075,2.3239,104.60675,38.9838,0.03,0.0,-0.007502232259452147,0.005241152743656339,0.006881484990830078,0.0,0.1075
2014-03-22,0.1075,2.3239,104.60675,38.9838,0.03,0.0,0.0,0.005241152743656339,0.006881484990830078,0.0,0.1075
2014-03-23,0.1075,2.3239,104.60675,38.9838,0.03,0.0,0.0,0.005241152743656339,0.006881484990830078,0.0,0.1075
2014-03-24,0.1075,2.3242,104.60675,38.9838,0.03,0.0,0.00012908500265317865,0.005241477183031029,0.006881484990830078,0.0,0.1075
2014-03-25,0.1075,2.3118,104.60675,38.9838,0.03,0.0,-0.005349451928606446,0.005301741422727767,0.006881484990830078,0.0,0.1075
2014-03-26,0.1075,2.3113,104.60675,38.9838,0.03,0.0,-0.0002163050775234021,0.005107088486923234,0.006881484990830078,0.0,0.1075
2014-03-27,0.1075,2.2824,104.60675,38.9838,0.03,0.0,-0.012582615883353214,0.004982652096787118,0.006881484990830078,0.0,0.1075
2014-03-28,0.1075,2.2597,104.60675,38.9838,0.03,0.0,-0.00999545980697046,0.005344633220941547,0.006881484990830078,0.0,0.1075
2014-03-29,0.1075,2.2597,104.60675,38.9838,0.03,0.0,0.0,0.005344633220941547,0.006881484990830078,0.0,0.1075
2014-03-30,0.1075,2.2597,104.60675,38.9838,0.03,0.0,0.0,0.0053171768667517345,0.006881484990830078,0.0,0.1075
2014-03-31,0.1075,2.2624,104.60675,38.9838,0.03,0.0,0.0011941356099338853,0.0052833728503593694,0.006881484990830078,0.0,0.1075
2014-04-01,0.1075,2.2614,103.66934,39.245,0.032,0.0,-0.0004421062011087693,0.004773198867154661,-0.014016237877824467,0.0,0.1075
2014-04-02,0.1075,2.2705,103.66934,39.245,0.032,0.0,0.0040159810368610395,0.004833163139267315,-0.014016237877824467,0.0,0.1075
2014-04-03,0.11,2.2805,103.66934,39.245,0.032,0.0025000000000000022,0.004394645613749224,0.004674007021677423,-0.014016237877824467,0.0,0.11
2014-04-04,0.11,2.2414,103.66934,39.245,0.032,0.0,-0.01729404653382749,0.005793275638764238,-0.014016237877824467,0.0,0.11
2014-04-05,0.11,2.2414,103.66934,39.245,0.032,0.0,0.0,0.005793275638764238,-0.014016237877824467,0.0,0.11
2014-04-06,0.11,2.2414,103.66934,39.245,0.032,0.0,0.0,0.0057939831857628694,-0.014016237877824467,0.0,0.11
2014-04-07,0.11,2.232,103.66934,39.245,0.032,0.0,-0.004202626116726041,0.0057756983339321485,-0.014016237877824467,0.0,0.11
2014-04-08,0.11,2.1968,103.66934,39.245,0.032,0.0,-0.01589628848749497,0.006407274326160872,-0.014016237877824467,0.0,0.11
2014-04-09,0.11,2.2105,103.66934,39.245,0.032,0.0,0.006216978252591303,0.006580911609062153,-0.014016237877824467,0.0,0.11
2014-04-10,0.11,2.1982,103.66934,39.245,0.032,0.0,-0.005579890631497996,0.006523583797094464,-0.014016237877824467,0.0,0.11
2014-04-11,0.11,2.2053,103.66934,39.245,0.032,0.0,0.0032247104133516337,0.006634822582853489,-0.014016237877824467,0.0,0.11
2014-04-12,0.11,2.2053,103.66934,39.245,0.032,0.0,0.0,0.006634822582853489,-0.014016237877824467,0.0,0.11
2014-04-13,0.11,2.2053,103.66934,39.245,0.032,0.0,0.0,0.00663207063827541,-0.014016237877824467,0.0,0.11
2014-04-14,0.11,2.209,103.66934,39.245,0.032,0.0,0.001676370371965544,0.006666185556375197,-0.014016237877824467,0.0,0.11
2014-04-15,0.11,2.2251,103.66934,39.245,0.032,0.0,0.007261933990504884,0.006989583103166387,-0.014016237877824467,0.0,0.11
2014-04-16,0.11,2.2336,103.66934,39.245,0.032,0.0,0.0038127751574314208,0.0066226160175371085,-0.014016237877824467,0.0,0.11
2014-04-17,0.11,2.2476,103.66934,39.245,0.032,0.0,0.006248346669989667,0.00646597950504387,-0.014016237877824467,0.0,0.11
2014-04-18,0.11,2.2476,103.66934,39.245,0.032,0.0,0.0,0.00646597950504387,-0.014016237877824467,0.0,0.11
2014-04-19,0.11,2.2476,103.66934,39.245,0.032,0.0,0.0,0.00646597950504387,-0.014016237877824467,0.0,0.11
2014-04-20,0.11,2.2476,103.66934,39.245,0.032,0.0,0.0,0.00645727060362997,-0.014016237877824467,0.0,0.11
2014-04-21,0.11,2.2476,103.66934,39.245,0.032,0.0,0.0,0.006457616728385108,-0.014016237877824467,0.0,0.11
2014-04-22,0.11,2.2443,103.66934,39.245,0.032,0.0,-0.0014693116915741342,0.006380414957569634,-0.014016237877824467,0.0,0.11
2014-04-23,0.11,2.242,103.66934,39.245,0.032,0.0,-0.0010253439143636921,0.006272173941371205,-0.014016237877824467,0.0,0.11
2014-04-24,0.11,2.2223,103.66934,39.245,0.032,0.0,-0.008825629044682218,0.005316824293871662,-0.014016237877824467,0.0,0.11
2014-04-25,0.11,2.2319,103.66934,39.245,0.032,0.0,0.004310545042716627,0.005421421949750733,-0.014016237877824467,0.0,0.11
2014-04-26,0.11,2.2319,103.66934,39.245,0.032,0.0,0.0,0.005421421949750733,-0.014016237877824467,0.0,0.11
2014-04-27,0.11,2.2319,103.66934,39.245,0.032,0.0,0.0,0.005339447880072822,-0.014016237877824467,0.0,0.11
2014-04-28,0.11,2.2364,103.66934,39.245,0.032,0.0,0.0020141895223506584,0.0038188612667448226,-0.014016237877824467,0.0,0.11
2014-04-29,0.11,2.2193,103.66934,39.245,0.032,0.0,-0.007675599323806978,0.004055692382394384,-0.014016237877824467,0.0,0.11
2014-04-30,0.11,2.2354,103.66934,39.245,0.032,0.0,0.00722835212282778,0.00410613581706378,-0.014016237877824467,0.0,0.11
2014-05-01,0.11,2.2354,103.28322,39.4255,0.032,0.0,0.0,0.0040706877504220595,0.0007865153841419836,0.0,0.11
2014-05-02,0.11,2.2215,103.28322,39.4255,0.032,0.0,-0.0062375395755479915,0.00435441114730412,0.0007865153841419836,0.0,0.11
2014-05-03,0.11,2.2215,103.28322,39.4255,0.032,0.0,0.0,0.00435441114730412,0.0007865153841419836,0.0,0.11
2014-05-04,0.11,2.2215,103.28322,39.4255,0.032,0.0,0.0,0.004343981040354624,0.0007865153841419836,0.0,0.11
2014-05-05,0.11,2.228,103.28322,39.4255,0.032,0.0,0.0029216786712116974,0.0040771569594001585,0.0007865153841419836,0.0,0.11
2014-05-06,0.11,2.2316,103.28322,39.4255,0.032,0.0,0.001614494924198425,0.003999703964221253,0.0007865153841419836,0.0,0.11
2014-05-07,0.11,2.2276,103.28322,39.4255,0.032,0.0,-0.0017940442558597848,0.003728816022005289,0.0007865153841419836,0.0,0.11
2014-05-08,0.11,2.2101,103.28322,39.4255,0.032,0.0,-0.007887009358635727,0.0040796181951603784,0.0007865153841419836,0.0,0.11
2014-05-09,0.11,2.2186,103.28322,39.4255,0.032,0.0,0.0038386029476815187,0.0042095072184369494,0.0007865153841419836,0.0,0.11
2014-05-10,0.11,2.2186,103.28322,39.4255,0.032,0.0,0.0,0.0042095072184369494,0.0007865153841419836,0.0,0.11
2014-05-11,0.11,2.2186,103.28322,39.4255,0.032,0.0,0.0,0.0042095072184369494,0.0007865153841419836,0.0,0.11
2014-05-12,0.11,2.2158,103.28322,39.4255,0.032,0.0,-0.0012628542179866004,0.004207643298771074,0.0007865153841419836,0.0,0.11
2014-05-13,0.11,2.2095,103.28322,39.4255,0.032,0.0,-0.002847266515778002,0.004236074158467275,0.0007865153841419836,0.0,0.11
2014-05-14,0.11,2.2123,103.28322,39.4255,0.032,0.0,0.001266452745146329,0.0037995731591449517,0.0007865153841419836,0.0,0.11
2014-05-15,0.11,2.216,103.28322,39.4255,0.032,0.0,0.001671070551233552,0.0036776086502900676,0.0007865153841419836,0.0,0.11
2014-05-16,0.11,2.2104,103.28322,39.4255,0.032,0.0,-0.002530274257967795,0.0037080599502804005,0.0007865153841419836,0.0,0.11
2014-05-17,0.11,2.2104,103.28322,39.4255,0.032,0.0,0.0,0.0037080599502804005,0.0007865153841419836,0.0,0.11
2014-05-18,0.11,2.2104,103.28322,39.4255,0.032,0.0,0.0,0.0036637266876746793,0.0007865153841419836,0.0,0.11
2014-05-19,0.11,2.2105,103.28322,39.4255,0.032,0.0,4.523965709117056e-05,0.00326198458202803,0.0007865153841419836,0.0,0.11
2014-05-20,0.11,2.215,103.28322,39.4255,0.032,0.0,0.0020336692129380484,0.0028157819022761755,0.0007865153841419836,0.0,0.11
2014-05-21,0.11,2.2105,103.28322,39.4255,0.032,0.0,-0.0020336692129380423,0.0028350115896953027,0.0007865153841419836,0.0,0.11
2014-05-22,0.11,2.2125,103.28322,39.4255,0.032,0.0,0.0009043636157865816,0.0025138471701754983,0.0007865153841419836,0.0,0.11
2014-05-23,0.11,2.2181,103.28322,39.4255,0.032,0.0,0.002527875674659123,0.002587072869303201,0.0007865153841419836,0.0,0.11
2014-05-24,0.11,2.2181,103.28322,39.4255,0.032,0.0,0.0,0.002587072869303201,0.0007865153841419836,0.0,0.11
2014-05-25,0.11,2.2181,103.28322,39.4255,0.032,0.0,0.0,0.002489509075634772,0.0007865153841419836,0.0,0.11
2014-05-26,0.11,2.2203,103.28322,39.4255,0.032,0.0,0.0009913483147865898,0.002469122009419357,0.0007865153841419836,0.0,0.11
2014-05-27,0.11,2.2348,103.28322,39.4255,0.032,0.0,0.006509416713463228,0.0028631643545018555,0.0007865153841419836,0.0,0.11
2014-05-28,0.11,2.2399,103.28322,39.4255,0.032,0.0,0.0022794834104271043,0.0021800416342371083,0.0007865153841419836,0.0,0.11
2014-05-29,0.11,2.2245,103.28322,39.4255,0.032,0.0,-0.006899050749324218,0.002633565217939582,0.0007865153841419836,0.0,0.11
2014-05-30,0.11,2.2384,103.28322,39.4255,0.032,0.0,0.006229153665120193,0.002964576345801558,0.0007865153841419836,0.0,0.11
2014-05-31,0.11,2.2384,103.28322,39.4255,0.032,0.0,0.0,0.002964576345801558,0.0007865153841419836,0.0,0.11
2014-06-01,0.11,2.2384,98.88908,39.583200000000005,0.032,0.0,0.0,0.0029396469867875204,-0.0275483971018331,0.0,0.11
2014-06-02,0.11,2.2634,98.88908,39.583200000000005,0.032,0.0,0.011106782620624492,0.003667399588252081,-0.0275483971018331,0.0,0.11
2014-06-03,0.11,2.2648,98.88908,39.583200000000005,0.032,0.0,0.0006183472658487348,0.00366969150207782,-0.0275483971018331,0.0,0.11
2014-06-04,0.11,2.2796,98.88908,39.583200000000005,0.032,0.0,0.006513534163154424,0.003859164487371449,-0.0275483971018331,0.0,0.11
2014-06-05,0.11,2.2689,98.88908,39.583200000000005,0.032,0.0,-0.0047048564307509,0.004004077209417843,-0.0275483971018331,0.0,0.11
2014-06-06,0.11,2.2439,98.88908,39.583200000000005,0.032,0.0,-0.011079709160336421,0.0048676376205769945,-0.0275483971018331,0.0,0.11
2014-06-07,0.11,2.2439,98.88908,39.583200000000005,0.032,0.0,0.0,0.0048676376205769945,-0.0275483971018331,0.0,0.11
2014-06-08,0.11,2.2439,98.88908,39.583200000000005,0.032,0.0,0.0,0.004867993882233982,-0.0275483971018331,0.0,0.11
2014-06-09,0.11,2.233,98.88908,39.583200000000005,0.032,0.0,-0.0048694505295991475,0.00501469106598293,-0.0275483971018331,0.0,0.11
2014-06-10,0.11,2.229,98.88908,39.583200000000005,0.032,0.0,-0.0017929184542889976,0.005008815376445589,-0.0275483971018331,0.0,0.11
2014-06-11,0.11,2.2301,98.88908,39.583200000000005,0.032,0.0,0.000493373112203503,0.0050075523409089905,-0.0275483971018331,0.0,0.11
2014-06-12,0.11,2.2298,98.88908,39.583200000000005,0.032,0.0,-0.00013453216460125177,0.004983230112254053,-0.0275483971018331,0.0,0.11
2014-06-13,0.11,2.2341,98.88908,39.583200000000005,0.032,0.0,0.0019265670512386064,0.004996480816267159,-0.0275483971018331,0.0,0.11
2014-06-14,0.11,2.2341,98.88908,39.583200000000005,0.032,0.0,0.0,0.004996480816267159,-0.0275483971018331,0.0,0.11
2014-06-15,0.11,2.2341,98.88908,39.583200000000005,0.032,0.0,0.0,0.004994798404011562,-0.0275483971018331,0.0,0.11
2014-06-16,0.11,2.2307,98.88908,39.583200000000005,0.032,0.0,-0.0015230248419733784,0.00478874952002047,-0.0275483971018331,0.0,0.11
2014-06-17,0.11,2.248,98.88908,39.583200000000005,0.032,0.0,0.007725494470845448,0.005076854793545693,-0.0275483971018331,0.0,0.11
2014-06-18,0.11,2.2528,98.88908,39.583200000000005,0.032,0.0,0.0021329549501415855,0.0048085892689091045,-0.0275483971018331,0.0,0.11
2014-06-19,0.11,2.2528,98.88908,39.583200000000005,0.032,0.0,0.0,0.0046252188011459755,-0.0275483971018331,0.0,0.11
2014-06-20,0.11,2.2374,98.88908,39.583200000000005,0.032,0.0,-0.006859409550893143,0.004896604051829218,-0.0275483971018331,0.0,0.11
2014-06-21,0.11,2.2374,98.88908,39.583200000000005,0.032,0.0,0.0,0.004896604051829218,-0.0275483971018331,0.0,0.11
2014-06-22,0.11,2.2374,98.88908,39.583200000000005,0.032,0.0,0.0,0.0041392405772684325,-0.0275483971018331,0.0,0.11
2014-06-23,0.11,2.2189,98.88908,39.583200000000005,0.032,0.0,-0.008302899840459285,0.004470970809271932,-0.0275483971018331,0.0,0.11
2014-06-24,0.11,2.2211,98.88908,39.583200000000005,0.032,0.0,0.0009909910720922155,0.0041391945077993144,-0.0275483971018331,0.0,0.11
2014-06-25,0.11,2.2046,98.88908,39.583200000000005,0.032,0.0,-0.007456482115248022,0.004300899873116263,-0.0275483971018331,0.0,0.11
2014-06-26,0.11,2.2083,98.88908,39.583200000000005,0.032,0.0,0.0016769022035548035,0.003699548938313952,-0.0275483971018331,0.0,0.11
2014-06-27,0.11,2.1969,98.88908,39.583200000000005,0.032,0.0,-0.005175712997636237,0.0038197407200060434,-0.0275483971018331,0.0,0.11
2014-06-28,0.11,2.1969,98.88908,39.583200000000005,0.032,0.0,0.0,0.0038197407200060434,-0.0275483971018331,0.0,0.11
2014-06-29,0.11,2.1969,98.88908,39.583200000000005,0.032,0.0,0.0,0.003717869813702424,-0.0275483971018331,0.0,0.11
2014-06-30,0.11,2.2019,98.88908,39.583200000000005,0.032,0.0,0.0022733482556061457,0.0037723570565934253,-0.0275483971018331,0.0,0.11
2014-07-01,0.11,2.2048,105.18232,39.587199999999996,0.021,0.0,0.001316177828599548,0.0037894897885777747,-0.014970747112007188,0.0,0.11
2014-07-02,0.11,2.2127,105.18232,39.587199999999996,0.021,0.0,0.0035766874575457546,0.0039011787940412,-0.014970747112007188,0.0,0.11
2014-07-03,0.11,2.2275,105.18232,39.587199999999996,0.021,0.0,0.006666391068079109,0.004182793358727065,-0.014970747112007188,0.0,0.11
2014-07-04,0.11,2.2143,105.18232,39.587199999999996,0.021,0.0,-0.005943553900847994,0.004378298981734886,-0.014970747112007188,0.0,0.11
2014-07-05,0.11,2.2143,105.18232,39.587199999999996,0.021,0.0,0.0,0.004378298981734886,-0.014970747112007188,0.0,0.11
2014-07-06,0.11,2.2143,105.18232,39.587199999999996,0.021,0.0,0.0,0.004371804216323637,-0.014970747112007188,0.0,0.11
2014-07-07,0.11,2.2195,105.18232,39.587199999999996,0.021,0.0,0.002345618829973504,0.003996988404360557,-0.014970747112007188,0.0,0.11
2014-07-08,0.11,2.2144,105.18232,39.587199999999996,0.021,0.0,-0.002300458850739519,0.003957974489996316,-0.014970747112007188,0.0,0.11
2014-07-09,0.11,2.2128,105.18232,39.587199999999996,0.021,0.0,-0.0007228045128565331,0.003953009038971677,-0.014970747112007188,0.0,0.11
2014-07-10,0.11,2.2231,105.18232,39.587199999999996,0.021,0.0,0.004643936297452172,0.0038757417314649097,-0.014970747112007188,0.0,0.11
2014-07-11,0.11,2.2222,105.18232,39.587199999999996,0.021,0.0,-0.00040492205803758103,0.003875036426778028,-0.014970747112007188,0.0,0.11
2014-07-12,0.11,2.2222,105.18232,39.587199999999996,0.021,0.0,0.0,0.003875036426778028,-0.014970747112007188,0.0,0.11
2014-07-13,0.11,2.2222,105.18232,39.587199999999996,0.021,0.0,0.0,0.0033917631731002168,-0.014970747112007188,0.0,0.11
2014-07-14,0.11,2.217,105.18232,39.587199999999996,0.021,0.0,-0.002342765533596843,0.003426086590397982,-0.014970747112007188,0.0,0.11
2014-07-15,0.11,2.2189,105.18232,39.587199999999996,0.021,0.0,0.0008566469560593335,0.0029579384289364517,-0.014970747112007188,0.0,0.11
2014-07-16,0.11,2.2187,105.18232,39.587199999999996,0.021,0.0,-9.013881383418288e-05,0.0029417241304422613,-0.014970747112007188,0.0,0.11
2014-07-17,0.11,2.2397,105.18232,39.587199999999996,0.021,0.0,0.00942048954988842,0.003315579534914918,-0.014970747112007188,0.0,0.11
2014-07-18,0.11,2.2356,105.18232,39.587199999999996,0.021,0.0,-0.0018322799128820235,0.003368530782523718,-0.014970747112007188,0.0,0.11
2014-07-19,0.11,2.2356,105.18232,39.587199999999996,0.021,0.0,0.0,0.003368530782523718,-0.014970747112007188,0.0,0.11
2014-07-20,0.11,2.2356,105.18232,39.587199999999996,0.021,0.0,0.0,0.0033571312985641788,-0.014970747112007188,0.0,0.11
2014-07-21,0.11,2.2232,105.18232,39.587199999999996,0.021,0.0,-0.005562048967249071,0.003637684344913884,-0.014970747112007188,0.0,0.11
2014-07-22,0.11,2.2123,105.18232,39.587199999999996,0.021,0.0,-0.0049149011123529535,0.003743328056428953,-0.014970747112007188,0.0,0.11
2014-07-23,0.11,2.2196,105.18232,39.587199999999996,0.021,0.0,0.0032943011358052754,0.0034945049348959166,-0.014970747112007188,0.0,0.11
2014-07-24,0.11,2.2198,105.18232,39.587199999999996,0.021,0.0,9.010226613303577e-05,0.003220211265874428,-0.014970747112007188,0.0,0.11
2014-07-25,0.11,2.2287,105.18232,39.587199999999996,0.021,0.0,0.004001354107991011,0.0033343751744029505,-0.014970747112007188,0.0,0.11
2014-07-26,0.11,2.2287,105.18232,39.587199999999996,0.021,0.0,0.0,0.0033343751744029505,-0.014970747112007188,0.0,0.11
2014-07-27,0.11,2.2287,105.18232,39.587199999999996,0.021,0.0,0.0,0.0033006102678391045,-0.014970747112007188,0.0,0.11
2014-07-28,0.11,2.2296,105.18232,39.587199999999996,0.021,0.0,0.0004037413418681805,0.003247454068498578,-0.014970747112007188,0.0,0.11
2014-07-29,0.11,2.2272,105.18232,39.587199999999996,0.021,0.0,-0.0010770060276380602,0.003254524965806071,-0.014970747112007188,0.0,0.11
2014-07-30,0.11,2.2441,105.18232,39.587199999999996,0.021,0.0,0.007559358789430461,0.0035131962308672126,-0.014970747112007188,0.0,0.11
2014-07-31,0.11,2.2668,105.18232,39.587199999999996,0.021,0.0,0.010064595365933245,0.00410594316897078,-0.014970747112007188,0.0,0.11
2014-08-01,0.11,2.26,104.07663,39.6862,0.021,0.0,-0.0030043320291327303,0.004198128469844598,-0.023283175498554298,0.0,0.11
2014-08-02,0.11,2.26,104.07663,39.6862,0.021,0.0,0.0,0.004198128469844598,-0.023283175498554298,0.0,0.11
2014-08-03,0.11,2.26,104.07663,39.6862,0.021,0.0,0.0,0.004136785062487953,-0.023283175498554298,0.0,0.11
2014-08-04,0.11,2.2571,104.07663,39.6862,0.021,0.0,-0.0012840098286207061,0.004167194661773717,-0.023283175498554298,0.0,0.11
2014-08-05,0.11,2.275,104.07663,39.6862,0.021,0.0,0.007899248947339876,0.004445612516541843,-0.023283175498554298,0.0,0.11
2014-08-06,0.11,2.2784,104.07663,39.6862,0.021,0.0,0.0014933898326058162,0.00401125259038178,-0.023283175498554298,0.0,0.11
2014-08-07,0.11,2.2796,104.07663,39.6862,0.021,0.0,0.0005265467431878363,0.003962412682087539,-0.023283175498554298,0.0,0.11
2014-08-08,0.11,2.298,104.07663,39.6862,0.021,0.0,0.008039190447856498,0.004255288158555143,-0.023283175498554298,0.0,0.11
2014-08-09,0.11,2.298,104.07663,39.6862,0.021,0.0,0.0,0.004255288158555143,-0.023283175498554298,0.0,0.11
2014-08-10,0.11,2.298,104.07663,39.6862,0.021,0.0,0.0,0.003948662670553385,-0.023283175498554298,0.0,0.11
2014-08-11,0.11,2.2773,104.07663,39.6862,0.021,0.0,-0.009048648717868871,0.004393736103478299,-0.023283175498554298,0.0,0.11
2014-08-12,0.11,2.2764,104.07663,39.6862,0.021,0.0,-0.00039528296186319304,0.004389585970659375,-0.023283175498554298,0.0,0.11
2014-08-13,0.11,2.2686,104.07663,39.6862,0.021,0.0,-0.003432346604026692,0.004508202749792818,-0.023283175498554298,0.0,0.11
2014-08-14,0.11,2.2697,104.07663,39.6862,0.021,0.0,0.00048476302648156003,0.004456851006033458,-0.023283175498554298,0.0,0.11
2014-08-15,0.11,2.2684,104.07663,39.6862,0.021,0.0,-0.0005729270115509119,0.0044648518015546704,-0.023283175498554298,0.0,0.11
2014-08-16,0.11,2.2684,104.07663,39.6862,0.021,0.0,0.0,0.0044648518015546704,-0.023283175498554298,0.0,0.11
2014-08-17,0.11,2.2684,104.07663,39.6862,0.021,0.0,0.0,0.004468043432817895,-0.023283175498554298,0.0,0.11
2014-08-18,0.11,2.2589,104.07663,39.6862,0.021,0.0,-0.004196768026643571,0.004592061148455309,-0.023283175498554298,0.0,0.11
2014-08-19,0.11,2.2581,104.07663,39.6862,0.021,0.0,-0.0003542174046333836,0.004302312095763823,-0.023283175498554298,0.0,0.11
2014-08-20,0.11,2.2544,104.07663,39.6862,0.021,0.0,-0.0016398895641803093,0.0036527607648302205,-0.023283175498554298,0.0,0.11
2014-08-21,0.11,2.2576,104.07663,39.6862,0.021,0.0,0.0014184399541338495,0.003612438263337443,-0.023283175498554298,0.0,0.11
2014-08-22,0.11,2.2772,104.07663,39.6862,0.021,0.0,0.008644315978377354,0.004102957540128694,-0.023283175498554298,0.0,0.11
2014-08-23,0.11,2.2772,104.07663,39.6862,0.021,0.0,0.0,0.004102957540128694,-0.023283175498554298,0.0,0.11
2014-08-24,0.11,2.2772,104.07663,39.6862,0.021,0.0,0.0,0.004085573621094854,-0.023283175498554298,0.0,0.11
2014-08-25,0.11,2.2802,104.07663,39.6862,0.021,0.0,0.0013165403226924157,0.0037002914092265473,-0.023283175498554298,0.0,0.11
2014-08-26,0.11,2.2742,104.07663,39.6862,0.021,0.0,-0.0026348162089967903,0.00373428937763181,-0.023283175498554298,0.0,0.11
2014-08-27,0.11,2.2585,104.07663,39.6862,0.021,0.0,-0.006927466095963506,0.0040295781789199524,-0.023283175498554298,0.0,0.11
2014-08-28,0.11,2.2493,104.07663,39.6862,0.021,0.0,-0.004081819412405849,0.003568338582023658,-0.023283175498554298,0.0,0.11
2014-08-29,0.11,2.239,104.07663,39.6862,0.021,0.0,-0.004589719083498262,0.003642647786840639,-0.023283175498554298,0.0,0.11
2014-08-30,0.11,2.239,104.07663,39.6862,0.021,0.0,0.0,0.003642647786840639,-0.023283175498554298,0.0,0.11
2014-08-31,0.11,2.239,104.07663,39.6862,0.021,0.0,0.0,0.0031595487806990456,-0.023283175498554298,0.0,0.11
2014-09-01,0.11,2.2358,103.97002,39.9124,0.021,0.0,-0.001430231762529505,0.00316021803989166,0.005793687830798477,0.0,0.11
2014-09-02,0.11,2.2515,103.97002,39.9124,0.021,0.0,0.006997554905400992,0.003556077163419552,0.005793687830798477,0.0,0.11
2014-09-03,0.11,2.2313,103.97002,39.9124,0.021,0.0,-0.009012285501168785,0.0040364061273181024,0.005793687830798477,0.0,0.11
2014-09-04,0.11,2.235,103.97002,39.9124,0.021,0.0,0.0016568528072116574,0.0040751620681759556,0.005793687830798477,0.0,0.11
2014-09-05,0.11,2.241,103.97002,39.9124,0.021,0.0,0.002680966753257964,0.004144349290696328,0.005793687830798477,0.0,0.11
2014-09-06,0.11,2.241,103.97002,39.9124,0.021,0.0,0.0,0.004144349290696328,0.005793687830798477,0.0,0.11
2014-09-07,0.11,2.241,103.97002,39.9124,0.021,0.0,0.0,0.004058413126312779,0.005793687830798477,0.0,0.11
2014-09-08,0.11,2.2485,103.97002,39.9124,0.021,0.0,0.0033411324098349083,0.00414372370791602,0.005793687830798477,0.0,0.11
2014-09-09,0.11,2.2807,103.97002,39.9124,0.021,0.0,0.014219086161342208,0.005231045442358372,0.005793687830798477,0.0,0.11
2014-09-10,0.11,2.2961,103.97002,39.9124,0.021,0.0,0.0067296181258733575,0.00540768484516501,0.005793687830798477,0.0,0.11
2014-09-11,0.11,2.2874,103.97002,39.9124,0.021,0.0,-0.0037962301508612057,0.0051738384630611286,0.005793687830798477,0.0,0.11
2014-09-12,0.11,2.3244,103.97002,39.9124,0.021,0.0,0.016046139853834143,0.006266186804945296,0.005793687830798477,0.0,0.11
2014-09-13,0.11,2.3244,103.97002,39.9124,0.021,0.0,0.0,0.006266186804945296,0.005793687830798477,0.0,0.11
2014-09-14,0.11,2.3244,103.97002,39.9124,0.021,0.0,0.0,0.0062698855319240744,0.005793687830798477,0.0,0.11
2014-09-15,0.11,2.3395,103.97002,39.9124,0.021,0.0,0.006475290105320708,0.0063256576753251,0.005793687830798477,0.0,0.11
2014-09-16,0.11,2.3345,103.97002,39.9124,0.021,0.0,-0.0021394958952794256,0.006079093452912503,0.005793687830798477,0.0,0.11
2014-09-17,0.11,2.3378,103.97002,39.9124,0.021,0.0,0.0014125807626784268,0.0059284867202205075,0.005793687830798477,0.0,0.11
2014-09-18,0.11,2.3661,103.97002,39.9124,0.021,0.0,0.012032713898384976,0.0061282327544846475,0.005793687830798477,0.0,0.11
2014-09-19,0.11,2.365,103.97002,39.9124,0.021,0.0,-0.0004650081460214763,0.006140128576546369,0.005793687830798477,0.0,0.11
2014-09-20,0.11,2.365,103.97002,39.9124,0.021,0.0,0.0,0.006140128576546369,0.005793687830798477,0.0,0.11
2014-09-21,0.11,2.365,103.97002,39.9124,0.021,0.0,0.0,0.006097213462016338,0.005793687830798477,0.0,0.11
2014-09-22,0.11,2.3864,103.97002,39.9124,0.021,0.0,0.00900793227450532,0.006185829026783542,0.005793687830798477,0.0,0.11
2014-09-23,0.11,2.402,103.97002,39.9124,0.021,0.0,0.006515769439390104,0.005552839086856903,0.005793687830798477,0.0,0.11
2014-09-24,0.11,2.4064,103.97002,39.9124,0.021,0.0,0.0018301311155919293,0.005549640918824726,0.005793687830798477,0.0,0.11
2014-09-25,0.11,2.4078,103.97002,39.9124,0.021,0.0,0.0005816127454051795,0.00558953136559859,0.005793687830798477,0.0,0.11
2014-09-26,0.11,2.4304,103.97002,39.9124,0.021,0.0,0.009342385340582467,0.005663643699519859,0.005793687830798477,0.0,0.11
2014-09-27,0.11,2.4304,103.97002,39.9124,0.021,0.0,0.0,0.005663643699519859,0.005793687830798477,0.0,0.11
2014-09-28,0.11,2.4304,103.97002,39.9124,0.021,0.0,0.0,0.005734690578166139,0.005793687830798477,0.0,0.11
2014-09-29,0.11,2.4516,103.97002,39.9124,0.021,0.0,0.008685019770068154,0.005329232231061135,0.005793687830798477,0.0,0.11
2014-09-30,0.11,2.4504,103.97002,39.9124,0.021,0.0,-0.0004895960930111225,0.005351461327397386,0.005793687830798477,0.0,0.11
2014-10-01,0.11,2.4617,105.0808,40.08,0.012,0.0,0.004600891648535193,0.005092521038861317,-0.014481238240312777,0.0,0.11
2014-10-02,0.11,2.4779,105.0808,40.08,0.012,0.0,0.00655925908259624,0.004251656493826842,-0.014481238240312777,0.0,0.11
2014-10-03,0.11,2.4926,105.0808,40.08,0.012,0.0,0.005914915142579454,0.004223159254174212,-0.014481238240312777,0.0,0.11
2014-10-04,0.11,2.4926,105.0808,40.08,0.012,0.0,0.0,0.004223159254174212,-0.014481238240312777,0.0,0.11
2014-10-05,0.11,2.4926,105.0808,40.08,0.012,0.0,0.0,0.0042307134098262915,-0.014481238240312777,0.0,0.11
2014-10-06,0.11,2.4092,105.0808,40.08,0.012,0.0,-0.03403160022271053,0.009304662251497148,-0.014481238240312777,0.0,0.11
2014-10-07,0.11,2.4032,105.0808,40.08,0.012,0.0,-0.002493559599750269,0.009349136701078727,-0.014481238240312777,0.0,0.11
2014-10-08,0.11,2.4065,105.0808,40.08,0.012,0.0,0.001372227173348491,0.009007448658406286,-0.014481238240312777,0.0,0.11
2014-10-09,0.11,2.3908,105.0808,40.08,0.012,0.0,-0.0065453717930648745,0.009155441005447993,-0.014481238240312777,0.0,0.11
2014-10-10,0.11,2.4096,105.0808,40.08,0.012,0.0,0.007832720655475394,0.009297439723532025,-0.014481238240312777,0.0,0.11
2014-10-11,0.11,2.4096,105.0808,40.08,0.012,0.0,0.0,0.009297439723532025,-0.014481238240312777,0.0,0.11
2014-10-12,0.11,2.4096,105.0808,40.08,0.012,0.0,0.0,0.009101863948657377,-0.014481238240312777,0.0,0.11
2014-10-13,0.11,2.3917,105.0808,40.08,0.012,0.0,-0.00745634846075529,0.00915059171882645,-0.014481238240312777,0.0,0.11
2014-10-14,0.11,2.3985,105.0808,40.08,0.012,0.0,0.002839131797299407,0.009165229580081596,-0.014481238240312777,0.0,0.11
2014-10-15,0.11,2.431,105.0808,40.08,0.012,0.0,0.01345915337400493,0.009659412517738912,-0.014481238240312777,0.0,0.11
2014-10-16,0.11,2.4763,105.0808,40.08,0.012,0.0,0.018462815315097303,0.01029427853061264,-0.014481238240312777,0.0,0.11
2014-10-17,0.11,2.447,105.0808,40.08,0.012,0.0,-0.011902726188548965,0.010687749943915489,-0.014481238240312777,0.0,0.11
2014-10-18,0.11,2.447,105.0808,40.08,0.012,0.0,0.0,0.010687749943915489,-0.014481238240312777,0.0,0.11
2014-10-19,0.11,2.447,105.0808,40.08,0.012,0.0,0.0,0.010505744707028294,-0.014481238240312777,0.0,0.11
2014-10-20,0.11,2.4548,105.0808,40.08,0.012,0.0,0.0031825070722702117,0.010530524174324731,-0.014481238240312777,0.0,0.11
2014-10-21,0.11,2.4791,105.0808,40.08,0.012,0.0,0.009850299552968157,0.010712726027434886,-0.014481238240312777,0.0,0.11
2014-10-22,0.11,2.4775,105.0808,40.08,0.012,0.0,-0.000645603863766998,0.010613694211870051,-0.014481238240312777,0.0,0.11
2014-10-23,0.11,2.4998,105.0808,40.08,0.012,0.0,0.008960741451978387,0.010724427544045964,-0.014481238240312777,0.0,0.11
2014-10-24,0.11,2.4799,105.0808,40.08,0.012,0.0,-0.007992491890715719,0.010877898525950606,-0.014481238240312777,0.0,0.11
2014-10-25,0.11,2.4799,105.0808,40.08,0.012,0.0,0.0,0.010877898525950606,-0.014481238240312777,0.0,0.11
2014-10-26,0.11,2.4799,105.0808,40.08,0.012,0.0,0.0,0.007432401492367835,-0.014481238240312777,0.0,0.11
2014-10-27,0.11,2.5335,105.0808,40.08,0.012,0.0,0.021383509150558797,0.008593269470145163,-0.014481238240312777,0.0,0.11
2014-10-28,0.11,2.4863,105.0808,40.08,0.012,0.0,-0.01880608434165221,0.009843543256878973,-0.014481238240312777,0.0,0.11
2014-10-29,0.11,2.434,105.0808,40.08,0.012,0.0,-0.02125966702683975,0.010972019205774064,-0.014481238240312777,0.0,0.11
2014-10-30,0.1125,2.4113,105.0808,40.08,0.012,0.0025000000000000022,-0.009369973409813038,0.011073376483430947,-0.014481238240312777,0.0,0.1125
2014-10-31,0.1125,2.4436,105.0808,40.08,0.012,0.0,0.013306340637952363,0.011463996244301179,-0.014481238240312777,0.0,0.1125
2014-11-01,0.1125,2.4436,101.72305,40.2844,0.012,0.0,0.0,0.011463996244301179,-0.019415038649139182,0.0,0.1125
2014-11-02,0.1125,2.4436,101.72305,40.2844,0.012,0.0,0.0,0.011304904523301051,-0.019415038649139182,0.0,0.1125
2014-11-03,0.1125,2.4833,101.72305,40.2844,0.012,0.0,0.01611595902100469,0.011793315657209492,-0.019415038649139182,0.0,0.1125
2014-11-04,0.1125,2.5189,101.72305,40.2844,0.012,0.0,0.014233977475021965,0.01183504779082704,-0.019415038649139182,0.0,0.1125
2014-11-05,0.1125,2.5162,101.72305,40.2844,0.012,0.0,-0.0010724713546081475,0.011172995180600543,-0.019415038649139182,0.0,0.1125
2014-11-06,0.1125,2.5319,101.72305,40.2844,0.012,0.0,0.006220182096334947,0.010817885189184539,-0.019415038649139182,0.0,0.1125
2014-11-07,0.1125,2.5715,101.72305,40.2844,0.012,0.0,0.015519377201605285,0.011237583525383309,-0.019415038649139182,0.0,0.1125
2014-11-08,0.1125,2.5715,101.72305,40.2844,0.012,0.0,0.0,0.011237583525383309,-0.019415038649139182,0.0,0.1125
2014-11-09,0.1125,2.5715,101.72305,40.2844,0.012,0.0,0.0,0.01124965804998994,-0.019415038649139182,0.0,0.1125
2014-11-10,0.1125,2.5384,101.72305,40.2844,0.012,0.0,-0.012955424945984928,0.011596891648371528,-0.019415038649139182,0.0,0.1125
2014-11-11,0.1125,2.5638,101.72305,40.2844,0.012,0.0,0.009956571609048453,0.011750261844608489,-0.019415038649139182,0.0,0.1125
2014-11-12,0.1125,2.5544,101.72305,40.2844,0.012,0.0,-0.0036731704774621296,0.011679446918730952,-0.019415038649139182,0.0,0.1125
2014-11-13,0.1125,2.5719,101.72305,40.2844,0.012,0.0,0.006827562952247734,0.011542855991755004,-0.019415038649139182,0.0,0.1125
2014-11-14,0.1125,2.6129,101.72305,40.2844,0.012,0.0,0.01581579024794637,0.011946224988359507,-0.019415038649139182,0.0,0.1125
2014-11-15,0.1125,2.6129,101.72305,40.2844,0.012,0.0,0.0,0.011946224988359507,-0.019415038649139182,0.0,0.1125
2014-11-16,0.1125,2.6129,101.72305,40.2844,0.012,0.0,0.0,0.0111050702114616,-0.019415038649139182,0.0,0.1125
2014-11-17,0.1125,2.6029,101.72305,40.2844,0.012,0.0,-0.0038345075550712195,0.010122293256289107,-0.019415038649139182,0.0,0.1125
2014-11-18,0.1125,2.5961,101.72305,40.2844,0.012,0.0,-0.002615889162388719,0.008580271291082672,-0.019415038649139182,0.0,0.1125
2014-11-19,0.1125,2.5843,101.72305,40.2844,0.012,0.0,-0.004555640648581983,0.00827029732162592,-0.019415038649139182,0.0,0.1125
2014-11-20,0.1125,2.544,101.72305,40.2844,0.012,0.0,-0.015717032774711436,0.008969263898237672,-0.019415038649139182,0.0,0.1125
2014-11-21,0.1125,2.5384,101.72305,40.2844,0.012,0.0,-0.0022036841910268957,0.009008746663138898,-0.019415038649139182,0.0,0.1125
2014-11-22,0.1125,2.5384,101.72305,40.2844,0.012,0.0,0.0,0.009008746663138898,-0.019415038649139182,0.0,0.1125
2014-11-23,0.1125,2.5384,101.72305,40.2844,0.012,0.0,0.0,0.008368557657960513,-0.019415038649139182,0.0,0.1125
2014-11-24,0.1125,2.5276,101.72305,40.2844,0.012,0.0,-0.0042637253696856245,0.007846158196948037,-0.019415038649139182,0.0,0.1125
2014-11-25,0.1125,2.523,101.72305,40.2844,0.012,0.0,-0.00182156625824245,0.007854197354206406,-0.019415038649139182,0.0,0.1125
2014-11-26,0.1125,2.5097,101.72305,40.2844,0.012,0.0,-0.005285445570891766,0.007806243754772581,-0.019415038649139182,0.0,0.1125
2014-11-27,0.1125,2.5059,101.72305,40.2844,0.012,0.0,-0.001515272640195721,0.006843150080775857,-0.019415038649139182,0.0,0.1125
2014-11-28,0.1125,2.5595,101.72305,40.2844,0.012,0.0,0.021163975467667576,0.008491340082177131,-0.019415038649139182,0.0,0.1125
2014-11-29,0.1125,2.5595,101.72305,40.2844,0.012,0.0,0.0,0.008491340082177131,-0.019415038649139182,0.0,0.1125
2014-11-30,0.1125,2.5595,101.72305,40.2844,0.012,0.0,0.0,0.007946462077511799,-0.019415038649139182,0.0,0.1125
2014-12-01,0.1125,2.5618,102.1132,40.598600000000005,0.012,0.0,0.0008982094993978362,0.00762560844285162,-0.0020271573803989362,0.0,0.1125
2014-12-02,0.1125,2.5658,102.1132,40.598600000000005,0.012,0.0,0.0015601844182042465,0.007584017756938655,-0.0020271573803989362,0.0,0.1125
2014-12-03,0.1125,2.5601,102.1132,40.598600000000005,0.012,0.0,-0.0022240006045512804,0.0074377905169453135,-0.0020271573803989362,0.0,0.1125
2014-12-04,0.1175,2.5791,102.1132,40.598600000000005,0.012,0.0049999999999999906,0.007394180637819476,0.006681512485153011,-0.0020271573803989362,0.0,0.1175
2014-12-05,0.1175,2.5882,102.1132,40.598600000000005,0.012,0.0,0.003522152539061606,0.00674568388918633,-0.0020271573803989362,0.0,0.1175
2014-12-06,0.1175,2.5882,102.1132,40.598600000000005,0.012,0.0,0.0,0.00674568388918633,-0.0020271573803989362,0.0,0.1175
2014-12-07,0.1175,2.5882,102.1132,40.598600000000005,0.012,0.0,0.0,0.006699505834312836,-0.0020271573803989362,0.0,0.1175
2014-12-08,0.1175,2.5917,102.1132,40.598600000000005,0.012,0.0,0.0013513776453783373,0.00668552032550112,-0.0020271573803989362,0.0,0.1175
2014-12-09,0.1175,2.601,102.1132,40.598600000000005,0.012,0.0,0.0035819554157033263,0.006646619039071394,-0.0020271573803989362,0.0,0.1175
2014-12-10,0.1175,2.5925,102.1132,40.598600000000005,0.012,0.0,-0.003273325344969249,0.005559748289054779,-0.0020271573803989362,0.0,0.1175
2014-12-11,0.1175,2.6265,102.1132,40.598600000000005,0.012,0.0,0.013029500290333897,0.0061209153311104405,-0.0020271573803989362,0.0,0.1175
2014-12-12,0.1175,2.6552,102.1132,40.598600000000005,0.012,0.0,0.01086782001174854,0.0064358023085125055,-0.0020271573803989362,0.0,0.1175
2014-12-13,0.1175,2.6552,102.1132,40.598600000000005,0.012,0.0,0.0,0.0064358023085125055,-0.0020271573803989362,0.0,0.1175
2014-12-14,0.1175,2.6552,102.1132,40.598600000000005,0.012,0.0,0.0,0.006277371015537518,-0.0020271573803989362,0.0,0.1175
2014-12-15,0.1175,2.6711,102.1132,40.598600000000005,0.012,0.0,0.005970391164730936,0.00623917544932735,-0.0020271573803989362,0.0,0.1175
2014-12-16,0.1175,2.7397,102.1132,40.598600000000005,0.012,0.0,0.025358052766161626,0.007722035688340661,-0.0020271573803989362,0.0,0.1175
2014-12-17,0.1175,2.724,102.1132,40.598600000000005,0.012,0.0,-0.005747037067254302,0.007946896687214627,-0.0020271573803989362,0.0,0.1175
2014-12-18,0.1175,2.6669,102.1132,40.598600000000005,0.012,0.0,-0.02118463910344145,0.008779547805958653,-0.0020271573803989362,0.0,0.1175
2014-12-19,0.1175,2.648,102.1132,40.598600000000005,0.012,0.0,-0.007112111109062764,0.009008230033464676,-0.0020271573803989362,0.0,0.1175
2014-12-20,0.1175,2.648,102.1132,40.598600000000005,0.012,0.0,0.0,0.009008230033464676,-0.0020271573803989362,0.0,0.1175
2014-12-21,0.1175,2.648,102.1132,40.598600000000005,0.012,0.0,0.0,0.009014672533001523,-0.0020271573803989362,0.0,0.1175
2014-12-22,0.1175,2.652,102.1132,40.598600000000005,0.012,0.0,0.0015094342488543404,0.009014707688222887,-0.0020271573803989362,0.0,0.1175
2014-12-23,0.1175,2.6769,102.1132,40.598600000000005,0.012,0.0,0.00934533626846228,0.009123426652020988,-0.0020271573803989362,0.0,0.1175
2014-12-24,0.1175,2.6822,102.1132,40.598600000000005,0.012,0.0,0.001977944702624368,0.009042113289943948,-0.0020271573803989362,0.0,0.1175
2014-12-25,0.1175,2.6822,102.1132,40.598600000000005,0.012,0.0,0.0,0.009044382772900265,-0.0020271573803989362,0.0,0.1175
2014-12-26,0.1175,2.6806,102.1132,40.598600000000005,0.012,0.0,-0.0005967032324434044,0.009051557900210014,-0.0020271573803989362,0.0,0.1175
2014-12-27,0.1175,2.6806,102.1132,40.598600000000005,0.012,0.0,0.0,0.009051557900210014,-0.0020271573803989362,0.0,0.1175
2014-12-28,0.1175,2.6806,102.1132,40.598600000000005,0.012,0.0,0.0,0.009059761055962184,-0.0020271573803989362,0.0,0.1175
2014-12-29,0.1175,2.6777,102.1132,40.598600000000005,0.012,0.0,-0.0010824329668556944,0.009068426930840678,-0.0020271573803989362,0.0,0.1175
2014-12-30,0.1175,2.6556,102.1132,40.598600000000005,0.012,0.0,-0.008287599232536283,0.009272983016636536,-0.0020271573803989362,0.0,0.1175
2014-12-31,0.1175,2.6556,102.1132,40.598600000000005,0.012,0.0,0.0,0.00884620965736013,-0.0020271573803989362,0.0,0.1175
2015-01-01,0.1175,2.6556,97.57691,41.102,0.005,0.0,0.0,0.008506383836461247,-0.02594620872643283,0.0,0.1175
2015-01-02,0.1175,2.6923,97.57691,41.102,0.005,0.0,0.01372522901807076,0.009042498541381479,-0.02594620872643283,0.0,0.1175
2015-01-03,0.1175,2.6923,97.57691,41.102,0.005,0.0,0.0,0.009042498541381479,-0.02594620872643283,0.0,0.1175
2015-01-04,0.1175,2.6923,97.57691,41.102,0.005,0.0,0.0,0.008957282843429925,-0.02594620872643283,0.0,0.1175
2015-01-05,0.1175,2.7101,97.57691,41.102,0.005,0.0,0.00658968769887335,0.006966246641275239,-0.02594620872643283,0.0,0.1175
2015-01-06,0.1175,2.7016,97.57691,41.102,0.005,0.0,-0.0031413444905904757,0.00688772331541965,-0.02594620872643283,0.0,0.1175
2015-01-07,0.1175,2.6801,97.57691,41.102,0.005,0.0,-0.007990082829748616,0.005224520111302332,-0.02594620872643283,0.0,0.1175
2015-01-08,0.1175,2.6913,97.57691,41.102,0.005,0.0,0.0041702409917382536,0.004992047930691615,-0.02594620872643283,0.0,0.1175
2015-01-09,0.1175,2.6577,97.57691,41.102,0.005,0.0,-0.012563261147251079,0.005821065682381529,-0.02594620872643283,0.0,0.1175
2015-01-10,0.1175,2.6577,97.57691,41.102,0.005,0.0,0.0,0.005821065682381529,-0.02594620872643283,0.0,0.1175
2015-01-11,0.1175,2.6577,97.57691,41.102,0.005,0.0,0.0,0.005812739699612575,-0.02594620872643283,0.0,0.1175
2015-01-12,0.1175,2.6569,97.57691,41.102,0.005,0.0,-0.00030105746661755636,0.005390755676492925,-0.02594620872643283,0.0,0.1175
2015-01-13,0.1175,2.6479,97.57691,41.102,0.005,0.0,-0.0033931566261243603,0.005401147569344594,-0.02594620872643283,0.0,0.1175
2015-01-14,0.1175,2.6216,97.57691,41.102,0.005,0.0,-0.009982054608749728,0.005786042489198074,-0.02594620872643283,0.0,0.1175
2015-01-15,0.1175,2.6116,97.57691,41.102,0.005,0.0,-0.0038217580721262934,0.00581489525317383,-0.02594620872643283,0.0,0.1175
2015-01-16,0.1175,2.6187,97.57691,41.102,0.005,0.0,0.002714951096935239,0.005878280624347069,-0.02594620872643283,0.0,0.1175
2015-01-17,0.1175,2.6187,97.57691,41.102,0.005,0.0,0.0,0.005878280624347069,-0.02594620872643283,0.0,0.1175
2015-01-18,0.1175,2.6187,97.57691,41.102,0.005,0.0,0.0,0.005884091325071762,-0.02594620872643283,0.0,0.1175
2015-01-19,0.1175,2.6237,97.57691,41.102,0.005,0.0,0.0019075238501841943,0.005667545403387389,-0.02594620872643283,0.0,0.1175
2015-01-20,0.1175,2.6241,97.57691,41.102,0.005,0.0,0.00015244483432090518,0.005668503261964201,-0.02594620872643283,0.0,0.1175
2015-01-21,0.1175,2.5961,97.57691,41.102,0.005,0.0,-0.010727661210612603,0.006100191132337854,-0.02594620872643283,0.0,0.1175
2015-01-22,0.1225,2.5748,97.57691,41.102,0.005,0.0050000000000000044,-0.00823845770484538,0.00519429865312209,-0.02594620872643283,0.0,0.1225
2015-01-23,0.1225,2.585,97.57691,41.102,0.005,0.0,0.003953646764068674,0.005356385936515671,-0.02594620872643283,0.0,0.1225
2015-01-24,0.1225,2.585,97.57691,41.102,0.005,0.0,0.0,0.005356385936515671,-0.02594620872643283,0.0,0.1225
2015-01-25,0.1225,2.585,97.57691,41.102,0.005,0.0,0.0,0.0049880429098556585,-0.02594620872643283,0.0,0.1225
2015-01-26,0.1225,2.596,97.57691,41.102,0.005,0.0,0.004246290881451224,0.005196552181855573,-0.02594620872643283,0.0,0.1225
2015-01-27,0.1225,2.5803,97.57691,41.102,0.005,0.0,-0.006066127598437189,0.00509654995171611,-0.02594620872643283,0.0,0.1225
2015-01-28,0.1225,2.5791,97.57691,41.102,0.005,0.0,-0.000465170377035355,0.00490800670894223,-0.02594620872643283,0.0,0.1225
2015-01-29,0.1225,2.5954,97.57691,41.102,0.005,0.0,0.006300146454622152,0.004600198060215361,-0.02594620872643283,0.0,0.1225
2015-01-30,0.1225,2.6617,97.57691,41.102,0.005,0.0,0.02522436908098262,0.007491620899071879,-0.02594620872643283,0.0,0.1225
2015-01-31,0.1225,2.6617,97.57691,41.102,0.005,0.0,0.0,0.007491620899071879,-0.02594620872643283,0.0,0.1225
2015-02-01,0.1225,2.6617,96.03743,41.6034,0.005,0.0,0.0,0.007491127544671694,-0.04673581160200413,0.0,0.1225
2015-02-02,0.1225,2.6888,96.03743,41.6034,0.005,0.0,0.010129981026783018,0.0077654470118625534,-0.04673581160200413,0.0,0.1225
2015-02-03,0.1225,2.7053,96.03743,41.6034,0.005,0.0,0.006117814450229451,0.007419352536768466,-0.04673581160200413,0.0,0.1225
2015-02-04,0.1225,2.7142,96.03743,41.6034,0.005,0.0,0.003284438786144839,0.007316932417598541,-0.04673581160200413,0.0,0.1225
2015-02-05,0.1225,2.738,96.03743,41.6034,0.005,0.0,0.008730476201123976,0.007473014924813488,-0.04673581160200413,0.0,0.1225
2015-02-06,0.1225,2.7635,96.03743,41.6034,0.005,0.0,0.009270265424923508,0.007613752275658853,-0.04673581160200413,0.0,0.1225
2015-02-07,0.1225,2.7635,96.03743,41.6034,0.005,0.0,0.0,0.007613752275658853,-0.04673581160200413,0.0,0.1225
2015-02-08,0.1225,2.7635,96.03743,41.6034,0.005,0.0,0.0,0.007635998403329524,-0.04673581160200413,0.0,0.1225
2015-02-09,0.1225,2.7867,96.03743,41.6034,0.005,0.0,0.008360107788267233,0.007717897320394985,-0.04673581160200413,0.0,0.1225
2015-02-10,0.1225,2.8069,96.03743,41.6034,0.005,0.0,0.007222571443046701,0.0070517191201515065,-0.04673581160200413,0.0,0.1225
2015-02-11,0.1225,2.857,96.03743,41.6034,0.005,0.0,0.017691451726141547,0.007085454558972387,-0.04673581160200413,0.0,0.1225
2015-02-12,0.1225,2.8619,96.03743,41.6034,0.005,0.0,0.0017136166742076587,0.007123793726526869,-0.04673581160200413,0.0,0.1225
2015-02-13,0.1225,2.8385,96.03743,41.6034,0.005,0.0,-0.008209996294200026,0.007649558824664587,-0.04673581160200413,0.0,0.1225
2015-02-14,0.1225,2.8385,96.03743,41.6034,0.005,0.0,0.0,0.007649558824664587,-0.04673581160200413,0.0,0.1225
2015-02-15,0.1225,2.8385,96.03743,41.6034,0.005,0.0,0.0,0.007720754223224206,-0.04673581160200413,0.0,0.1225
2015-02-16,0.1225,2.8385,96.03743,41.6034,0.005,0.0,0.0,0.007397653106075191,-0.04673581160200413,0.0,0.1225
2015-02-17,0.1225,2.8385,96.03743,41.6034,0.005,0.0,0.0,0.007381044791869404,-0.04673581160200413,0.0,0.1225
2015-02-18,0.1225,2.8424,96.03743,41.6034,0.005,0.0,0.001373022096036422,0.007410218246231389,-0.04673581160200413,0.0,0.1225
2015-02-19,0.1225,2.8539,96.03743,41.6034,0.005,0.0,0.004037714173703732,0.005589039418807125,-0.04673581160200413,0.0,0.1225
2015-02-20,0.1225,2.8694,96.03743,41.6034,0.005,0.0,0.0054164687837687285,0.005542261960784344,-0.04673581160200413,0.0,0.1225
2015-02-21,0.1225,2.8694,96.03743,41.6034,0.005,0.0,0.0,0.005542261960784344,-0.04673581160200413,0.0,0.1225
2015-02-22,0.1225,2.8694,96.03743,41.6034,0.005,0.0,0.0,0.005389970836035944,-0.04673581160200413,0.0,0.1225
2015-02-23,0.1225,2.8805,96.03743,41.6034,0.005,0.0,0.0038609415081482354,0.005350257923844247,-0.04673581160200413,0.0,0.1225
2015-02-24,0.1225,2.8643,96.03743,41.6034,0.005,0.0,-0.0056398979743014594,0.005698198396559624,-0.04673581160200413,0.0,0.1225
2015-02-25,0.1225,2.864,96.03743,41.6034,0.005,0.0,-0.00010474311760011115,0.0055458075319524585,-0.04673581160200413,0.0,0.1225
2015-02-26,0.1225,2.8721,96.03743,41.6034,0.005,0.0,0.0028242204229174646,0.005298094023175563,-0.04673581160200413,0.0,0.1225
2015-02-27,0.1225,2.8777,96.03743,41.6034,0.005,0.0,0.0019478944556923468,0.005278668748248115,-0.04673581160200413,0.0,0.1225
2015-02-28,0.1225,2.8777,96.03743,41.6034,0.005,0.0,0.0,0.005278668748248115,-0.04673581160200413,0.0,0.1225
2015-03-01,0.1225,2.8777,104.95041,42.1526,0.005,0.0,0.0,0.005077760872970154,0.003285256448556151,0.0,0.1225
2015-03-02,0.1225,2.8649,104.95041,42.1526,0.005,0.0,-0.0044579184334269965,0.005069560797259372,0.003285256448556151,0.0,0.1225
2015-03-03,0.1225,2.9045,104.95041,42.1526,0.005,0.0,0.013727812906868177,0.004419425356580522,0.003285256448556151,0.0,0.1225
2015-03-04,0.1225,2.9798,104.95041,42.1526,0.005,0.0,0.025594925720651553,0.00709100531158645,0.003285256448556151,0.0,0.1225
2015-03-05,0.1275,2.9925,104.95041,42.1526,0.005,0.0050000000000000044,0.004252974278889482,0.006680563613443228,0.003285256448556151,0.0,0.1275
2015-03-06,0.1275,3.036,104.95041,42.1526,0.005,0.0,0.014431701083392189,0.0071435704069894015,0.003285256448556151,0.0,0.1275
2015-03-07,0.1275,3.036,104.95041,42.1526,0.005,0.0,0.0,0.0071435704069894015,0.003285256448556151,0.0,0.1275
2015-03-08,0.1275,3.036,104.95041,42.1526,0.005,0.0,0.0,0.0071435704069894015,0.003285256448556151,0.0,0.1275
2015-03-09,0.1275,3.1012,104.95041,42.1526,0.005,0.0,0.02124827382928336,0.008129120132780726,0.003285256448556151,0.0,0.1275
2015-03-10,0.1275,3.1293,104.95041,42.1526,0.005,0.0,0.00902020400523121,0.008157774497609316,0.003285256448556151,0.0,0.1275
2015-03-11,0.1275,3.1156,104.95041,42.1526,0.005,0.0,-0.004387587304241671,0.00841318855730855,0.003285256448556151,0.0,0.1275
2015-03-12,0.1275,3.1165,104.95041,42.1526,0.005,0.0,0.0002888272031116641,0.008458167170857993,0.003285256448556151,0.0,0.1275
2015-03-13,0.1275,3.2258,104.95041,42.1526,0.005,0.0,0.03447040423417705,0.010768662480021333,0.003285256448556151,0.0,0.1275
2015-03-14,0.1275,3.2258,104.95041,42.1526,0.005,0.0,0.0,0.010768662480021333,0.003285256448556151,0.0,0.1275
2015-03-15,0.1275,3.2258,104.95041,42.1526,0.005,0.0,0.0,0.010840636686070559,0.003285256448556151,0.0,0.1275
2015-03-16,0.1275,3.2251,104.95041,42.1526,0.005,0.0,-0.00021702398200171548,0.010608439395034756,0.003285256448556151,0.0,0.1275
2015-03-17,0.1275,3.2677,104.95041,42.1526,0.005,0.0,0.013122415999396808,0.010624581020395213,0.003285256448556151,0.0,0.1275
2015-03-18,0.1275,3.2512,104.95041,42.1526,0.005,0.0,-0.005062214556369173,0.01091423230168467,0.003285256448556151,0.0,0.1275
2015-03-19,0.1275,3.2635,104.95041,42.1526,0.005,0.0,0.003776080131164076,0.010884368973619215,0.003285256448556151,0.0,0.1275
2015-03-20,0.1275,3.2417,104.95041,42.1526,0.005,0.0,-0.006702355533252612,0.011187204493856526,0.003285256448556151,0.0,0.1275
2015-03-21,0.1275,3.2417,104.95041,42.1526,0.005,0.0,0.0,0.011187204493856526,0.003285256448556151,0.0,0.1275
2015-03-22,0.1275,3.2417,104.95041,42.1526,0.005,0.0,0.0,0.011011845153106443,0.003285256448556151,0.0,0.1275
2015-03-23,0.1275,3.1793,104.95041,42.1526,0.005,0.0,-0.01943683678519741,0.012243352971076947,0.003285256448556151,0.0,0.1275
2015-03-24,0.1275,3.1304,104.95041,42.1526,0.005,0.0,-0.0155002548606195,0.011965544162149459,0.003285256448556151,0.0,0.1275
2015-03-25,0.1275,3.1469,104.95041,42.1526,0.005,0.0,0.005257049368443035,0.011975541986401453,0.003285256448556151,0.0,0.1275
2015-03-26,0.1275,3.1909,104.95041,42.1526,0.005,0.0,0.01388516738403351,0.011947510184828572,0.003285256448556151,0.0,0.1275
2015-03-27,0.1275,3.2253,104.95041,42.1526,0.005,0.0,0.010722960510612802,0.012069949689673658,0.003285256448556151,0.0,0.1275
2015-03-28,0.1275,3.2253,104.95041,42.1526,0.005,0.0,0.0,0.012069949689673658,0.003285256448556151,0.0,0.1275
2015-03-29,0.1275,3.2253,104.95041,42.1526,0.005,0.0,0.0,0.01129146590684613,0.003285256448556151,0.0,0.1275
2015-03-30,0.1275,3.2595,104.95041,42.1526,0.005,0.0,0.010547840205302009,0.011346757135132361,0.003285256448556151,0.0,0.1275
2015-03-31,0.1275,3.2074,104.95041,42.1526,0.005,0.0,-0.016113169289885602,0.011981425551392701,0.003285256448556151,0.0,0.1275
2015-04-01,0.1275,3.1549,99.98713,42.451899999999995,-0.006999999999999999,0.0,-0.0165038403227925,0.01263765111690717,-0.03551879466002206,0.0,0.1275
2015-04-02,0.1275,3.1486,99.98713,42.451899999999995,-0.006999999999999999,0.0,-0.001998890171387283,0.009809881486515688,-0.03551879466002206,0.0,0.1275
2015-04-03,0.1275,3.1486,99.98713,42.451899999999995,-0.006999999999999999,0.0,0.0,0.009809881486515688,-0.03551879466002206,0.0,0.1275
2015-04-04,0.1275,3.1486,99.98713,42.451899999999995,-0.006999999999999999,0.0,0.0,0.009809881486515688,-0.03551879466002206,0.0,0.1275
2015-04-05,0.1275,3.1486,99.98713,42.451899999999995,-0.006999999999999999,0.0,0.0,0.009811158966849512,-0.03551879466002206,0.0,0.1275
2015-04-06,0.1275,3.092,99.98713,42.451899999999995,-0.006999999999999999,0.0,-0.018139778873216057,0.009899115656559728,-0.03551879466002206,0.0,0.1275
2015-04-07,0.1275,3.1225,99.98713,42.451899999999995,-0.006999999999999999,0.0,0.00981583229242018,0.010269378110843943,-0.03551879466002206,0.0,0.1275
2015-04-08,0.1275,3.0828,99.98713,42.451899999999995,-0.006999999999999999,0.0,-0.012795688095894528,0.010444208644241287,-0.03551879466002206,0.0,0.1275
2015-04-09,0.1275,3.0459,99.98713,42.451899999999995,-0.006999999999999999,0.0,-0.012041850928551492,0.01061476793727519,-0.03551879466002206,0.0,0.1275
2015-04-10,0.1275,3.0789,99.98713,42.451899999999995,-0.006999999999999999,0.0,0.010775966344491739,0.011045942074990881,-0.03551879466002206,0.0,0.1275
2015-04-11,0.1275,3.0789,99.98713,42.451899999999995,-0.006999999999999999,0.0,0.0,0.011045942074990881,-0.03551879466002206,0.0,0.1275
2015-04-12,0.1275,3.0789,99.98713,42.451899999999995,-0.006999999999999999,0.0,0.0,0.010315325835952845,-0.03551879466002206,0.0,0.1275
2015-04-13,0.1275,3.1005,99.98713,42.451899999999995,-0.006999999999999999,0.0,0.006990998470154157,0.009939839403761187,-0.03551879466002206,0.0,0.1275
2015-04-14,0.1275,3.0874,99.98713,42.451899999999995,-0.006999999999999999,0.0,-0.004234076042191603,0.009877900595240763,-0.03551879466002206,0.0,0.1275
2015-04-15,0.1275,3.0675,99.98713,42.451899999999995,-0.006999999999999999,0.0,-0.0064664151626744985,0.009300097942338442,-0.03551879466002206,0.0,0.1275
2015-04-16,0.1275,3.0243,99.98713,42.451899999999995,-0.006999999999999999,0.0,-0.014183237857060866,0.009177434305394007,-0.03551879466002206,0.0,0.1275
2015-04-17,0.1275,3.0538,99.98713,42.451899999999995,-0.006999999999999999,0.0,0.009707057021405629,0.009603337264939293,-0.03551879466002206,0.0,0.1275
2015-04-18,0.1275,3.0538,99.98713,42.451899999999995,-0.006999999999999999,0.0,0.0,0.009603337264939293,-0.03551879466002206,0.0,0.1275
2015-04-19,0.1275,3.0538,99.98713,42.451899999999995,-0.006999999999999999,0.0,0.0,0.009112759290592127,-0.03551879466002206,0.0,0.1275
2015-04-20,0.1275,3.0467,99.98713,42.451899999999995,-0.006999999999999999,0.0,-0.0023276791101394744,0.008596053981140486,-0.03551879466002206,0.0,0.1275
2015-04-21,0.1275,3.0467,99.98713,42.451899999999995,-0.006999999999999999,0.0,0.0,0.007956419249193202,-0.03551879466002206,0.0,0.1275
2015-04-22,0.1275,3.018,99.98713,42.451899999999995,-0.006999999999999999,0.0,-0.009464677311477581,0.008141935847534348,-0.03551879466002206,0.0,0.1275
2015-04-23,0.1275,3.0077,99.98713,42.451899999999995,-0.006999999999999999,0.0,-0.0034186932743872763,0.00813100485791758,-0.03551879466002206,0.0,0.1275
2015-04-24,0.1275,2.9739,99.98713,42.451899999999995,-0.006999999999999999,0.0,-0.011301444346445364,0.008353214085143468,-0.03551879466002206,0.0,0.1275
2015-04-25,0.1275,2.9739,99.98713,42.451899999999995,-0.006999999999999999,0.0,0.0,0.008353214085143468,-0.03551879466002206,0.0,0.1275
2015-04-26,0.1275,2.9739,99.98713,42.451899999999995,-0.006999999999999999,0.0,0.0,0.007552594238023716,-0.03551879466002206,0.0,0.1275
2015-04-27,0.1275,2.9229,99.98713,42.451899999999995,-0.006999999999999999,0.0,-0.017297948607556245,0.007760598398561864,-0.03551879466002206,0.0,0.1275
2015-04-28,0.1275,2.8937,99.98713,42.451899999999995,-0.006999999999999999,0.0,-0.010040314031848636,0.0076061294346046115,-0.03551879466002206,0.0,0.1275
2015-04-29,0.1275,2.9369,99.98713,42.451899999999995,-0.006999999999999999,0.0,0.014818643202750304,0.00829633953999583,-0.03551879466002206,0.0,0.1275
2015-04-30,0.1325,2.993,99.98713,42.451899999999995,-0.006999999999999999,0.0050000000000000044,0.018921625582392097,0.009107628054039519,-0.03551879466002206,0.0,0.1325
2015-05-01,0.1325,2.993,98.07784,42.766000000000005,-0.006999999999999999,0.0,0.0,0.009107628054039519,-0.050399087092753314,0.0,0.1325
2015-05-02,0.1325,2.993,98.07784,42.766000000000005,-0.006999999999999999,0.0,0.0,0.009107628054039519,-0.050399087092753314,0.0,0.1325
2015-05-03,0.1325,2.993,98.07784,42.766000000000005,-0.006999999999999999,0.0,0.0,0.008899820465075287,-0.050399087092753314,0.0,0.1325
2015-05-04,0.1325,3.0748,98.07784,42.766000000000005,-0.006999999999999999,0.0,0.026963629622278096,0.010943544613357949,-0.050399087092753314,0.0,0.1325
2015-05-05,0.1325,3.0619,98.07784,42.766000000000005,-0.006999999999999999,0.0,-0.0042042201838518485,0.010886960780461637,-0.050399087092753314,0.0,0.1325
2015-05-06,0.1325,3.0414,98.07784,42.766000000000005,-0.006999999999999999,0.0,-0.0067177025847664305,0.01049945641100243,-0.050399087092753314,0.0,0.1325
2015-05-07,0.1325,3.0415,98.07784,42.766000000000005,-0.006999999999999999,0.0,3.28790544013409e-05,0.010262559240618717,-0.050399087092753314,0.0,0.1325
2015-05-08,0.1325,2.9959,98.07784,42.766000000000005,-0.006999999999999999,0.0,-0.015106127517818613,0.010789300182962291,-0.050399087092753314,0.0,0.1325
2015-05-09,0.1325,2.9959,98.07784,42.766000000000005,-0.006999999999999999,0.0,0.0,0.010789300182962291,-0.050399087092753314,0.0,0.1325
2015-05-10,0.1325,2.9959,98.07784,42.766000000000005,-0.006999999999999999,0.0,0.0,0.010786291558226635,-0.050399087092753314,0.0,0.1325
2015-05-11,0.1325,3.0169,98.07784,42.766000000000005,-0.006999999999999999,0.0,0.006985126858011684,0.010927115140109717,-0.050399087092753314,0.0,0.1325
2015-05-12,0.1325,3.0382,98.07784,42.766000000000005,-0.006999999999999999,0.0,0.00703542067260918,0.010836482584608674,-0.050399087092753314,0.0,0.1325
2015-05-13,0.1325,3.0096,98.07784,42.766000000000005,-0.006999999999999999,0.0,-0.00945805522679633,0.011028981377274054,-0.050399087092753314,0.0,0.1325
2015-05-14,0.1325,3.0026,98.07784,42.766000000000005,-0.006999999999999999,0.0,-0.0023285995685612196,0.010721934385301692,-0.050399087092753314,0.0,0.1325
2015-05-15,0.1325,2.9887,98.07784,42.766000000000005,-0.006999999999999999,0.0,-0.004640069747531999,0.010782900415283066,-0.050399087092753314,0.0,0.1325
2015-05-16,0.1325,2.9887,98.07784,42.766000000000005,-0.006999999999999999,0.0,0.0,0.010782900415283066,-0.050399087092753314,0.0,0.1325
2015-05-17,0.1325,2.9887,98.07784,42.766000000000005,-0.006999999999999999,0.0,0.0,0.009964095304683115,-0.050399087092753314,0.0,0.1325
2015-05-18,0.1325,3.0139,98.07784,42.766000000000005,-0.006999999999999999,0.0,0.008396410905017637,0.009727964589617149,-0.050399087092753314,0.0,0.1325
2015-05-19,0.1325,3.0278,98.07784,42.766000000000005,-0.006999999999999999,0.0,0.004601362042088102,0.00927922576016534,-0.050399087092753314,0.0,0.1325
2015-05-20,0.1325,3.034,98.07784,42.766000000000005,-0.006999999999999999,0.0,0.0020455977306991467,0.008332984841345373,-0.050399087092753314,0.0,0.1325
2015-05-21,0.1325,3.0289,98.07784,42.766000000000005,-0.006999999999999999,0.0,-0.0016823636223250414,0.008348690052789076,-0.050399087092753314,0.0,0.1325
2015-05-22,0.1325,3.0647,98.07784,42.766000000000005,-0.006999999999999999,0.0,0.011750168011451305,0.008710142146406426,-0.050399087092753314,0.0,0.1325
2015-05-23,0.1325,3.0647,98.07784,42.766000000000005,-0.006999999999999999,0.0,0.0,0.008710142146406426,-0.050399087092753314,0.0,0.1325
2015-05-24,0.1325,3.0647,98.07784,42.766000000000005,-0.006999999999999999,0.0,0.0,0.006248823007573835,-0.050399087092753314,0.0,0.1325
2015-05-25,0.1325,3.1206,98.07784,42.766000000000005,-0.006999999999999999,0.0,0.01807560570947811,0.007375175150438021,-0.050399087092753314,0.0,0.1325
2015-05-26,0.1325,3.1345,98.07784,42.766000000000005,-0.006999999999999999,0.0,0.004444380706941427,0.007184302843677662,-0.050399087092753314,0.0,0.1325
2015-05-27,0.1325,3.1734,98.07784,42.766000000000005,-0.006999999999999999,0.0,0.012333896585966073,0.007567723737118462,-0.050399087092753314,0.0,0.1325
2015-05-28,0.1325,3.1741,98.07784,42.766000000000005,-0.006999999999999999,0.0,0.0002205592761993276,0.006420282803933754,-0.050399087092753314,0.0,0.1325
2015-05-29,0.1325,3.1781,98.07784,42.766000000000005,-0.006999999999999999,0.0,0.0012594063564438677,0.006396588786947035,-0.050399087092753314,0.0,0.1325
2015-05-30,0.1325,3.1781,98.07784,42.766000000000005,-0.006999999999999999,0.0,0.0,0.006396588786947035,-0.050399087092753314,0.0,0.1325
2015-05-31,0.1325,3.1781,98.07784,42.766000000000005,-0.006999999999999999,0.0,0.0,0.006355347521910448,-0.050399087092753314,0.0,0.1325
2015-06-01,0.1325,3.1783,97.17881,43.1039,-0.006999999999999999,0.0,6.292870180174522e-05,0.00629029682374412,-0.017294831744819605,0.0,0.1325
2015-06-02,0.1325,3.1437,97.17881,43.1039,-0.006999999999999999,0.0,-0.010946012485428487,0.0064430559206078465,-0.017294831744819605,0.0,0.1325
2015-06-03,0.1325,3.1178,97.17881,43.1039,-0.006999999999999999,0.0,-0.008272825270425135,0.00678973612898747,-0.017294831744819605,0.0,0.1325
2015-06-04,0.1375,3.1178,97.17881,43.1039,-0.006999999999999999,0.0050000000000000044,0.0,0.0066325895485559025,-0.017294831744819605,0.0,0.1375
2015-06-05,0.1375,3.1677,97.17881,43.1039,-0.006999999999999999,0.0,0.015878147601997756,0.007284432393255183,-0.017294831744819605,0.0,0.1375
2015-06-06,0.1375,3.1677,97.17881,43.1039,-0.006999999999999999,0.0,0.0,0.007284432393255183,-0.017294831744819605,0.0,0.1375
2015-06-07,0.1375,3.1677,97.17881,43.1039,-0.006999999999999999,0.0,0.0,0.007192873198568523,-0.017294831744819605,0.0,0.1375
2015-06-08,0.1375,3.1184,97.17881,43.1039,-0.006999999999999999,0.0,-0.015685722727282102,0.0082343078659817,-0.017294831744819605,0.0,0.1375
2015-06-09,0.1375,3.0985,97.17881,43.1039,-0.006999999999999999,0.0,-0.006401926351134156,0.00841806120694766,-0.017294831744819605,0.0,0.1375
2015-06-10,0.1375,3.0837,97.17881,43.1039,-0.006999999999999999,0.0,-0.004787948715176215,0.008499399953765193,-0.017294831744819605,0.0,0.1375
2015-06-11,0.1375,3.1508,97.17881,43.1039,-0.006999999999999999,0.0,0.021526214142183184,0.009390812956280324,-0.017294831744819605,0.0,0.1375
2015-06-12,0.1375,3.1101,97.17881,43.1039,-0.006999999999999999,0.0,-0.013001508831993039,0.009926493410107077,-0.017294831744819605,0.0,0.1375
2015-06-13,0.1375,3.1101,97.17881,43.1039,-0.006999999999999999,0.0,0.0,0.009926493410107077,-0.017294831744819605,0.0,0.1375
2015-06-14,0.1375,3.1101,97.17881,43.1039,-0.006999999999999999,0.0,0.0,0.00904866023601924,-0.017294831744819605,0.0,0.1375
2015-06-15,0.1375,3.103,97.17881,43.1039,-0.006999999999999999,0.0,-0.0022854945487958273,0.00899305272542185,-0.017294831744819605,0.0,0.1375
2015-06-16,0.1375,3.1076,97.17881,43.1039,-0.006999999999999999,0.0,0.0014813386278854856,0.008490998370839884,-0.017294831744819605,0.0,0.1375
2015-06-17,0.1375,3.0983,97.17881,43.1039,-0.006999999999999999,0.0,-0.00299715011900078,0.008496186688654515,-0.017294831744819605,0.0,0.1375
2015-06-18,0.1375,3.0466,97.17881,43.1039,-0.006999999999999999,0.0,-0.016827359254664245,0.009156588722199294,-0.017294831744819605,0.0,0.1375
2015-06-19,0.1375,3.0782,97.17881,43.1039,-0.006999999999999999,0.0,0.010318795843252819,0.009563574972385752,-0.017294831744819605,0.0,0.1375
2015-06-20,0.1375,3.0782,97.17881,43.1039,-0.006999999999999999,0.0,0.0,0.009563574972385752,-0.017294831744819605,0.0,0.1375
2015-06-21,0.1375,3.0782,97.17881,43.1039,-0.006999999999999999,0.0,0.0,0.009563010470151767,-0.017294831744819605,0.0,0.1375
2015-06-22,0.1375,3.0751,97.17881,43.1039,-0.006999999999999999,0.0,-0.0010075895088064578,0.009306585238389122,-0.017294831744819605,0.0,0.1375
2015-06-23,0.1375,3.1036,97.17881,43.1039,-0.006999999999999999,0.0,0.009225306982747102,0.009418910560180096,-0.017294831744819605,0.0,0.1375
2015-06-24,0.1375,3.0846,97.17881,43.1039,-0.006999999999999999,0.0,-0.006140738730280283,0.009510718887335843,-0.017294831744819605,0.0,0.1375
2015-06-25,0.1375,3.1009,97.17881,43.1039,-0.006999999999999999,0.0,0.005270402628923609,0.008817747641885918,-0.017294831744819605,0.0,0.1375
2015-06-26,0.1375,3.1265,97.17881,43.1039,-0.006999999999999999,0.0,0.008221776088915082,0.009058412496752535,-0.017294831744819605,0.0,0.1375
2015-06-27,0.1375,3.1265,97.17881,43.1039,-0.006999999999999999,0.0,0.0,0.009058412496752535,-0.017294831744819605,0.0,0.1375
2015-06-28,0.1375,3.1265,97.17881,43.1039,-0.006999999999999999,0.0,0.0,0.00833897960972356,-0.017294831744819605,0.0,0.1375
2015-06-29,0.1375,3.1383,97.17881,43.1039,-0.006999999999999999,0.0,0.0037670840104722415,0.008229059223922752,-0.017294831744819605,0.0,0.1375
2015-06-30,0.1375,3.1019,97.17881,43.1039,-0.006999999999999999,0.0,-0.011666425067252394,0.008603014573992507,-0.017294831744819605,0.0,0.1375
2015-07-01,0.1375,3.1185,100.45103,43.3711,-0.013000000000000001,0.0,0.005337290015604863,0.00713684531717221,-0.04498179922253098,0.0,0.1375
2015-07-02,0.1375,3.1166,100.45103,43.3711,-0.013000000000000001,0.0,-0.0006094529546631527,0.006505786171053569,-0.04498179922253098,0.0,0.1375
2015-07-03,0.1375,3.1265,100.45103,43.3711,-0.013000000000000001,0.0,0.003171503995838587,0.006541660800500984,-0.04498179922253098,0.0,0.1375
2015-07-04,0.1375,3.1265,100.45103,43.3711,-0.013000000000000001,0.0,0.0,0.006541660800500984,-0.04498179922253098,0.0,0.1375
2015-07-05,0.1375,3.1265,100.45103,43.3711,-0.013000000000000001,0.0,0.0,0.006514706147351413,-0.04498179922253098,0.0,0.1375
2015-07-06,0.1375,3.1425,100.45103,43.3711,-0.013000000000000001,0.0,0.005104493457049847,0.00659688149124413,-0.04498179922253098,0.0,0.1375
2015-07-07,0.1375,3.1803,100.45103,43.3711,-0.013000000000000001,0.0,0.011956870482759152,0.007007365345047532,-0.04498179922253098,0.0,0.1375
2015-07-08,0.1375,3.2275,100.45103,43.3711,-0.013000000000000001,0.0,0.014732311773635818,0.006217972767297508,-0.04498179922253098,0.0,0.1375
2015-07-09,0.1375,3.2152,100.45103,43.3711,-0.013000000000000001,0.0,-0.0038182795858062806,0.006131258742785327,-0.04498179922253098,0.0,0.1375
2015-07-10,0.1375,3.1891,100.45103,43.3711,-0.013000000000000001,0.0,-0.008150818824167643,0.0065408062173528255,-0.04498179922253098,0.0,0.1375
2015-07-11,0.1375,3.1891,100.45103,43.3711,-0.013000000000000001,0.0,0.0,0.0065408062173528255,-0.04498179922253098,0.0,0.1375
2015-07-12,0.1375,3.1891,100.45103,43.3711,-0.013000000000000001,0.0,0.0,0.006522142606675518,-0.04498179922253098,0.0,0.1375
2015-07-13,0.1375,3.1588,100.45103,43.3711,-0.013000000000000001,0.0,-0.00954653668739787,0.00674720801664964,-0.04498179922253098,0.0,0.1375
2015-07-14,0.1375,3.1224,100.45103,43.3711,-0.013000000000000001,0.0,-0.011590271757020662,0.007144079642376723,-0.04498179922253098,0.0,0.1375
2015-07-15,0.1375,3.1526,100.45103,43.3711,-0.013000000000000001,0.0,0.009625572326036875,0.00735684841889782,-0.04498179922253098,0.0,0.1375
2015-07-16,0.1375,3.1369,100.45103,43.3711,-0.013000000000000001,0.0,-0.004992458099919314,0.007250362177078242,-0.04498179922253098,0.0,0.1375
2015-07-17,0.1375,3.1826,100.45103,43.3711,-0.013000000000000001,0.0,0.01446342168356075,0.00792303499627489,-0.04498179922253098,0.0,0.1375
2015-07-18,0.1375,3.1826,100.45103,43.3711,-0.013000000000000001,0.0,0.0,0.00792303499627489,-0.04498179922253098,0.0,0.1375
2015-07-19,0.1375,3.1826,100.45103,43.3711,-0.013000000000000001,0.0,0.0,0.0078957490777128,-0.04498179922253098,0.0,0.1375
2015-07-20,0.1375,3.2143,100.45103,43.3711,-0.013000000000000001,0.0,0.009911131795682772,0.00758500595108396,-0.04498179922253098,0.0,0.1375
2015-07-21,0.1375,3.1807,100.45103,43.3711,-0.013000000000000001,0.0,-0.010508306235506153,0.008009532895788998,-0.04498179922253098,0.0,0.1375
2015-07-22,0.1375,3.2088,100.45103,43.3711,-0.013000000000000001,0.0,0.008795737119583097,0.008185018165630697,-0.04498179922253098,0.0,0.1375
2015-07-23,0.1375,3.2844,100.45103,43.3711,-0.013000000000000001,0.0,0.023286951378790693,0.009531782592262382,-0.04498179922253098,0.0,0.1375
2015-07-24,0.1375,3.3248,100.45103,43.3711,-0.013000000000000001,0.0,0.01222553507027455,0.009754886065605263,-0.04498179922253098,0.0,0.1375
2015-07-25,0.1375,3.3248,100.45103,43.3711,-0.013000000000000001,0.0,0.0,0.009754886065605263,-0.04498179922253098,0.0,0.1375
2015-07-26,0.1375,3.3248,100.45103,43.3711,-0.013000000000000001,0.0,0.0,0.009765756116308285,-0.04498179922253098,0.0,0.1375
2015-07-27,0.1375,3.3551,100.45103,43.3711,-0.013000000000000001,0.0,0.009072054315990617,0.009644242607793799,-0.04498179922253098,0.0,0.1375
2015-07-28,0.1375,3.3808,100.45103,43.3711,-0.013000000000000001,0.0,0.007630791640893325,0.009301614773808697,-0.04498179922253098,0.0,0.1375
2015-07-29,0.1375,3.3413,100.45103,43.3711,-0.013000000000000001,0.0,-0.011752415061221,0.009736234991044068,-0.04498179922253098,0.0,0.1375
2015-07-30,0.1425,3.3646,100.45103,43.3711,-0.013000000000000001,0.004999999999999977,0.0069491324844887905,0.009496412710388768,-0.04498179922253098,0.0,0.1425
2015-07-31,0.1425,3.3934,100.45103,43.3711,-0.013000000000000001,0.0,0.008523283323779104,0.009560912076910962,-0.04498179922253098,0.0,0.1425
2015-08-01,0.1425,3.3934,98.77738,43.466499999999996,-0.013000000000000001,0.0,0.0,0.009560912076910962,-0.05091681004659743,0.0,0.1425
2015-08-02,0.1425,3.3934,98.77738,43.466499999999996,-0.013000000000000001,0.0,0.0,0.009124399530233534,-0.05091681004659743,0.0,0.1425
2015-08-03,0.1425,3.4419,98.77738,43.466499999999996,-0.013000000000000001,0.0,0.01419127586436778,0.00867835404810731,-0.05091681004659743,0.0,0.1425
2015-08-04,0.1425,3.4669,98.77738,43.466499999999996,-0.013000000000000001,0.0,0.007237178415393999,0.008625759400777176,-0.05091681004659743,0.0,0.1425
2015-08-05,0.1425,3.4844,98.77738,43.466499999999996,-0.013000000000000001,0.0,0.00503504005613597,0.008315412438106703,-0.05091681004659743,0.0,0.1425
2015-08-06,0.1425,3.5341,98.77738,43.466499999999996,-0.013000000000000001,0.0,0.014162807082386285,0.00829814150691032,-0.05091681004659743,0.0,0.1425
2015-08-07,0.1425,3.5175,98.77738,43.466499999999996,-0.013000000000000001,0.0,-0.004708160038578985,0.008518416911053671,-0.05091681004659743,0.0,0.1425
2015-08-08,0.1425,3.5175,98.77738,43.466499999999996,-0.013000000000000001,0.0,0.0,0.008518416911053671,-0.05091681004659743,0.0,0.1425
2015-08-09,0.1425,3.5175,98.77738,43.466499999999996,-0.013000000000000001,0.0,0.0,0.008506115259403674,-0.05091681004659743,0.0,0.1425
2015-08-10,0.1425,3.4903,98.77738,43.466499999999996,-0.013000000000000001,0.0,-0.007762817601023708,0.0082699131541359,-0.05091681004659743,0.0,0.1425
2015-08-11,0.1425,3.4919,98.77738,43.466499999999996,-0.013000000000000001,0.0,0.00045830827762192273,0.008259764865573583,-0.05091681004659743,0.0,0.1425
2015-08-12,0.1425,3.482,98.77738,43.466499999999996,-0.013000000000000001,0.0,-0.0028391593370079324,0.007066578855947634,-0.05091681004659743,0.0,0.1425
2015-08-13,0.1425,3.5068,98.77738,43.466499999999996,-0.013000000000000001,0.0,0.007097099386296113,0.006799171978649696,-0.05091681004659743,0.0,0.1425
2015-08-14,0.1425,3.4755,98.77738,43.466499999999996,-0.013000000000000001,0.0,-0.008965587173890078,0.007263790129219907,-0.05091681004659743,0.0,0.1425
2015-08-15,0.1425,3.4755,98.77738,43.466499999999996,-0.013000000000000001,0.0,0.0,0.007263790129219907,-0.05091681004659743,0.0,0.1425
2015-08-16,0.1425,3.4755,98.77738,43.466499999999996,-0.013000000000000001,0.0,0.0,0.00709443211122225,-0.05091681004659743,0.0,0.1425
2015-08-17,0.1425,3.4739,98.77738,43.466499999999996,-0.013000000000000001,0.0,-0.0004604714157397613,0.006971842558620792,-0.05091681004659743,0.0,0.1425
2015-08-18,0.1425,3.4805,98.77738,43.466499999999996,-0.013000000000000001,0.0,0.0018980794839205436,0.006251776842353357,-0.05091681004659743,0.0,0.1425
2015-08-19,0.1425,3.4843,98.77738,43.466499999999996,-0.013000000000000001,0.0,0.0010912015785267237,0.0061460462552582595,-0.05091681004659743,0.0,0.1425
2015-08-20,0.1425,3.4745,98.77738,43.466499999999996,-0.013000000000000001,0.0,-0.002816579432865969,0.006009654181072908,-0.05091681004659743,0.0,0.1425
2015-08-21,0.1425,3.489,98.77738,43.466499999999996,-0.013000000000000001,0.0,0.0041645784323921685,0.006038662543837399,-0.05091681004659743,0.0,0.1425
2015-08-22,0.1425,3.489,98.77738,43.466499999999996,-0.013000000000000001,0.0,0.0,0.006038662543837399,-0.05091681004659743,0.0,0.1425
2015-08-23,0.1425,3.489,98.77738,43.466499999999996,-0.013000000000000001,0.0,0.0,0.00523555086154044,-0.05091681004659743,0.0,0.1425
2015-08-24,0.1425,3.5488,98.77738,43.466499999999996,-0.013000000000000001,0.0,0.0169943559692737,0.006237486994814875,-0.05091681004659743,0.0,0.1425
2015-08-25,0.1425,3.5339,98.77738,43.466499999999996,-0.013000000000000001,0.0,-0.004207441224582216,0.006278108935748028,-0.05091681004659743,0.0,0.1425
2015-08-26,0.1425,3.632,98.77738,43.466499999999996,-0.013000000000000001,0.0,0.02738138378971834,0.008177795715383924,-0.05091681004659743,0.0,0.1425
2015-08-27,0.1425,3.5549,98.77738,43.466499999999996,-0.013000000000000001,0.0,-0.02145652727469957,0.00957135385269136,-0.05091681004659743,0.0,0.1425
2015-08-28,0.1425,3.5784,98.77738,43.466499999999996,-0.013000000000000001,0.0,0.006588839672153913,0.009665127245772023,-0.05091681004659743,0.0,0.1425
2015-08-29,0.1425,3.5784,98.77738,43.466499999999996,-0.013000000000000001,0.0,0.0,0.009665127245772023,-0.05091681004659743,0.0,0.1425
2015-08-30,0.1425,3.5784,98.77738,43.466499999999996,-0.013000000000000001,0.0,0.0,0.009454265325975689,-0.05091681004659743,0.0,0.1425
2015-08-31,0.1425,3.6461,98.77738,43.466499999999996,-0.013000000000000001,0.0,0.018742330061456373,0.010226515031599118,-0.05091681004659743,0.0,0.1425
2015-09-01,0.1425,3.6719,96.88151,43.7012,-0.013000000000000001,0.0,0.007051136073989943,0.010211137714965363,-0.06817840373600004,0.0,0.1425
2015-09-02,0.1425,3.7307,96.88151,43.7012,-0.013000000000000001,0.0,0.015886644336744637,0.010594334601823643,-0.06817840373600004,0.0,0.1425
2015-09-03,0.1425,3.7753,96.88151,43.7012,-0.013000000000000001,0.0,0.011883966133382473,0.010368546452599249,-0.06817840373600004,0.0,0.1425
2015-09-04,0.1425,3.798,96.88151,43.7012,-0.013000000000000001,0.0,0.005994762648019441,0.010329230654654254,-0.06817840373600004,0.0,0.1425
2015-09-05,0.1425,3.798,96.88151,43.7012,-0.013000000000000001,0.0,0.0,0.010329230654654254,-0.06817840373600004,0.0,0.1425
2015-09-06,0.1425,3.798,96.88151,43.7012,-0.013000000000000001,0.0,0.0,0.010318247570840133,-0.06817840373600004,0.0,0.1425
2015-09-07,0.1425,3.798,96.88151,43.7012,-0.013000000000000001,0.0,0.0,0.010351724578129908,-0.06817840373600004,0.0,0.1425
2015-09-08,0.1425,3.8021,96.88151,43.7012,-0.013000000000000001,0.0,0.0010789332765971638,0.010351929142138032,-0.06817840373600004,0.0,0.1425
2015-09-09,0.1425,3.7864,96.88151,43.7012,-0.013000000000000001,0.0,-0.004137846056790132,0.010404251468342205,-0.06817840373600004,0.0,0.1425
2015-09-10,0.1425,3.8691,96.88151,43.7012,-0.013000000000000001,0.0,0.02160622224641707,0.011100160762044928,-0.06817840373600004,0.0,0.1425
2015-09-11,0.1425,3.8692,96.88151,43.7012,-0.013000000000000001,0.0,2.5845469936686157e-05,0.011099528640728546,-0.06817840373600004,0.0,0.1425
2015-09-12,0.1425,3.8692,96.88151,43.7012,-0.013000000000000001,0.0,0.0,0.011099528640728546,-0.06817840373600004,0.0,0.1425
2015-09-13,0.1425,3.8692,96.88151,43.7012,-0.013000000000000001,0.0,0.0,0.010793076958369422,-0.06817840373600004,0.0,0.1425
2015-09-14,0.1425,3.8647,96.88151,43.7012,-0.013000000000000001,0.0,-0.0011637079630797066,0.010687421617839931,-0.06817840373600004,0.0,0.1425
2015-09-15,0.1425,3.8593,96.88151,43.7012,-0.013000000000000001,0.0,-0.001398239482077458,0.009286452979549907,-0.06817840373600004,0.0,0.1425
2015-09-16,0.1425,3.8361,96.88151,43.7012,-0.013000000000000001,0.0,-0.00602959437800259,0.007639767082817131,-0.06817840373600004,0.0,0.1425
2015-09-17,0.1425,3.8915,96.88151,43.7012,-0.013000000000000001,0.0,0.014338461914210527,0.007977380207825336,-0.06817840373600004,0.0,0.1425
2015-09-18,0.1425,3.9015,96.88151,43.7012,-0.013000000000000001,0.0,0.002566407157372986,0.007926848724895318,-0.06817840373600004,0.0,0.1425
2015-09-19,0.1425,3.9015,96.88151,43.7012,-0.013000000000000001,0.0,0.0,0.007926848724895318,-0.06817840373600004,0.0,0.1425
2015-09-20,0.1425,3.9015,96.88151,43.7012,-0.013000000000000001,0.0,0.0,0.0072076117482883385,-0.06817840373600004,0.0,0.1425
2015-09-21,0.1425,3.9815,96.88151,43.7012,-0.013000000000000001,0.0,0.020297538140683552,0.008113859964448031,-0.06817840373600004,0.0,0.1425
2015-09-22,0.1425,4.0419,96.88151,43.7012,-0.013000000000000001,0.0,0.01505624573241228,0.008051977078054983,-0.06817840373600004,0.0,0.1425
2015-09-23,0.1425,4.1034,96.88151,43.7012,-0.013000000000000001,0.0,0.01510101990219344,0.008247399367757287,-0.06817840373600004,0.0,0.1425
2015-09-24,0.1425,4.1942,96.88151,43.7012,-0.013000000000000001,0.0,0.021886720164913755,0.009149054194917893,-0.06817840373600004,0.0,0.1425
2015-09-25,0.1425,3.9472,96.88151,43.7012,-0.013000000000000001,0.0,-0.06069615172192674,0.01730910342201981,-0.06817840373600004,0.0,0.1425
2015-09-26,0.1425,3.9472,96.88151,43.7012,-0.013000000000000001,0.0,0.0,0.01730910342201981,-0.06817840373600004,0.0,0.1425
2015-09-27,0.1425,3.9472,96.88151,43.7012,-0.013000000000000001,0.0,0.0,0.01730910342201981,-0.06817840373600004,0.0,0.1425
2015-09-28,0.1425,4.0093,96.88151,43.7012,-0.013000000000000001,0.0,0.015610195696502972,0.017574594026479762,-0.06817840373600004,0.0,0.1425
2015-09-29,0.1425,4.1165,96.88151,43.7012,-0.013000000000000001,0.0,0.0263866252668854,0.018265632735653407,-0.06817840373600004,0.0,0.1425
2015-09-30,0.1425,3.9722,96.88151,43.7012,-0.013000000000000001,0.0,-0.035683190373789565,0.019815277497477548,-0.06817840373600004,0.0,0.1425
2015-10-01,0.1425,3.9788,98.36907,44.0595,-0.022000000000000002,0.0,0.0016601689135678,0.019813051511085176,-0.06387208700352498,0.0,0.1425
2015-10-02,0.1425,4.0003,98.36907,44.0595,-0.022000000000000002,0.0,0.005389092011409539,0.019829696377169324,-0.06387208700352498,0.0,0.1425
2015-10-03,0.1425,4.0003,98.36907,44.0595,-0.022000000000000002,0.0,0.0,0.019829696377169324,-0.06387208700352498,0.0,0.1425
2015-10-04,0.1425,4.0003,98.36907,44.0595,-0.022000000000000002,0.0,0.0,0.019822662101072308,-0.06387208700352498,0.0,0.1425
2015-10-05,0.1425,3.9135,98.36907,44.0595,-0.022000000000000002,0.0,-0.02193724404477556,0.020512955035061148,-0.06387208700352498,0.0,0.1425
2015-10-06,0.1425,3.8561,98.36907,44.0595,-0.022000000000000002,0.0,-0.014775804240768286,0.020755704930573268,-0.06387208700352498,0.0,0.1425
2015-10-07,0.1425,3.8053,98.36907,44.0595,-0.022000000000000002,0.0,-0.01326147818952684,0.02068781250332333,-0.06387208700352498,0.0,0.1425
2015-10-08,0.1425,3.8511,98.36907,44.0595,-0.022000000000000002,0.0,0.011963989944393018,0.020881761708030393,-0.06387208700352498,0.0,0.1425
2015-10-09,0.1425,3.738,98.36907,44.0595,-0.022000000000000002,0.0,-0.029808112743482447,0.02187314088737741,-0.06387208700352498,0.0,0.1425
2015-10-10,0.1425,3.738,98.36907,44.0595,-0.022000000000000002,0.0,0.0,0.02187314088737741,-0.06387208700352498,0.0,0.1425
2015-10-11,0.1425,3.738,98.36907,44.0595,-0.022000000000000002,0.0,0.0,0.021238950629081706,-0.06387208700352498,0.0,0.1425
2015-10-12,0.1425,3.738,98.36907,44.0595,-0.022000000000000002,0.0,0.0,0.020822211760865864,-0.06387208700352498,0.0,0.1425
2015-10-13,0.1425,3.8243,98.36907,44.0595,-0.022000000000000002,0.0,0.02282473496144104,0.021260343937122637,-0.06387208700352498,0.0,0.1425
2015-10-14,0.1425,3.8501,98.36907,44.0595,-0.022000000000000002,0.0,0.006723677993535751,0.020565577445874964,-0.06387208700352498,0.0,0.1425
2015-10-15,0.1425,3.8337,98.36907,44.0595,-0.022000000000000002,0.0,-0.004268727687717405,0.015717826806324452,-0.06387208700352498,0.0,0.1425
2015-10-16,0.1425,3.8432,98.36907,44.0595,-0.022000000000000002,0.0,0.002474958602897195,0.015739644242956326,-0.06387208700352498,0.0,0.1425
2015-10-17,0.1425,3.8432,98.36907,44.0595,-0.022000000000000002,0.0,0.0,0.015739644242956326,-0.06387208700352498,0.0,0.1425
2015-10-18,0.1425,3.8432,98.36907,44.0595,-0.022000000000000002,0.0,0.0,0.015234048664477322,-0.06387208700352498,0.0,0.1425
2015-10-19,0.1425,3.9009,98.36907,44.0595,-0.022000000000000002,0.0,0.014901942839719491,0.014290361770410523,-0.06387208700352498,0.0,0.1425
2015-10-20,0.1425,3.865,98.36907,44.0595,-0.022000000000000002,0.0,-0.009245613703861523,0.0121385465658462,-0.06387208700352498,0.0,0.1425
2015-10-21,0.1425,3.938,98.36907,44.0595,-0.022000000000000002,0.0,0.018711298177548498,0.01293508203491416,-0.06387208700352498,0.0,0.1425
2015-10-22,0.1425,3.9354,98.36907,44.0595,-0.022000000000000002,0.0,-0.0006604516713261125,0.012860259461192894,-0.06387208700352498,0.0,0.1425
2015-10-23,0.1425,3.8982,98.36907,44.0595,-0.022000000000000002,0.0,-0.009497620413204472,0.013003033355798709,-0.06387208700352498,0.0,0.1425
2015-10-24,0.1425,3.8982,98.36907,44.0595,-0.022000000000000002,0.0,0.0,0.013003033355798709,-0.06387208700352498,0.0,0.1425
2015-10-25,0.1425,3.8982,98.36907,44.0595,-0.022000000000000002,0.0,0.0,0.012061053852898301,-0.06387208700352498,0.0,0.1425
2015-10-26,0.1425,3.8575,98.36907,44.0595,-0.022000000000000002,0.0,-0.0104956028772244,0.011824384498322143,-0.06387208700352498,0.0,0.1425
2015-10-27,0.1425,3.9108,98.36907,44.0595,-0.022000000000000002,0.0,0.013722651394200315,0.011768743148303049,-0.06387208700352498,0.0,0.1425
2015-10-28,0.1425,3.8791,98.36907,44.0595,-0.022000000000000002,0.0,-0.008138788683678344,0.01167416186684873,-0.06387208700352498,0.0,0.1425
2015-10-29,0.1425,3.9321,98.36907,44.0595,-0.022000000000000002,0.0,0.013570466345771675,0.009623324246432278,-0.06387208700352498,0.0,0.1425
2015-10-30,0.1425,3.8582,98.36907,44.0595,-0.022000000000000002,0.0,-0.018972880839820672,0.010754624443240674,-0.06387208700352498,0.0,0.1425
2015-10-31,0.1425,3.8582,98.36907,44.0595,-0.022000000000000002,0.0,0.0,0.010754624443240674,-0.06387208700352498,0.0,0.1425
2015-11-01,0.1425,3.8582,95.53474,44.5045,-0.022000000000000002,0.0,0.0,0.010754624443240674,-0.06083488452223962,0.0,0.1425
2015-11-02,0.1425,3.8582,95.53474,44.5045,-0.022000000000000002,0.0,0.0,0.009522274237991943,-0.06083488452223962,0.0,0.1425
2015-11-03,0.1425,3.812,95.53474,44.5045,-0.022000000000000002,0.0,-0.012046767679696266,0.009791688769038702,-0.06083488452223962,0.0,0.1425
2015-11-04,0.1425,3.768,95.53474,44.5045,-0.022000000000000002,0.0,-0.01160962907783912,0.010074022332670924,-0.06083488452223962,0.0,0.1425
2015-11-05,0.1425,3.7887,95.53474,44.5045,-0.022000000000000002,0.0,0.005478595623980474,0.010148536813451145,-0.06083488452223962,0.0,0.1425
2015-11-06,0.1425,3.8053,95.53474,44.5045,-0.022000000000000002,0.0,0.004371879494363556,0.010211616055513737,-0.06083488452223962,0.0,0.1425
2015-11-07,0.1425,3.8053,95.53474,44.5045,-0.022000000000000002,0.0,0.0,0.010211616055513737,-0.06083488452223962,0.0,0.1425
2015-11-08,0.1425,3.8053,95.53474,44.5045,-0.022000000000000002,0.0,0.0,0.009551315835416895,-0.06083488452223962,0.0,0.1425
2015-11-09,0.1425,3.7922,95.53474,44.5045,-0.022000000000000002,0.0,-0.0034485062144944297,0.009382064639778679,-0.06083488452223962,0.0,0.1425
2015-11-10,0.1425,3.7975,95.53474,44.5045,-0.022000000000000002,0.0,0.0013966298698245918,0.008196158120695948,-0.06083488452223962,0.0,0.1425
2015-11-11,0.1425,3.732,95.53474,44.5045,-0.022000000000000002,0.0,-0.017398672502693356,0.008896546816167228,-0.06083488452223962,0.0,0.1425
2015-11-12,0.1425,3.799,95.53474,44.5045,-0.022000000000000002,0.0,0.01779359122039097,0.009835003586112237,-0.06083488452223962,0.0,0.1425
2015-11-13,0.1425,3.8016,95.53474,44.5045,-0.022000000000000002,0.0,0.0006841565406455675,0.009840910405406252,-0.06083488452223962,0.0,0.1425
2015-11-14,0.1425,3.8016,95.53474,44.5045,-0.022000000000000002,0.0,0.0,0.009840910405406252,-0.06083488452223962,0.0,0.1425
2015-11-15,0.1425,3.8016,95.53474,44.5045,-0.022000000000000002,0.0,0.0,0.009599061791880668,-0.06083488452223962,0.0,0.1425
2015-11-16,0.1425,3.833,95.53474,44.5045,-0.022000000000000002,0.0,0.008225755652284,0.009235272458915748,-0.06083488452223962,0.0,0.1425
2015-11-17,0.1425,3.8045,95.53474,44.5045,-0.022000000000000002,0.0,-0.007463209763977681,0.009209003628030541,-0.06083488452223962,0.0,0.1425
2015-11-18,0.1425,3.7915,95.53474,44.5045,-0.022000000000000002,0.0,-0.0034228574755872146,0.008557638358638018,-0.06083488452223962,0.0,0.1425
2015-11-19,0.1425,3.7435,95.53474,44.5045,-0.022000000000000002,0.0,-0.01274071647025027,0.007995184308689646,-0.06083488452223962,0.0,0.1425
2015-11-20,0.1425,3.7,95.53474,44.5045,-0.022000000000000002,0.0,-0.01168818303842409,0.008300427278001747,-0.06083488452223962,0.0,0.1425
2015-11-21,0.1425,3.7,95.53474,44.5045,-0.022000000000000002,0.0,0.0,0.008300427278001747,-0.06083488452223962,0.0,0.1425
2015-11-22,0.1425,3.7,95.53474,44.5045,-0.022000000000000002,0.0,0.0,0.008300427278001747,-0.06083488452223962,0.0,0.1425
2015-11-23,0.1425,3.7224,95.53474,44.5045,-0.022000000000000002,0.0,0.006035801898122796,0.0081425137605983,-0.06083488452223962,0.0,0.1425
2015-11-24,0.1425,3.7075,95.53474,44.5045,-0.022000000000000002,0.0,-0.004010826518351574,0.007800810542153275,-0.06083488452223962,0.0,0.1425
2015-11-25,0.1425,3.7682,95.53474,44.5045,-0.022000000000000002,0.0,0.01623963883181321,0.0085886692277625,-0.06083488452223962,0.0,0.1425
2015-11-26,0.1425,3.76,95.53474,44.5045,-0.022000000000000002,0.0,-0.0021784764599601086,0.008526962519794576,-0.06083488452223962,0.0,0.1425
2015-11-27,0.1425,3.7392,95.53474,44.5045,-0.022000000000000002,0.0,-0.005547272599346709,0.008596397605620065,-0.06083488452223962,0.0,0.1425
2015-11-28,0.1425,3.7392,95.53474,44.5045,-0.022000000000000002,0.0,0.0,0.008596397605620065,-0.06083488452223962,0.0,0.1425
2015-11-29,0.1425,3.7392,95.53474,44.5045,-0.022000000000000002,0.0,0.0,0.008576648368068554,-0.06083488452223962,0.0,0.1425
2015-11-30,0.1425,3.8499,95.53474,44.5045,-0.022000000000000002,0.0,0.029175489133931472,0.010875835440653141,-0.06083488452223962,0.0,0.1425
2015-12-01,0.1425,3.8739,95.64529,44.9317,-0.022000000000000002,0.0,0.006214577602190614,0.010060500958624442,-0.0633405867214033,0.0,0.1425
2015-12-02,0.1425,3.8539,95.64529,44.9317,-0.022000000000000002,0.0,-0.005176128951016177,0.009438379411548735,-0.0633405867214033,0.0,0.1425
2015-12-03,0.1425,3.7964,95.64529,44.9317,-0.022000000000000002,0.0,-0.015032373313362216,0.010074147490944176,-0.0633405867214033,0.0,0.1425
2015-12-04,0.1425,3.7569,95.64529,44.9317,-0.022000000000000002,0.0,-0.010459100018240687,0.010338410796169728,-0.0633405867214033,0.0,0.1425
2015-12-05,0.1425,3.7569,95.64529,44.9317,-0.022000000000000002,0.0,0.0,0.010338410796169728,-0.0633405867214033,0.0,0.1425
2015-12-06,0.1425,3.7569,95.64529,44.9317,-0.022000000000000002,0.0,0.0,0.010130715366388822,-0.0633405867214033,0.0,0.1425
2015-12-07,0.1425,3.747,95.64529,44.9317,-0.022000000000000002,0.0,-0.002638629444409121,0.01002567902352188,-0.0633405867214033,0.0,0.1425
2015-12-08,0.1425,3.7915,95.64529,44.9317,-0.022000000000000002,0.0,0.011806199347302865,0.010384799509219073,-0.0633405867214033,0.0,0.1425
2015-12-09,0.1425,3.7573,95.64529,44.9317,-0.022000000000000002,0.0,-0.009061104810035503,0.010177730962075719,-0.0633405867214033,0.0,0.1425
2015-12-10,0.1425,3.7679,95.64529,44.9317,-0.022000000000000002,0.0,0.002817202734994539,0.009796893229937993,-0.0633405867214033,0.0,0.1425
2015-12-11,0.1425,3.8541,95.64529,44.9317,-0.022000000000000002,0.0,0.022619699639724506,0.010926880364325311,-0.0633405867214033,0.0,0.1425
2015-12-12,0.1425,3.8541,95.64529,44.9317,-0.022000000000000002,0.0,0.0,0.010926880364325311,-0.0633405867214033,0.0,0.1425
2015-12-13,0.1425,3.8541,95.64529,44.9317,-0.022000000000000002,0.0,0.0,0.010894020649814236,-0.0633405867214033,0.0,0.1425
2015-12-14,0.1425,3.9017,95.64529,44.9317,-0.022000000000000002,0.0,0.012274838872273123,0.011049206611883302,-0.0633405867214033,0.0,0.1425
2015-12-15,0.1425,3.8697,95.64529,44.9317,-0.022000000000000002,0.0,-0.008235370938746574,0.010806222902873823,-0.0633405867214033,0.0,0.1425
2015-12-16,0.1425,3.9351,95.64529,44.9317,-0.022000000000000002,0.0,0.016759309850009643,0.011301084133446732,-0.0633405867214033,0.0,0.1425
2015-12-17,0.1425,3.8923,95.64529,44.9317,-0.022000000000000002,0.0,-0.010936051961727325,0.011558721678508544,-0.0633405867214033,0.0,0.1425
2015-12-18,0.1425,3.9056,95.64529,44.9317,-0.022000000000000002,0.0,0.003411178111213292,0.011552722744703117,-0.0633405867214033,0.0,0.1425
2015-12-19,0.1425,3.9056,95.64529,44.9317,-0.022000000000000002,0.0,0.0,0.011552722744703117,-0.0633405867214033,0.0,0.1425
2015-12-20,0.1425,3.9056,95.64529,44.9317,-0.022000000000000002,0.0,0.0,0.009649385958156351,-0.0633405867214033,0.0,0.1425
2015-12-21,0.1425,3.9825,95.64529,44.9317,-0.022000000000000002,0.0,0.01949834214550789,0.010469913442863625,-0.0633405867214033,0.0,0.1425
2015-12-22,0.1425,3.9764,95.64529,44.9317,-0.022000000000000002,0.0,-0.0015328754462135546,0.010381115249228343,-0.0633405867214033,0.0,0.1425
2015-12-23,0.1425,3.9626,95.64529,44.9317,-0.022000000000000002,0.0,-0.003476511877831465,0.009708544151485535,-0.0633405867214033,0.0,0.1425
2015-12-24,0.1425,3.9511,95.64529,44.9317,-0.022000000000000002,0.0,-0.002906354320972598,0.00933217789311744,-0.0633405867214033,0.0,0.1425
2015-12-25,0.1425,3.9511,95.64529,44.9317,-0.022000000000000002,0.0,0.0,0.00933217789311744,-0.0633405867214033,0.0,0.1425
2015-12-26,0.1425,3.9511,95.64529,44.9317,-0.022000000000000002,0.0,0.0,0.00933217789311744,-0.0633405867214033,0.0,0.1425
2015-12-27,0.1425,3.9511,95.64529,44.9317,-0.022000000000000002,0.0,0.0,0.009273880122874797,-0.0633405867214033,0.0,0.1425
2015-12-28,0.1425,3.918,95.64529,44.9317,-0.022000000000000002,0.0,-0.008412701634699832,0.009325339634705746,-0.0633405867214033,0.0,0.1425
2015-12-29,0.1425,3.8486,95.64529,44.9317,-0.022000000000000002,0.0,-0.017871873718027537,0.01003838051934563,-0.0633405867214033,0.0,0.1425
2015-12-30,0.1425,3.9042,95.64529,44.9317,-0.022000000000000002,0.0,0.014343450942534853,0.010458173948295221,-0.0633405867214033,0.0,0.1425
2015-12-31,0.1425,3.9042,95.64529,44.9317,-0.022000000000000002,0.0,0.0,0.009237340055755031,-0.0633405867214033,0.0,0.1425
2016-01-01,0.1425,3.9042,90.3646,45.5023,-0.035,0.0,0.0,0.009237340055755031,-0.07391410529396758,0.0,0.1425
2016-01-02,0.1425,3.9042,90.3646,45.5023,-0.035,0.0,0.0,0.009237340055755031,-0.07391410529396758,0.0,0.1425
2016-01-03,0.1425,3.9042,90.3646,45.5023,-0.035,0.0,0.0,0.008822485456211582,-0.07391410529396758,0.0,0.1425
2016-01-04,0.1425,4.038,90.3646,45.5023,-0.035,0.0,0.033696623143789586,0.011369232017089004,-0.07391410529396758,0.0,0.1425
2016-01-05,0.1425,4.0108,90.3646,45.5023,-0.035,0.0,-0.006758797223012614,0.01098612437277429,-0.07391410529396758,0.0,0.1425
2016-01-06,0.1425,4.0297,90.3646,45.5023,-0.035,0.0,0.004701208832693605,0.010646683880624584,-0.07391410529396758,0.0,0.1425
2016-01-07,0.1425,4.0469,90.3646,45.5023,-0.035,0.0,0.004259224426635288,0.010655397833981764,-0.07391410529396758,0.0,0.1425
2016-01-08,0.1425,4.0244,90.3646,45.5023,-0.035,0.0,-0.005575324491203578,0.010776575824877975,-0.07391410529396758,0.0,0.1425
2016-01-09,0.1425,4.0244,90.3646,45.5023,-0.035,0.0,0.0,0.010776575824877975,-0.07391410529396758,0.0,0.1425
2016-01-10,0.1425,4.0244,90.3646,45.5023,-0.035,0.0,0.0,0.009909559879995809,-0.07391410529396758,0.0,0.1425
2016-01-11,0.1425,4.0147,90.3646,45.5023,-0.035,0.0,-0.002413206629444059,0.009921122161436587,-0.07391410529396758,0.0,0.1425
2016-01-12,0.1425,4.0293,90.3646,45.5023,-0.035,0.0,0.0036300387946877014,0.009899224782778325,-0.07391410529396758,0.0,0.1425
2016-01-13,0.1425,3.9857,90.3646,45.5023,-0.035,0.0,-0.01087970806480962,0.01021338172806319,-0.07391410529396758,0.0,0.1425
2016-01-14,0.1425,4.0217,90.3646,45.5023,-0.035,0.0,0.008991743275973267,0.010389567624268696,-0.07391410529396758,0.0,0.1425
2016-01-15,0.1425,4.0396,90.3646,45.5023,-0.035,0.0,0.004440978358098955,0.010417066193932555,-0.07391410529396758,0.0,0.1425
2016-01-16,0.1425,4.0396,90.3646,45.5023,-0.035,0.0,0.0,0.010417066193932555,-0.07391410529396758,0.0,0.1425
2016-01-17,0.1425,4.0396,90.3646,45.5023,-0.035,0.0,0.0,0.010179552105174018,-0.07391410529396758,0.0,0.1425
2016-01-18,0.1425,4.0358,90.3646,45.5023,-0.035,0.0,-0.0009411299206180673,0.009131334024773853,-0.07391410529396758,0.0,0.1425
2016-01-19,0.1425,4.0297,90.3646,45.5023,-0.035,0.0,-0.0015126157493199426,0.008716394682286842,-0.07391410529396758,0.0,0.1425
2016-01-20,0.1425,4.0855,90.3646,45.5023,-0.035,0.0,0.01375218834229814,0.009118203719664257,-0.07391410529396758,0.0,0.1425
2016-01-21,0.1425,4.1552,90.3646,45.5023,-0.035,0.0,0.016916442083721887,0.009664811526098487,-0.07391410529396758,0.0,0.1425
2016-01-22,0.1425,4.1226,90.3646,45.5023,-0.035,0.0,-0.00787652964339859,0.009954574735972051,-0.07391410529396758,0.0,0.1425
2016-01-23,0.1425,4.1226,90.3646,45.5023,-0.035,0.0,0.0,0.009954574735972051,-0.07391410529396758,0.0,0.1425
2016-01-24,0.1425,4.1226,90.3646,45.5023,-0.035,0.0,0.0,0.0067821616628225,-0.07391410529396758,0.0,0.1425
2016-01-25,0.1425,4.0991,90.3646,45.5023,-0.035,0.0,-0.005716594864136357,0.0067228575983690085,-0.07391410529396758,0.0,0.1425
2016-01-26,0.1425,4.0961,90.3646,45.5023,-0.035,0.0,-0.000732135917123689,0.0066788358113371695,-0.07391410529396758,0.0,0.1425
2016-01-27,0.1425,4.0441,90.3646,45.5023,-0.035,0.0,-0.012776272657107976,0.007276326406659211,-0.07391410529396758,0.0,0.1425
2016-01-28,0.1425,4.0832,90.3646,45.5023,-0.035,0.0,0.009621965883698633,0.007458501125424798,-0.07391410529396758,0.0,0.1425
2016-01-29,0.1425,4.0422,90.3646,45.5023,-0.035,0.0,-0.01009189651574678,0.007841683690485247,-0.07391410529396758,0.0,0.1425
2016-01-30,0.1425,4.0422,90.3646,45.5023,-0.035,0.0,0.0,0.007841683690485247,-0.07391410529396758,0.0,0.1425
2016-01-31,0.1425,4.0422,90.3646,45.5023,-0.035,0.0,0.0,0.00781755212029918,-0.07391410529396758,0.0,0.1425
2016-02-01,0.1425,3.9979,91.98494,45.9118,-0.035,0.0,-0.011019874953394971,0.00817151177881511,-0.04219698507134151,0.0,0.1425
2016-02-02,0.1425,3.9913,91.98494,45.9118,-0.035,0.0,-0.0016522308870541963,0.007800209358090905,-0.04219698507134151,0.0,0.1425
2016-02-03,0.1425,3.9552,91.98494,45.9118,-0.035,0.0,-0.009085823530903049,0.007759276392441805,-0.04219698507134151,0.0,0.1425
2016-02-04,0.1425,3.8646,91.98494,45.9118,-0.035,0.0,-0.023172985042417018,0.00911048327962699,-0.04219698507134151,0.0,0.1425
2016-02-05,0.1425,3.8969,91.98494,45.9118,-0.035,0.0,0.008323181463875375,0.00940237952179795,-0.04219698507134151,0.0,0.1425
2016-02-06,0.1425,3.8969,91.98494,45.9118,-0.035,0.0,0.0,0.00940237952179795,-0.04219698507134151,0.0,0.1425
2016-02-07,0.1425,3.8969,91.98494,45.9118,-0.035,0.0,0.0,0.009409247327031663,-0.04219698507134151,0.0,0.1425
2016-02-08,0.1425,3.8969,91.98494,45.9118,-0.035,0.0,0.0,0.009417341296791778,-0.04219698507134151,0.0,0.1425
2016-02-09,0.1425,3.8969,91.98494,45.9118,-0.035,0.0,0.0,0.008706854059505496,-0.04219698507134151,0.0,0.1425
2016-02-10,0.1425,3.9406,91.98494,45.9118,-0.035,0.0,0.01115163071709191,0.00810997423757591,-0.04219698507134151,0.0,0.1425
2016-02-11,0.1425,3.9636,91.98494,45.9118,-0.035,0.0,0.005819707222876864,0.008223009113185988,-0.04219698507134151,0.0,0.1425
2016-02-12,0.1425,3.9884,91.98494,45.9118,-0.035,0.0,0.0062374447698936445,0.008417503159352167,-0.04219698507134151,0.0,0.1425
2016-02-13,0.1425,3.9884,91.98494,45.9118,-0.035,0.0,0.0,0.008417503159352167,-0.04219698507134151,0.0,0.1425
2016-02-14,0.1425,3.9884,91.98494,45.9118,-0.035,0.0,0.0,0.008369235117355673,-0.04219698507134151,0.0,0.1425
2016-02-15,0.1425,3.9879,91.98494,45.9118,-0.035,0.0,-0.00012537141297465305,0.00837276372695064,-0.04219698507134151,0.0,0.1425
2016-02-16,0.1425,4.0207,91.98494,45.9118,-0.035,0.0,0.008191240265881186,0.008175614746122533,-0.04219698507134151,0.0,0.1425
2016-02-17,0.1425,4.0312,91.98494,45.9118,-0.035,0.0,0.002608081558844044,0.007872880904003666,-0.04219698507134151,0.0,0.1425
2016-02-18,0.1425,4.0084,91.98494,45.9118,-0.035,0.0,-0.005671939182214522,0.007652572845656354,-0.04219698507134151,0.0,0.1425
2016-02-19,0.1425,4.0486,91.98494,45.9118,-0.035,0.0,0.009978983143303186,0.007998868152278543,-0.04219698507134151,0.0,0.1425
2016-02-20,0.1425,4.0486,91.98494,45.9118,-0.035,0.0,0.0,0.007998868152278543,-0.04219698507134151,0.0,0.1425
2016-02-21,0.1425,4.0486,91.98494,45.9118,-0.035,0.0,0.0,0.00756168674998776,-0.04219698507134151,0.0,0.1425
2016-02-22,0.1425,3.9612,91.98494,45.9118,-0.035,0.0,-0.021824132680329397,0.009075824191257974,-0.04219698507134151,0.0,0.1425
2016-02-23,0.1425,3.9678,91.98494,45.9118,-0.035,0.0,0.0016647752615240913,0.008848490247891727,-0.04219698507134151,0.0,0.1425
2016-02-24,0.1425,3.9894,91.98494,45.9118,-0.035,0.0,0.005429058727792643,0.006996639039480232,-0.04219698507134151,0.0,0.1425
2016-02-25,0.1425,3.9394,91.98494,45.9118,-0.035,0.0,-0.012612416204870002,0.007485170698899317,-0.04219698507134151,0.0,0.1425
2016-02-26,0.1425,3.9571,91.98494,45.9118,-0.035,0.0,0.004483006304964204,0.007535032430615095,-0.04219698507134151,0.0,0.1425
2016-02-27,0.1425,3.9571,91.98494,45.9118,-0.035,0.0,0.0,0.007535032430615095,-0.04219698507134151,0.0,0.1425
2016-02-28,0.1425,3.9571,91.98494,45.9118,-0.035,0.0,0.0,0.007535032430615095,-0.04219698507134151,0.0,0.1425
2016-02-29,0.1425,3.979,91.98494,45.9118,-0.035,0.0,0.005519097690370141,0.007606209941009206,-0.12353901237736953,0.0,0.1425
2016-03-01,0.1425,3.9907,98.52596,46.1092,-0.035,0.0,0.002936122665920728,0.007244780454929384,-0.06121414866316388,0.0,0.1425
2016-03-02,0.1425,3.911,98.52596,46.1092,-0.035,0.0,-0.020173558337335327,0.008489653167386034,-0.06121414866316388,0.0,0.1425
2016-03-03,0.1425,3.8498,98.52596,46.1092,-0.035,0.0,-0.015771896874978996,0.008960829521422606,-0.06121414866316388,0.0,0.1425
2016-03-04,0.1425,3.7182,98.52596,46.1092,-0.035,0.0,-0.034781518684418346,0.011589197810928754,-0.06121414866316388,0.0,0.1425
2016-03-05,0.1425,3.7182,98.52596,46.1092,-0.035,0.0,0.0,0.011589197810928754,-0.06121414866316388,0.0,0.1425
2016-03-06,0.1425,3.7182,98.52596,46.1092,-0.035,0.0,0.0,0.011591157234246563,-0.06121414866316388,0.0,0.1425
2016-03-07,0.1425,3.7708,98.52596,46.1092,-0.035,0.0,0.014047500325878362,0.011969859453208501,-0.06121414866316388,0.0,0.1425
2016-03-08,0.1425,3.7807,98.52596,46.1092,-0.035,0.0,0.002621997132163533,0.011970215747380051,-0.06121414866316388,0.0,0.1425
2016-03-09,0.1425,3.7031,98.52596,46.1092,-0.035,0.0,-0.020738870974203117,0.01259146057287115,-0.06121414866316388,0.0,0.1425
2016-03-10,0.1425,3.6694,98.52596,46.1092,-0.035,0.0,-0.009142145735336341,0.012197043274636069,-0.06121414866316388,0.0,0.1425
2016-03-11,0.1425,3.6265,98.52596,46.1092,-0.035,0.0,-0.011760165141152204,0.01223094192699681,-0.06121414866316388,0.0,0.1425
2016-03-12,0.1425,3.6265,98.52596,46.1092,-0.035,0.0,0.0,0.01223094192699681,-0.06121414866316388,0.0,0.1425
2016-03-13,0.1425,3.6265,98.52596,46.1092,-0.035,0.0,0.0,0.011658532069340376,-0.06121414866316388,0.0,0.1425
2016-03-14,0.1425,3.6232,98.52596,46.1092,-0.035,0.0,-0.0009103825614629109,0.011601947519729466,-0.06121414866316388,0.0,0.1425
2016-03-15,0.1425,3.711,98.52596,46.1092,-0.035,0.0,0.023943768818593406,0.013083541420097036,-0.06121414866316388,0.0,0.1425
2016-03-16,0.1425,3.8073,98.52596,46.1092,-0.035,0.0,0.02561889442363092,0.014424282088680369,-0.06121414866316388,0.0,0.1425
2016-03-17,0.1425,3.6439,98.52596,46.1092,-0.035,0.0,-0.043865739851949095,0.017130237121565785,-0.06121414866316388,0.0,0.1425
2016-03-18,0.1425,3.614,98.52596,46.1092,-0.035,0.0,-0.008239344480105493,0.017124941540536124,-0.06121414866316388,0.0,0.1425
2016-03-19,0.1425,3.614,98.52596,46.1092,-0.035,0.0,0.0,0.017124941540536124,-0.06121414866316388,0.0,0.1425
2016-03-20,0.1425,3.614,98.52596,46.1092,-0.035,0.0,0.0,0.016998404305206213,-0.06121414866316388,0.0,0.1425
2016-03-21,0.1425,3.6223,98.52596,46.1092,-0.035,0.0,0.0022939910285153463,0.016983601843642553,-0.06121414866316388,0.0,0.1425
2016-03-22,0.1425,3.6067,98.52596,46.1092,-0.035,0.0,-0.004315956346857239,0.01659595142226088,-0.06121414866316388,0.0,0.1425
2016-03-23,0.1425,3.6525,98.52596,46.1092,-0.035,0.0,0.012618637791022624,0.016753987102811105,-0.06121414866316388,0.0,0.1425
2016-03-24,0.1425,3.6942,98.52596,46.1092,-0.035,0.0,0.011352157520364965,0.015198049436023342,-0.06121414866316388,0.0,0.1425
2016-03-25,0.1425,3.6942,98.52596,46.1092,-0.035,0.0,0.0,0.015198049436023342,-0.06121414866316388,0.0,0.1425
2016-03-26,0.1425,3.6942,98.52596,46.1092,-0.035,0.0,0.0,0.015198049436023342,-0.06121414866316388,0.0,0.1425
2016-03-27,0.1425,3.6942,98.52596,46.1092,-0.035,0.0,0.0,0.014818796504515407,-0.06121414866316388,0.0,0.1425
2016-03-28,0.1425,3.6401,98.52596,46.1092,-0.035,0.0,-0.014752868364323548,0.015100291237744737,-0.06121414866316388,0.0,0.1425
2016-03-29,0.1425,3.6681,98.52596,46.1092,-0.035,0.0,0.007662663037358144,0.014560719679399887,-0.06121414866316388,0.0,0.1425
2016-03-30,0.1425,3.611,98.52596,46.1092,-0.035,0.0,-0.015689074540796304,0.014836804215438665,-0.06121414866316388,0.0,0.1425
2016-03-31,0.1425,3.5583,98.52596,46.1092,-0.035,0.0,-0.01470183957411801,0.014965178716043507,-0.014613580767844803,0.0,0.1425
2016-04-01,0.1425,3.5793,95.37409,46.3905,-0.044000000000000004,0.0,0.005884347846524545,0.015042467370623607,-0.04613633774666803,0.0,0.1425
2016-04-02,0.1425,3.5793,95.37409,46.3905,-0.044000000000000004,0.0,0.0,0.015042467370623607,-0.04613633774666803,0.0,0.1425
2016-04-03,0.1425,3.5793,95.37409,46.3905,-0.044000000000000004,0.0,0.0,0.015043031434596168,-0.04613633774666803,0.0,0.1425
2016-04-04,0.1425,3.5865,95.37409,46.3905,-0.044000000000000004,0.0,0.0020095460166247646,0.013916108028257393,-0.04613633774666803,0.0,0.1425
2016-04-05,0.1425,3.6575,95.37409,46.3905,-0.044000000000000004,0.0,0.019603057327790357,0.013347810752897598,-0.04613633774666803,0.0,0.1425
2016-04-06,0.1425,3.6743,95.37409,46.3905,-0.044000000000000004,0.0,0.0045827844192880265,0.009058369828043748,-0.04613633774666803,0.0,0.1425
2016-04-07,0.1425,3.6915,95.37409,46.3905,-0.044000000000000004,0.0,0.0046702411856528285,0.008867128191782146,-0.04613633774666803,0.0,0.1425
2016-04-08,0.1425,3.6379,95.37409,46.3905,-0.044000000000000004,0.0,-0.014626287429510727,0.009537071033783812,-0.04613633774666803,0.0,0.1425
2016-04-09,0.1425,3.6379,95.37409,46.3905,-0.044000000000000004,0.0,0.0,0.009537071033783812,-0.04613633774666803,0.0,0.1425
2016-04-10,0.1425,3.6379,95.37409,46.3905,-0.044000000000000004,0.0,0.0,0.009525990211858598,-0.04613633774666803,0.0,0.1425
2016-04-11,0.1425,3.5278,95.37409,46.3905,-0.044000000000000004,0.0,-0.03073214489233274,0.0117572909446613,-0.04613633774666803,0.0,0.1425
2016-04-12,0.1425,3.54,95.37409,46.3905,-0.044000000000000004,0.0,0.0034522799504434006,0.01136628477747424,-0.04613633774666803,0.0,0.1425
2016-04-13,0.1425,3.5423,95.37409,46.3905,-0.044000000000000004,0.0,0.0006495065390779998,0.01097124426550162,-0.04613633774666803,0.0,0.1425
2016-04-14,0.1425,3.512,95.37409,46.3905,-0.044000000000000004,0.0,-0.008590557911890909,0.01105258665142259,-0.04613633774666803,0.0,0.1425
2016-04-15,0.1425,3.527,95.37409,46.3905,-0.044000000000000004,0.0,0.004261975481044725,0.011144614801793058,-0.04613633774666803,0.0,0.1425
2016-04-16,0.1425,3.527,95.37409,46.3905,-0.044000000000000004,0.0,0.0,0.011144614801793058,-0.04613633774666803,0.0,0.1425
2016-04-17,0.1425,3.527,95.37409,46.3905,-0.044000000000000004,0.0,0.0,0.010759687907859828,-0.04613633774666803,0.0,0.1425
2016-04-18,0.1425,3.5898,95.37409,46.3905,-0.044000000000000004,0.0,0.017648839387989116,0.011422382470846305,-0.04613633774666803,0.0,0.1425
2016-04-19,0.1425,3.5532,95.37409,46.3905,-0.044000000000000004,0.0,-0.010247884728495207,0.011116791452514511,-0.04613633774666803,0.0,0.1425
2016-04-20,0.1425,3.5497,95.37409,46.3905,-0.044000000000000004,0.0,-0.000985513039259191,0.010626756478329715,-0.04613633774666803,0.0,0.1425
2016-04-21,0.1425,3.5497,95.37409,46.3905,-0.044000000000000004,0.0,0.0,0.010532781869754206,-0.04613633774666803,0.0,0.1425
2016-04-22,0.1425,3.5823,95.37409,46.3905,-0.044000000000000004,0.0,0.009141959351162,0.010747921858735129,-0.04613633774666803,0.0,0.1425
2016-04-23,0.1425,3.5823,95.37409,46.3905,-0.044000000000000004,0.0,0.0,0.010747921858735129,-0.04613633774666803,0.0,0.1425
2016-04-24,0.1425,3.5823,95.37409,46.3905,-0.044000000000000004,0.0,0.0,0.010737947545954769,-0.04613633774666803,0.0,0.1425
2016-04-25,0.1425,3.5466,95.37409,46.3905,-0.044000000000000004,0.0,-0.01001565414906981,0.009892757437545195,-0.04613633774666803,0.0,0.1425
2016-04-26,0.1425,3.5294,95.37409,46.3905,-0.044000000000000004,0.0,-0.004861513249246194,0.009810197652748718,-0.04613633774666803,0.0,0.1425
2016-04-27,0.1425,3.5289,95.37409,46.3905,-0.044000000000000004,0.0,-0.0001416771746273658,0.009696038633861448,-0.04613633774666803,0.0,0.1425
2016-04-28,0.1425,3.4986,95.37409,46.3905,-0.044000000000000004,0.0,-0.008623319178340074,0.009380615738373682,-0.04613633774666803,0.0,0.1425
2016-04-29,0.1425,3.4502,95.37409,46.3905,-0.044000000000000004,0.0,-0.01393068809652145,0.009738403042573689,-0.04613633774666803,0.0,0.1425
2016-04-30,0.1425,3.4502,95.37409,46.3905,-0.044000000000000004,0.0,0.0,0.009738403042573689,-0.027567389330760084,0.0,0.1425
2016-05-01,0.1425,3.4502,93.46649,46.7523,-0.044000000000000004,0.0,0.0,0.007156179091367396,-0.04701724670934848,0.0,0.1425
2016-05-02,0.1425,3.4985,93.46649,46.7523,-0.044000000000000004,0.0,0.013902104826307441,0.0078543993127702,-0.04701724670934848,0.0,0.1425
2016-05-03,0.1425,3.5544,93.46649,46.7523,-0.044000000000000004,0.0,0.015851967435747235,0.008673537607796156,-0.04701724670934848,0.0,0.1425
2016-05-04,0.1425,3.5391,93.46649,46.7523,-0.044000000000000004,0.0,-0.004313815105792246,0.008497099322909273,-0.04701724670934848,0.0,0.1425
2016-05-05,0.1425,3.529,93.46649,46.7523,-0.044000000000000004,0.0,-0.002857912840636425,0.008475210707678385,-0.04701724670934848,0.0,0.1425
2016-05-06,0.1425,3.5356,93.46649,46.7523,-0.044000000000000004,0.0,0.0018684715115228183,0.008485174185871929,-0.04701724670934848,0.0,0.1425
2016-05-07,0.1425,3.5356,93.46649,46.7523,-0.044000000000000004,0.0,0.0,0.008485174185871929,-0.04701724670934848,0.0,0.1425
2016-05-08,0.1425,3.5356,93.46649,46.7523,-0.044000000000000004,0.0,0.0,0.007416936402882429,-0.04701724670934848,0.0,0.1425
2016-05-09,0.1425,3.538,93.46649,46.7523,-0.044000000000000004,0.0,0.0006785795329376632,0.007075914903343848,-0.04701724670934848,0.0,0.1425
2016-05-10,0.1425,3.4766,93.46649,46.7523,-0.044000000000000004,0.0,-0.017506791032290525,0.008065811666508587,-0.04701724670934848,0.0,0.1425
2016-05-11,0.1425,3.4639,93.46649,46.7523,-0.044000000000000004,0.0,-0.0036596827820904367,0.0080824614532454,-0.04701724670934848,0.0,0.1425
2016-05-12,0.1425,3.4871,93.46649,46.7523,-0.044000000000000004,0.0,0.006675323305756172,0.007933415099237074,-0.04701724670934848,0.0,0.1425
2016-05-13,0.1425,3.5035,93.46649,46.7523,-0.044000000000000004,0.0,0.004692023599482825,0.008043940314728633,-0.04701724670934848,0.0,0.1425
2016-05-14,0.1425,3.5035,93.46649,46.7523,-0.044000000000000004,0.0,0.0,0.008043940314728633,-0.04701724670934848,0.0,0.1425
2016-05-15,0.1425,3.5035,93.46649,46.7523,-0.044000000000000004,0.0,0.0,0.007767486038421639,-0.04701724670934848,0.0,0.1425
2016-05-16,0.1425,3.5029,93.46649,46.7523,-0.044000000000000004,0.0,-0.0001712719803227988,0.007702948094074309,-0.04701724670934848,0.0,0.1425
2016-05-17,0.1425,3.5031,93.46649,46.7523,-0.044000000000000004,0.0,5.70939195130784e-05,0.007703395686073413,-0.04701724670934848,0.0,0.1425
2016-05-18,0.1425,3.5362,93.46649,46.7523,-0.044000000000000004,0.0,0.009404413494210187,0.007741085873367364,-0.04701724670934848,0.0,0.1425
2016-05-19,0.1425,3.5997,93.46649,46.7523,-0.044000000000000004,0.0,0.017797804394463924,0.007870696933349871,-0.04701724670934848,0.0,0.1425
2016-05-20,0.1425,3.5413,93.46649,46.7523,-0.044000000000000004,0.0,-0.0163566172852491,0.008886872400290756,-0.04701724670934848,0.0,0.1425
2016-05-21,0.1425,3.5413,93.46649,46.7523,-0.044000000000000004,0.0,0.0,0.008886872400290756,-0.04701724670934848,0.0,0.1425
2016-05-22,0.1425,3.5413,93.46649,46.7523,-0.044000000000000004,0.0,0.0,0.008378709898196392,-0.04701724670934848,0.0,0.1425
2016-05-23,0.1425,3.5654,93.46649,46.7523,-0.044000000000000004,0.0,0.006782358164557418,0.007730608000940599,-0.04701724670934848,0.0,0.1425
2016-05-24,0.1425,3.5485,93.46649,46.7523,-0.044000000000000004,0.0,-0.004751270552723463,0.0077445222633982435,-0.04701724670934848,0.0,0.1425
2016-05-25,0.1425,3.5798,93.46649,46.7523,-0.044000000000000004,0.0,0.008781953947361917,0.007942782561055446,-0.04701724670934848,0.0,0.1425
2016-05-26,0.1425,3.5798,93.46649,46.7523,-0.044000000000000004,0.0,0.0,0.007939484433673568,-0.04701724670934848,0.0,0.1425
2016-05-27,0.1425,3.6162,93.46649,46.7523,-0.044000000000000004,0.0,0.01011681780465392,0.00821531400736637,-0.04701724670934848,0.0,0.1425
2016-05-28,0.1425,3.6162,93.46649,46.7523,-0.044000000000000004,0.0,0.0,0.00821531400736637,-0.04701724670934848,0.0,0.1425
2016-05-29,0.1425,3.6162,93.46649,46.7523,-0.044000000000000004,0.0,0.0,0.008218664172967223,-0.04701724670934848,0.0,0.1425
2016-05-30,0.1425,3.5991,93.46649,46.7523,-0.044000000000000004,0.0,-0.004739936528061403,0.007120396637080014,-0.04701724670934848,0.0,0.1425
2016-05-31,0.1425,3.5945,93.46649,46.7523,-0.044000000000000004,0.0,-0.001278914765065795,0.0070450262237846065,-0.03820092055047808,0.0,0.1425
2016-06-01,0.1425,3.612,94.76115,46.9159,-0.044000000000000004,0.0,0.004856736112949754,0.006991004097704871,-0.024878468876085247,0.0,0.1425
2016-06-02,0.1425,3.5955,94.76115,46.9159,-0.044000000000000004,0.0,-0.0045785719943273705,0.007092931974496414,-0.024878468876085247,0.0,0.1425
2016-06-03,0.1425,3.5403,94.76115,46.9159,-0.044000000000000004,0.0,-0.01547159424273606,0.008024269126630911,-0.024878468876085247,0.0,0.1425
2016-06-04,0.1425,3.5403,94.76115,46.9159,-0.044000000000000004,0.0,0.0,0.008024269126630911,-0.024878468876085247,0.0,0.1425
2016-06-05,0.1425,3.5403,94.76115,46.9159,-0.044000000000000004,0.0,0.0,0.008023581174522922,-0.024878468876085247,0.0,0.1425
2016-06-06,0.1425,3.5092,94.76115,46.9159,-0.044000000000000004,0.0,-0.008823378045583917,0.008292406630911348,-0.024878468876085247,0.0,0.1425
2016-06-07,0.1425,3.4739,94.76115,46.9159,-0.044000000000000004,0.0,-0.010110209129428038,0.008286462049338066,-0.024878468876085247,0.0,0.1425
2016-06-08,0.1425,3.3892,94.76115,46.9159,-0.044000000000000004,0.0,-0.0246839768004917,0.008679785302193854,-0.024878468876085247,0.0,0.1425
2016-06-09,0.1425,3.3811,94.76115,46.9159,-0.044000000000000004,0.0,-0.0023928050056047446,0.008091623865356981,-0.024878468876085247,0.0,0.1425
2016-06-10,0.1425,3.4255,94.76115,46.9159,-0.044000000000000004,0.0,0.013046346124249498,0.008784271608401712,-0.024878468876085247,0.0,0.1425
2016-06-11,0.1425,3.4255,94.76115,46.9159,-0.044000000000000004,0.0,0.0,0.008784271608401712,-0.024878468876085247,0.0,0.1425
2016-06-12,0.1425,3.4255,94.76115,46.9159,-0.044000000000000004,0.0,0.0,0.008569394116700145,-0.024878468876085247,0.0,0.1425
2016-06-13,0.1425,3.4527,94.76115,46.9159,-0.044000000000000004,0.0,0.007909087199601315,0.008819531397316222,-0.024878468876085247,0.0,0.1425
2016-06-14,0.1425,3.4833,94.76115,46.9159,-0.044000000000000004,0.0,0.008823586658515025,0.008822057789777116,-0.024878468876085247,0.0,0.1425
2016-06-15,0.1425,3.4762,94.76115,46.9159,-0.044000000000000004,0.0,-0.0020403771716905415,0.008817221936483976,-0.024878468876085247,0.0,0.1425
2016-06-16,0.1425,3.4898,94.76115,46.9159,-0.044000000000000004,0.0,0.003904684834750066,0.008491011945900252,-0.024878468876085247,0.0,0.1425
2016-06-17,0.1425,3.4366,94.76115,46.9159,-0.044000000000000004,0.0,-0.01536181745148481,0.009001105929031613,-0.024878468876085247,0.0,0.1425
2016-06-18,0.1425,3.4366,94.76115,46.9159,-0.044000000000000004,0.0,0.0,0.009001105929031613,-0.024878468876085247,0.0,0.1425
2016-06-19,0.1425,3.4366,94.76115,46.9159,-0.044000000000000004,0.0,0.0,0.00900272964420516,-0.024878468876085247,0.0,0.1425
2016-06-20,0.1425,3.3829,94.76115,46.9159,-0.044000000000000004,0.0,-0.015749280731347296,0.009484096087597855,-0.024878468876085247,0.0,0.1425
2016-06-21,0.1425,3.3891,94.76115,46.9159,-0.044000000000000004,0.0,0.0018310696196953975,0.009375116833618174,-0.024878468876085247,0.0,0.1425
2016-06-22,0.1425,3.3877,94.76115,46.9159,-0.044000000000000004,0.0,-0.0004131743654575722,0.009388783323315353,-0.024878468876085247,0.0,0.1425
2016-06-23,0.1425,3.3527,94.76115,46.9159,-0.044000000000000004,0.0,-0.010385233686699346,0.009096862183720154,-0.024878468876085247,0.0,0.1425
2016-06-24,0.1425,3.3766,94.76115,46.9159,-0.044000000000000004,0.0,0.007103294694257281,0.009344047678675041,-0.024878468876085247,0.0,0.1425
2016-06-25,0.1425,3.3766,94.76115,46.9159,-0.044000000000000004,0.0,0.0,0.009344047678675041,-0.024878468876085247,0.0,0.1425
2016-06-26,0.1425,3.3766,94.76115,46.9159,-0.044000000000000004,0.0,0.0,0.009230785195835253,-0.024878468876085247,0.0,0.1425
2016-06-27,0.1425,3.3928,94.76115,46.9159,-0.044000000000000004,0.0,0.0047862531172877315,0.009136153068561666,-0.024878468876085247,0.0,0.1425
2016-06-28,0.1425,3.3261,94.76115,46.9159,-0.044000000000000004,0.0,-0.01985509271396535,0.008525761612749462,-0.024878468876085247,0.0,0.1425
2016-06-29,0.1425,3.2429,94.76115,46.9159,-0.044000000000000004,0.0,-0.025332455260532676,0.010124666256067826,-0.024878468876085247,0.0,0.1425
2016-06-30,0.1425,3.2092,94.76115,46.9159,-0.044000000000000004,0.0,-0.010446306306381945,0.009627125216391186,-0.056643321626468124,0.0,0.1425
2016-07-01,0.1425,3.2292,95.82074,47.1599,-0.045,0.0,0.006212743641359431,0.009835865163096341,-0.04609499773173065,0.0,0.1425
2016-07-02,0.1425,3.2292,95.82074,47.1599,-0.045,0.0,0.0,0.009835865163096341,-0.04609499773173065,0.0,0.1425
2016-07-03,0.1425,3.2292,95.82074,47.1599,-0.045,0.0,0.0,0.00953051987539986,-0.04609499773173065,0.0,0.1425
2016-07-04,0.1425,3.2474,95.82074,47.1599,-0.045,0.0,0.005620247632153626,0.009340253537037525,-0.04609499773173065,0.0,0.1425
2016-07-05,0.1425,3.2898,95.82074,47.1599,-0.045,0.0,0.012972096485043848,0.01004119267090495,-0.04609499773173065,0.0,0.1425
2016-07-06,0.1425,3.3236,95.82074,47.1599,-0.045,0.0,0.010221760152768504,0.010356140508294264,-0.04609499773173065,0.0,0.1425
2016-07-07,0.1425,3.3382,95.82074,47.1599,-0.045,0.0,0.004383206753490887,0.00999427377747014,-0.04609499773173065,0.0,0.1425
2016-07-08,0.1425,3.2962,95.82074,47.1599,-0.045,0.0,-0.012661449744237534,0.010293939807138693,-0.04609499773173065,0.0,0.1425
2016-07-09,0.1425,3.2962,95.82074,47.1599,-0.045,0.0,0.0,0.010293939807138693,-0.04609499773173065,0.0,0.1425
2016-07-10,0.1425,3.2962,95.82074,47.1599,-0.045,0.0,0.0,0.009783419936596783,-0.04609499773173065,0.0,0.1425
2016-07-11,0.1425,3.3025,95.82074,47.1599,-0.045,0.0,0.0019094675964008861,0.009784755317054633,-0.04609499773173065,0.0,0.1425
2016-07-12,0.1425,3.2744,95.82074,47.1599,-0.045,0.0,-0.00854511121828716,0.009914316764106382,-0.04609499773173065,0.0,0.1425
2016-07-13,0.1425,3.289,95.82074,47.1599,-0.045,0.0,0.004448921010863773,0.009784460807404152,-0.04609499773173065,0.0,0.1425
2016-07-14,0.1425,3.2305,95.82074,47.1599,-0.045,0.0,-0.017946643190836827,0.010288409871704448,-0.04609499773173065,0.0,0.1425
2016-07-15,0.1425,3.265,95.82074,47.1599,-0.045,0.0,0.010622838712311242,0.010675515439434883,-0.04609499773173065,0.0,0.1425
2016-07-16,0.1425,3.265,95.82074,47.1599,-0.045,0.0,0.0,0.010675515439434883,-0.04609499773173065,0.0,0.1425
2016-07-17,0.1425,3.265,95.82074,47.1599,-0.045,0.0,0.0,0.01057610506761811,-0.04609499773173065,0.0,0.1425
2016-07-18,0.1425,3.2628,95.82074,47.1599,-0.045,0.0,-0.0006740402841061266,0.009697278768457107,-0.04609499773173065,0.0,0.1425
2016-07-19,0.1425,3.2795,95.82074,47.1599,-0.045,0.0,0.005105249307364865,0.007891367342172257,-0.04609499773173065,0.0,0.1425
2016-07-20,0.1425,3.2506,95.82074,47.1599,-0.045,0.0,-0.008851377064714625,0.007781571606241472,-0.04609499773173065,0.0,0.1425
2016-07-21,0.1425,3.2579,95.82074,47.1599,-0.045,0.0,0.0022432213447517763,0.007681962391670994,-0.04609499773173065,0.0,0.1425
2016-07-22,0.1425,3.2848,95.82074,47.1599,-0.045,0.0,0.008222951250841793,0.007874671162937587,-0.04609499773173065,0.0,0.1425
2016-07-23,0.1425,3.2848,95.82074,47.1599,-0.045,0.0,0.0,0.007874671162937587,-0.04609499773173065,0.0,0.1425
2016-07-24,0.1425,3.2848,95.82074,47.1599,-0.045,0.0,0.0,0.0077954995284384866,-0.04609499773173065,0.0,0.1425
2016-07-25,0.1425,3.2813,95.82074,47.1599,-0.045,0.0,-0.0010660819455958627,0.007231908141227199,-0.04609499773173065,0.0,0.1425
2016-07-26,0.1425,3.2784,95.82074,47.1599,-0.045,0.0,-0.0008841868344380907,0.006809306747508228,-0.04609499773173065,0.0,0.1425
2016-07-27,0.1425,3.2814,95.82074,47.1599,-0.045,0.0,0.0009146620961466857,0.006716983911020604,-0.04609499773173065,0.0,0.1425
2016-07-28,0.1425,3.2734,95.82074,47.1599,-0.045,0.0,-0.002440960508998487,0.006135327453334631,-0.04609499773173065,0.0,0.1425
2016-07-29,0.1425,3.2384,95.82074,47.1599,-0.045,0.0,-0.010749819418691867,0.006559532062804075,-0.04609499773173065,0.0,0.1425
2016-07-30,0.1425,3.2384,95.82074,47.1599,-0.045,0.0,0.0,0.006559532062804075,-0.04609499773173065,0.0,0.1425
2016-07-31,0.1425,3.2384,95.82074,47.1599,-0.045,0.0,0.0,0.006530557182534251,-0.02993235900769986,0.0,0.1425
2016-08-01,0.1425,3.2656,96.78617,47.367399999999996,-0.045,0.0,0.008364132402488638,0.0065938638893574255,-0.020158562618283637,0.0,0.1425
2016-08-02,0.1425,3.2484,96.78617,47.367399999999996,-0.045,0.0,-0.005280945647324446,0.006596830641346698,-0.020158562618283637,0.0,0.1425
2016-08-03,0.1425,3.2727,96.78617,47.367399999999996,-0.045,0.0,0.007452764863564948,0.005427023637636793,-0.020158562618283637,0.0,0.1425
2016-08-04,0.1425,3.2177,96.78617,47.367399999999996,-0.045,0.0,-0.016948513671235586,0.00620602759733248,-0.020158562618283637,0.0,0.1425
2016-08-05,0.1425,3.1853,96.78617,47.367399999999996,-0.045,0.0,-0.010120342507301502,0.006546644374759273,-0.020158562618283637,0.0,0.1425
2016-08-06,0.1425,3.1853,96.78617,47.367399999999996,-0.045,0.0,0.0,0.006546644374759273,-0.020158562618283637,0.0,0.1425
2016-08-07,0.1425,3.1853,96.78617,47.367399999999996,-0.045,0.0,0.0,0.00655142100726897,-0.020158562618283637,0.0,0.1425
2016-08-08,0.1425,3.1765,96.78617,47.367399999999996,-0.045,0.0,-0.002766514386695776,0.006386951742263805,-0.020158562618283637,0.0,0.1425
2016-08-09,0.1425,3.1497,96.78617,47.367399999999996,-0.045,0.0,-0.00847275151758257,0.006364835985966917,-0.020158562618283637,0.0,0.1425
2016-08-10,0.1425,3.1296,96.78617,47.367399999999996,-0.045,0.0,-0.006402009348507111,0.006385294835680917,-0.020158562618283637,0.0,0.1425
2016-08-11,0.1425,3.1358,96.78617,47.367399999999996,-0.045,0.0,0.001979124085851934,0.005999703238795653,-0.020158562618283637,0.0,0.1425
2016-08-12,0.1425,3.1596,96.78617,47.367399999999996,-0.045,0.0,0.0075611123639140855,0.006379836714009027,-0.020158562618283637,0.0,0.1425
2016-08-13,0.1425,3.1596,96.78617,47.367399999999996,-0.045,0.0,0.0,0.006379836714009027,-0.020158562618283637,0.0,0.1425
2016-08-14,0.1425,3.1596,96.78617,47.367399999999996,-0.045,0.0,0.0,0.006391991230063774,-0.020158562618283637,0.0,0.1425
2016-08-15,0.1425,3.1666,96.78617,47.367399999999996,-0.045,0.0,0.002213019777069721,0.006454843881034332,-0.020158562618283637,0.0,0.1425
2016-08-16,0.1425,3.1743,96.78617,47.367399999999996,-0.045,0.0,0.002428678510891921,0.006496297043785485,-0.020158562618283637,0.0,0.1425
2016-08-17,0.1425,3.2242,96.78617,47.367399999999996,-0.045,0.0,0.0155977218636725,0.007548978220165981,-0.020158562618283637,0.0,0.1425
2016-08-18,0.1425,3.2209,96.78617,47.367399999999996,-0.045,0.0,-0.0010240338515702736,0.007175410924045764,-0.020158562618283637,0.0,0.1425
2016-08-19,0.1425,3.2261,96.78617,47.367399999999996,-0.045,0.0,0.001613153754505594,0.007187672798839113,-0.020158562618283637,0.0,0.1425
2016-08-20,0.1425,3.2261,96.78617,47.367399999999996,-0.045,0.0,0.0,0.007187672798839113,-0.020158562618283637,0.0,0.1425
2016-08-21,0.1425,3.2261,96.78617,47.367399999999996,-0.045,0.0,0.0,0.006901375259209192,-0.020158562618283637,0.0,0.1425
2016-08-22,0.1425,3.2157,96.78617,47.367399999999996,-0.045,0.0,-0.0032289139792498946,0.006843263352891594,-0.020158562618283637,0.0,0.1425
2016-08-23,0.1425,3.2047,96.78617,47.367399999999996,-0.045,0.0,-0.0034265811360667604,0.006605609163557168,-0.020158562618283637,0.0,0.1425
2016-08-24,0.1425,3.2366,96.78617,47.367399999999996,-0.045,0.0,0.009904913853268318,0.005894828194376222,-0.020158562618283637,0.0,0.1425
2016-08-25,0.1425,3.2313,96.78617,47.367399999999996,-0.045,0.0,-0.0016388630579509164,0.00538971491386627,-0.020158562618283637,0.0,0.1425
2016-08-26,0.1425,3.2147,96.78617,47.367399999999996,-0.045,0.0,-0.00515049230420629,0.005546537600955846,-0.020158562618283637,0.0,0.1425
2016-08-27,0.1425,3.2147,96.78617,47.367399999999996,-0.045,0.0,0.0,0.005546537600955846,-0.020158562618283637,0.0,0.1425
2016-08-28,0.1425,3.2147,96.78617,47.367399999999996,-0.045,0.0,0.0,0.00549612051168877,-0.020158562618283637,0.0,0.1425
2016-08-29,0.1425,3.2607,96.78617,47.367399999999996,-0.045,0.0,0.01420785551662305,0.005854292349587431,-0.020158562618283637,0.0,0.1425
2016-08-30,0.1425,3.2519,96.78617,47.367399999999996,-0.045,0.0,-0.002702455349853163,0.005638224601481434,-0.020158562618283637,0.0,0.1425
2016-08-31,0.1425,3.2397,96.78617,47.367399999999996,-0.045,0.0,-0.0037587079805740434,0.005779101721090365,-0.0009840887079485272,0.0,0.1425
2016-09-01,0.1425,3.2466,93.86124,47.4053,-0.045,0.0,0.00212756196992079,0.0056108619572167685,-0.03117488569284288,0.0,0.1425
2016-09-02,0.1425,3.2425,93.86124,47.4053,-0.045,0.0,-0.0012636576861455525,0.005634027776508682,-0.03117488569284288,0.0,0.1425
2016-09-03,0.1425,3.2425,93.86124,47.4053,-0.045,0.0,0.0,0.005634027776508682,-0.03117488569284288,0.0,0.1425
2016-09-04,0.1425,3.2425,93.86124,47.4053,-0.045,0.0,0.0,0.00563677924808663,-0.03117488569284288,0.0,0.1425
2016-09-05,0.1425,3.2715,93.86124,47.4053,-0.045,0.0,0.008903958119194479,0.005892191041875863,-0.03117488569284288,0.0,0.1425
2016-09-06,0.1425,3.2446,93.86124,47.4053,-0.045,0.0,-0.00825651933349486,0.005271663108935327,-0.03117488569284288,0.0,0.1425
2016-09-07,0.1425,3.2446,93.86124,47.4053,-0.045,0.0,0.0,0.005262935185774571,-0.03117488569284288,0.0,0.1425
2016-09-08,0.1425,3.1928,93.86124,47.4053,-0.045,0.0,-0.01609380124177439,0.0064071671416598246,-0.03117488569284288,0.0,0.1425
2016-09-09,0.1425,3.2632,93.86124,47.4053,-0.045,0.0,0.021810034268824524,0.008125681130505708,-0.03117488569284288,0.0,0.1425
2016-09-10,0.1425,3.2632,93.86124,47.4053,-0.045,0.0,0.0,0.008125681130505708,-0.03117488569284288,0.0,0.1425
2016-09-11,0.1425,3.2632,93.86124,47.4053,-0.045,0.0,0.0,0.008078131479381306,-0.03117488569284288,0.0,0.1425
2016-09-12,0.1425,3.2848,93.86124,47.4053,-0.045,0.0,0.006597458261320523,0.008117331650968222,-0.03117488569284288,0.0,0.1425
2016-09-13,0.1425,3.2966,93.86124,47.4053,-0.045,0.0,0.00358586703258652,0.007881640915191154,-0.03117488569284288,0.0,0.1425
2016-09-14,0.1425,3.3256,93.86124,47.4053,-0.045,0.0,0.00875847464117215,0.008045288597076617,-0.03117488569284288,0.0,0.1425
2016-09-15,0.1425,3.332,93.86124,47.4053,-0.045,0.0,0.0019226153483055508,0.007894461543889607,-0.03117488569284288,0.0,0.1425
2016-09-16,0.1425,3.2998,93.86124,47.4053,-0.045,0.0,-0.00971086372938923,0.008298751415847003,-0.03117488569284288,0.0,0.1425
2016-09-17,0.1425,3.2998,93.86124,47.4053,-0.045,0.0,0.0,0.008298751415847003,-0.03117488569284288,0.0,0.1425
2016-09-18,0.1425,3.2998,93.86124,47.4053,-0.045,0.0,0.0,0.007724472180225836,-0.03117488569284288,0.0,0.1425
2016-09-19,0.1425,3.263,93.86124,47.4053,-0.045,0.0,-0.01121484296402335,0.008139168052363267,-0.03117488569284288,0.0,0.1425
2016-09-20,0.1425,3.2534,93.86124,47.4053,-0.045,0.0,-0.0029464142609675814,0.008120535243091503,-0.03117488569284288,0.0,0.1425
2016-09-21,0.1425,3.2402,93.86124,47.4053,-0.045,0.0,-0.004065547056035145,0.008161580712389824,-0.03117488569284288,0.0,0.1425
2016-09-22,0.1425,3.2009,93.86124,47.4053,-0.045,0.0,-0.012203036031867022,0.008598628263086721,-0.03117488569284288,0.0,0.1425
2016-09-23,0.1425,3.2236,93.86124,47.4053,-0.045,0.0,0.007066727205905433,0.008770040052744609,-0.03117488569284288,0.0,0.1425
2016-09-24,0.1425,3.2236,93.86124,47.4053,-0.045,0.0,0.0,0.008770040052744609,-0.03117488569284288,0.0,0.1425
2016-09-25,0.1425,3.2236,93.86124,47.4053,-0.045,0.0,0.0,0.008500491622218423,-0.03117488569284288,0.0,0.1425
2016-09-26,0.1425,3.2394,93.86124,47.4053,-0.045,0.0,0.00488938000193999,0.008396095558488534,-0.03117488569284288,0.0,0.1425
2016-09-27,0.1425,3.2352,93.86124,47.4053,-0.045,0.0,-0.0012973776261439648,0.008400454024367945,-0.03117488569284288,0.0,0.1425
2016-09-28,0.1425,3.247,93.86124,47.4053,-0.045,0.0,0.0036407432766937327,0.0075438456071004936,-0.03117488569284288,0.0,0.1425
2016-09-29,0.1425,3.2229,93.86124,47.4053,-0.045,0.0,-0.0074499177622394585,0.005927424579395405,-0.03117488569284288,0.0,0.1425
2016-09-30,0.1425,3.2456,93.86124,47.4053,-0.045,0.0,0.007018657551631104,0.006168994013724992,-0.04582568484179017,0.0,0.1425
2016-10-01,0.1425,3.2456,93.22555,47.5286,-0.040999999999999995,0.0,0.0,0.006168994013724992,-0.0522879803580536,0.0,0.1425
2016-10-02,0.1425,3.2456,93.22555,47.5286,-0.040999999999999995,0.0,0.0,0.005955106264282565,-0.0522879803580536,0.0,0.1425
2016-10-03,0.1425,3.2332,93.22555,47.5286,-0.040999999999999995,0.0,-0.0038278740325481475,0.005911398128526992,-0.0522879803580536,0.0,0.1425
2016-10-04,0.1425,3.2197,93.22555,47.5286,-0.040999999999999995,0.0,-0.004184171363478645,0.0054831562931081925,-0.0522879803580536,0.0,0.1425
2016-10-05,0.1425,3.2353,93.22555,47.5286,-0.040999999999999995,0.0,0.004833471842346584,0.005619034814450516,-0.0522879803580536,0.0,0.1425
2016-10-06,0.1425,3.2304,93.22555,47.5286,-0.040999999999999995,0.0,-0.0015156907799841906,0.005274923551153717,-0.0522879803580536,0.0,0.1425
2016-10-07,0.1425,3.2128,93.22555,47.5286,-0.040999999999999995,0.0,-0.005463137501217662,0.005357791879511978,-0.0522879803580536,0.0,0.1425
2016-10-08,0.1425,3.2128,93.22555,47.5286,-0.040999999999999995,0.0,0.0,0.005357791879511978,-0.0522879803580536,0.0,0.1425
2016-10-09,0.1425,3.2128,93.22555,47.5286,-0.040999999999999995,0.0,0.0,0.004830366537336497,-0.0522879803580536,0.0,0.1425
2016-10-10,0.1425,3.2119,93.22555,47.5286,-0.040999999999999995,0.0,-0.0002801687256641814,0.004804010757926882,-0.0522879803580536,0.0,0.1425
2016-10-11,0.1425,3.213,93.22555,47.5286,-0.040999999999999995,0.0,0.0003424177841671892,0.004739352923358968,-0.0522879803580536,0.0,0.1425
2016-10-12,0.1425,3.213,93.22555,47.5286,-0.040999999999999995,0.0,0.0,0.0038436221539163993,-0.0522879803580536,0.0,0.1425
2016-10-13,0.1425,3.2081,93.22555,47.5286,-0.040999999999999995,0.0,-0.001526218545466813,0.0034991437875283916,-0.0522879803580536,0.0,0.1425
2016-10-14,0.1425,3.1858,93.22555,47.5286,-0.040999999999999995,0.0,-0.006975426709853778,0.0038078714215281926,-0.0522879803580536,0.0,0.1425
2016-10-15,0.1425,3.1858,93.22555,47.5286,-0.040999999999999995,0.0,0.0,0.0038078714215281926,-0.0522879803580536,0.0,0.1425
2016-10-16,0.1425,3.1858,93.22555,47.5286,-0.040999999999999995,0.0,0.0,0.003588206525345171,-0.0522879803580536,0.0,0.1425
2016-10-17,0.1425,3.1957,93.22555,47.5286,-0.040999999999999995,0.0,0.003102721285645755,0.003691714565459006,-0.0522879803580536,0.0,0.1425
2016-10-18,0.1425,3.1868,93.22555,47.5286,-0.040999999999999995,0.0,-0.002788877639972693,0.003579941706400005,-0.0522879803580536,0.0,0.1425
2016-10-19,0.1425,3.1794,93.22555,47.5286,-0.040999999999999995,0.0,-0.0023247787794396014,0.003258066379319116,-0.0522879803580536,0.0,0.1425
2016-10-20,0.14,3.1599,93.22555,47.5286,-0.040999999999999995,-0.0024999999999999745,-0.006152118216165441,0.002935271935139411,-0.0522879803580536,0.0,0.14
2016-10-21,0.14,3.1587,93.22555,47.5286,-0.040999999999999995,0.0,-0.00037983097978257555,0.002927377497717876,-0.0522879803580536,0.0,0.14
2016-10-22,0.14,3.1587,93.22555,47.5286,-0.040999999999999995,0.0,0.0,0.002927377497717876,-0.0522879803580536,0.0,0.14
2016-10-23,0.14,3.1587,93.22555,47.5286,-0.040999999999999995,0.0,0.0,0.002882111061225521,-0.0522879803580536,0.0,0.14
2016-10-24,0.14,3.1305,93.22555,47.5286,-0.040999999999999995,0.0,-0.008967814345458167,0.003312205693072906,-0.0522879803580536,0.0,0.14
2016-10-25,0.14,3.1187,93.22555,47.5286,-0.040999999999999995,0.0,-0.0037764878781795094,0.0030039114362816854,-0.0522879803580536,0.0,0.14
2016-10-26,0.14,3.1213,93.22555,47.5286,-0.040999999999999995,0.0,0.0008333333815586311,0.0030624174697311355,-0.0522879803580536,0.0,0.14
2016-10-27,0.14,3.1423,93.22555,47.5286,-0.040999999999999995,0.0,0.0067054341544553545,0.003461895579018213,-0.0522879803580536,0.0,0.14
2016-10-28,0.14,3.1809,93.22555,47.5286,-0.040999999999999995,0.0,0.012209159756662475,0.004567675672455565,-0.0522879803580536,0.0,0.14
2016-10-29,0.14,3.1809,93.22555,47.5286,-0.040999999999999995,0.0,0.0,0.004567675672455565,-0.0522879803580536,0.0,0.14
2016-10-30,0.14,3.1809,93.22555,47.5286,-0.040999999999999995,0.0,0.0,0.0045688113817828405,-0.0522879803580536,0.0,0.14
2016-10-31,0.14,3.1805,93.22555,47.5286,-0.040999999999999995,0.0,-0.00012575848100328244,0.0045655475089904874,-0.02417120724879762,0.0,0.14
2016-11-01,0.14,3.2047,92.94767,47.614200000000004,-0.040999999999999995,0.0,0.007580065110657826,0.004911485848473718,-0.027079887379187872,0.0,0.14
2016-11-02,0.14,3.2047,92.94767,47.614200000000004,-0.040999999999999995,0.0,0.0,0.004900484040113959,-0.027079887379187872,0.0,0.14
2016-11-03,0.14,3.2304,92.94767,47.614200000000004,-0.040999999999999995,0.0,0.007987486329056293,0.004930120585955694,-0.027079887379187872,0.0,0.14
2016-11-04,0.14,3.2443,92.94767,47.614200000000004,-0.040999999999999995,0.0,0.004293641822566452,0.004991361131374534,-0.027079887379187872,0.0,0.14
2016-11-05,0.14,3.2443,92.94767,47.614200000000004,-0.040999999999999995,0.0,0.0,0.004991361131374534,-0.027079887379187872,0.0,0.14
2016-11-06,0.14,3.2443,92.94767,47.614200000000004,-0.040999999999999995,0.0,0.0,0.004967778152609948,-0.027079887379187872,0.0,0.14
2016-11-07,0.14,3.2018,92.94767,47.614200000000004,-0.040999999999999995,0.0,-0.013186458737145435,0.005827748902060829,-0.027079887379187872,0.0,0.14
2016-11-08,0.14,3.2018,92.94767,47.614200000000004,-0.040999999999999995,0.0,0.0,0.005797113506918256,-0.027079887379187872,0.0,0.14
2016-11-09,0.14,3.2252,92.94767,47.614200000000004,-0.040999999999999995,0.0,0.007281812166872971,0.005782210403838767,-0.027079887379187872,0.0,0.14
2016-11-10,0.14,3.3098,92.94767,47.614200000000004,-0.040999999999999995,0.0,0.025892800773976,0.008004228870678866,-0.027079887379187872,0.0,0.14
2016-11-11,0.14,3.4371,92.94767,47.614200000000004,-0.040999999999999995,0.0,0.03774032798284711,0.011225093169225018,-0.027079887379187872,0.0,0.14
2016-11-12,0.14,3.4371,92.94767,47.614200000000004,-0.040999999999999995,0.0,0.0,0.011225093169225018,-0.027079887379187872,0.0,0.14
2016-11-13,0.14,3.4371,92.94767,47.614200000000004,-0.040999999999999995,0.0,0.0,0.0108430426739093,-0.027079887379187872,0.0,0.14
2016-11-14,0.14,3.444,92.94767,47.614200000000004,-0.040999999999999995,0.0,0.002005493979931378,0.010681820119605086,-0.027079887379187872,0.0,0.14
2016-11-15,0.14,3.444,92.94767,47.614200000000004,-0.040999999999999995,0.0,0.0,0.010700376986796835,-0.027079887379187872,0.0,0.14
2016-11-16,0.14,3.4177,92.94767,47.614200000000004,-0.040999999999999995,0.0,-0.00766577635024911,0.011050905429034714,-0.027079887379187872,0.0,0.14
2016-11-17,0.14,3.4046,92.94767,47.614200000000004,-0.040999999999999995,0.0,-0.0038403518169021554,0.011021437282777519,-0.027079887379187872,0.0,0.14
2016-11-18,0.14,3.3911,92.94767,47.614200000000004,-0.040999999999999995,0.0,-0.003973105863637845,0.011121265403228813,-0.027079887379187872,0.0,0.14
2016-11-19,0.14,3.3911,92.94767,47.614200000000004,-0.040999999999999995,0.0,0.0,0.011121265403228813,-0.027079887379187872,0.0,0.14
2016-11-20,0.14,3.3911,92.94767,47.614200000000004,-0.040999999999999995,0.0,0.0,0.011119321738383068,-0.027079887379187872,0.0,0.14
2016-11-21,0.14,3.3511,92.94767,47.614200000000004,-0.040999999999999995,0.0,-0.011865702386523354,0.011558218702995506,-0.027079887379187872,0.0,0.14
2016-11-22,0.14,3.347,92.94767,47.614200000000004,-0.040999999999999995,0.0,-0.0012242279189822966,0.011573900802886183,-0.027079887379187872,0.0,0.14
2016-11-23,0.14,3.3921,92.94767,47.614200000000004,-0.040999999999999995,0.0,0.013384776397982568,0.011777755899260542,-0.027079887379187872,0.0,0.14
2016-11-24,0.14,3.3981,92.94767,47.614200000000004,-0.040999999999999995,0.0,0.0017672532654683301,0.011770398947369934,-0.027079887379187872,0.0,0.14
2016-11-25,0.14,3.4273,92.94767,47.614200000000004,-0.040999999999999995,0.0,0.008556327290974403,0.011837103865675666,-0.027079887379187872,0.0,0.14
2016-11-26,0.14,3.4273,92.94767,47.614200000000004,-0.040999999999999995,0.0,0.0,0.011837103865675666,-0.027079887379187872,0.0,0.14
2016-11-27,0.14,3.4273,92.94767,47.614200000000004,-0.040999999999999995,0.0,0.0,0.011256082389174612,-0.027079887379187872,0.0,0.14
2016-11-28,0.14,3.399,92.94767,47.614200000000004,-0.040999999999999995,0.0,-0.008291508469636031,0.011537197915658649,-0.027079887379187872,0.0,0.14
2016-11-29,0.14,3.4054,92.94767,47.614200000000004,-0.040999999999999995,0.0,0.0018811362904275104,0.011494543610235344,-0.027079887379187872,0.0,0.14
2016-11-30,0.14,3.3961,92.94767,47.614200000000004,-0.040999999999999995,0.0,-0.0027346925813043275,0.010162032608460991,-0.028204420729970092,0.0,0.14
2016-12-01,0.1375,3.4356,93.772,47.757,-0.040999999999999995,-0.0025000000000000022,0.011563868486830295,0.006089592717795276,-0.01958580500932139,0.0,0.1375
2016-12-02,0.1375,3.4644,93.772,47.757,-0.040999999999999995,0.0,0.008347874564820081,0.006370766714033854,-0.01958580500932139,0.0,0.1375
2016-12-03,0.1375,3.4644,93.772,47.757,-0.040999999999999995,0.0,0.0,0.006370766714033854,-0.01958580500932139,0.0,0.1375
2016-12-04,0.1375,3.4644,93.772,47.757,-0.040999999999999995,0.0,0.0,0.006359866826747518,-0.01958580500932139,0.0,0.1375
2016-12-05,0.1375,3.4592,93.772,47.757,-0.040999999999999995,0.0,-0.0015021090120005283,0.006372394642546272,-0.01958580500932139,0.0,0.1375
2016-12-06,0.1375,3.4348,93.772,47.757,-0.040999999999999995,0.0,-0.007078648646559437,0.006335398474270703,-0.01958580500932139,0.0,0.1375
2016-12-07,0.1375,3.3889,93.772,47.757,-0.040999999999999995,0.0,-0.013453314855896417,0.006992585742919184,-0.01958580500932139,0.0,0.1375
2016-12-08,0.1375,3.4002,93.772,47.757,-0.040999999999999995,0.0,0.0033288684611951836,0.006977534369987952,-0.01958580500932139,0.0,0.1375
2016-12-09,0.1375,3.3852,93.772,47.757,-0.040999999999999995,0.0,-0.004421264607677599,0.007051647021466297,-0.01958580500932139,0.0,0.1375
2016-12-10,0.1375,3.3852,93.772,47.757,-0.040999999999999995,0.0,0.0,0.007051647021466297,-0.01958580500932139,0.0,0.1375
2016-12-11,0.1375,3.3852,93.772,47.757,-0.040999999999999995,0.0,0.0,0.006484882830478975,-0.01958580500932139,0.0,0.1375
2016-12-12,0.1375,3.3691,93.772,47.757,-0.040999999999999995,0.0,-0.004767342431573997,0.0065823076546197325,-0.01958580500932139,0.0,0.1375
2016-12-13,0.1375,3.3334,93.772,47.757,-0.040999999999999995,0.0,-0.010652842256301257,0.006259598339953362,-0.01958580500932139,0.0,0.1375
2016-12-14,0.1375,3.3097,93.772,47.757,-0.040999999999999995,0.0,-0.007135253285603956,0.006377403422007708,-0.01958580500932139,0.0,0.1375
2016-12-15,0.1375,3.3824,93.772,47.757,-0.040999999999999995,0.0,0.021727965853446676,0.007939549124767803,-0.01958580500932139,0.0,0.1375
2016-12-16,0.1375,3.3706,93.772,47.757,-0.040999999999999995,0.0,-0.003494746633998933,0.007962697053669018,-0.01958580500932139,0.0,0.1375
2016-12-17,0.1375,3.3706,93.772,47.757,-0.040999999999999995,0.0,0.0,0.007962697053669018,-0.01958580500932139,0.0,0.1375
2016-12-18,0.1375,3.3706,93.772,47.757,-0.040999999999999995,0.0,0.0,0.007767447852411161,-0.01958580500932139,0.0,0.1375
2016-12-19,0.1375,3.3772,93.772,47.757,-0.040999999999999995,0.0,0.0019561937534252716,0.007768635971190031,-0.01958580500932139,0.0,0.1375
2016-12-20,0.1375,3.358,93.772,47.757,-0.040999999999999995,0.0,-0.0057014051578588125,0.007843209759501374,-0.01958580500932139,0.0,0.1375
2016-12-21,0.1375,3.3291,93.772,47.757,-0.040999999999999995,0.0,-0.008643561462858485,0.007492366638913956,-0.01958580500932139,0.0,0.1375
2016-12-22,0.1375,3.3296,93.772,47.757,-0.040999999999999995,0.0,0.000150179464742404,0.007136772198330273,-0.01958580500932139,0.0,0.1375
2016-12-23,0.1375,3.269,93.772,47.757,-0.040999999999999995,0.0,-0.0183680489151594,0.007997878005321014,-0.01958580500932139,0.0,0.1375
2016-12-24,0.1375,3.269,93.772,47.757,-0.040999999999999995,0.0,0.0,0.007997878005321014,-0.01958580500932139,0.0,0.1375
2016-12-25,0.1375,3.269,93.772,47.757,-0.040999999999999995,0.0,0.0,0.008018749064117557,-0.01958580500932139,0.0,0.1375
2016-12-26,0.1375,3.2695,93.772,47.757,-0.040999999999999995,0.0,0.000152940277119859,0.007979924446013247,-0.01958580500932139,0.0,0.1375
2016-12-27,0.1375,3.277,93.772,47.757,-0.040999999999999995,0.0,0.00229130169748412,0.007606864775343786,-0.01958580500932139,0.0,0.1375
2016-12-28,0.1375,3.2768,93.772,47.757,-0.040999999999999995,0.0,-6.1033293680652405e-05,0.007526755617349642,-0.01958580500932139,0.0,0.1375
2016-12-29,0.1375,3.2585,93.772,47.757,-0.040999999999999995,0.0,-0.0056003696326988915,0.00755254299955455,-0.01958580500932139,0.0,0.1375
2016-12-30,0.1375,3.2585,93.772,47.757,-0.040999999999999995,0.0,0.0,0.00755254299955455,-0.01958580500932139,0.0,0.1375
2016-12-31,0.1375,3.2585,93.772,47.757,-0.040999999999999995,0.0,0.0,0.00755254299955455,0.03770724376581103,0.0,0.1375
2017-01-01,0.1375,3.2585,90.57006,47.938500000000005,-0.033,0.0,0.0,0.0075327313590624525,0.002273677966814436,0.0,0.1375
2017-01-02,0.1375,3.2723,90.57006,47.938500000000005,-0.033,0.0,0.004226134788767506,0.007330795974561822,0.002273677966814436,0.0,0.1375
2017-01-03,0.1375,3.2626,90.57006,47.938500000000005,-0.033,0.0,-0.0029686780590003525,0.007203113564862581,0.002273677966814436,0.0,0.1375
2017-01-04,0.1375,3.2327,90.57006,47.938500000000005,-0.033,0.0,-0.00920672215376321,0.005162029690256497,0.002273677966814436,0.0,0.1375
2017-01-05,0.1375,3.2123,90.57006,47.938500000000005,-0.033,0.0,-0.0063305098923378735,0.005236047137960196,0.002273677966814436,0.0,0.1375
2017-01-06,0.1375,3.2051,90.57006,47.938500000000005,-0.033,0.0,-0.0022439003400296443,0.005205750735345893,0.002273677966814436,0.0,0.1375
2017-01-07,0.1375,3.2051,90.57006,47.938500000000005,-0.033,0.0,0.0,0.005205750735345893,0.002273677966814436,0.0,0.1375
2017-01-08,0.1375,3.2051,90.57006,47.938500000000005,-0.033,0.0,0.0,0.0051351728437778665,0.002273677966814436,0.0,0.1375
2017-01-09,0.1375,3.2091,90.57006,47.938500000000005,-0.033,0.0,0.001247232864123288,0.0051504180819880166,0.002273677966814436,0.0,0.1375
2017-01-10,0.1375,3.1912,90.57006,47.938500000000005,-0.033,0.0,-0.005593502388998041,0.004994490894776482,0.002273677966814436,0.0,0.1375
2017-01-11,0.1375,3.2148,90.57006,47.938500000000005,-0.033,0.0,0.007368125747366595,0.00541027840765016,0.002273677966814436,0.0,0.1375
2017-01-12,0.13,3.1655,90.57006,47.938500000000005,-0.033,-0.007500000000000007,-0.015454126354382052,0.004959814716071666,0.002273677966814436,0.0,0.13
2017-01-13,0.13,3.2028,90.57006,47.938500000000005,-0.033,0.0,0.011714406214297491,0.005783143880898124,0.002273677966814436,0.0,0.13
2017-01-14,0.13,3.2028,90.57006,47.938500000000005,-0.033,0.0,0.0,0.005783143880898124,0.002273677966814436,0.0,0.13
2017-01-15,0.13,3.2028,90.57006,47.938500000000005,-0.033,0.0,0.0,0.005781608106285433,0.002273677966814436,0.0,0.13
2017-01-16,0.13,3.2228,90.57006,47.938500000000005,-0.033,0.0,0.00622511970456208,0.00596458585333733,0.002273677966814436,0.0,0.13
2017-01-17,0.13,3.2094,90.57006,47.938500000000005,-0.033,0.0,-0.004166543137781395,0.006007083113731296,0.002273677966814436,0.0,0.13
2017-01-18,0.13,3.2205,90.57006,47.938500000000005,-0.033,0.0,0.003452623221685912,0.005986342669008912,0.002273677966814436,0.0,0.13
2017-01-19,0.13,3.2107,90.57006,47.938500000000005,-0.033,0.0,-0.0030476451005453527,0.006009371693374899,0.002273677966814436,0.0,0.13
2017-01-20,0.13,3.1912,90.57006,47.938500000000005,-0.033,0.0,-0.00609196029520329,0.0061232606825513585,0.002273677966814436,0.0,0.13
2017-01-21,0.13,3.1912,90.57006,47.938500000000005,-0.033,0.0,0.0,0.0061232606825513585,0.002273677966814436,0.0,0.13
2017-01-22,0.13,3.1912,90.57006,47.938500000000005,-0.033,0.0,0.0,0.006003590856139982,0.002273677966814436,0.0,0.13
2017-01-23,0.13,3.1603,90.57006,47.938500000000005,-0.033,0.0,-0.009730061807582485,0.006288777704501211,0.002273677966814436,0.0,0.13
2017-01-24,0.13,3.1643,90.57006,47.938500000000005,-0.033,0.0,0.0012649022968490265,0.006053008012503723,0.002273677966814436,0.0,0.13
2017-01-25,0.13,3.1679,90.57006,47.938500000000005,-0.033,0.0,0.0011370456990813964,0.005940664974513387,0.002273677966814436,0.0,0.13
2017-01-26,0.13,3.1798,90.57006,47.938500000000005,-0.033,0.0,0.0037493939350637523,0.006009234257056692,0.002273677966814436,0.0,0.13
2017-01-27,0.13,3.159,90.57006,47.938500000000005,-0.033,0.0,-0.00656277991252366,0.0061636566847150355,0.002273677966814436,0.0,0.13
2017-01-28,0.13,3.159,90.57006,47.938500000000005,-0.033,0.0,0.0,0.0061636566847150355,0.002273677966814436,0.0,0.13
2017-01-29,0.13,3.159,90.57006,47.938500000000005,-0.033,0.0,0.0,0.006148950613524802,0.002273677966814436,0.0,0.13
2017-01-30,0.13,3.131,90.57006,47.938500000000005,-0.033,0.0,-0.008903079475679473,0.006327070283967065,0.002273677966814436,0.0,0.13
2017-01-31,0.13,3.1264,90.57006,47.938500000000005,-0.033,0.0,-0.001470259477942084,0.006016375677752702,-0.015381648343739673,0.0,0.13
2017-02-01,0.13,3.1473,90.92554,48.0967,-0.033,0.0,0.006662759557086091,0.005284095777293598,-0.011517102690940417,0.0,0.13
2017-02-02,0.13,3.119,90.92554,48.0967,-0.033,0.0,-0.009032504797746251,0.004819838268270169,-0.011517102690940417,0.0,0.13
2017-02-03,0.13,3.1235,90.92554,48.0967,-0.033,0.0,0.0014417303258212725,0.004851386632170388,-0.011517102690940417,0.0,0.13
2017-02-04,0.13,3.1235,90.92554,48.0967,-0.033,0.0,0.0,0.004851386632170388,-0.011517102690940417,0.0,0.13
2017-02-05,0.13,3.1235,90.92554,48.0967,-0.033,0.0,0.0,0.004535742338891889,-0.011517102690940417,0.0,0.13
2017-02-06,0.13,3.1173,90.92554,48.0967,-0.033,0.0,-0.001986925406913762,0.004495950699555819,-0.011517102690940417,0.0,0.13
2017-02-07,0.13,3.1298,90.92554,48.0967,-0.033,0.0,0.004001862202360802,0.004529065768619157,-0.011517102690940417,0.0,0.13
2017-02-08,0.13,3.1248,90.92554,48.0967,-0.033,0.0,-0.001598823606657041,0.0045133624068792195,-0.011517102690940417,0.0,0.13
2017-02-09,0.13,3.1179,90.92554,48.0967,-0.033,0.0,-0.0022105828599287888,0.0043804926256567804,-0.011517102690940417,0.0,0.13
2017-02-10,0.13,3.1149,90.92554,48.0967,-0.033,0.0,-0.0009626492849677551,0.004372335380549518,-0.011517102690940417,0.0,0.13
2017-02-11,0.13,3.1149,90.92554,48.0967,-0.033,0.0,0.0,0.004372335380549518,-0.011517102690940417,0.0,0.13
2017-02-12,0.13,3.1149,90.92554,48.0967,-0.033,0.0,0.0,0.0038890394696204102,-0.011517102690940417,0.0,0.13
2017-02-13,0.13,3.1169,90.92554,48.0967,-0.033,0.0,0.0006418691449231694,0.0038747428993044326,-0.011517102690940417,0.0,0.13
2017-02-14,0.13,3.0998,90.92554,48.0967,-0.033,0.0,-0.005501324859490642,0.003986873638654633,-0.011517102690940417,0.0,0.13
2017-02-15,0.13,3.0773,90.92554,48.0967,-0.033,0.0,-0.0072850041309260255,0.004045493285824907,-0.011517102690940417,0.0,0.13
2017-02-16,0.13,3.0504,90.92554,48.0967,-0.033,0.0,-0.008779859588670414,0.004214386170858393,-0.011517102690940417,0.0,0.13
2017-02-17,0.13,3.0944,90.92554,48.0967,-0.033,0.0,0.014321296715621186,0.00553650289855841,-0.011517102690940417,0.0,0.13
2017-02-18,0.13,3.0944,90.92554,48.0967,-0.033,0.0,0.0,0.00553650289855841,-0.011517102690940417,0.0,0.13
2017-02-19,0.13,3.0944,90.92554,48.0967,-0.033,0.0,0.0,0.0052192530767396,-0.011517102690940417,0.0,0.13
2017-02-20,0.13,3.0912,90.92554,48.0967,-0.033,0.0,-0.0010346612407762194,0.005216285324234288,-0.011517102690940417,0.0,0.13
2017-02-21,0.13,3.0964,90.92554,48.0967,-0.033,0.0,0.0016807813123594286,0.004965850069941216,-0.011517102690940417,0.0,0.13
2017-02-22,0.13,3.0818,90.92554,48.0967,-0.033,0.0,-0.0047263044828054065,0.004675690133750274,-0.011517102690940417,0.0,0.13
2017-02-23,0.1225,3.0632,90.92554,48.0967,-0.033,-0.007500000000000007,-0.006053720684668189,0.004802114973424597,-0.011517102690940417,0.0,0.1225
2017-02-24,0.1225,3.0987,90.92554,48.0967,-0.033,0.0,0.01152254751761274,0.005557065727025074,-0.011517102690940417,0.0,0.1225
2017-02-25,0.1225,3.0987,90.92554,48.0967,-0.033,0.0,0.0,0.005557065727025074,-0.011517102690940417,0.0,0.1225
2017-02-26,0.1225,3.0987,90.92554,48.0967,-0.033,0.0,0.0,0.0055449228632737805,-0.011517102690940417,0.0,0.1225
2017-02-27,0.1225,3.0987,90.92554,48.0967,-0.033,0.0,0.0,0.005452988709753539,-0.011517102690940417,0.0,0.1225
2017-02-28,0.1225,3.0987,90.92554,48.0967,-0.033,0.0,0.0,0.005447738486380713,-0.011517102690940417,0.0,0.1225
2017-03-01,0.1225,3.097,99.65428,48.216899999999995,-0.033,0.0,-0.0005487677074946648,0.0054316300344170836,0.011452007166436129,0.0,0.1225
2017-03-02,0.1225,3.1132,99.65428,48.216899999999995,-0.033,0.0,0.0052172351120302225,0.005568186214973196,0.011452007166436129,0.0,0.1225
2017-03-03,0.1225,3.1358,99.65428,48.216899999999995,-0.033,0.0,0.007233188841116981,0.005800123390894817,0.011452007166436129,0.0,0.1225
2017-03-04,0.1225,3.1358,99.65428,48.216899999999995,-0.033,0.0,0.0,0.005800123390894817,0.011452007166436129,0.0,0.1225
2017-03-05,0.1225,3.1358,99.65428,48.216899999999995,-0.033,0.0,0.0,0.005800108145329563,0.011452007166436129,0.0,0.1225
2017-03-06,0.1225,3.1105,99.65428,48.216899999999995,-0.033,0.0,-0.008100839971275671,0.005963822984316447,0.011452007166436129,0.0,0.1225
2017-03-07,0.1225,3.1179,99.65428,48.216899999999995,-0.033,0.0,0.00237621330741118,0.005714043202411478,0.011452007166436129,0.0,0.1225
2017-03-08,0.1225,3.1471,99.65428,48.216899999999995,-0.033,0.0,0.00932169559194933,0.005572745510907599,0.011452007166436129,0.0,0.1225
2017-03-09,0.1225,3.1729,99.65428,48.216899999999995,-0.033,0.0,0.00816460231658622,0.00496797388547782,0.011452007166436129,0.0,0.1225
2017-03-10,0.1225,3.1617,99.65428,48.216899999999995,-0.033,0.0,-0.0035361385630204743,0.0050766353954977955,0.011452007166436129,0.0,0.1225
2017-03-11,0.1225,3.1617,99.65428,48.216899999999995,-0.033,0.0,0.0,0.0050766353954977955,0.011452007166436129,0.0,0.1225
2017-03-12,0.1225,3.1617,99.65428,48.216899999999995,-0.033,0.0,0.0,0.0050592390840618765,0.011452007166436129,0.0,0.1225
2017-03-13,0.1225,3.1535,99.65428,48.216899999999995,-0.033,0.0,-0.0025969105042947705,0.005124618054209163,0.011452007166436129,0.0,0.1225
2017-03-14,0.1225,3.1633,99.65428,48.216899999999995,-0.033,0.0,0.0031028393688413416,0.004967745113061674,0.011452007166436129,0.0,0.1225
2017-03-15,0.1225,3.1623,99.65428,48.216899999999995,-0.033,0.0,-0.0003161755432940851,0.004677615742955214,0.011452007166436129,0.0,0.1225
2017-03-16,0.1225,3.1074,99.65428,48.216899999999995,-0.033,0.0,-0.01751324727135236,0.005803633347355646,0.011452007166436129,0.0,0.1225
2017-03-17,0.1225,3.1069,99.65428,48.216899999999995,-0.033,0.0,-0.00016091917064805505,0.0058039494613028155,0.011452007166436129,0.0,0.1225
2017-03-18,0.1225,3.1069,99.65428,48.216899999999995,-0.033,0.0,0.0,0.0058039494613028155,0.011452007166436129,0.0,0.1225
2017-03-19,0.1225,3.1069,99.65428,48.216899999999995,-0.033,0.0,0.0,0.0058039494613028155,0.011452007166436129,0.0,0.1225
2017-03-20,0.1225,3.0892,99.65428,48.216899999999995,-0.033,0.0,-0.005713286792143972,0.005949569709870795,0.011452007166436129,0.0,0.1225
2017-03-21,0.1225,3.0759,99.65428,48.216899999999995,-0.033,0.0,-0.00431461635095357,0.006021888121526702,0.011452007166436129,0.0,0.1225
2017-03-22,0.1225,3.0933,99.65428,48.216899999999995,-0.033,0.0,0.005640940847852414,0.0060431821087963125,0.011452007166436129,0.0,0.1225
2017-03-23,0.1225,3.1242,99.65428,48.216899999999995,-0.033,0.0,0.009939768204900785,0.006248074559136996,0.011452007166436129,0.0,0.1225
2017-03-24,0.1225,3.1276,99.65428,48.216899999999995,-0.033,0.0,0.001087686853450497,0.0062545027680911336,0.011452007166436129,0.0,0.1225
2017-03-25,0.1225,3.1276,99.65428,48.216899999999995,-0.033,0.0,0.0,0.0062545027680911336,0.011452007166436129,0.0,0.1225
2017-03-26,0.1225,3.1276,99.65428,48.216899999999995,-0.033,0.0,0.0,0.005966898241868706,0.011452007166436129,0.0,0.1225
2017-03-27,0.1225,3.125,99.65428,48.216899999999995,-0.033,0.0,-0.0008316540798571039,0.005950511053271594,0.011452007166436129,0.0,0.1225
2017-03-28,0.1225,3.1297,99.65428,48.216899999999995,-0.033,0.0,0.0015028701247463293,0.0055575904503670556,0.011452007166436129,0.0,0.1225
2017-03-29,0.1225,3.1223,99.65428,48.216899999999995,-0.033,0.0,-0.0023672435878766412,0.00520327545753188,0.011452007166436129,0.0,0.1225
2017-03-30,0.1225,3.1241,99.65428,48.216899999999995,-0.033,0.0,0.000576331983165843,0.005170772819050337,0.011452007166436129,0.0,0.1225
2017-03-31,0.1225,3.1678,99.65428,48.216899999999995,-0.033,0.0,0.013891098937782509,0.006104072043915809,0.011452007166436129,0.0,0.1225
2017-04-01,0.1225,3.1678,93.78418,48.2844,-0.019,0.0,0.0,0.006104072043915809,-0.016670250798723085,0.0,0.1225
2017-04-02,0.1225,3.1678,93.78418,48.2844,-0.019,0.0,0.0,0.006071297976905077,-0.016670250798723085,0.0,0.1225
2017-04-03,0.1225,3.1161,93.78418,48.2844,-0.019,0.0,-0.016455120726444592,0.007075603042860631,-0.016670250798723085,0.0,0.1225
2017-04-04,0.1225,3.1225,93.78418,48.2844,-0.019,0.0,0.002051743097857351,0.007103031847354356,-0.016670250798723085,0.0,0.1225
2017-04-05,0.1225,3.0917,93.78418,48.2844,-0.019,0.0,-0.009912861579169322,0.0063116319082660195,-0.016670250798723085,0.0,0.1225
2017-04-06,0.1225,3.1154,93.78418,48.2844,-0.019,0.0,0.007636453471942067,0.00655381126130105,-0.016670250798723085,0.0,0.1225
2017-04-07,0.1225,3.1296,93.78418,48.2844,-0.019,0.0,0.00454764594799263,0.006627299844422869,-0.016670250798723085,0.0,0.1225
2017-04-08,0.1225,3.1296,93.78418,48.2844,-0.019,0.0,0.0,0.006627299844422869,-0.016670250798723085,0.0,0.1225
2017-04-09,0.1225,3.1296,93.78418,48.2844,-0.019,0.0,0.0,0.0064728912415745864,-0.016670250798723085,0.0,0.1225
2017-04-10,0.1225,3.1403,93.78418,48.2844,-0.019,0.0,0.00341313589928581,0.006391091959695507,-0.016670250798723085,0.0,0.1225
2017-04-11,0.1225,3.1418,93.78418,48.2844,-0.019,0.0,0.0004775473260555084,0.006298909013915946,-0.016670250798723085,0.0,0.1225
2017-04-12,0.1225,3.1457,93.78418,48.2844,-0.019,0.0,0.001240556819139359,0.00592203169535617,-0.016670250798723085,0.0,0.1225
2017-04-13,0.1125,3.1263,93.78418,48.2844,-0.019,-0.009999999999999995,-0.006186244218487166,0.006094727575975356,-0.016670250798723085,0.0,0.1125
2017-04-14,0.1125,3.1263,93.78418,48.2844,-0.019,0.0,0.0,0.006094727575975356,-0.016670250798723085,0.0,0.1125
2017-04-15,0.1125,3.1263,93.78418,48.2844,-0.019,0.0,0.0,0.006094727575975356,-0.016670250798723085,0.0,0.1125
2017-04-16,0.1125,3.1263,93.78418,48.2844,-0.019,0.0,0.0,0.0060917404158289685,-0.016670250798723085,0.0,0.1125
2017-04-17,0.1125,3.103,93.78418,48.2844,-0.019,0.0,-0.00748081121811123,0.006304213124904386,-0.016670250798723085,0.0,0.1125
2017-04-18,0.1125,3.0952,93.78418,48.2844,-0.019,0.0,-0.0025168610620769885,0.006306723224229447,-0.016670250798723085,0.0,0.1125
2017-04-19,0.1125,3.1288,93.78418,48.2844,-0.019,0.0,0.0107970200550011,0.0067887310906837904,-0.016670250798723085,0.0,0.1125
2017-04-20,0.1125,3.1447,93.78418,48.2844,-0.019,0.0,0.005068951636213939,0.006094937024336005,-0.016670250798723085,0.0,0.1125
2017-04-21,0.1125,3.1447,93.78418,48.2844,-0.019,0.0,0.0,0.006094937024336005,-0.016670250798723085,0.0,0.1125
2017-04-22,0.1125,3.1447,93.78418,48.2844,-0.019,0.0,0.0,0.006094937024336005,-0.016670250798723085,0.0,0.1125
2017-04-23,0.1125,3.1447,93.78418,48.2844,-0.019,0.0,0.0,0.004776866338599237,-0.016670250798723085,0.0,0.1125
2017-04-24,0.1125,3.1245,93.78418,48.2844,-0.019,0.0,-0.0064442257083819005,0.005000116109191274,-0.016670250798723085,0.0,0.1125
2017-04-25,0.1125,3.1571,93.78418,48.2844,-0.019,0.0,0.010379614328624429,0.00493433224200633,-0.016670250798723085,0.0,0.1125
2017-04-26,0.1125,3.1841,93.78418,48.2844,-0.019,0.0,0.00851578980849805,0.004999626069876657,-0.016670250798723085,0.0,0.1125
2017-04-27,0.1125,3.1757,93.78418,48.2844,-0.019,0.0,-0.00264159403899892,0.004996434986989764,-0.016670250798723085,0.0,0.1125
2017-04-28,0.1125,3.1978,93.78418,48.2844,-0.019,0.0,0.006934992884060037,0.005180283229283652,-0.016670250798723085,0.0,0.1125
2017-04-29,0.1125,3.1978,93.78418,48.2844,-0.019,0.0,0.0,0.005180283229283652,-0.016670250798723085,0.0,0.1125
2017-04-30,0.1125,3.1978,93.78418,48.2844,-0.019,0.0,0.0,0.005155464018801084,-0.016670250798723085,0.0,0.1125
2017-05-01,0.1125,3.1978,95.21498,48.4341,-0.019,0.0,0.0,0.005158663733330093,0.018707132363695367,0.0,0.1125
2017-05-02,0.1125,3.1718,95.21498,48.4341,-0.019,0.0,-0.008163823286819392,0.005538982550881478,0.018707132363695367,0.0,0.1125
2017-05-03,0.1125,3.1483,95.21498,48.4341,-0.019,0.0,-0.007436625465542874,0.005623798119859984,0.018707132363695367,0.0,0.1125
2017-05-04,0.1125,3.1774,95.21498,48.4341,-0.019,0.0,0.009200627686965609,0.005959875038647129,0.018707132363695367,0.0,0.1125
2017-05-05,0.1125,3.1758,95.21498,48.4341,-0.019,0.0,-0.0005036831939262116,0.005964543196587095,0.018707132363695367,0.0,0.1125
2017-05-06,0.1125,3.1758,95.21498,48.4341,-0.019,0.0,0.0,0.005964543196587095,0.018707132363695367,0.0,0.1125
2017-05-07,0.1125,3.1758,95.21498,48.4341,-0.019,0.0,0.0,0.005644872788101018,0.018707132363695367,0.0,0.1125
2017-05-08,0.1125,3.1932,95.21498,48.4341,-0.019,0.0,0.005463979679646897,0.005653388663477941,0.018707132363695367,0.0,0.1125
2017-05-09,0.1125,3.1851,95.21498,48.4341,-0.019,0.0,-0.0025398630840068287,0.005280596731659017,0.018707132363695367,0.0,0.1125
2017-05-10,0.1125,3.16,95.21498,48.4341,-0.019,0.0,-0.007911658106679207,0.005531890271818773,0.018707132363695367,0.0,0.1125
2017-05-11,0.1125,3.1553,95.21498,48.4341,-0.019,0.0,-0.001488448962909079,0.005545322919277016,0.018707132363695367,0.0,0.1125
2017-05-12,0.1125,3.1284,95.21498,48.4341,-0.019,0.0,-0.008561886890592375,0.005879416712395909,0.018707132363695367,0.0,0.1125
2017-05-13,0.1125,3.1284,95.21498,48.4341,-0.019,0.0,0.0,0.005879416712395909,0.018707132363695367,0.0,0.1125
2017-05-14,0.1125,3.1284,95.21498,48.4341,-0.019,0.0,0.0,0.005696387440030545,0.018707132363695367,0.0,0.1125
2017-05-15,0.1125,3.1005,95.21498,48.4341,-0.019,0.0,-0.00895830293752379,0.005490456151474319,0.018707132363695367,0.0,0.1125
2017-05-16,0.1125,3.0918,95.21498,48.4341,-0.019,0.0,-0.0028099432276990034,0.005032691793085151,0.018707132363695367,0.0,0.1125
2017-05-17,0.1125,3.107,95.21498,48.4341,-0.019,0.0,0.004904184830813907,0.005219672573565424,0.018707132363695367,0.0,0.1125
2017-05-18,0.1125,3.3756,95.21498,48.4341,-0.019,0.0,0.08291545589076399,0.019496362018734305,0.018707132363695367,0.0,0.1125
2017-05-19,0.1125,3.2872,95.21498,48.4341,-0.019,0.0,-0.0265369477146115,0.020563950419241764,0.018707132363695367,0.0,0.1125
2017-05-20,0.1125,3.2872,95.21498,48.4341,-0.019,0.0,0.0,0.020563950419241764,0.018707132363695367,0.0,0.1125
2017-05-21,0.1125,3.2872,95.21498,48.4341,-0.019,0.0,0.0,0.020563950419241764,0.018707132363695367,0.0,0.1125
2017-05-22,0.1125,3.2857,95.21498,48.4341,-0.019,0.0,-0.00045641954876533407,0.020447601210474876,0.018707132363695367,0.0,0.1125
2017-05-23,0.1125,3.2648,95.21498,48.4341,-0.019,0.0,-0.006381213928838647,0.020423954932755426,0.018707132363695367,0.0,0.1125
2017-05-24,0.1125,3.2623,95.21498,48.4341,-0.019,0.0,-0.0007660370217255643,0.020355788085688258,0.018707132363695367,0.0,0.1125
2017-05-25,0.1125,3.2818,95.21498,48.4341,-0.019,0.0,0.005959584271179602,0.02037663159804053,0.018707132363695367,0.0,0.1125
2017-05-26,0.1125,3.2608,95.21498,48.4341,-0.019,0.0,-0.006419488312644267,0.020454263875777274,0.018707132363695367,0.0,0.1125
2017-05-27,0.1125,3.2608,95.21498,48.4341,-0.019,0.0,0.0,0.020454263875777274,0.018707132363695367,0.0,0.1125
2017-05-28,0.1125,3.2608,95.21498,48.4341,-0.019,0.0,0.0,0.020432488941341947,0.018707132363695367,0.0,0.1125
2017-05-29,0.1125,3.2703,95.21498,48.4341,-0.019,0.0,0.0029091597740168,0.02041846175674865,0.018707132363695367,0.0,0.1125
2017-05-30,0.1125,3.2653,95.21498,48.4341,-0.019,0.0,-0.001530081698843147,0.020316214046052487,0.018707132363695367,0.0,0.1125
2017-05-31,0.1125,3.2431,95.21498,48.4341,-0.019,0.0,-0.006821979625663502,0.02039428095309747,0.018707132363695367,0.0,0.1125
2017-06-01,0.1025,3.2301,94.58943,48.322700000000005,-0.019,-0.010000000000000009,-0.0040165659881350015,0.02030287248087941,-0.001812135036352025,0.0,0.1025
2017-06-02,0.1025,3.2395,94.58943,48.322700000000005,-0.019,0.0,0.002905900400230983,0.020301220664895907,-0.001812135036352025,0.0,0.1025
2017-06-03,0.1025,3.2395,94.58943,48.322700000000005,-0.019,0.0,0.0,0.020301220664895907,-0.001812135036352025,0.0,0.1025
2017-06-04,0.1025,3.2395,94.58943,48.322700000000005,-0.019,0.0,0.0,0.02015091200101418,-0.001812135036352025,0.0,0.1025
2017-06-05,0.1025,3.2814,94.58943,48.322700000000005,-0.019,0.0,0.012851163690770053,0.02025032320990306,-0.001812135036352025,0.0,0.1025
2017-06-06,0.1025,3.2811,94.58943,48.322700000000005,-0.019,0.0,-9.142857149227316e-05,0.020256094579412076,-0.001812135036352025,0.0,0.1025
2017-06-07,0.1025,3.2741,94.58943,48.322700000000005,-0.019,0.0,-0.0021357098671994706,0.007353802098960472,-0.001812135036352025,0.0,0.1025
2017-06-08,0.1025,3.2832,94.58943,48.322700000000005,-0.019,0.0,0.0027755343943054655,0.004457482258389771,-0.001812135036352025,0.0,0.1025
2017-06-09,0.1025,3.2734,94.58943,48.322700000000005,-0.019,0.0,-0.0029893564646121524,0.00450519743355049,-0.001812135036352025,0.0,0.1025
2017-06-10,0.1025,3.2734,94.58943,48.322700000000005,-0.019,0.0,0.0,0.00450519743355049,-0.001812135036352025,0.0,0.1025
2017-06-11,0.1025,3.2734,94.58943,48.322700000000005,-0.019,0.0,0.0,0.004505041343010692,-0.001812135036352025,0.0,0.1025
2017-06-12,0.1025,3.298,94.58943,48.322700000000005,-0.019,0.0,0.007487024047760702,0.004568387358745701,-0.001812135036352025,0.0,0.1025
2017-06-13,0.1025,3.3202,94.58943,48.322700000000005,-0.019,0.0,0.006708797940431417,0.004760571445906205,-0.001812135036352025,0.0,0.1025
2017-06-14,0.1025,3.283,94.58943,48.322700000000005,-0.019,0.0,-0.01126738355838299,0.005318801171015394,-0.001812135036352025,0.0,0.1025
2017-06-15,0.1025,3.283,94.58943,48.322700000000005,-0.019,0.0,0.0,0.005099010547591964,-0.001812135036352025,0.0,0.1025
2017-06-16,0.1025,3.2886,94.58943,48.322700000000005,-0.019,0.0,0.0017043037785332293,0.005107277051420929,-0.001812135036352025,0.0,0.1025
2017-06-17,0.1025,3.2886,94.58943,48.322700000000005,-0.019,0.0,0.0,0.005107277051420929,-0.001812135036352025,0.0,0.1025
2017-06-18,0.1025,3.2886,94.58943,48.322700000000005,-0.019,0.0,0.0,0.00507410673170934,-0.001812135036352025,0.0,0.1025
2017-06-19,0.1025,3.2969,94.58943,48.322700000000005,-0.019,0.0,0.002520690728044121,0.005078937403034041,-0.001812135036352025,0.0,0.1025
2017-06-20,0.1025,3.3139,94.58943,48.322700000000005,-0.019,0.0,0.0051431105079757945,0.0048739206141021835,-0.001812135036352025,0.0,0.1025
2017-06-21,0.1025,3.3241,94.58943,48.322700000000005,-0.019,0.0,0.0030732172425319247,0.004739722388880229,-0.001812135036352025,0.0,0.1025
2017-06-22,0.1025,3.3356,94.58943,48.322700000000005,-0.019,0.0,0.003453612454152667,0.0047502433245621015,-0.001812135036352025,0.0,0.1025
2017-06-23,0.1025,3.3336,94.58943,48.322700000000005,-0.019,0.0,-0.0005997721045864874,0.004761835724174859,-0.001812135036352025,0.0,0.1025
2017-06-24,0.1025,3.3336,94.58943,48.322700000000005,-0.019,0.0,0.0,0.004761835724174859,-0.001812135036352025,0.0,0.1025
2017-06-25,0.1025,3.3336,94.58943,48.322700000000005,-0.019,0.0,0.0,0.003935093469825558,-0.001812135036352025,0.0,0.1025
2017-06-26,0.1025,3.3122,94.58943,48.322700000000005,-0.019,0.0,-0.006440179952853225,0.004253088563375332,-0.001812135036352025,0.0,0.1025
2017-06-27,0.1025,3.3166,94.58943,48.322700000000005,-0.019,0.0,0.0013275406246079204,0.004211642349878794,-0.001812135036352025,0.0,0.1025
2017-06-28,0.1025,3.3024,94.58943,48.322700000000005,-0.019,0.0,-0.004290684932809537,0.004318527461992409,-0.001812135036352025,0.0,0.1025
2017-06-29,0.1025,3.2946,94.58943,48.322700000000005,-0.019,0.0,-0.002364712334306987,0.0042957493536729926,-0.001812135036352025,0.0,0.1025
2017-06-30,0.1025,3.3076,94.58943,48.322700000000005,-0.019,0.0,0.0039380863351297715,0.004369792410188876,-0.001812135036352025,0.0,0.1025
2017-07-01,0.1025,3.3076,97.01666,48.4387,-0.009000000000000001,0.0,0.0,0.004369792410188876,0.012480805303737075,0.0,0.1025
2017-07-02,0.1025,3.3076,97.01666,48.4387,-0.009000000000000001,0.0,0.0,0.004050536509226584,0.012480805303737075,0.0,0.1025
2017-07-03,0.1025,3.3009,97.01666,48.4387,-0.009000000000000001,0.0,-0.002027692304034933,0.003766589264276183,0.012480805303737075,0.0,0.1025
2017-07-04,0.1025,3.3044,97.01666,48.4387,-0.009000000000000001,0.0,0.0010597551443734087,0.0027464281485891496,0.012480805303737075,0.0,0.1025
2017-07-05,0.1025,3.3187,97.01666,48.4387,-0.009000000000000001,0.0,0.004318226275035807,0.002885750269526958,0.012480805303737075,0.0,0.1025
2017-07-06,0.1025,3.3058,97.01666,48.4387,-0.009000000000000001,0.0,-0.003894638480132997,0.003034670053706087,0.012480805303737075,0.0,0.1025
2017-07-07,0.1025,3.2889,97.01666,48.4387,-0.009000000000000001,0.0,-0.005125339134649027,0.0032654856497718876,0.012480805303737075,0.0,0.1025
2017-07-08,0.1025,3.2889,97.01666,48.4387,-0.009000000000000001,0.0,0.0,0.0032654856497718876,0.012480805303737075,0.0,0.1025
2017-07-09,0.1025,3.2889,97.01666,48.4387,-0.009000000000000001,0.0,0.0,0.003211459349962493,0.012480805303737075,0.0,0.1025
2017-07-10,0.1025,3.2644,97.01666,48.4387,-0.009000000000000001,0.0,-0.007477183753516147,0.003359064628063915,0.012480805303737075,0.0,0.1025
2017-07-11,0.1025,3.2516,97.01666,48.4387,-0.009000000000000001,0.0,-0.003928795722670615,0.0033037816112120874,0.012480805303737075,0.0,0.1025
2017-07-12,0.1025,3.2258,97.01666,48.4387,-0.009000000000000001,0.0,-0.007966201389335029,0.003458126082905426,0.012480805303737075,0.0,0.1025
2017-07-13,0.1025,3.2102,97.01666,48.4387,-0.009000000000000001,0.0,-0.0048477410039648155,0.0035186275756596474,0.012480805303737075,0.0,0.1025
2017-07-14,0.1025,3.1893,97.01666,48.4387,-0.009000000000000001,0.0,-0.006531783516448194,0.003635551402336702,0.012480805303737075,0.0,0.1025
2017-07-15,0.1025,3.1893,97.01666,48.4387,-0.009000000000000001,0.0,0.0,0.003635551402336702,0.012480805303737075,0.0,0.1025
2017-07-16,0.1025,3.1893,97.01666,48.4387,-0.009000000000000001,0.0,0.0,0.0035249217550893347,0.012480805303737075,0.0,0.1025
2017-07-17,0.1025,3.1815,97.01666,48.4387,-0.009000000000000001,0.0,-0.0024486732898222003,0.003443672587972655,0.012480805303737075,0.0,0.1025
2017-07-18,0.1025,3.1662,97.01666,48.4387,-0.009000000000000001,0.0,-0.004820653033169751,0.0034635653501215555,0.012480805303737075,0.0,0.1025
2017-07-19,0.1025,3.1527,97.01666,48.4387,-0.009000000000000001,0.0,-0.004272902100016649,0.003497189799499119,0.012480805303737075,0.0,0.1025
2017-07-20,0.1025,3.1396,97.01666,48.4387,-0.009000000000000001,0.0,-0.004163825287001822,0.0032057034835511707,0.012480805303737075,0.0,0.1025
2017-07-21,0.1025,3.125,97.01666,48.4387,-0.009000000000000001,0.0,-0.00466112008215678,0.0031755370103838435,0.012480805303737075,0.0,0.1025
2017-07-22,0.1025,3.125,97.01666,48.4387,-0.009000000000000001,0.0,0.0,0.0031755370103838435,0.012480805303737075,0.0,0.1025
2017-07-23,0.1025,3.125,97.01666,48.4387,-0.009000000000000001,0.0,0.0,0.0032346360086600513,0.012480805303737075,0.0,0.1025
2017-07-24,0.1025,3.1453,97.01666,48.4387,-0.009000000000000001,0.0,0.006474991921903559,0.0037541909398624276,0.012480805303737075,0.0,0.1025
2017-07-25,0.1025,3.155,97.01666,48.4387,-0.009000000000000001,0.0,0.003079220882908011,0.0036449594451672296,0.012480805303737075,0.0,0.1025
2017-07-26,0.1025,3.1651,97.01666,48.4387,-0.009000000000000001,0.0,0.0031961546804525924,0.003844549189995638,0.012480805303737075,0.0,0.1025
2017-07-27,0.0925,3.1507,97.01666,48.4387,-0.009000000000000001,-0.009999999999999995,-0.0045600003015657635,0.003823734798694806,0.012480805303737075,0.0,0.0925
2017-07-28,0.0925,3.1451,97.01666,48.4387,-0.009000000000000001,0.0,-0.001778964222772818,0.003791733791228668,0.012480805303737075,0.0,0.0925
2017-07-29,0.0925,3.1451,97.01666,48.4387,-0.009000000000000001,0.0,0.0,0.003791733791228668,0.012480805303737075,0.0,0.0925
2017-07-30,0.0925,3.1451,97.01666,48.4387,-0.009000000000000001,0.0,0.0,0.0036120599785375513,0.012480805303737075,0.0,0.0925
2017-07-31,0.0925,3.1301,97.01666,48.4387,-0.009000000000000001,0.0,-0.004780733225794048,0.0036426166470689392,0.012480805303737075,0.0,0.0925
2017-08-01,0.0925,3.1154,98.23354,48.530699999999996,-0.009000000000000001,0.0,-0.004707398013127889,0.003423471277564051,0.014954305971607296,0.0,0.0925
2017-08-02,0.0925,3.1262,98.23354,48.530699999999996,-0.009000000000000001,0.0,0.003460654568865283,0.0035291247003602366,0.014954305971607296,0.0,0.0925
2017-08-03,0.0925,3.1188,98.23354,48.530699999999996,-0.009000000000000001,0.0,-0.0023698970259259473,0.00332265831947668,0.014954305971607296,0.0,0.0925
2017-08-04,0.0925,3.1218,98.23354,48.530699999999996,-0.009000000000000001,0.0,0.0009614460888680648,0.0033465489045663797,0.014954305971607296,0.0,0.0925
2017-08-05,0.0925,3.1218,98.23354,48.530699999999996,-0.009000000000000001,0.0,0.0,0.0033465489045663797,0.014954305971607296,0.0,0.0925
2017-08-06,0.0925,3.1218,98.23354,48.530699999999996,-0.009000000000000001,0.0,0.0,0.0033382214692472692,0.014954305971607296,0.0,0.0925
2017-08-07,0.0925,3.1261,98.23354,48.530699999999996,-0.009000000000000001,0.0,0.0013764627087232354,0.0032460963005642887,0.014954305971607296,0.0,0.0925
2017-08-08,0.0925,3.1314,98.23354,48.530699999999996,-0.009000000000000001,0.0,0.0016939676443863648,0.0031676212067127665,0.014954305971607296,0.0,0.0925
2017-08-09,0.0925,3.1458,98.23354,48.530699999999996,-0.009000000000000001,0.0,0.004588040929119461,0.003215574789645222,0.014954305971607296,0.0,0.0925
2017-08-10,0.0925,3.1537,98.23354,48.530699999999996,-0.009000000000000001,0.0,0.002508136881152773,0.0030525134699592345,0.014954305971607296,0.0,0.0925
2017-08-11,0.0925,3.1689,98.23354,48.530699999999996,-0.009000000000000001,0.0,0.004808157809531469,0.0032003760932016894,0.014954305971607296,0.0,0.0925
2017-08-12,0.0925,3.1689,98.23354,48.530699999999996,-0.009000000000000001,0.0,0.0,0.0032003760932016894,0.014954305971607296,0.0,0.0925
2017-08-13,0.0925,3.1689,98.23354,48.530699999999996,-0.009000000000000001,0.0,0.0,0.002898427061651522,0.014954305971607296,0.0,0.0925
2017-08-14,0.0925,3.1882,98.23354,48.530699999999996,-0.009000000000000001,0.0,0.006071969702320166,0.0031146423497038643,0.014954305971607296,0.0,0.0925
2017-08-15,0.0925,3.197,98.23354,48.530699999999996,-0.009000000000000001,0.0,0.002756375860295148,0.0030962782041038237,0.014954305971607296,0.0,0.0925
2017-08-16,0.0925,3.1664,98.23354,48.530699999999996,-0.009000000000000001,0.0,-0.009617574211540188,0.003682453844214087,0.014954305971607296,0.0,0.0925
2017-08-17,0.0925,3.1597,98.23354,48.530699999999996,-0.009000000000000001,0.0,-0.002118209482978803,0.0036930505869205194,0.014954305971607296,0.0,0.0925
2017-08-18,0.0925,3.1648,98.23354,48.530699999999996,-0.009000000000000001,0.0,0.0016127760630706676,0.003705315408607977,0.014954305971607296,0.0,0.0925
2017-08-19,0.0925,3.1648,98.23354,48.530699999999996,-0.009000000000000001,0.0,0.0,0.003705315408607977,0.014954305971607296,0.0,0.0925
2017-08-20,0.0925,3.1648,98.23354,48.530699999999996,-0.009000000000000001,0.0,0.0,0.003508444913228371,0.014954305971607296,0.0,0.0925
2017-08-21,0.0925,3.1437,98.23354,48.530699999999996,-0.009000000000000001,0.0,-0.006689412279387371,0.0036881881361982075,0.014954305971607296,0.0,0.0925
2017-08-22,0.0925,3.1533,98.23354,48.530699999999996,-0.009000000000000001,0.0,0.0030490733484127416,0.003671629064099202,0.014954305971607296,0.0,0.0925
2017-08-23,0.0925,3.1563,98.23354,48.530699999999996,-0.009000000000000001,0.0,0.0009509319849333715,0.0036128898795814235,0.014954305971607296,0.0,0.0925
2017-08-24,0.0925,3.1398,98.23354,48.530699999999996,-0.009000000000000001,0.0,-0.0052413518761345555,0.003839159865554885,0.014954305971607296,0.0,0.0925
2017-08-25,0.0925,3.1456,98.23354,48.530699999999996,-0.009000000000000001,0.0,0.0018455473466301466,0.0038540374926112064,0.014954305971607296,0.0,0.0925
2017-08-26,0.0925,3.1456,98.23354,48.530699999999996,-0.009000000000000001,0.0,0.0,0.0038540374926112064,0.014954305971607296,0.0,0.0925
2017-08-27,0.0925,3.1456,98.23354,48.530699999999996,-0.009000000000000001,0.0,0.0,0.0038475865398231537,0.014954305971607296,0.0,0.0925
2017-08-28,0.0925,3.1557,98.23354,48.530699999999996,-0.009000000000000001,0.0,0.0032056904604907477,0.003890792957286787,0.014954305971607296,0.0,0.0925
2017-08-29,0.0925,3.1689,98.23354,48.530699999999996,-0.009000000000000001,0.0,0.004174183083888039,0.003868306893712286,0.014954305971607296,0.0,0.0925
2017-08-30,0.0925,3.1632,98.23354,48.530699999999996,-0.009000000000000001,0.0,-0.001800351080873769,0.0038626875221991104,0.014954305971607296,0.0,0.0925
2017-08-31,0.0925,3.1465,98.23354,48.530699999999996,-0.009000000000000001,0.0,-0.005293449449364083,0.003881977340074756,0.014954305971607296,0.0,0.0925
2017-09-01,0.0925,3.1327,94.54955,48.6083,-0.009000000000000001,0.0,-0.0043954714671256825,0.003983923710385145,0.007333271966149191,0.0,0.0925
2017-09-02,0.0925,3.1327,94.54955,48.6083,-0.009000000000000001,0.0,0.0,0.003983923710385145,0.007333271966149191,0.0,0.0925
2017-09-03,0.0925,3.1327,94.54955,48.6083,-0.009000000000000001,0.0,0.0,0.0036697397473838623,0.007333271966149191,0.0,0.0925
2017-09-04,0.0925,3.1383,94.54955,48.6083,-0.009000000000000001,0.0,0.0017859995179622444,0.003625304415464704,0.007333271966149191,0.0,0.0925
2017-09-05,0.0925,3.1197,94.54955,48.6083,-0.009000000000000001,0.0,-0.005944408683528146,0.003233740165330029,0.007333271966149191,0.0,0.0925
2017-09-06,0.0925,3.1127,94.54955,48.6083,-0.009000000000000001,0.0,-0.0022463265976157107,0.003236733429211422,0.007333271966149191,0.0,0.0925
2017-09-07,0.0925,3.1127,94.54955,48.6083,-0.009000000000000001,0.0,0.0,0.003194603389485758,0.007333271966149191,0.0,0.0925
2017-09-08,0.0825,3.0902,94.54955,48.6083,-0.009000000000000001,-0.009999999999999995,-0.007254703020363253,0.0034933107000272804,0.007333271966149191,0.0,0.0825
2017-09-09,0.0825,3.0902,94.54955,48.6083,-0.009000000000000001,0.0,0.0,0.0034933107000272804,0.007333271966149191,0.0,0.0825
2017-09-10,0.0825,3.0902,94.54955,48.6083,-0.009000000000000001,0.0,0.0,0.0032511737269431532,0.007333271966149191,0.0,0.0825
2017-09-11,0.0825,3.0846,94.54955,48.6083,-0.009000000000000001,0.0,-0.001813824426803755,0.0031228884761008834,0.007333271966149191,0.0,0.0825
2017-09-12,0.0825,3.1138,94.54955,48.6083,-0.009000000000000001,0.0,0.009421855966060221,0.0038949011444539623,0.007333271966149191,0.0,0.0825
2017-09-13,0.0825,3.1337,94.54955,48.6083,-0.009000000000000001,0.0,0.0063705697645517105,0.004041542348691458,0.007333271966149191,0.0,0.0825
2017-09-14,0.0825,3.1348,94.54955,48.6083,-0.009000000000000001,0.0,0.00035096115858350034,0.004017475087084098,0.007333271966149191,0.0,0.0825
2017-09-15,0.0825,3.1249,94.54955,48.6083,-0.009000000000000001,0.0,-0.0031630935202185467,0.004072236184101593,0.007333271966149191,0.0,0.0825
2017-09-16,0.0825,3.1249,94.54955,48.6083,-0.009000000000000001,0.0,0.0,0.004072236184101593,0.007333271966149191,0.0,0.0825
2017-09-17,0.0825,3.1249,94.54955,48.6083,-0.009000000000000001,0.0,0.0,0.003987957229633447,0.007333271966149191,0.0,0.0825
2017-09-18,0.0825,3.1233,94.54955,48.6083,-0.009000000000000001,0.0,-0.0005121475096739875,0.0038341696403862906,0.007333271966149191,0.0,0.0825
2017-09-19,0.0825,3.1317,94.54955,48.6083,-0.009000000000000001,0.0,0.002685852933545415,0.003898616483381328,0.007333271966149191,0.0,0.0825
2017-09-20,0.0825,3.1275,94.54955,48.6083,-0.009000000000000001,0.0,-0.0013420247412962254,0.003739824044261034,0.007333271966149191,0.0,0.0825
2017-09-21,0.0825,3.1341,94.54955,48.6083,-0.009000000000000001,0.0,0.002108088170505866,0.0036468262775292554,0.007333271966149191,0.0,0.0825
2017-09-22,0.0825,3.1279,94.54955,48.6083,-0.009000000000000001,0.0,-0.001980198666862565,0.003674242482429084,0.007333271966149191,0.0,0.0825
2017-09-23,0.0825,3.1279,94.54955,48.6083,-0.009000000000000001,0.0,0.0,0.003674242482429084,0.007333271966149191,0.0,0.0825
2017-09-24,0.0825,3.1279,94.54955,48.6083,-0.009000000000000001,0.0,0.0,0.003648200345646156,0.007333271966149191,0.0,0.0825
2017-09-25,0.0825,3.1406,94.54955,48.6083,-0.009000000000000001,0.0,0.004052011606144018,0.0034964835186752064,0.007333271966149191,0.0,0.0825
2017-09-26,0.0825,3.1668,94.54955,48.6083,-0.009000000000000001,0.0,0.008307749846425244,0.0038637237400630416,0.007333271966149191,0.0,0.0825
2017-09-27,0.0825,3.1926,94.54955,48.6083,-0.009000000000000001,0.0,0.008114017533100058,0.004181430977548021,0.007333271966149191,0.0,0.0825
2017-09-28,0.0825,3.1865,94.54955,48.6083,-0.009000000000000001,0.0,-0.0019124960760298396,0.0037575399074777855,0.007333271966149191,0.0,0.0825
2017-09-29,0.0825,3.1674,94.54955,48.6083,-0.009000000000000001,0.0,-0.006012073696723278,0.0041106424120960754,0.007333271966149191,0.0,0.0825
2017-09-30,0.0825,3.1674,94.54955,48.6083,-0.009000000000000001,0.0,0.0,0.0041106424120960754,0.007333271966149191,0.0,0.0825
2017-10-01,0.0825,3.1674,95.51075,48.8125,0.001,0.0,0.0,0.004059557442437946,0.024512593382393533,0.0,0.0825
2017-10-02,0.0825,3.1636,95.51075,48.8125,0.001,0.0,-0.0012004424123633988,0.00361492258350447,0.024512593382393533,0.0,0.0825
2017-10-03,0.0825,3.1496,95.51075,48.8125,0.001,0.0,-0.004435159015734517,0.003544299605098702,0.024512593382393533,0.0,0.0825
2017-10-04,0.0825,3.1309,95.51075,48.8125,0.001,0.0,-0.00595495749091119,0.0038059558782449826,0.024512593382393533,0.0,0.0825
2017-10-05,0.0825,3.1341,95.51075,48.8125,0.001,0.0,0.0010215483729554924,0.003740985492559434,0.024512593382393533,0.0,0.0825
2017-10-06,0.0825,3.1642,95.51075,48.8125,0.001,0.0,0.009558207503391522,0.004291276026203337,0.024512593382393533,0.0,0.0825
2017-10-07,0.0825,3.1642,95.51075,48.8125,0.001,0.0,0.0,0.004291276026203337,0.024512593382393533,0.0,0.0825
2017-10-08,0.0825,3.1642,95.51075,48.8125,0.001,0.0,0.0,0.004285658201344899,0.024512593382393533,0.0,0.0825
2017-10-09,0.0825,3.1764,95.51075,48.8125,0.001,0.0,0.0038482210060923456,0.004322436245613322,0.024512593382393533,0.0,0.0825
2017-10-10,0.0825,3.1682,95.51075,48.8125,0.001,0.0,-0.0025848767663055965,0.0043622205916489685,0.024512593382393533,0.0,0.0825
2017-10-11,0.0825,3.1633,95.51075,48.8125,0.001,0.0,-0.0015478167822030682,0.0043743316709323726,0.024512593382393533,0.0,0.0825
2017-10-12,0.0825,3.1633,95.51075,48.8125,0.001,0.0,0.0,0.004338367046179845,0.024512593382393533,0.0,0.0825
2017-10-13,0.0825,3.1567,95.51075,48.8125,0.001,0.0,-0.0020886083541951255,0.004377585374524855,0.024512593382393533,0.0,0.0825
2017-10-14,0.0825,3.1567,95.51075,48.8125,0.001,0.0,0.0,0.004377585374524855,0.024512593382393533,0.0,0.0825
2017-10-15,0.0825,3.1567,95.51075,48.8125,0.001,0.0,0.0,0.004295504890322899,0.024512593382393533,0.0,0.0825
2017-10-16,0.0825,3.1601,95.51075,48.8125,0.001,0.0,0.0010764945315152928,0.0038648144978333495,0.024512593382393533,0.0,0.0825
2017-10-17,0.0825,3.1763,95.51075,48.8125,0.001,0.0,0.0051133246945286575,0.0035764000037221554,0.024512593382393533,0.0,0.0825
2017-10-18,0.0825,3.1667,95.51075,48.8125,0.001,0.0,-0.0030269611634853918,0.003612073320827971,0.024512593382393533,0.0,0.0825
2017-10-19,0.0825,3.1727,95.51075,48.8125,0.001,0.0,0.0018929241857528146,0.0033805585491525117,0.024512593382393533,0.0,0.0825
2017-10-20,0.0825,3.1827,95.51075,48.8125,0.001,0.0,0.003146932766672069,0.003449006244135637,0.024512593382393533,0.0,0.0825
2017-10-21,0.0825,3.1827,95.51075,48.8125,0.001,0.0,0.0,0.003449006244135637,0.024512593382393533,0.0,0.0825
2017-10-22,0.0825,3.1827,95.51075,48.8125,0.001,0.0,0.0,0.0034330104125805654,0.024512593382393533,0.0,0.0825
2017-10-23,0.0825,3.1997,95.51075,48.8125,0.001,0.0,0.005327162259676335,0.0034181583038483667,0.024512593382393533,0.0,0.0825
2017-10-24,0.0825,3.2464,95.51075,48.8125,0.001,0.0,0.01448963467853824,0.00425079817700574,0.024512593382393533,0.0,0.0825
2017-10-25,0.0825,3.2381,95.51075,48.8125,0.001,0.0,-0.0025599520495754842,0.004359860356441768,0.024512593382393533,0.0,0.0825
2017-10-26,0.075,3.2438,95.51075,48.8125,0.001,-0.007500000000000007,0.0017587440316142939,0.003942432034542812,0.024512593382393533,0.0,0.075
2017-10-27,0.075,3.2795,95.51075,48.8125,0.001,0.0,0.010945489680201074,0.00448348948029299,0.024512593382393533,0.0,0.075
2017-10-28,0.075,3.2795,95.51075,48.8125,0.001,0.0,0.0,0.00448348948029299,0.024512593382393533,0.0,0.075
2017-10-29,0.075,3.2795,95.51075,48.8125,0.001,0.0,0.0,0.004473052016897256,0.024512593382393533,0.0,0.075
2017-10-30,0.075,3.2541,95.51075,48.8125,0.001,0.0,-0.007775232019508562,0.00486210175592897,0.024512593382393533,0.0,0.075
2017-10-31,0.075,3.2763,95.51075,48.8125,0.001,0.0,0.006798997157510684,0.004958662203249396,0.024512593382393533,0.0,0.075
2017-11-01,0.075,3.273,94.89115,48.9492,0.001,0.0,-0.0010077413706118656,0.004982496299137859,0.020909399880599366,0.0,0.075
2017-11-02,0.075,3.273,94.89115,48.9492,0.001,0.0,0.0,0.0049203091502640515,0.020909399880599366,0.0,0.075
2017-11-03,0.075,3.2914,94.89115,48.9492,0.001,0.0,0.005606010660101923,0.004971248620562894,0.020909399880599366,0.0,0.075
2017-11-04,0.075,3.2914,94.89115,48.9492,0.001,0.0,0.0,0.004971248620562894,0.020909399880599366,0.0,0.075
2017-11-05,0.075,3.2914,94.89115,48.9492,0.001,0.0,0.0,0.004988588995421792,0.020909399880599366,0.0,0.075
2017-11-06,0.075,3.2845,94.89115,48.9492,0.001,0.0,-0.0020985728287548234,0.005014982198025645,0.020909399880599366,0.0,0.075
2017-11-07,0.075,3.2727,94.89115,48.9492,0.001,0.0,-0.00359910106070684,0.005044757945259636,0.020909399880599366,0.0,0.075
2017-11-08,0.075,3.2503,94.89115,48.9492,0.001,0.0,-0.006868032515822677,0.005390717029212988,0.020909399880599366,0.0,0.075
2017-11-09,0.075,3.2509,94.89115,48.9492,0.001,0.0,0.00018458130859022777,0.005375319850496612,0.020909399880599366,0.0,0.075
2017-11-10,0.075,3.2655,94.89115,48.9492,0.001,0.0,0.004481009278123471,0.0054219924861979435,0.020909399880599366,0.0,0.075
2017-11-11,0.075,3.2655,94.89115,48.9492,0.001,0.0,0.0,0.0054219924861979435,0.020909399880599366,0.0,0.075
2017-11-12,0.075,3.2655,94.89115,48.9492,0.001,0.0,0.0,0.005343201320144588,0.020909399880599366,0.0,0.075
2017-11-13,0.075,3.2867,94.89115,48.9492,0.001,0.0,0.006471131522259608,0.004515935233913401,0.020909399880599366,0.0,0.075
2017-11-14,0.075,3.2828,94.89115,48.9492,0.001,0.0,-0.0011873051094148793,0.004475361794096481,0.020909399880599366,0.0,0.075
2017-11-15,0.075,3.2828,94.89115,48.9492,0.001,0.0,0.0,0.0044704397246512545,0.020909399880599366,0.0,0.075
2017-11-16,0.075,3.2802,94.89115,48.9492,0.001,0.0,-0.0007923206265480892,0.003753420517098734,0.020909399880599366,0.0,0.075
2017-11-17,0.075,3.2782,94.89115,48.9492,0.001,0.0,-0.0006099048737488666,0.003755988534821709,0.020909399880599366,0.0,0.075
2017-11-18,0.075,3.2782,94.89115,48.9492,0.001,0.0,0.0,0.003755988534821709,0.020909399880599366,0.0,0.075
2017-11-19,0.075,3.2782,94.89115,48.9492,0.001,0.0,0.0,0.00328371480720955,0.020909399880599366,0.0,0.075
2017-11-20,0.075,3.2608,94.89115,48.9492,0.001,0.0,-0.005321927226853979,0.0031503325754099745,0.020909399880599366,0.0,0.075
2017-11-21,0.075,3.2585,94.89115,48.9492,0.001,0.0,-0.0007055972559705681,0.0031471654214037512,0.020909399880599366,0.0,0.075
2017-11-22,0.075,3.2555,94.89115,48.9492,0.001,0.0,-0.0009210930955183186,0.0031504834841103984,0.020909399880599366,0.0,0.075
2017-11-23,0.075,3.2365,94.89115,48.9492,0.001,0.0,-0.005853374691351886,0.0030668913244512237,0.020909399880599366,0.0,0.075
2017-11-24,0.075,3.2294,94.89115,48.9492,0.001,0.0,-0.002196137538044159,0.003074500215129901,0.020909399880599366,0.0,0.075
2017-11-25,0.075,3.2294,94.89115,48.9492,0.001,0.0,0.0,0.003074500215129901,0.020909399880599366,0.0,0.075
2017-11-26,0.075,3.2294,94.89115,48.9492,0.001,0.0,0.0,0.0030690736898375923,0.020909399880599366,0.0,0.075
2017-11-27,0.075,3.2212,94.89115,48.9492,0.001,0.0,-0.002542400526130898,0.0030280028828203825,0.020909399880599366,0.0,0.075
2017-11-28,0.075,3.2226,94.89115,48.9492,0.001,0.0,0.00043452621807886776,0.0026768270837570795,0.020909399880599366,0.0,0.075
2017-11-29,0.075,3.213,94.89115,48.9492,0.001,0.0,-0.0029834070236101724,0.002731840321922061,0.020909399880599366,0.0,0.075
2017-11-30,0.075,3.261,94.89115,48.9492,0.001,0.0,0.014828816673460622,0.004282100142595564,0.020909399880599366,0.0,0.075
2017-12-01,0.075,3.263,95.47513,49.1646,0.001,0.0,0.0006131208040013985,0.004284813582022611,0.018162457876551574,0.0,0.075
2017-12-02,0.075,3.263,95.47513,49.1646,0.001,0.0,0.0,0.004284813582022611,0.018162457876551574,0.0,0.075
2017-12-03,0.075,3.263,95.47513,49.1646,0.001,0.0,0.0,0.0040024202845847885,0.018162457876551574,0.0,0.075
2017-12-04,0.075,3.25,95.47513,49.1646,0.001,0.0,-0.00399202126953745,0.004081224268255507,0.018162457876551574,0.0,0.075
2017-12-05,0.075,3.2316,95.47513,49.1646,0.001,0.0,-0.005677625718229669,0.00423887887434981,0.018162457876551574,0.0,0.075
2017-12-06,0.075,3.2348,95.47513,49.1646,0.001,0.0,0.0009897316161135406,0.004257427373115157,0.018162457876551574,0.0,0.075
2017-12-07,0.07,3.2886,95.47513,49.1646,0.001,-0.0049999999999999906,0.016494840058458724,0.005736799971201628,0.018162457876551574,0.0,0.07
2017-12-08,0.07,3.2805,95.47513,49.1646,0.001,0.0,-0.002466092495193554,0.005766807283188305,0.018162457876551574,0.0,0.07
2017-12-09,0.07,3.2805,95.47513,49.1646,0.001,0.0,0.0,0.005766807283188305,0.018162457876551574,0.0,0.07
2017-12-10,0.07,3.2805,95.47513,49.1646,0.001,0.0,0.0,0.005627717803325312,0.018162457876551574,0.0,0.07
2017-12-11,0.07,3.2839,95.47513,49.1646,0.001,0.0,0.0010358906538407672,0.005624792678393513,0.018162457876551574,0.0,0.07
2017-12-12,0.07,3.3143,95.47513,49.1646,0.001,0.0,0.009214699495852921,0.005947944833118843,0.018162457876551574,0.0,0.07
2017-12-13,0.07,3.303,95.47513,49.1646,0.001,0.0,-0.003415293543836423,0.005826092065850329,0.018162457876551574,0.0,0.07
2017-12-14,0.07,3.3326,95.47513,49.1646,0.001,0.0,0.008921633713733529,0.00603020410603773,0.018162457876551574,0.0,0.07
2017-12-15,0.07,3.3176,95.47513,49.1646,0.001,0.0,-0.004511150172351425,0.006174767349451748,0.018162457876551574,0.0,0.07
2017-12-16,0.07,3.3176,95.47513,49.1646,0.001,0.0,0.0,0.006174767349451748,0.018162457876551574,0.0,0.07
2017-12-17,0.07,3.3176,95.47513,49.1646,0.001,0.0,0.0,0.006116370301528626,0.018162457876551574,0.0,0.07
2017-12-18,0.07,3.2875,95.47513,49.1646,0.001,0.0,-0.009114232446151534,0.006558515042075053,0.018162457876551574,0.0,0.07
2017-12-19,0.07,3.2877,95.47513,49.1646,0.001,0.0,6.083465143609768e-05,0.006496306636606988,0.018162457876551574,0.0,0.07
2017-12-20,0.07,3.2903,95.47513,49.1646,0.001,0.0,0.0007905138751587547,0.005642786984667796,0.018162457876551574,0.0,0.07
2017-12-21,0.07,3.3039,95.47513,49.1646,0.001,0.0,0.00412484282639296,0.005702540862014545,0.018162457876551574,0.0,0.07
2017-12-22,0.07,3.3203,95.47513,49.1646,0.001,0.0,0.004951551434959799,0.005781023887575897,0.018162457876551574,0.0,0.07
2017-12-23,0.07,3.3203,95.47513,49.1646,0.001,0.0,0.0,0.005781023887575897,0.018162457876551574,0.0,0.07
2017-12-24,0.07,3.3203,95.47513,49.1646,0.001,0.0,0.0,0.005672194885107213,0.018162457876551574,0.0,0.07
2017-12-25,0.07,3.3203,95.47513,49.1646,0.001,0.0,0.0,0.005454619940571072,0.018162457876551574,0.0,0.07
2017-12-26,0.07,3.3194,95.47513,49.1646,0.001,0.0,-0.00027109658734943506,0.005466323584572042,0.018162457876551574,0.0,0.07
2017-12-27,0.07,3.3024,95.47513,49.1646,0.001,0.0,-0.005134566839429443,0.004319272332787419,0.018162457876551574,0.0,0.07
2017-12-28,0.07,3.3074,95.47513,49.1646,0.001,0.0,0.0015129053689069765,0.004281020453616338,0.018162457876551574,0.0,0.07
2017-12-29,0.07,3.3074,95.47513,49.1646,0.001,0.0,0.0,0.004281020453616338,0.018162457876551574,0.0,0.07
2017-12-30,0.07,3.3074,95.47513,49.1646,0.001,0.0,0.0,0.004281020453616338,0.018162457876551574,0.0,0.07
2017-12-31,0.07,3.3074,95.47513,49.1646,0.001,0.0,0.0,0.0042792942538169825,0.018162457876551574,0.0,0.07
2018-01-01,0.07,3.3074,92.89115,49.3072,0.013000000000000001,0.0,0.0,0.003737077931700921,0.025627563899151662,0.0,0.07
2018-01-02,0.07,3.2691,92.89115,49.3072,0.013000000000000001,0.0,-0.011647664565145894,0.00449706844538808,0.025627563899151662,0.0,0.07
2018-01-03,0.07,3.2529,92.89115,49.3072,0.013000000000000001,0.0,-0.0049678115047042375,0.004008922212849287,0.025627563899151662,0.0,0.07
2018-01-04,0.07,3.2312,92.89115,49.3072,0.013000000000000001,0.0,-0.006693320897042879,0.0041313151290371854,0.025627563899151662,0.0,0.07
2018-01-05,0.07,3.2403,92.89115,49.3072,0.013000000000000001,0.0,0.0028123328433351837,0.004225377472435649,0.025627563899151662,0.0,0.07
2018-01-06,0.07,3.2403,92.89115,49.3072,0.013000000000000001,0.0,0.0,0.004225377472435649,0.025627563899151662,0.0,0.07
2018-01-07,0.07,3.2403,92.89115,49.3072,0.013000000000000001,0.0,0.0,0.0037939511271520795,0.025627563899151662,0.0,0.07
2018-01-08,0.07,3.2351,92.89115,49.3072,0.013000000000000001,0.0,-0.0016060787342182712,0.0037941332317515328,0.025627563899151662,0.0,0.07
2018-01-09,0.07,3.2391,92.89115,49.3072,0.013000000000000001,0.0,0.0012356740628845684,0.0038052839598331327,0.025627563899151662,0.0,0.07
2018-01-10,0.07,3.2461,92.89115,49.3072,0.013000000000000001,0.0,0.002158762326059972,0.003695607188324853,0.025627563899151662,0.0,0.07
2018-01-11,0.07,3.2295,92.89115,49.3072,0.013000000000000001,0.0,-0.00512694927473703,0.0035421805229814557,0.025627563899151662,0.0,0.07
2018-01-12,0.07,3.2192,92.89115,49.3072,0.013000000000000001,0.0,-0.003194445007162037,0.003548391567525495,0.025627563899151662,0.0,0.07
2018-01-13,0.07,3.2192,92.89115,49.3072,0.013000000000000001,0.0,0.0,0.003548391567525495,0.025627563899151662,0.0,0.07
2018-01-14,0.07,3.2192,92.89115,49.3072,0.013000000000000001,0.0,0.0,0.003548391567525495,0.025627563899151662,0.0,0.07
2018-01-15,0.07,3.1957,92.89115,49.3072,0.013000000000000001,0.0,-0.007326725319181723,0.0037594182748896757,0.025627563899151662,0.0,0.07
2018-01-16,0.07,3.2213,92.89115,49.3072,0.013000000000000001,0.0,0.00797884862464585,0.004273747503884691,0.025627563899151662,0.0,0.07
2018-01-17,0.07,3.2318,92.89115,49.3072,0.013000000000000001,0.0,0.003254252767317881,0.004349911487718885,0.025627563899151662,0.0,0.07
2018-01-18,0.07,3.2123,92.89115,49.3072,0.013000000000000001,0.0,-0.006052066082046359,0.004473987564858932,0.025627563899151662,0.0,0.07
2018-01-19,0.07,3.2081,92.89115,49.3072,0.013000000000000001,0.0,-0.0013083298857094609,0.00446108196231779,0.025627563899151662,0.0,0.07
2018-01-20,0.07,3.2081,92.89115,49.3072,0.013000000000000001,0.0,0.0,0.00446108196231779,0.025627563899151662,0.0,0.07
2018-01-21,0.07,3.2081,92.89115,49.3072,0.013000000000000001,0.0,0.0,0.00446108196231779,0.025627563899151662,0.0,0.07
2018-01-22,0.07,3.1928,92.89115,49.3072,0.013000000000000001,0.0,-0.0047805868358675495,0.0038654008210190103,0.025627563899151662,0.0,0.07
2018-01-23,0.07,3.2243,92.89115,49.3072,0.013000000000000001,0.0,0.009817597672096941,0.004469656059393377,0.025627563899151662,0.0,0.07
2018-01-24,0.07,3.1964,92.89115,49.3072,0.013000000000000001,0.0,-0.008690695906313285,0.004635917936953907,0.025627563899151662,0.0,0.07
2018-01-25,0.07,3.138,92.89115,49.3072,0.013000000000000001,0.0,-0.01843952220732987,0.00604742348785326,0.025627563899151662,0.0,0.07
2018-01-26,0.07,3.1444,92.89115,49.3072,0.013000000000000001,0.0,0.002037438626623545,0.006092856218981681,0.025627563899151662,0.0,0.07
2018-01-27,0.07,3.1444,92.89115,49.3072,0.013000000000000001,0.0,0.0,0.006092856218981681,0.025627563899151662,0.0,0.07
2018-01-28,0.07,3.1444,92.89115,49.3072,0.013000000000000001,0.0,0.0,0.006101991444195068,0.025627563899151662,0.0,0.07
2018-01-29,0.07,3.1648,92.89115,49.3072,0.013000000000000001,0.0,0.006466769508791594,0.00632975939139748,0.025627563899151662,0.0,0.07
2018-01-30,0.07,3.1655,92.89115,49.3072,0.013000000000000001,0.0,0.00022115855578831522,0.006290995362333093,0.025627563899151662,0.0,0.07
2018-01-31,0.07,3.1618,92.89115,49.3072,0.013000000000000001,0.0,-0.0011695353220939953,0.0062247604257206135,0.025627563899151662,0.0,0.07
2018-02-01,0.07,3.1724,91.1643,49.465,0.013000000000000001,0.0,0.0033469135470772502,0.006278289683702482,0.0026258848723912376,0.0,0.07
2018-02-02,0.07,3.2054,91.1643,49.465,0.013000000000000001,0.0,0.010348488350310443,0.0067504891896005455,0.0026258848723912376,0.0,0.07
2018-02-03,0.07,3.2054,91.1643,49.465,0.013000000000000001,0.0,0.0,0.0067504891896005455,0.0026258848723912376,0.0,0.07
2018-02-04,0.07,3.2054,91.1643,49.465,0.013000000000000001,0.0,0.0,0.006539739208198078,0.0026258848723912376,0.0,0.07
2018-02-05,0.07,3.2349,91.1643,49.465,0.013000000000000001,0.0,0.00916112799666131,0.0066190777850286655,0.0026258848723912376,0.0,0.07
2018-02-06,0.07,3.2607,91.1643,49.465,0.013000000000000001,0.0,0.007943880681114502,0.006812802681510146,0.0026258848723912376,0.0,0.07
2018-02-07,0.07,3.2461,91.1643,49.465,0.013000000000000001,0.0,-0.004487620489986625,0.0067429004265295665,0.0026258848723912376,0.0,0.07
2018-02-08,0.0675,3.2686,91.1643,49.465,0.013000000000000001,-0.0025000000000000022,0.006907482911693226,0.0068744166093608556,0.0026258848723912376,0.0,0.0675
2018-02-09,0.0675,3.2815,91.1643,49.465,0.013000000000000001,0.0,0.003938876254819689,0.00690261017576904,0.0026258848723912376,0.0,0.0675
2018-02-10,0.0675,3.2815,91.1643,49.465,0.013000000000000001,0.0,0.0,0.00690261017576904,0.0026258848723912376,0.0,0.0675
2018-02-11,0.0675,3.2815,91.1643,49.465,0.013000000000000001,0.0,0.0,0.00676859338309941,0.0026258848723912376,0.0,0.0675
2018-02-12,0.0675,3.2815,91.1643,49.465,0.013000000000000001,0.0,0.0,0.00647327022546468,0.0026258848723912376,0.0,0.0675
2018-02-13,0.0675,3.2815,91.1643,49.465,0.013000000000000001,0.0,0.0,0.00607659155400377,0.0026258848723912376,0.0,0.0675
2018-02-14,0.0675,3.2531,91.1643,49.465,0.013000000000000001,0.0,-0.008692247058320654,0.004626875904823638,0.0026258848723912376,0.0,0.0675
2018-02-15,0.0675,3.2202,91.1643,49.465,0.013000000000000001,0.0,-0.01016491844461854,0.005343157911213258,0.0026258848723912376,0.0,0.0675
2018-02-16,0.0675,3.2375,91.1643,49.465,0.013000000000000001,0.0,0.005357957596954998,0.005414147453083742,0.0026258848723912376,0.0,0.0675
2018-02-17,0.0675,3.2375,91.1643,49.465,0.013000000000000001,0.0,0.0,0.005414147453083742,0.0026258848723912376,0.0,0.0675
2018-02-18,0.0675,3.2375,91.1643,49.465,0.013000000000000001,0.0,0.0,0.005291033890992466,0.0026258848723912376,0.0,0.0675
2018-02-19,0.0675,3.2341,91.1643,49.465,0.013000000000000001,0.0,-0.0010507448893065075,0.005310212165436832,0.0026258848723912376,0.0,0.0675
2018-02-20,0.0675,3.2501,91.1643,49.465,0.013000000000000001,0.0,0.004935082962702757,0.0053498870111928064,0.0026258848723912376,0.0,0.0675
2018-02-21,0.0675,3.2549,91.1643,49.465,0.013000000000000001,0.0,0.0014757881233450501,0.00532995247605868,0.0026258848723912376,0.0,0.0675
2018-02-22,0.0675,3.2592,91.1643,49.465,0.013000000000000001,0.0,0.0013202132680067884,0.0048856081266808755,0.0026258848723912376,0.0,0.0675
2018-02-23,0.0675,3.2411,91.1643,49.465,0.013000000000000001,0.0,-0.005568988132506466,0.005089962409512209,0.0026258848723912376,0.0,0.0675
2018-02-24,0.0675,3.2411,91.1643,49.465,0.013000000000000001,0.0,0.0,0.005089962409512209,0.0026258848723912376,0.0,0.0675
2018-02-25,0.0675,3.2411,91.1643,49.465,0.013000000000000001,0.0,0.0,0.004669446124636094,0.0026258848723912376,0.0,0.0675
2018-02-26,0.0675,3.2345,91.1643,49.465,0.013000000000000001,0.0,-0.0020384218559946583,0.004305747654597481,0.0026258848723912376,0.0,0.0675
2018-02-27,0.0675,3.2377,91.1643,49.465,0.013000000000000001,0.0,0.000988844677466625,0.004205306466574186,0.0026258848723912376,0.0,0.0675
2018-02-28,0.0675,3.2443,91.1643,49.465,0.013000000000000001,0.0,0.0020364092196327142,0.003906759256941841,0.0026258848723912376,0.0,0.0675
2018-03-01,0.0675,3.2614,99.29946,49.509499999999996,0.013000000000000001,0.0,0.005256940646037351,0.003993481288650423,-0.0035605093930737297,0.0,0.0675
2018-03-02,0.0675,3.2608,99.29946,49.509499999999996,0.013000000000000001,0.0,-0.00018398699877110957,0.003992948249580301,-0.0035605093930737297,0.0,0.0675
2018-03-03,0.0675,3.2608,99.29946,49.509499999999996,0.013000000000000001,0.0,0.0,0.003992948249580301,-0.0035605093930737297,0.0,0.0675
2018-03-04,0.0675,3.2608,99.29946,49.509499999999996,0.013000000000000001,0.0,0.0,0.003992948249580301,-0.0035605093930737297,0.0,0.0675
2018-03-05,0.0675,3.2576,99.29946,49.509499999999996,0.013000000000000001,0.0,-0.000981836112256813,0.003994888628609317,-0.0035605093930737297,0.0,0.0675
2018-03-06,0.0675,3.224,99.29946,49.509499999999996,0.013000000000000001,0.0,-0.010367903289629934,0.00419144835747188,-0.0035605093930737297,0.0,0.0675
2018-03-07,0.0675,3.2312,99.29946,49.509499999999996,0.013000000000000001,0.0,0.0022307606226840996,0.0035459602376225327,-0.0035605093930737297,0.0,0.0675
2018-03-08,0.0675,3.2512,99.29946,49.509499999999996,0.013000000000000001,0.0,0.00617057369490487,0.0036125584132515737,-0.0035605093930737297,0.0,0.0675
2018-03-09,0.0675,3.249,99.29946,49.509499999999996,0.013000000000000001,0.0,-0.0006769022750077187,0.003617807652758481,-0.0035605093930737297,0.0,0.0675
2018-03-10,0.0675,3.249,99.29946,49.509499999999996,0.013000000000000001,0.0,0.0,0.003617807652758481,-0.0035605093930737297,0.0,0.0675
2018-03-11,0.0675,3.249,99.29946,49.509499999999996,0.013000000000000001,0.0,0.0,0.0036066478658150583,-0.0035605093930737297,0.0,0.0675
2018-03-12,0.0675,3.26,99.29946,49.509499999999996,0.013000000000000001,0.0,0.0033799386916529926,0.0035154779521952475,-0.0035605093930737297,0.0,0.0675
2018-03-13,0.0675,3.2486,99.29946,49.509499999999996,0.013000000000000001,0.0,-0.0035030610754578206,0.0035922536617170346,-0.0035605093930737297,0.0,0.0675
2018-03-14,0.0675,3.2578,99.29946,49.509499999999996,0.013000000000000001,0.0,0.0028279866382092222,0.0036390747538906313,-0.0035605093930737297,0.0,0.0675
2018-03-15,0.0675,3.2853,99.29946,49.509499999999996,0.013000000000000001,0.0,0.008405851026318469,0.0038531924914618275,-0.0035605093930737297,0.0,0.0675
2018-03-16,0.0675,3.2899,99.29946,49.509499999999996,0.013000000000000001,0.0,0.0013991972108747877,0.003852950889834922,-0.0035605093930737297,0.0,0.0675
2018-03-17,0.0675,3.2899,99.29946,49.509499999999996,0.013000000000000001,0.0,0.0,0.003852950889834922,-0.0035605093930737297,0.0,0.0675
2018-03-18,0.0675,3.2899,99.29946,49.509499999999996,0.013000000000000001,0.0,0.0,0.0038020088976378585,-0.0035605093930737297,0.0,0.0675
2018-03-19,0.0675,3.2905,99.29946,49.509499999999996,0.013000000000000001,0.0,0.00018235973547606803,0.0038047250412110807,-0.0035605093930737297,0.0,0.0675
2018-03-20,0.0675,3.2975,99.29946,49.509499999999996,0.013000000000000001,0.0,0.002125076695295841,0.0038062820931883787,-0.0035605093930737297,0.0,0.0675
2018-03-21,0.0675,3.2915,99.29946,49.509499999999996,0.013000000000000001,0.0,-0.001821217683538181,0.0036989109197053905,-0.0035605093930737297,0.0,0.0675
2018-03-22,0.065,3.3027,99.29946,49.509499999999996,0.013000000000000001,-0.0025000000000000022,0.0033969278365358134,0.0037524117841367935,-0.0035605093930737297,0.0,0.065
2018-03-23,0.065,3.3035,99.29946,49.509499999999996,0.013000000000000001,0.0,0.0002421967254732485,0.0037506335274138385,-0.0035605093930737297,0.0,0.065
2018-03-24,0.065,3.3035,99.29946,49.509499999999996,0.013000000000000001,0.0,0.0,0.0037506335274138385,-0.0035605093930737297,0.0,0.065
2018-03-25,0.065,3.3035,99.29946,49.509499999999996,0.013000000000000001,0.0,0.0,0.003734534560610611,-0.0035605093930737297,0.0,0.065
2018-03-26,0.065,3.3028,99.29946,49.509499999999996,0.013000000000000001,0.0,-0.0002119189266669578,0.0026967082749062023,-0.0035605093930737297,0.0,0.065
2018-03-27,0.065,3.325,99.29946,49.509499999999996,0.013000000000000001,0.0,0.006699080546681078,0.002958356338185522,-0.0035605093930737297,0.0,0.065
2018-03-28,0.065,3.3374,99.29946,49.509499999999996,0.013000000000000001,0.0,0.0037223866228479198,0.0027982309032856963,-0.0035605093930737297,0.0,0.065
2018-03-29,0.065,3.3232,99.29946,49.509499999999996,0.013000000000000001,0.0,-0.004263886590954674,0.003036942907483596,-0.0035605093930737297,0.0,0.065
2018-03-30,0.065,3.3232,99.29946,49.509499999999996,0.013000000000000001,0.0,0.0,0.003036942907483596,-0.0035605093930737297,0.0,0.065
2018-03-31,0.065,3.3232,99.29946,49.509499999999996,0.013000000000000001,0.0,0.0,0.003036942907483596,-0.0035605093930737297,0.0,0.065
2018-04-01,0.065,3.3232,97.46344,49.6184,0.017,0.0,0.0,0.0029988984737807024,0.03923113685058599,0.0,0.065
2018-04-02,0.065,3.3098,97.46344,49.6184,0.017,0.0,-0.004040409537004974,0.0030430701763399584,0.03923113685058599,0.0,0.065
2018-04-03,0.065,3.3133,97.46344,49.6184,0.017,0.0,0.0010569069848882326,0.0030106253174943666,0.03923113685058599,0.0,0.065
2018-04-04,0.065,3.3532,97.46344,49.6184,0.017,0.0,0.011970442193971208,0.003540664276762335,0.03923113685058599,0.0,0.065
2018-04-05,0.065,3.319,97.46344,49.6184,0.017,0.0,-0.010251581043727812,0.004343016527217656,0.03923113685058599,0.0,0.065
2018-04-06,0.065,3.366,97.46344,49.6184,0.017,0.0,0.014061563030776787,0.005300606281395607,0.03923113685058599,0.0,0.065
2018-04-07,0.065,3.366,97.46344,49.6184,0.017,0.0,0.0,0.005300606281395607,0.03923113685058599,0.0,0.065
2018-04-08,0.065,3.366,97.46344,49.6184,0.017,0.0,0.0,0.005302502949872112,0.03923113685058599,0.0,0.065
2018-04-09,0.065,3.3897,97.46344,49.6184,0.017,0.0,0.007016326132558975,0.005461033264040432,0.03923113685058599,0.0,0.065
2018-04-10,0.065,3.4189,97.46344,49.6184,0.017,0.0,0.00857744001002895,0.0056326475676319685,0.03923113685058599,0.0,0.065
2018-04-11,0.065,3.4046,97.46344,49.6184,0.017,0.0,-0.004191403512869068,0.005780066962937073,0.03923113685058599,0.0,0.065
2018-04-12,0.065,3.3852,97.46344,49.6184,0.017,0.0,-0.005714469584519061,0.005998672328574532,0.03923113685058599,0.0,0.065
2018-04-13,0.065,3.4099,97.46344,49.6184,0.017,0.0,0.007269976538413678,0.006139374031013192,0.03923113685058599,0.0,0.065
2018-04-14,0.065,3.4099,97.46344,49.6184,0.017,0.0,0.0,0.006139374031013192,0.03923113685058599,0.0,0.065
2018-04-15,0.065,3.4099,97.46344,49.6184,0.017,0.0,0.0,0.006136291562470396,0.03923113685058599,0.0,0.065
2018-04-16,0.065,3.4257,97.46344,49.6184,0.017,0.0,0.004622865041347298,0.0060625284470047155,0.03923113685058599,0.0,0.065
2018-04-17,0.065,3.4035,97.46344,49.6184,0.017,0.0,-0.006501516487705896,0.006291272627006208,0.03923113685058599,0.0,0.065
2018-04-18,0.065,3.3838,97.46344,49.6184,0.017,0.0,-0.005804975563310212,0.0063678584413700955,0.03923113685058599,0.0,0.065
2018-04-19,0.065,3.3971,97.46344,49.6184,0.017,0.0,0.003922788141787924,0.006398900892702714,0.03923113685058599,0.0,0.065
2018-04-20,0.065,3.4096,97.46344,49.6184,0.017,0.0,0.0036728558778689026,0.006418353761420036,0.03923113685058599,0.0,0.065
2018-04-21,0.065,3.4096,97.46344,49.6184,0.017,0.0,0.0,0.006418353761420036,0.03923113685058599,0.0,0.065
2018-04-22,0.065,3.4096,97.46344,49.6184,0.017,0.0,0.0,0.00630454488848379,0.03923113685058599,0.0,0.065
2018-04-23,0.065,3.4415,97.46344,49.6184,0.017,0.0,0.009312440494066244,0.006540844744672098,0.03923113685058599,0.0,0.065
2018-04-24,0.065,3.4661,97.46344,49.6184,0.017,0.0,0.0071226197231805755,0.0062303973584352645,0.03923113685058599,0.0,0.065
2018-04-25,0.065,3.5034,97.46344,49.6184,0.017,0.0,0.010703882955947415,0.005874417895797034,0.03923113685058599,0.0,0.065
2018-04-26,0.065,3.4971,97.46344,49.6184,0.017,0.0,-0.001799871923650525,0.00530324159378519,0.03923113685058599,0.0,0.065
2018-04-27,0.065,3.467,97.46344,49.6184,0.017,0.0,-0.008644386908872913,0.005796466763722658,0.03923113685058599,0.0,0.065
2018-04-28,0.065,3.467,97.46344,49.6184,0.017,0.0,0.0,0.005796466763722658,0.03923113685058599,0.0,0.065
2018-04-29,0.065,3.467,97.46344,49.6184,0.017,0.0,0.0,0.005654223875549929,0.03923113685058599,0.0,0.065
2018-04-30,0.065,3.4805,97.46344,49.6184,0.017,0.0,0.00388629492369765,0.005421414084515588,0.03923113685058599,0.0,0.065
2018-05-01,0.065,3.4805,92.76504,49.8169,0.017,0.0,0.0,0.005294048272969768,-0.02573061507758545,0.0,0.065
2018-05-02,0.065,3.5418,92.76504,49.8169,0.017,0.0,0.01745911086597752,0.006184583409065929,-0.02573061507758545,0.0,0.065
2018-05-03,0.065,3.5478,92.76504,49.8169,0.017,0.0,0.0016926205801405816,0.006071553140846175,-0.02573061507758545,0.0,0.065
2018-05-04,0.065,3.5302,92.76504,49.8169,0.017,0.0,-0.004973166508660646,0.006256041889672593,-0.02573061507758545,0.0,0.065
2018-05-05,0.065,3.5302,92.76504,49.8169,0.017,0.0,0.0,0.006256041889672593,-0.02573061507758545,0.0,0.065
2018-05-06,0.065,3.5302,92.76504,49.8169,0.017,0.0,0.0,0.006229014925740635,-0.02573061507758545,0.0,0.065
2018-05-07,0.065,3.5452,92.76504,49.8169,0.017,0.0,0.0042400493180643605,0.005959839926362152,-0.02573061507758545,0.0,0.065
2018-05-08,0.065,3.5782,92.76504,49.8169,0.017,0.0,0.009265304791479509,0.005867818310278771,-0.02573061507758545,0.0,0.065
2018-05-09,0.065,3.5937,92.76504,49.8169,0.017,0.0,0.004322431749672625,0.005872546634590735,-0.02573061507758545,0.0,0.065
2018-05-10,0.065,3.5561,92.76504,49.8169,0.017,0.0,-0.010517873682187049,0.0065780877885425765,-0.02573061507758545,0.0,0.065
2018-05-11,0.065,3.571,92.76504,49.8169,0.017,0.0,0.0041812298712404815,0.006574159471702829,-0.02573061507758545,0.0,0.065
2018-05-12,0.065,3.571,92.76504,49.8169,0.017,0.0,0.0,0.006574159471702829,-0.02573061507758545,0.0,0.065
2018-05-13,0.065,3.571,92.76504,49.8169,0.017,0.0,0.0,0.006379180501015926,-0.02573061507758545,0.0,0.065
2018-05-14,0.065,3.6091,92.76504,49.8169,0.017,0.0,0.010612765170978086,0.006575804795611418,-0.02573061507758545,0.0,0.065
2018-05-15,0.065,3.6747,92.76504,49.8169,0.017,0.0,0.018013062896322925,0.007252075005748697,-0.02573061507758545,0.0,0.065
2018-05-16,0.065,3.6797,92.76504,49.8169,0.017,0.0,0.001359730439019061,0.007190220863324317,-0.02573061507758545,0.0,0.065
2018-05-17,0.065,3.6868,92.76504,49.8169,0.017,0.0,0.0019276460187405324,0.006695951588804813,-0.02573061507758545,0.0,0.065
2018-05-18,0.065,3.7497,92.76504,49.8169,0.017,0.0,0.01691696364477674,0.007326113455416117,-0.02573061507758545,0.0,0.065
2018-05-19,0.065,3.7497,92.76504,49.8169,0.017,0.0,0.0,0.007326113455416117,-0.02573061507758545,0.0,0.065
2018-05-20,0.065,3.7497,92.76504,49.8169,0.017,0.0,0.0,0.007378387905911819,-0.02573061507758545,0.0,0.065
2018-05-21,0.065,3.7066,92.76504,49.8169,0.017,0.0,-0.011560822401075971,0.008102856936483806,-0.02573061507758545,0.0,0.065
2018-05-22,0.065,3.6496,92.76504,49.8169,0.017,0.0,-0.015497441833086283,0.008385257658131126,-0.02573061507758545,0.0,0.065
2018-05-23,0.065,3.6501,92.76504,49.8169,0.017,0.0,0.00013699193138952853,0.008390581627204137,-0.02573061507758545,0.0,0.065
2018-05-24,0.065,3.643,92.76504,49.8169,0.017,0.0,-0.0019470464529493618,0.008295952605057198,-0.02573061507758545,0.0,0.065
2018-05-25,0.065,3.6581,92.76504,49.8169,0.017,0.0,0.004136368911399243,0.008306236451127772,-0.02573061507758545,0.0,0.065
2018-05-26,0.065,3.6581,92.76504,49.8169,0.017,0.0,0.0,0.008306236451127772,-0.02573061507758545,0.0,0.065
2018-05-27,0.065,3.6581,92.76504,49.8169,0.017,0.0,0.0,0.008294230273752295,-0.02573061507758545,0.0,0.065
2018-05-28,0.065,3.7086,92.76504,49.8169,0.017,0.0,0.013710559973319615,0.008566461098610685,-0.02573061507758545,0.0,0.065
2018-05-29,0.065,3.7283,92.76504,49.8169,0.017,0.0,0.005297918777497319,0.008584398621668468,-0.02573061507758545,0.0,0.065
2018-05-30,0.065,3.7364,92.76504,49.8169,0.017,0.0,0.0021702153279134976,0.00807701974409428,-0.02573061507758545,0.0,0.065
2018-05-31,0.065,3.7364,92.76504,49.8169,0.017,0.0,0.0,0.008084584029826404,-0.02573061507758545,0.0,0.065
2018-06-01,0.065,3.7407,96.02945,50.4446,0.017,0.0,0.001150178671956367,0.008071713413949688,0.015223899752858205,0.0,0.065
2018-06-02,0.065,3.7407,96.02945,50.4446,0.017,0.0,0.0,0.008071713413949688,0.015223899752858205,0.0,0.065
2018-06-03,0.065,3.7407,96.02945,50.4446,0.017,0.0,0.0,0.00784356339875356,0.015223899752858205,0.0,0.065
2018-06-04,0.065,3.7418,96.02945,50.4446,0.017,0.0,0.00029401938066814584,0.006852911775560701,0.015223899752858205,0.0,0.065
2018-06-05,0.065,3.7746,96.02945,50.4446,0.017,0.0,0.008727637752720724,0.007073157751183243,0.015223899752858205,0.0,0.065
2018-06-06,0.065,3.8187,96.02945,50.4446,0.017,0.0,0.011615633740459671,0.007442435992983146,0.015223899752858205,0.0,0.065
2018-06-07,0.065,3.8994,96.02945,50.4446,0.017,0.0,0.02091264458385959,0.007909749809553234,0.015223899752858205,0.0,0.065
2018-06-08,0.065,3.7853,96.02945,50.4446,0.017,0.0,-0.029697551159955055,0.010619799283215528,0.015223899752858205,0.0,0.065
2018-06-09,0.065,3.7853,96.02945,50.4446,0.017,0.0,0.0,0.010619799283215528,0.015223899752858205,0.0,0.065
2018-06-10,0.065,3.7853,96.02945,50.4446,0.017,0.0,0.0,0.010238120659011888,0.015223899752858205,0.0,0.065
2018-06-11,0.065,3.6907,96.02945,50.4446,0.017,0.0,-0.02530900202794086,0.0112571356029505,0.015223899752858205,0.0,0.065
2018-06-12,0.065,3.7038,96.02945,50.4446,0.017,0.0,0.0035431776874430545,0.011276150269683129,0.015223899752858205,0.0,0.065
2018-06-13,0.065,3.7048,96.02945,50.4446,0.017,0.0,0.0002699565386368626,0.011259330601129448,0.015223899752858205,0.0,0.065
2018-06-14,0.065,3.7051,96.02945,50.4446,0.017,0.0,8.097275271286587e-05,0.011233349250714397,0.015223899752858205,0.0,0.065
2018-06-15,0.065,3.7732,96.02945,50.4446,0.017,0.0,0.018213198856443128,0.01189749536968196,0.015223899752858205,0.0,0.065
2018-06-16,0.065,3.7732,96.02945,50.4446,0.017,0.0,0.0,0.01189749536968196,0.015223899752858205,0.0,0.065
2018-06-17,0.065,3.7732,96.02945,50.4446,0.017,0.0,0.0,0.011549786533788,0.015223899752858205,0.0,0.065
2018-06-18,0.065,3.7537,96.02945,50.4446,0.017,0.0,-0.005181427580190307,0.011575698246727984,0.015223899752858205,0.0,0.065
2018-06-19,0.065,3.756,96.02945,50.4446,0.017,0.0,0.0006125411326457199,0.011567970002682457,0.015223899752858205,0.0,0.065
2018-06-20,0.065,3.7329,96.02945,50.4446,0.017,0.0,-0.006169149878458273,0.011657217882562939,0.015223899752858205,0.0,0.065
2018-06-21,0.065,3.7888,96.02945,50.4446,0.017,0.0,0.014863934799936638,0.01212526581224938,0.015223899752858205,0.0,0.065
2018-06-22,0.065,3.7657,96.02945,50.4446,0.017,0.0,-0.006115579322404687,0.012218974173352161,0.015223899752858205,0.0,0.065
2018-06-23,0.065,3.7657,96.02945,50.4446,0.017,0.0,0.0,0.012218974173352161,0.015223899752858205,0.0,0.065
2018-06-24,0.065,3.7657,96.02945,50.4446,0.017,0.0,0.0,0.01221920047321707,0.015223899752858205,0.0,0.065
2018-06-25,0.065,3.7754,96.02945,50.4446,0.017,0.0,0.0025725704074062187,0.01207289151878372,0.015223899752858205,0.0,0.065
2018-06-26,0.065,3.7715,96.02945,50.4446,0.017,0.0,-0.001033537040947789,0.011760220012957331,0.015223899752858205,0.0,0.065
2018-06-27,0.065,3.8352,96.02945,50.4446,0.017,0.0,0.01674878438643423,0.011389954511084361,0.015223899752858205,0.0,0.065
2018-06-28,0.065,3.8515,96.02945,50.4446,0.017,0.0,0.004241098112900597,0.009175719993585256,0.015223899752858205,0.0,0.065
2018-06-29,0.065,3.8552,96.02945,50.4446,0.017,0.0,0.0009602035331025058,0.009173457263939571,0.015223899752858205,0.0,0.065
2018-06-30,0.065,3.8552,96.02945,50.4446,0.017,0.0,0.0,0.009173457263939571,0.015223899752858205,0.0,0.065
2018-07-01,0.065,3.8552,98.9147,50.61109999999999,0.019,0.0,0.0,0.0068056146426335295,0.01956406250225462,0.0,0.065
2018-07-02,0.065,3.9049,98.9147,50.61109999999999,0.019,0.0,0.01280928842514571,0.007206852191897568,0.01956406250225462,0.0,0.065
2018-07-03,0.065,3.8914,98.9147,50.61109999999999,0.019,0.0,-0.003463184713993016,0.007319037145876677,0.01956406250225462,0.0,0.065
2018-07-04,0.065,3.9052,98.9147,50.61109999999999,0.019,0.0,0.0035400083142407258,0.007300782381516339,0.01956406250225462,0.0,0.065
2018-07-05,0.065,3.9186,98.9147,50.61109999999999,0.019,0.0,0.003425448785150065,0.006322840673706245,0.01956406250225462,0.0,0.065
2018-07-06,0.065,3.9258,98.9147,50.61109999999999,0.019,0.0,0.001835704967081568,0.006307256921792721,0.01956406250225462,0.0,0.065
2018-07-07,0.065,3.9258,98.9147,50.61109999999999,0.019,0.0,0.0,0.006307256921792721,0.01956406250225462,0.0,0.065
2018-07-08,0.065,3.9258,98.9147,50.61109999999999,0.019,0.0,0.0,0.006100543994675462,0.01956406250225462,0.0,0.065
2018-07-09,0.065,3.868,98.9147,50.61109999999999,0.019,0.0,-0.01483257453056325,0.007196695705560835,0.01956406250225462,0.0,0.065
2018-07-10,0.065,3.8446,98.9147,50.61109999999999,0.019,0.0,-0.006068011254424972,0.007191079326121627,0.01956406250225462,0.0,0.065
2018-07-11,0.065,3.8411,98.9147,50.61109999999999,0.019,0.0,-0.0009107824250086624,0.006474574230655473,0.01956406250225462,0.0,0.065
2018-07-12,0.065,3.8558,98.9147,50.61109999999999,0.019,0.0,0.003819724271617209,0.006304200126960534,0.01956406250225462,0.0,0.065
2018-07-13,0.065,3.8739,98.9147,50.61109999999999,0.019,0.0,0.004683243355347232,0.006344822040366567,0.01956406250225462,0.0,0.065
2018-07-14,0.065,3.8739,98.9147,50.61109999999999,0.019,0.0,0.0,0.006344822040366567,0.01956406250225462,0.0,0.065
2018-07-15,0.065,3.8739,98.9147,50.61109999999999,0.019,0.0,0.0,0.006346226051404831,0.01956406250225462,0.0,0.065
2018-07-16,0.065,3.8573,98.9147,50.61109999999999,0.019,0.0,-0.00429429467870352,0.006450036614017097,0.01956406250225462,0.0,0.065
2018-07-17,0.065,3.8665,98.9147,50.61109999999999,0.019,0.0,0.002382248207078047,0.005319314181371505,0.01956406250225462,0.0,0.065
2018-07-18,0.065,3.8468,98.9147,50.61109999999999,0.019,0.0,-0.005108071210763348,0.005375094668163999,0.01956406250225462,0.0,0.065
2018-07-19,0.065,3.8841,98.9147,50.61109999999999,0.019,0.0,0.00964966289438464,0.005796645602689829,0.01956406250225462,0.0,0.065
2018-07-20,0.065,3.7787,98.9147,50.61109999999999,0.019,0.0,-0.02751126161543777,0.00851621822346726,0.01956406250225462,0.0,0.065
2018-07-21,0.065,3.7787,98.9147,50.61109999999999,0.019,0.0,0.0,0.00851621822346726,0.01956406250225462,0.0,0.065
2018-07-22,0.065,3.7787,98.9147,50.61109999999999,0.019,0.0,0.0,0.007880816996481016,0.01956406250225462,0.0,0.065
2018-07-23,0.065,3.7909,98.9147,50.61109999999999,0.019,0.0,0.0032234227868387,0.007941120365553389,0.01956406250225462,0.0,0.065
2018-07-24,0.065,3.7453,98.9147,50.61109999999999,0.019,0.0,-0.012101737352092684,0.008204383226308254,0.01956406250225462,0.0,0.065
2018-07-25,0.065,3.7114,98.9147,50.61109999999999,0.019,0.0,-0.00909255664178113,0.008238860643097963,0.01956406250225462,0.0,0.065
2018-07-26,0.065,3.7237,98.9147,50.61109999999999,0.019,0.0,0.0033086337025007156,0.008288127731571214,0.01956406250225462,0.0,0.065
2018-07-27,0.065,3.7158,98.9147,50.61109999999999,0.019,0.0,-0.002123799440668873,0.00826606373061227,0.01956406250225462,0.0,0.065
2018-07-28,0.065,3.7158,98.9147,50.61109999999999,0.019,0.0,0.0,0.00826606373061227,0.01956406250225462,0.0,0.065
2018-07-29,0.065,3.7158,98.9147,50.61109999999999,0.019,0.0,0.0,0.007775693036863126,0.01956406250225462,0.0,0.065
2018-07-30,0.065,3.7149,98.9147,50.61109999999999,0.019,0.0,-0.00024223828290773037,0.007724514350663443,0.01956406250225462,0.0,0.065
2018-07-31,0.065,3.7543,98.9147,50.61109999999999,0.019,0.0,0.01055008982186934,0.008197986940442397,0.01956406250225462,0.0,0.065
2018-08-01,0.065,3.7485,100.53236,50.5656,0.019,0.0,-0.0015460897679152523,0.008114407926151175,0.02340157954197708,0.0,0.065
2018-08-02,0.065,3.7639,100.53236,50.5656,0.019,0.0,0.004099893927828928,0.008092367029010753,0.02340157954197708,0.0,0.065
2018-08-03,0.065,3.7195,100.53236,50.5656,0.019,0.0,-0.011866403239549595,0.008409988269021791,0.02340157954197708,0.0,0.065
2018-08-04,0.065,3.7195,100.53236,50.5656,0.019,0.0,0.0,0.008409988269021791,0.02340157954197708,0.0,0.065
2018-08-05,0.065,3.7195,100.53236,50.5656,0.019,0.0,0.0,0.008404050108519223,0.02340157954197708,0.0,0.065
2018-08-06,0.065,3.7208,100.53236,50.5656,0.019,0.0,0.00034944827849115703,0.008362757473360094,0.02340157954197708,0.0,0.065
2018-08-07,0.065,3.7112,100.53236,50.5656,0.019,0.0,-0.0025834244723533717,0.008331105187301752,0.02340157954197708,0.0,0.065
2018-08-08,0.065,3.7513,100.53236,50.5656,0.019,0.0,0.010747172118583942,0.008413657470192237,0.02340157954197708,0.0,0.065
2018-08-09,0.065,3.8024,100.53236,50.5656,0.019,0.0,0.01352999974368168,0.00660841950381793,0.02340157954197708,0.0,0.065
2018-08-10,0.065,3.8466,100.53236,50.5656,0.019,0.0,0.011557194921467036,0.007068898677282228,0.02340157954197708,0.0,0.065
2018-08-11,0.065,3.8466,100.53236,50.5656,0.019,0.0,0.0,0.007068898677282228,0.02340157954197708,0.0,0.065
2018-08-12,0.065,3.8466,100.53236,50.5656,0.019,0.0,0.0,0.007049628782731989,0.02340157954197708,0.0,0.065
2018-08-13,0.065,3.8982,100.53236,50.5656,0.019,0.0,0.013325266893273648,0.0069051613899066425,0.02340157954197708,0.0,0.065
2018-08-14,0.065,3.8806,100.53236,50.5656,0.019,0.0,-0.004525127277368277,0.00658717734394574,0.02340157954197708,0.0,0.065
2018-08-15,0.065,3.9128,100.53236,50.5656,0.019,0.0,0.00826344938797527,0.006721717969372557,0.02340157954197708,0.0,0.065
2018-08-16,0.065,3.8804,100.53236,50.5656,0.019,0.0,-0.008314989138018937,0.007077870113574769,0.02340157954197708,0.0,0.065
2018-08-17,0.065,3.9383,100.53236,50.5656,0.019,0.0,0.014810917012770132,0.007595105635555328,0.02340157954197708,0.0,0.065
2018-08-18,0.065,3.9383,100.53236,50.5656,0.019,0.0,0.0,0.007595105635555328,0.02340157954197708,0.0,0.065
2018-08-19,0.065,3.9383,100.53236,50.5656,0.019,0.0,0.0,0.007590009391597881,0.02340157954197708,0.0,0.065
2018-08-20,0.065,3.9424,100.53236,50.5656,0.019,0.0,0.0010405167992472734,0.007381865125870523,0.02340157954197708,0.0,0.065
2018-08-21,0.065,3.9867,100.53236,50.5656,0.019,0.0,0.011174146106425665,0.007565646675734655,0.02340157954197708,0.0,0.065
2018-08-22,0.065,4.0734,100.53236,50.5656,0.019,0.0,0.021514210530084652,0.008618047642308705,0.02340157954197708,0.0,0.065
2018-08-23,0.065,4.0721,100.53236,50.5656,0.019,0.0,-0.0003191946500615511,0.00785566784455106,0.02340157954197708,0.0,0.065
2018-08-24,0.065,4.0848,100.53236,50.5656,0.019,0.0,0.0031139306016245904,0.007791789955071674,0.02340157954197708,0.0,0.065
2018-08-25,0.065,4.0848,100.53236,50.5656,0.019,0.0,0.0,0.007791789955071674,0.02340157954197708,0.0,0.065
2018-08-26,0.065,4.0848,100.53236,50.5656,0.019,0.0,0.0,0.0078024063694939645,0.02340157954197708,0.0,0.065
2018-08-27,0.065,4.0681,100.53236,50.5656,0.019,0.0,-0.004096707516675656,0.007883333096434561,0.02340157954197708,0.0,0.065
2018-08-28,0.065,4.1186,100.53236,50.5656,0.019,0.0,0.012337239800703803,0.007956364908897237,0.02340157954197708,0.0,0.065
2018-08-29,0.065,4.1347,100.53236,50.5656,0.019,0.0,0.0039014746639961517,0.007678531828299758,0.02340157954197708,0.0,0.065
2018-08-30,0.065,4.1806,100.53236,50.5656,0.019,0.0,0.011040002452438382,0.0076532409850699375,0.02340157954197708,0.0,0.065
2018-08-31,0.065,4.1347,100.53236,50.5656,0.019,0.0,-0.011040002452438469,0.008336925331174085,0.02340157954197708,0.0,0.065
2018-09-01,0.065,4.1347,95.18664,50.8083,0.019,0.0,0.0,0.008336925331174085,0.0067381600441249745,0.0,0.065
2018-09-02,0.065,4.1347,95.18664,50.8083,0.019,0.0,0.0,0.008047174066112295,0.0067381600441249745,0.0,0.065
2018-09-03,0.065,4.1273,95.18664,50.8083,0.019,0.0,-0.0017913342964918934,0.00793605899452147,0.0067381600441249745,0.0,0.065
2018-09-04,0.065,4.1646,95.18664,50.8083,0.019,0.0,0.00899679243484098,0.007962909221418787,0.0067381600441249745,0.0,0.065
2018-09-05,0.065,4.1603,95.18664,50.8083,0.019,0.0,-0.0010330455338579104,0.007569370572084774,0.0067381600441249745,0.0,0.065
2018-09-06,0.065,4.1454,95.18664,50.8083,0.019,0.0,-0.0035879013169307942,0.00723057042206883,0.0067381600441249745,0.0,0.065
2018-09-07,0.065,4.1454,95.18664,50.8083,0.019,0.0,0.0,0.00723057042206883,0.0067381600441249745,0.0,0.065
2018-09-08,0.065,4.1454,95.18664,50.8083,0.019,0.0,0.0,0.00723057042206883,0.0067381600441249745,0.0,0.065
2018-09-09,0.065,4.1454,95.18664,50.8083,0.019,0.0,0.0,0.007245825211247196,0.0067381600441249745,0.0,0.065
2018-09-10,0.065,4.1001,95.18664,50.8083,0.019,0.0,-0.010987922083939831,0.007539815668299614,0.0067381600441249745,0.0,0.065
2018-09-11,0.065,4.1635,95.18664,50.8083,0.019,0.0,0.015344703037009485,0.006759504239826757,0.0067381600441249745,0.0,0.065
2018-09-12,0.065,4.1253,95.18664,50.8083,0.019,0.0,-0.009217322278865214,0.007139558882488565,0.0067381600441249745,0.0,0.065
2018-09-13,0.065,4.1631,95.18664,50.8083,0.019,0.0,0.009121244648065727,0.007371322207532337,0.0067381600441249745,0.0,0.065
2018-09-14,0.065,4.1873,95.18664,50.8083,0.019,0.0,0.005796145753615303,0.007445598136570262,0.0067381600441249745,0.0,0.065
2018-09-15,0.065,4.1873,95.18664,50.8083,0.019,0.0,0.0,0.007445598136570262,0.0067381600441249745,0.0,0.065
2018-09-16,0.065,4.1873,95.18664,50.8083,0.019,0.0,0.0,0.007346773429981939,0.0067381600441249745,0.0,0.065
2018-09-17,0.065,4.1689,95.18664,50.8083,0.019,0.0,-0.004403922773097389,0.0069851302337165895,0.0067381600441249745,0.0,0.065
2018-09-18,0.065,4.1363,95.18664,50.8083,0.019,0.0,-0.007850543618650013,0.007184847172680922,0.0067381600441249745,0.0,0.065
2018-09-19,0.065,4.1345,95.18664,50.8083,0.019,0.0,-0.0004352662447208964,0.006700299416716753,0.0067381600441249745,0.0,0.065
2018-09-20,0.065,4.0991,95.18664,50.8083,0.019,0.0,-0.008598964761272466,0.006519022992784386,0.0067381600441249745,0.0,0.065
2018-09-21,0.065,4.0722,95.18664,50.8083,0.019,0.0,-0.0065840434631813894,0.006660742243489595,0.0067381600441249745,0.0,0.065
2018-09-22,0.065,4.0722,95.18664,50.8083,0.019,0.0,0.0,0.006660742243489595,0.0067381600441249745,0.0,0.065
2018-09-23,0.065,4.0722,95.18664,50.8083,0.019,0.0,0.0,0.006658209749849613,0.0067381600441249745,0.0,0.065
2018-09-24,0.065,4.0588,95.18664,50.8083,0.019,0.0,-0.0032960305328398167,0.006275045153355282,0.0067381600441249745,0.0,0.065
2018-09-25,0.065,4.128,95.18664,50.8083,0.019,0.0,0.016905664756470894,0.007479633898270575,0.0067381600441249745,0.0,0.065
2018-09-26,0.065,4.0564,95.18664,50.8083,0.019,0.0,-0.017497147423557458,0.008384560466547548,0.0067381600441249745,0.0,0.065
2018-09-27,0.065,4.0086,95.18664,50.8083,0.019,0.0,-0.011853827578354547,0.008716218865502959,0.0067381600441249745,0.0,0.065
2018-09-28,0.065,4.0033,95.18664,50.8083,0.019,0.0,-0.0013230321829028233,0.008707831074745454,0.0067381600441249745,0.0,0.065
2018-09-29,0.065,4.0033,95.18664,50.8083,0.019,0.0,0.0,0.008707831074745454,0.0067381600441249745,0.0,0.065
2018-09-30,0.065,4.0033,95.18664,50.8083,0.019,0.0,0.0,0.008436309770462268,0.0067381600441249745,0.0,0.065
2018-10-01,0.065,4.0267,98.20249,51.036899999999996,0.02,0.0,0.005828160955543951,0.0076896964557640396,0.028182586776881013,0.0,0.065
2018-10-02,0.065,3.9499,98.20249,51.036899999999996,0.02,0.0,-0.019256919813123476,0.008493918193032234,0.028182586776881013,0.0,0.065
2018-10-03,0.065,3.8536,98.20249,51.036899999999996,0.02,0.0,-0.02468248580299338,0.009439022007351177,0.028182586776881013,0.0,0.065
2018-10-04,0.065,3.9041,98.20249,51.036899999999996,0.02,0.0,0.013019506643018132,0.009952288957447623,0.028182586776881013,0.0,0.065
2018-10-05,0.065,3.8693,98.20249,51.036899999999996,0.02,0.0,-0.00895367084867169,0.009987811877780965,0.028182586776881013,0.0,0.065
2018-10-06,0.065,3.8693,98.20249,51.036899999999996,0.02,0.0,0.0,0.009987811877780965,0.028182586776881013,0.0,0.065
2018-10-07,0.065,3.8693,98.20249,51.036899999999996,0.02,0.0,0.0,0.01002573101801537,0.028182586776881013,0.0,0.065
2018-10-08,0.065,3.7582,98.20249,51.036899999999996,0.02,0.0,-0.029133492755305378,0.011506397031802182,0.028182586776881013,0.0,0.065
2018-10-09,0.065,3.7385,98.20249,51.036899999999996,0.02,0.0,-0.005255657915081951,0.011460706173208747,0.028182586776881013,0.0,0.065
2018-10-10,0.065,3.7504,98.20249,51.036899999999996,0.02,0.0,0.003178039502668605,0.011569933691630787,0.028182586776881013,0.0,0.065
2018-10-11,0.065,3.7454,98.20249,51.036899999999996,0.02,0.0,-0.0013340806162307278,0.011578407184220155,0.028182586776881013,0.0,0.065
2018-10-12,0.065,3.7454,98.20249,51.036899999999996,0.02,0.0,0.0,0.011578407184220155,0.028182586776881013,0.0,0.065
2018-10-13,0.065,3.7454,98.20249,51.036899999999996,0.02,0.0,0.0,0.011578407184220155,0.028182586776881013,0.0,0.065
2018-10-14,0.065,3.7454,98.20249,51.036899999999996,0.02,0.0,0.0,0.011615091526331342,0.028182586776881013,0.0,0.065
2018-10-15,0.065,3.7326,98.20249,51.036899999999996,0.02,0.0,-0.003423378577378952,0.010526130764130377,0.028182586776881013,0.0,0.065
2018-10-16,0.065,3.7073,98.20249,51.036899999999996,0.02,0.0,-0.006801192898685684,0.01012363166976979,0.028182586776881013,0.0,0.065
2018-10-17,0.065,3.7002,98.20249,51.036899999999996,0.02,0.0,-0.0019169766248413758,0.009986619224279823,0.028182586776881013,0.0,0.065
2018-10-18,0.065,3.6957,98.20249,51.036899999999996,0.02,0.0,-0.0012168905894640574,0.009988146318667006,0.028182586776881013,0.0,0.065
2018-10-19,0.065,3.7073,98.20249,51.036899999999996,0.02,0.0,0.003133867214305289,0.010078333471338222,0.028182586776881013,0.0,0.065
2018-10-20,0.065,3.7073,98.20249,51.036899999999996,0.02,0.0,0.0,0.010078333471338222,0.028182586776881013,0.0,0.065
2018-10-21,0.065,3.7073,98.20249,51.036899999999996,0.02,0.0,0.0,0.00986607252366615,0.028182586776881013,0.0,0.065
2018-10-22,0.065,3.6897,98.20249,51.036899999999996,0.02,0.0,-0.004758694933868926,0.009206899035459449,0.028182586776881013,0.0,0.065
2018-10-23,0.065,3.7074,98.20249,51.036899999999996,0.02,0.0,0.004785668378514207,0.007886173021338948,0.028182586776881013,0.0,0.065
2018-10-24,0.065,3.7054,98.20249,51.036899999999996,0.02,0.0,-0.0005396071790765113,0.007074012468328173,0.028182586776881013,0.0,0.065
2018-10-25,0.065,3.7008,98.20249,51.036899999999996,0.02,0.0,-0.001242202638737544,0.0069186041409692286,0.028182586776881013,0.0,0.065
2018-10-26,0.065,3.6746,98.20249,51.036899999999996,0.02,0.0,-0.0071047292915404105,0.006980402561906949,0.028182586776881013,0.0,0.065
2018-10-27,0.065,3.6746,98.20249,51.036899999999996,0.02,0.0,0.0,0.006980402561906949,0.028182586776881013,0.0,0.065
2018-10-28,0.065,3.6746,98.20249,51.036899999999996,0.02,0.0,0.0,0.0031204775822791945,0.028182586776881013,0.0,0.065
2018-10-29,0.065,3.6362,98.20249,51.036899999999996,0.02,0.0,-0.010505102900461897,0.003660303224767961,0.028182586776881013,0.0,0.065
2018-10-30,0.065,3.7013,98.20249,51.036899999999996,0.02,0.0,0.017744928989062613,0.005568462298203143,0.028182586776881013,0.0,0.065
2018-10-31,0.065,3.7171,98.20249,51.036899999999996,0.02,0.0,0.004259685077860459,0.0056722778939858635,0.028182586776881013,0.0,0.065
2018-11-01,0.065,3.6968,96.70515,50.929700000000004,0.02,0.0,-0.005476213796038997,0.0057840796108506775,0.019116640487548242,0.0,0.065
2018-11-02,0.065,3.6968,96.70515,50.929700000000004,0.02,0.0,0.0,0.0057840796108506775,0.019116640487548242,0.0,0.065
2018-11-03,0.065,3.6968,96.70515,50.929700000000004,0.02,0.0,0.0,0.0057840796108506775,0.019116640487548242,0.0,0.065
2018-11-04,0.065,3.6968,96.70515,50.929700000000004,0.02,0.0,0.0,0.0057483255453332814,0.019116640487548242,0.0,0.065
2018-11-05,0.065,3.7042,96.70515,50.929700000000004,0.02,0.0,0.001999730432644619,0.005573307744193272,0.019116640487548242,0.0,0.065
2018-11-06,0.065,3.7486,96.70515,50.929700000000004,0.02,0.0,0.011915125936183279,0.0061561249192210584,0.019116640487548242,0.0,0.065
2018-11-07,0.065,3.7586,96.70515,50.929700000000004,0.02,0.0,0.002664110697615679,0.006155355308999253,0.019116640487548242,0.0,0.065
2018-11-08,0.065,3.7385,96.70515,50.929700000000004,0.02,0.0,-0.005362086182530186,0.006280879990886141,0.019116640487548242,0.0,0.065
2018-11-09,0.065,3.75,96.70515,50.929700000000004,0.02,0.0,0.0030713785244861533,0.006307586535376616,0.019116640487548242,0.0,0.065
2018-11-10,0.065,3.75,96.70515,50.929700000000004,0.02,0.0,0.0,0.006307586535376616,0.019116640487548242,0.0,0.065
2018-11-11,0.065,3.75,96.70515,50.929700000000004,0.02,0.0,0.0,0.00618444662276589,0.019116640487548242,0.0,0.065
2018-11-12,0.065,3.7472,96.70515,50.929700000000004,0.02,0.0,-0.0007469455610583009,0.006120688739705232,0.019116640487548242,0.0,0.065
2018-11-13,0.065,3.7786,96.70515,50.929700000000004,0.02,0.0,0.008344676235819314,0.006356525869274161,0.019116640487548242,0.0,0.065
2018-11-14,0.065,3.7918,96.70515,50.929700000000004,0.02,0.0,0.0034872697287203084,0.006357550946629198,0.019116640487548242,0.0,0.065
2018-11-15,0.065,3.7918,96.70515,50.929700000000004,0.02,0.0,0.0,0.006059750313612888,0.019116640487548242,0.0,0.065
2018-11-16,0.065,3.7519,96.70515,50.929700000000004,0.02,0.0,-0.010578462049031184,0.006638057335594959,0.019116640487548242,0.0,0.065
2018-11-17,0.065,3.7519,96.70515,50.929700000000004,0.02,0.0,0.0,0.006638057335594959,0.019116640487548242,0.0,0.065
2018-11-18,0.065,3.7519,96.70515,50.929700000000004,0.02,0.0,0.0,0.006067461227377493,0.019116640487548242,0.0,0.065
2018-11-19,0.065,3.7547,96.70515,50.929700000000004,0.02,0.0,0.0007460102123084256,0.004723622291599826,0.019116640487548242,0.0,0.065
2018-11-20,0.065,3.7574,96.70515,50.929700000000004,0.02,0.0,0.0007188403019832986,0.004649598079906141,0.019116640487548242,0.0,0.065
2018-11-21,0.065,3.7866,96.70515,50.929700000000004,0.02,0.0,0.007741289985050222,0.004688771626637837,0.019116640487548242,0.0,0.065
2018-11-22,0.065,3.8097,96.70515,50.929700000000004,0.02,0.0,0.006081927044848624,0.00480268651335993,0.019116640487548242,0.0,0.065
2018-11-23,0.065,3.8075,96.70515,50.929700000000004,0.02,0.0,-0.0005776400937804641,0.004813931803435009,0.019116640487548242,0.0,0.065
2018-11-24,0.065,3.8075,96.70515,50.929700000000004,0.02,0.0,0.0,0.004813931803435009,0.019116640487548242,0.0,0.065
2018-11-25,0.065,3.8075,96.70515,50.929700000000004,0.02,0.0,0.0,0.004823223591939695,0.019116640487548242,0.0,0.065
2018-11-26,0.065,3.8649,96.70515,50.929700000000004,0.02,0.0,0.014963002696271745,0.005206674060551949,0.019116640487548242,0.0,0.065
2018-11-27,0.065,3.8919,96.70515,50.929700000000004,0.02,0.0,0.00696166177948768,0.005342939142109703,0.019116640487548242,0.0,0.065
2018-11-28,0.065,3.8625,96.70515,50.929700000000004,0.02,0.0,-0.007582828039075658,0.005518548594616971,0.019116640487548242,0.0,0.065
2018-11-29,0.065,3.8562,96.70515,50.929700000000004,0.02,0.0,-0.0016323996007054275,0.00555407291172228,0.019116640487548242,0.0,0.065
2018-11-30,0.065,3.8627,96.70515,50.929700000000004,0.02,0.0,0.0016841781954458244,0.005544547448713334,0.019116640487548242,0.0,0.065
2018-12-01,0.065,3.8627,95.81656,51.006099999999996,0.02,0.0,0.0,0.005544547448713334,0.0035761145337012135,0.0,0.065
2018-12-02,0.065,3.8627,95.81656,51.006099999999996,0.02,0.0,0.0,0.0055312535391046245,0.0035761145337012135,0.0,0.065
2018-12-03,0.065,3.8279,95.81656,51.006099999999996,0.02,0.0,-0.00905007087110125,0.00576398983689276,0.0035761145337012135,0.0,0.065
2018-12-04,0.065,3.8307,95.81656,51.006099999999996,0.02,0.0,0.0007312041691050446,0.005725356524958455,0.0035761145337012135,0.0,0.065
2018-12-05,0.065,3.8555,95.81656,51.006099999999996,0.02,0.0,0.006453146174270111,0.005874964002678485,0.0035761145337012135,0.0,0.065
2018-12-06,0.065,3.9172,95.81656,51.006099999999996,0.02,0.0,0.01587641257362401,0.006142513566768318,0.0035761145337012135,0.0,0.065
2018-12-07,0.065,3.8958,95.81656,51.006099999999996,0.02,0.0,-0.0054780631041432635,0.00636191888336241,0.0035761145337012135,0.0,0.065
2018-12-08,0.065,3.8958,95.81656,51.006099999999996,0.02,0.0,0.0,0.00636191888336241,0.0035761145337012135,0.0,0.065
2018-12-09,0.065,3.8958,95.81656,51.006099999999996,0.02,0.0,0.0,0.006371109140885409,0.0035761145337012135,0.0,0.065
2018-12-10,0.065,3.9104,95.81656,51.006099999999996,0.02,0.0,0.0037406207947254504,0.006378834279982012,0.0035761145337012135,0.0,0.065
2018-12-11,0.065,3.9007,95.81656,51.006099999999996,0.02,0.0,-0.002483646345893164,0.006303402124716998,0.0035761145337012135,0.0,0.065
2018-12-12,0.065,3.8623,95.81656,51.006099999999996,0.02,0.0,-0.009893163261229666,0.00669043076939656,0.0035761145337012135,0.0,0.065
2018-12-13,0.065,3.8784,95.81656,51.006099999999996,0.02,0.0,0.004159836504841924,0.006727115502187176,0.0035761145337012135,0.0,0.065
2018-12-14,0.065,3.9084,95.81656,51.006099999999996,0.02,0.0,0.007705385635247362,0.006890174327459431,0.0035761145337012135,0.0,0.065
2018-12-15,0.065,3.9084,95.81656,51.006099999999996,0.02,0.0,0.0,0.006890174327459431,0.0035761145337012135,0.0,0.065
2018-12-16,0.065,3.9084,95.81656,51.006099999999996,0.02,0.0,0.0,0.006096011074107735,0.0035761145337012135,0.0,0.065
2018-12-17,0.065,3.9115,95.81656,51.006099999999996,0.02,0.0,0.0007928490549472258,0.005908206319079498,0.0035761145337012135,0.0,0.065
2018-12-18,0.065,3.8991,95.81656,51.006099999999996,0.02,0.0,-0.0031751748694830036,0.005678343219072027,0.0035761145337012135,0.0,0.065
2018-12-19,0.065,3.8901,95.81656,51.006099999999996,0.02,0.0,-0.0023108930327040912,0.005693581002484331,0.0035761145337012135,0.0,0.065
2018-12-20,0.065,3.8437,95.81656,51.006099999999996,0.02,0.0,-0.011999419882807977,0.006323243430523074,0.0035761145337012135,0.0,0.065
2018-12-21,0.065,3.8665,95.81656,51.006099999999996,0.02,0.0,0.005914260708949798,0.006471925630354442,0.0035761145337012135,0.0,0.065
2018-12-22,0.065,3.8665,95.81656,51.006099999999996,0.02,0.0,0.0,0.006471925630354442,0.0035761145337012135,0.0,0.065
2018-12-23,0.065,3.8665,95.81656,51.006099999999996,0.02,0.0,0.0,0.0061084141916918425,0.0035761145337012135,0.0,0.065
2018-12-24,0.065,3.8839,95.81656,51.006099999999996,0.02,0.0,0.004490098377739572,0.006173330511090658,0.0035761145337012135,0.0,0.065
2018-12-25,0.065,3.8839,95.81656,51.006099999999996,0.02,0.0,0.0,0.006023049027470193,0.0035761145337012135,0.0,0.065
2018-12-26,0.065,3.9252,95.81656,51.006099999999996,0.02,0.0,0.010577501905508897,0.005387965854804195,0.0035761145337012135,0.0,0.065
2018-12-27,0.065,3.9324,95.81656,51.006099999999996,0.02,0.0,0.0018326211604308053,0.0052352994405480925,0.0035761145337012135,0.0,0.065
2018-12-28,0.065,3.8742,95.81656,51.006099999999996,0.02,0.0,-0.014910736632292835,0.006265676147131899,0.0035761145337012135,0.0,0.065
2018-12-29,0.065,3.8742,95.81656,51.006099999999996,0.02,0.0,0.0,0.006265676147131899,0.0035761145337012135,0.0,0.065
2018-12-30,0.065,3.8742,95.81656,51.006099999999996,0.02,0.0,0.0,0.006194835137173979,0.0035761145337012135,0.0,0.065
2018-12-31,0.065,3.8742,95.81656,51.006099999999996,0.02,0.0,0.0,0.006177108212514998,0.0035761145337012135,0.0,0.065
2019-01-01,0.065,3.8742,93.83484,51.1693,0.018000000000000002,0.0,0.0,0.005753498906753499,0.010159094811508007,0.0,0.065
2019-01-02,0.065,3.8589,93.83484,51.1693,0.018000000000000002,0.0,-0.0039570211076968165,0.0057423123141182725,0.010159094811508007,0.0,0.065
2019-01-03,0.065,3.7677,93.83484,51.1693,0.018000000000000002,0.0,-0.023917433060588696,0.007515737153978899,0.010159094811508007,0.0,0.065
2019-01-04,0.065,3.7621,93.83484,51.1693,0.018000000000000002,0.0,-0.001487423578970684,0.00750399265341279,0.010159094811508007,0.0,0.065
2019-01-05,0.065,3.7621,93.83484,51.1693,0.018000000000000002,0.0,0.0,0.00750399265341279,0.010159094811508007,0.0,0.065
2019-01-06,0.065,3.7621,93.83484,51.1693,0.018000000000000002,0.0,0.0,0.0074910591926642366,0.010159094811508007,0.0,0.065
2019-01-07,0.065,3.7056,93.83484,51.1693,0.018000000000000002,0.0,-0.01513212317459871,0.008050464809343896,0.010159094811508007,0.0,0.065
2019-01-08,0.065,3.7202,93.83484,51.1693,0.018000000000000002,0.0,0.003932241324229103,0.00818001755519089,0.010159094811508007,0.0,0.065
2019-01-09,0.065,3.6925,93.83484,51.1693,0.018000000000000002,0.0,-0.007473694857315663,0.007955129796328248,0.010159094811508007,0.0,0.065
2019-01-10,0.065,3.6863,93.83484,51.1693,0.018000000000000002,0.0,-0.0016804904480650664,0.00773536047988482,0.010159094811508007,0.0,0.065
2019-01-11,0.065,3.7135,93.83484,51.1693,0.018000000000000002,0.0,0.0073515831518811935,0.008024010755258033,0.010159094811508007,0.0,0.065
2019-01-12,0.065,3.7135,93.83484,51.1693,0.018000000000000002,0.0,0.0,0.008024010755258033,0.010159094811508007,0.0,0.065
2019-01-13,0.065,3.7135,93.83484,51.1693,0.018000000000000002,0.0,0.0,0.007894076639616738,0.010159094811508007,0.0,0.065
2019-01-14,0.065,3.7255,93.83484,51.1693,0.018000000000000002,0.0,0.0032262428844311683,0.007974879030860811,0.010159094811508007,0.0,0.065
2019-01-15,0.065,3.7043,93.83484,51.1693,0.018000000000000002,0.0,-0.00570676398699189,0.007426816061455103,0.010159094811508007,0.0,0.065
2019-01-16,0.065,3.7191,93.83484,51.1693,0.018000000000000002,0.0,0.003987396505420622,0.007514141481960436,0.010159094811508007,0.0,0.065
2019-01-17,0.065,3.7585,93.83484,51.1693,0.018000000000000002,0.0,0.010538238105312837,0.007508067280471667,0.010159094811508007,0.0,0.065
2019-01-18,0.065,3.748,93.83484,51.1693,0.018000000000000002,0.0,-0.0027975772592107482,0.007504396901076345,0.010159094811508007,0.0,0.065
2019-01-19,0.065,3.748,93.83484,51.1693,0.018000000000000002,0.0,0.0,0.007504396901076345,0.010159094811508007,0.0,0.065
2019-01-20,0.065,3.748,93.83484,51.1693,0.018000000000000002,0.0,0.0,0.007504396901076345,0.010159094811508007,0.0,0.065
2019-01-21,0.065,3.7699,93.83484,51.1693,0.018000000000000002,0.0,0.005826111533005181,0.007683009665364263,0.010159094811508007,0.0,0.065
2019-01-22,0.065,3.7609,93.83484,51.1693,0.018000000000000002,0.0,-0.0023901854476920106,0.007663146052288005,0.010159094811508007,0.0,0.065
2019-01-23,0.065,3.7988,93.83484,51.1693,0.018000000000000002,0.0,0.010026936925171297,0.005955781235783997,0.010159094811508007,0.0,0.065
2019-01-24,0.065,3.7809,93.83484,51.1693,0.018000000000000002,0.0,-0.004723150857241653,0.006053217621639947,0.010159094811508007,0.0,0.065
2019-01-25,0.065,3.7613,93.83484,51.1693,0.018000000000000002,0.0,-0.005197434202683569,0.0061748253015901575,0.010159094811508007,0.0,0.065
2019-01-26,0.065,3.7613,93.83484,51.1693,0.018000000000000002,0.0,0.0,0.0061748253015901575,0.010159094811508007,0.0,0.065
2019-01-27,0.065,3.7613,93.83484,51.1693,0.018000000000000002,0.0,0.0,0.005048879436936602,0.010159094811508007,0.0,0.065
2019-01-28,0.065,3.767,93.83484,51.1693,0.018000000000000002,0.0,0.0015142863831688147,0.004997252721659757,0.010159094811508007,0.0,0.065
2019-01-29,0.065,3.7364,93.83484,51.1693,0.018000000000000002,0.0,-0.008156347693347357,0.005057449799340278,0.010159094811508007,0.0,0.065
2019-01-30,0.065,3.7145,93.83484,51.1693,0.018000000000000002,0.0,-0.005878501406832764,0.00524048662444976,0.010159094811508007,0.0,0.065
2019-01-31,0.065,3.6513,93.83484,51.1693,0.018000000000000002,0.0,-0.017160811043240062,0.006286479136707936,0.010159094811508007,0.0,0.065
2019-02-01,0.065,3.6688,93.99179,51.389300000000006,0.018000000000000002,0.0,0.004781364555019127,0.006409989834390821,0.03101532069022639,0.0,0.065
2019-02-02,0.065,3.6688,93.99179,51.389300000000006,0.018000000000000002,0.0,0.0,0.006409989834390821,0.03101532069022639,0.0,0.065
2019-02-03,0.065,3.6688,93.99179,51.389300000000006,0.018000000000000002,0.0,0.0,0.006348788966614212,0.03101532069022639,0.0,0.065
2019-02-04,0.065,3.675,93.99179,51.389300000000006,0.018000000000000002,0.0,0.0016884995432970035,0.006260680914965119,0.03101532069022639,0.0,0.065
2019-02-05,0.065,3.6735,93.99179,51.389300000000006,0.018000000000000002,0.0,-0.00040824658660482257,0.006175234828323389,0.03101532069022639,0.0,0.065
2019-02-06,0.065,3.7013,93.99179,51.389300000000006,0.018000000000000002,0.0,0.007539223213903027,0.005921294614745151,0.03101532069022639,0.0,0.065
2019-02-07,0.065,3.7187,93.99179,51.389300000000006,0.018000000000000002,0.0,0.0046900355511637,0.006021988321401159,0.03101532069022639,0.0,0.065
2019-02-08,0.065,3.7178,93.99179,51.389300000000006,0.018000000000000002,0.0,-0.0002420493523551104,0.006021401377227054,0.03101532069022639,0.0,0.065
2019-02-09,0.065,3.7178,93.99179,51.389300000000006,0.018000000000000002,0.0,0.0,0.006021401377227054,0.03101532069022639,0.0,0.065
2019-02-10,0.065,3.7178,93.99179,51.389300000000006,0.018000000000000002,0.0,0.0,0.0058423768644873374,0.03101532069022639,0.0,0.065
2019-02-11,0.065,3.7385,93.99179,51.389300000000006,0.018000000000000002,0.0,0.005552365966926677,0.00598923909152085,0.03101532069022639,0.0,0.065
2019-02-12,0.065,3.729,93.99179,51.389300000000006,0.018000000000000002,0.0,-0.0025443602611494955,0.005487168114543142,0.03101532069022639,0.0,0.065
2019-02-13,0.065,3.7271,93.99179,51.389300000000006,0.018000000000000002,0.0,-0.0005096498279599246,0.005414158653779296,0.03101532069022639,0.0,0.065
2019-02-14,0.065,3.775,93.99179,51.389300000000006,0.018000000000000002,0.0,0.01276993133226424,0.006081100282025556,0.03101532069022639,0.0,0.065
2019-02-15,0.065,3.7149,93.99179,51.389300000000006,0.018000000000000002,0.0,-0.016048622793962398,0.007082710875784023,0.03101532069022639,0.0,0.065
2019-02-16,0.065,3.7149,93.99179,51.389300000000006,0.018000000000000002,0.0,0.0,0.007082710875784023,0.03101532069022639,0.0,0.065
2019-02-17,0.065,3.7149,93.99179,51.389300000000006,0.018000000000000002,0.0,0.0,0.007066763166415275,0.03101532069022639,0.0,0.065
2019-02-18,0.065,3.731,93.99179,51.389300000000006,0.018000000000000002,0.0,0.004324534331995093,0.006922932885930074,0.03101532069022639,0.0,0.065
2019-02-19,0.065,3.72,93.99179,51.389300000000006,0.018000000000000002,0.0,-0.0029526259539655294,0.00682398766154088,0.03101532069022639,0.0,0.065
2019-02-20,0.065,3.7094,93.99179,51.389300000000006,0.018000000000000002,0.0,-0.002853529812005789,0.005553883123680999,0.03101532069022639,0.0,0.065
2019-02-21,0.065,3.7589,93.99179,51.389300000000006,0.018000000000000002,0.0,0.013256222935231307,0.006164253601798767,0.03101532069022639,0.0,0.065
2019-02-22,0.065,3.7424,93.99179,51.389300000000006,0.018000000000000002,0.0,-0.004399244560503224,0.00628708550822053,0.03101532069022639,0.0,0.065
2019-02-23,0.065,3.7424,93.99179,51.389300000000006,0.018000000000000002,0.0,0.0,0.00628708550822053,0.03101532069022639,0.0,0.065
2019-02-24,0.065,3.7424,93.99179,51.389300000000006,0.018000000000000002,0.0,0.0,0.006288593001336925,0.03101532069022639,0.0,0.065
2019-02-25,0.065,3.7279,93.99179,51.389300000000006,0.018000000000000002,0.0,-0.0038820444185383267,0.006374270449488509,0.03101532069022639,0.0,0.065
2019-02-26,0.065,3.7589,93.99179,51.389300000000006,0.018000000000000002,0.0,0.008281288979041623,0.006417970774577765,0.03101532069022639,0.0,0.065
2019-02-27,0.065,3.7345,93.99179,51.389300000000006,0.018000000000000002,0.0,-0.006512420593296384,0.006545613963173956,0.03101532069022639,0.0,0.065
2019-02-28,0.065,3.7379,93.99179,51.389300000000006,0.018000000000000002,0.0,0.0009100155865949708,0.0065464771832764316,0.03101532069022639,0.0,0.065
2019-03-01,0.065,3.7826,97.46638,51.7747,0.018000000000000002,0.0,0.011887647470637605,0.007041649054795666,-0.018460120528349222,0.0,0.065
2019-03-02,0.065,3.7826,97.46638,51.7747,0.018000000000000002,0.0,0.0,0.007041649054795666,-0.018460120528349222,0.0,0.065
2019-03-03,0.065,3.7826,97.46638,51.7747,0.018000000000000002,0.0,0.0,0.0069560107139953,-0.018460120528349222,0.0,0.065
2019-03-04,0.065,3.7826,97.46638,51.7747,0.018000000000000002,0.0,0.0,0.0069189075457347805,-0.018460120528349222,0.0,0.065
2019-03-05,0.065,3.7826,97.46638,51.7747,0.018000000000000002,0.0,0.0,0.00691510274657944,-0.018460120528349222,0.0,0.065
2019-03-06,0.065,3.8297,97.46638,51.7747,0.018000000000000002,0.0,0.012374867270739491,0.006879399507494151,-0.018460120528349222,0.0,0.065
2019-03-07,0.065,3.8481,97.46638,51.7747,0.018000000000000002,0.0,0.004793048848821244,0.005679649084686232,-0.018460120528349222,0.0,0.065
2019-03-08,0.065,3.8672,97.46638,51.7747,0.018000000000000002,0.0,0.004951210975303844,0.005706674850593531,-0.018460120528349222,0.0,0.065
2019-03-09,0.065,3.8672,97.46638,51.7747,0.018000000000000002,0.0,0.0,0.005706674850593531,-0.018460120528349222,0.0,0.065
2019-03-10,0.065,3.8672,97.46638,51.7747,0.018000000000000002,0.0,0.0,0.005696238260497924,-0.018460120528349222,0.0,0.065
2019-03-11,0.065,3.8455,97.46638,51.7747,0.018000000000000002,0.0,-0.005627097452110087,0.00584300404361248,-0.018460120528349222,0.0,0.065
2019-03-12,0.065,3.8123,97.46638,51.7747,0.018000000000000002,0.0,-0.008670951973857222,0.0062125766797768425,-0.018460120528349222,0.0,0.065
2019-03-13,0.065,3.8259,97.46638,51.7747,0.018000000000000002,0.0,0.003561052177712567,0.005582436522765823,-0.018460120528349222,0.0,0.065
2019-03-14,0.065,3.8321,97.46638,51.7747,0.018000000000000002,0.0,0.0016192220826946584,0.005443164397008185,-0.018460120528349222,0.0,0.065
2019-03-15,0.065,3.8338,97.46638,51.7747,0.018000000000000002,0.0,0.00044352262040132457,0.0054389873794738605,-0.018460120528349222,0.0,0.065
2019-03-16,0.065,3.8338,97.46638,51.7747,0.018000000000000002,0.0,0.0,0.0054389873794738605,-0.018460120528349222,0.0,0.065
2019-03-17,0.065,3.8338,97.46638,51.7747,0.018000000000000002,0.0,0.0,0.005315707522915272,-0.018460120528349222,0.0,0.065
2019-03-18,0.065,3.8105,97.46638,51.7747,0.018000000000000002,0.0,-0.006096064297887745,0.005308374760178571,-0.018460120528349222,0.0,0.065
2019-03-19,0.065,3.7756,97.46638,51.7747,0.018000000000000002,0.0,-0.009201103655382863,0.005529590303747423,-0.018460120528349222,0.0,0.065
2019-03-20,0.065,3.7891,97.46638,51.7747,0.018000000000000002,0.0,0.0035692134074561594,0.005570590106854375,-0.018460120528349222,0.0,0.065
2019-03-21,0.065,3.7961,97.46638,51.7747,0.018000000000000002,0.0,0.001845700044082699,0.004922066610403881,-0.018460120528349222,0.0,0.065
2019-03-22,0.065,3.8809,97.46638,51.7747,0.018000000000000002,0.0,0.022092861579603065,0.006943861407203175,-0.018460120528349222,0.0,0.065
2019-03-23,0.065,3.8809,97.46638,51.7747,0.018000000000000002,0.0,0.0,0.006943861407203175,-0.018460120528349222,0.0,0.065
2019-03-24,0.065,3.8809,97.46638,51.7747,0.018000000000000002,0.0,0.0,0.006943861407203175,-0.018460120528349222,0.0,0.065
2019-03-25,0.065,3.8764,97.46638,51.7747,0.018000000000000002,0.0,-0.0011601976215363892,0.006959969419464744,-0.018460120528349222,0.0,0.065
2019-03-26,0.065,3.864,97.46638,51.7747,0.018000000000000002,0.0,-0.0032039715279863893,0.006503182228447891,-0.018460120528349222,0.0,0.065
2019-03-27,0.065,3.9383,97.46638,51.7747,0.018000000000000002,0.0,0.019046241767489976,0.007679280922485012,-0.018460120528349222,0.0,0.065
2019-03-28,0.065,3.9676,97.46638,51.7747,0.018000000000000002,0.0,0.007412219771940131,0.007762519156782279,-0.018460120528349222,0.0,0.065
2019-03-29,0.065,3.8961,97.46638,51.7747,0.018000000000000002,0.0,-0.01818532508768441,0.008901975772105466,-0.018460120528349222,0.0,0.065
2019-03-30,0.065,3.8961,97.46638,51.7747,0.018000000000000002,0.0,0.0,0.008901975772105466,-0.018460120528349222,0.0,0.065
2019-03-31,0.065,3.8961,97.46638,51.7747,0.018000000000000002,0.0,0.0,0.008790608888918812,-0.018460120528349222,0.0,0.065
2019-04-01,0.065,3.8676,97.86378,52.069799999999994,0.015,0.0,-0.007341893174761809,0.0087211586450336,0.004107591523549781,0.0,0.065
2019-04-02,0.065,3.8655,97.86378,52.069799999999994,0.015,0.0,-0.0005431198488630144,0.008699049686851586,0.004107591523549781,0.0,0.065
2019-04-03,0.065,3.843,97.86378,52.069799999999994,0.015,0.0,-0.005837728195685527,0.00880834346849798,0.004107591523549781,0.0,0.065
2019-04-04,0.065,3.8707,97.86378,52.069799999999994,0.015,0.0,0.0071820576554019605,0.008948249584657281,0.004107591523549781,0.0,0.065
2019-04-05,0.065,3.8616,97.86378,52.069799999999994,0.015,0.0,-0.0023537638739626683,0.00897033145203587,0.004107591523549781,0.0,0.065
2019-04-06,0.065,3.8616,97.86378,52.069799999999994,0.015,0.0,0.0,0.00897033145203587,0.004107591523549781,0.0,0.065
2019-04-07,0.065,3.8616,97.86378,52.069799999999994,0.015,0.0,0.0,0.008842021372455077,0.004107591523549781,0.0,0.065
2019-04-08,0.065,3.8652,97.86378,52.069799999999994,0.015,0.0,0.0009318217788702131,0.008531740760775916,0.004107591523549781,0.0,0.065
2019-04-09,0.065,3.8557,97.86378,52.069799999999994,0.015,0.0,-0.002460854251234317,0.008549123784939588,0.004107591523549781,0.0,0.065
2019-04-10,0.065,3.8339,97.86378,52.069799999999994,0.015,0.0,-0.005670011028930291,0.008668382854390012,0.004107591523549781,0.0,0.065
2019-04-11,0.065,3.8393,97.86378,52.069799999999994,0.015,0.0,0.0014074964529715852,0.007036238605952736,0.004107591523549781,0.0,0.065
2019-04-12,0.065,3.8679,97.86378,52.069799999999994,0.015,0.0,0.007421665786941,0.007258352129106938,0.004107591523549781,0.0,0.065
2019-04-13,0.065,3.8679,97.86378,52.069799999999994,0.015,0.0,0.0,0.007258352129106938,0.004107591523549781,0.0,0.065
2019-04-14,0.065,3.8679,97.86378,52.069799999999994,0.015,0.0,0.0,0.007254638312128559,0.004107591523549781,0.0,0.065
2019-04-15,0.065,3.8724,97.86378,52.069799999999994,0.015,0.0,0.0011627457610146898,0.007222251664039982,0.004107591523549781,0.0,0.065
2019-04-16,0.065,3.8907,97.86378,52.069799999999994,0.015,0.0,0.004714620163889072,0.005819062142445579,0.004107591523549781,0.0,0.065
2019-04-17,0.065,3.9219,97.86378,52.069799999999994,0.015,0.0,0.007987140226118615,0.0058620285140440894,0.004107591523549781,0.0,0.065
2019-04-18,0.065,3.9364,97.86378,52.069799999999994,0.015,0.0,0.0036903697889063506,0.004212968590121334,0.004107591523549781,0.0,0.065
2019-04-19,0.065,3.9364,97.86378,52.069799999999994,0.015,0.0,0.0,0.004212968590121334,0.004107591523549781,0.0,0.065
2019-04-20,0.065,3.9364,97.86378,52.069799999999994,0.015,0.0,0.0,0.004212968590121334,0.004107591523549781,0.0,0.065
2019-04-21,0.065,3.9364,97.86378,52.069799999999994,0.015,0.0,0.0,0.0037911198697638477,0.004107591523549781,0.0,0.065
2019-04-22,0.065,3.9224,97.86378,52.069799999999994,0.015,0.0,-0.003562888687806845,0.003909146113000788,0.004107591523549781,0.0,0.065
2019-04-23,0.065,3.943,97.86378,52.069799999999994,0.015,0.0,0.005238143540603725,0.0037090754007586637,0.004107591523549781,0.0,0.065
2019-04-24,0.065,3.9624,97.86378,52.069799999999994,0.015,0.0,0.004908047396400805,0.003550223034445575,0.004107591523549781,0.0,0.065
2019-04-25,0.065,3.9719,97.86378,52.069799999999994,0.015,0.0,0.0023946673404731814,0.0034597399177934474,0.004107591523549781,0.0,0.065
2019-04-26,0.065,3.9347,97.86378,52.069799999999994,0.015,0.0,-0.009409929551158528,0.0042180488885524055,0.004107591523549781,0.0,0.065
2019-04-27,0.065,3.9347,97.86378,52.069799999999994,0.015,0.0,0.0,0.0042180488885524055,0.004107591523549781,0.0,0.065
2019-04-28,0.065,3.9347,97.86378,52.069799999999994,0.015,0.0,0.0,0.004223259743100148,0.004107591523549781,0.0,0.065
2019-04-29,0.065,3.9358,97.86378,52.069799999999994,0.015,0.0,0.00027952480964684893,0.00415265097968254,0.004107591523549781,0.0,0.065
2019-04-30,0.065,3.9447,97.86378,52.069799999999994,0.015,0.0,0.0022587408879935823,0.0038467521967939467,0.004107591523549781,0.0,0.065
2019-05-01,0.065,3.9447,97.74518,52.1375,0.015,0.0,0.0,0.0038599321921329974,0.05368552635777446,0.0,0.065
2019-05-02,0.065,3.9644,97.74518,52.1375,0.015,0.0,0.004981613771570551,0.0036930123897565,0.05368552635777446,0.0,0.065
2019-05-03,0.065,3.9382,97.74518,52.1375,0.015,0.0,-0.006630753421483568,0.004086157931098082,0.05368552635777446,0.0,0.065
2019-05-04,0.065,3.9382,97.74518,52.1375,0.015,0.0,0.0,0.004086157931098082,0.05368552635777446,0.0,0.065
2019-05-05,0.065,3.9382,97.74518,52.1375,0.015,0.0,0.0,0.004090501269507189,0.05368552635777446,0.0,0.065
2019-05-06,0.065,3.9618,97.74518,52.1375,0.015,0.0,0.005974701317510943,0.004162354383932749,0.05368552635777446,0.0,0.065
2019-05-07,0.065,3.9874,97.74518,52.1375,0.015,0.0,0.006440921980145839,0.004036350088682165,0.05368552635777446,0.0,0.065
2019-05-08,0.065,3.9338,97.74518,52.1375,0.015,0.0,-0.013533509592934171,0.005092731952097096,0.05368552635777446,0.0,0.065
2019-05-09,0.065,3.9667,97.74518,52.1375,0.015,0.0,0.008328634941755187,0.005425236340802164,0.05368552635777446,0.0,0.065
2019-05-10,0.065,3.9572,97.74518,52.1375,0.015,0.0,-0.0023978103084800794,0.005460534183327118,0.05368552635777446,0.0,0.065
2019-05-11,0.065,3.9572,97.74518,52.1375,0.015,0.0,0.0,0.005460534183327118,0.05368552635777446,0.0,0.065
2019-05-12,0.065,3.9572,97.74518,52.1375,0.015,0.0,0.0,0.005386751162479157,0.05368552635777446,0.0,0.065
2019-05-13,0.065,3.9884,97.74518,52.1375,0.015,0.0,0.007853443505570304,0.005538910297699029,0.05368552635777446,0.0,0.065
2019-05-14,0.065,3.9782,97.74518,52.1375,0.015,0.0,-0.002560692283677455,0.005482702765187239,0.05368552635777446,0.0,0.065
2019-05-15,0.065,4.0025,97.74518,52.1375,0.015,0.0,0.0060897101999093485,0.0056210954735889124,0.05368552635777446,0.0,0.065
2019-05-16,0.065,4.0132,97.74518,52.1375,0.015,0.0,0.002669762180587845,0.005141942110940532,0.05368552635777446,0.0,0.065
2019-05-17,0.065,4.0838,97.74518,52.1375,0.015,0.0,0.01743899943747658,0.006311289255949681,0.05368552635777446,0.0,0.065
2019-05-18,0.065,4.0838,97.74518,52.1375,0.015,0.0,0.0,0.006311289255949681,0.05368552635777446,0.0,0.065
2019-05-19,0.065,4.0838,97.74518,52.1375,0.015,0.0,0.0,0.006315280854723312,0.05368552635777446,0.0,0.065
2019-05-20,0.065,4.105,97.74518,52.1375,0.015,0.0,0.005177815397594374,0.006358910378975219,0.05368552635777446,0.0,0.065
2019-05-21,0.065,4.0804,97.74518,52.1375,0.015,0.0,-0.006010720078164874,0.006595627755934297,0.05368552635777446,0.0,0.065
2019-05-22,0.065,4.0222,97.74518,52.1375,0.015,0.0,-0.014366006207861381,0.007451000250080207,0.05368552635777446,0.0,0.065
2019-05-23,0.065,4.0507,97.74518,52.1375,0.015,0.0,0.007060689071228745,0.00736823436228298,0.05368552635777446,0.0,0.065
2019-05-24,0.065,4.0316,97.74518,52.1375,0.015,0.0,-0.004726386191008245,0.007490558181779596,0.05368552635777446,0.0,0.065
2019-05-25,0.065,4.0316,97.74518,52.1375,0.015,0.0,0.0,0.007490558181779596,0.05368552635777446,0.0,0.065
2019-05-26,0.065,4.0316,97.74518,52.1375,0.015,0.0,0.0,0.007407618056087839,0.05368552635777446,0.0,0.065
2019-05-27,0.065,4.0204,97.74518,52.1375,0.015,0.0,-0.0027819193301380067,0.007329433865709863,0.05368552635777446,0.0,0.065
2019-05-28,0.065,4.0269,97.74518,52.1375,0.015,0.0,0.0016154490111152135,0.006554166506711731,0.05368552635777446,0.0,0.065
2019-05-29,0.065,3.9959,97.74518,52.1375,0.015,0.0,-0.007728013731412339,0.006614211847691613,0.05368552635777446,0.0,0.065
2019-05-30,0.065,3.9714,97.74518,52.1375,0.015,0.0,-0.006150158077355763,0.0067486107948621825,0.05368552635777446,0.0,0.065
2019-05-31,0.065,3.9401,97.74518,52.1375,0.015,0.0,-0.00791257367237744,0.006987371499672468,0.05368552635777446,0.0,0.065
2019-06-01,0.065,3.9401,94.72148,52.142700000000005,0.015,0.0,0.0,0.006987371499672468,-0.013620509125065294,0.0,0.065
2019-06-02,0.065,3.9401,94.72148,52.142700000000005,0.015,0.0,0.0,0.006725765198204717,-0.013620509125065294,0.0,0.065
2019-06-03,0.065,3.8997,94.72148,52.142700000000005,0.015,0.0,-0.010306476598471528,0.0070588182654708325,-0.013620509125065294,0.0,0.065
2019-06-04,0.065,3.8704,94.72148,52.142700000000005,0.015,0.0,-0.0075417662263203376,0.006996416007126655,-0.013620509125065294,0.0,0.065
2019-06-05,0.065,3.8605,94.72148,52.142700000000005,0.015,0.0,-0.0025611521068923094,0.0069227124960614325,-0.013620509125065294,0.0,0.065
2019-06-06,0.065,3.872,94.72148,52.142700000000005,0.015,0.0,0.002974460647597039,0.005373969582103975,-0.013620509125065294,0.0,0.065
2019-06-07,0.065,3.8565,94.72148,52.142700000000005,0.015,0.0,-0.004011133022413735,0.005344126962969332,-0.013620509125065294,0.0,0.065
2019-06-08,0.065,3.8565,94.72148,52.142700000000005,0.015,0.0,0.0,0.005344126962969332,-0.013620509125065294,0.0,0.065
2019-06-09,0.065,3.8565,94.72148,52.142700000000005,0.015,0.0,0.0,0.005051480497855102,-0.013620509125065294,0.0,0.065
2019-06-10,0.065,3.8784,94.72148,52.142700000000005,0.015,0.0,0.005662661060886715,0.005364848972796001,-0.013620509125065294,0.0,0.065
2019-06-11,0.065,3.8658,94.72148,52.142700000000005,0.015,0.0,-0.0032540510622888685,0.004595772670444552,-0.013620509125065294,0.0,0.065
2019-06-12,0.065,3.8431,94.72148,52.142700000000005,0.015,0.0,-0.005889313808860166,0.0041446653709826765,-0.013620509125065294,0.0,0.065
2019-06-13,0.065,3.8423,94.72148,52.142700000000005,0.015,0.0,-0.0002081869526348089,0.00414754901398361,-0.013620509125065294,0.0,0.065
2019-06-14,0.065,3.8807,94.72148,52.142700000000005,0.015,0.0,0.009944404104941617,0.004966267841099277,-0.013620509125065294,0.0,0.065
2019-06-15,0.065,3.8807,94.72148,52.142700000000005,0.015,0.0,0.0,0.004966267841099277,-0.013620509125065294,0.0,0.065
2019-06-16,0.065,3.8807,94.72148,52.142700000000005,0.015,0.0,0.0,0.004979425468945197,-0.013620509125065294,0.0,0.065
2019-06-17,0.065,3.8889,94.72148,52.142700000000005,0.015,0.0,0.002110791558008327,0.0049983376201727815,-0.013620509125065294,0.0,0.065
2019-06-18,0.065,3.8602,94.72148,52.142700000000005,0.015,0.0,-0.007407345685999375,0.004978605906007758,-0.013620509125065294,0.0,0.065
2019-06-19,0.065,3.8717,94.72148,52.142700000000005,0.015,0.0,0.002974691467838055,0.004970074809389632,-0.013620509125065294,0.0,0.065
2019-06-20,0.065,3.8717,94.72148,52.142700000000005,0.015,0.0,0.0,0.0047223415036524805,-0.013620509125065294,0.0,0.065
2019-06-21,0.065,3.8249,94.72148,52.142700000000005,0.015,0.0,-0.012161363927913992,0.005345514711272351,-0.013620509125065294,0.0,0.065
2019-06-22,0.065,3.8249,94.72148,52.142700000000005,0.015,0.0,0.0,0.005345514711272351,-0.013620509125065294,0.0,0.065
2019-06-23,0.065,3.8249,94.72148,52.142700000000005,0.015,0.0,0.0,0.004930915377049527,-0.013620509125065294,0.0,0.065
2019-06-24,0.065,3.8228,94.72148,52.142700000000005,0.015,0.0,-0.0005491847360070436,0.004681913149435855,-0.013620509125065294,0.0,0.065
2019-06-25,0.065,3.8297,94.72148,52.142700000000005,0.015,0.0,0.0018033327330688243,0.004688322028037909,-0.013620509125065294,0.0,0.065
2019-06-26,0.065,3.8435,94.72148,52.142700000000005,0.015,0.0,0.003596938664093174,0.004713902744910329,-0.013620509125065294,0.0,0.065
2019-06-27,0.065,3.8636,94.72148,52.142700000000005,0.015,0.0,0.005215981515954044,0.004789647641170809,-0.013620509125065294,0.0,0.065
2019-06-28,0.065,3.8316,94.72148,52.142700000000005,0.015,0.0,-0.008316920796404212,0.005145852473439674,-0.013620509125065294,0.0,0.065
2019-06-29,0.065,3.8316,94.72148,52.142700000000005,0.015,0.0,0.0,0.005145852473439674,-0.013620509125065294,0.0,0.065
2019-06-30,0.065,3.8316,94.72148,52.142700000000005,0.015,0.0,0.0,0.004951231176422614,-0.013620509125065294,0.0,0.065
2019-07-01,0.065,3.8187,100.36029,52.241800000000005,0.013999999999999999,0.0,-0.0033724199642379948,0.0049546314223291674,0.014614511291041854,0.0,0.065
2019-07-02,0.065,3.8558,100.36029,52.241800000000005,0.013999999999999999,0.0,0.009668457620869885,0.005292415448546327,0.014614511291041854,0.0,0.065
2019-07-03,0.065,3.8469,100.36029,52.241800000000005,0.013999999999999999,0.0,-0.0023108790321885856,0.005321025988106371,0.014614511291041854,0.0,0.065
2019-07-04,0.065,3.7934,100.36029,52.241800000000005,0.013999999999999999,0.0,-0.014004914582957868,0.0056633005834248115,0.014614511291041854,0.0,0.065
2019-07-05,0.065,3.8198,100.36029,52.241800000000005,0.013999999999999999,0.0,0.00693535065883198,0.005942091249033128,0.014614511291041854,0.0,0.065
2019-07-06,0.065,3.8198,100.36029,52.241800000000005,0.013999999999999999,0.0,0.0,0.005942091249033128,0.014614511291041854,0.0,0.065
2019-07-07,0.065,3.8198,100.36029,52.241800000000005,0.013999999999999999,0.0,0.0,0.005906479784711108,0.014614511291041854,0.0,0.065
2019-07-08,0.065,3.8059,100.36029,52.241800000000005,0.013999999999999999,0.0,-0.003645571001865829,0.00574594433345005,0.014614511291041854,0.0,0.065
2019-07-09,0.065,3.7846,100.36029,52.241800000000005,0.013999999999999999,0.0,-0.005612293237238164,0.0057769921469223535,0.014614511291041854,0.0,0.065
2019-07-10,0.065,3.7691,100.36029,52.241800000000005,0.013999999999999999,0.0,-0.004103954818120652,0.005807261887875247,0.014614511291041854,0.0,0.065
2019-07-11,0.065,3.7527,100.36029,52.241800000000005,0.013999999999999999,0.0,-0.0043606652630240736,0.005280481867760822,0.014614511291041854,0.0,0.065
2019-07-12,0.065,3.7446,100.36029,52.241800000000005,0.013999999999999999,0.0,-0.0021607787207530067,0.005282065298294946,0.014614511291041854,0.0,0.065
2019-07-13,0.065,3.7446,100.36029,52.241800000000005,0.013999999999999999,0.0,0.0,0.005282065298294946,0.014614511291041854,0.0,0.065
2019-07-14,0.065,3.7446,100.36029,52.241800000000005,0.013999999999999999,0.0,0.0,0.005286291169720923,0.014614511291041854,0.0,0.065
2019-07-15,0.065,3.7457,100.36029,52.241800000000005,0.013999999999999999,0.0,0.00029371320451976535,0.0052543355072689054,0.014614511291041854,0.0,0.065
2019-07-16,0.065,3.7618,100.36029,52.241800000000005,0.013999999999999999,0.0,0.004289050864131919,0.005289123859431796,0.014614511291041854,0.0,0.065
2019-07-17,0.065,3.7612,100.36029,52.241800000000005,0.013999999999999999,0.0,-0.00015951083378227664,0.0050853053454594935,0.014614511291041854,0.0,0.065
2019-07-18,0.065,3.7483,100.36029,52.241800000000005,0.013999999999999999,0.0,-0.003435651558419865,0.004844417354386892,0.014614511291041854,0.0,0.065
2019-07-19,0.065,3.7402,100.36029,52.241800000000005,0.013999999999999999,0.0,-0.0021633179298823175,0.004842738299857356,0.014614511291041854,0.0,0.065
2019-07-20,0.065,3.7402,100.36029,52.241800000000005,0.013999999999999999,0.0,0.0,0.004842738299857356,0.014614511291041854,0.0,0.065
2019-07-21,0.065,3.7402,100.36029,52.241800000000005,0.013999999999999999,0.0,0.0,0.004822046172813702,0.014614511291041854,0.0,0.065
2019-07-22,0.065,3.7394,100.36029,52.241800000000005,0.013999999999999999,0.0,-0.0002139151834458869,0.004122770129615866,0.014614511291041854,0.0,0.065
2019-07-23,0.065,3.7615,100.36029,52.241800000000005,0.013999999999999999,0.0,0.005892643269102409,0.004437354385480666,0.014614511291041854,0.0,0.065
2019-07-24,0.065,3.759,100.36029,52.241800000000005,0.013999999999999999,0.0,-0.0006648494360982747,0.003240101443635644,0.014614511291041854,0.0,0.065
2019-07-25,0.065,3.7843,100.36029,52.241800000000005,0.013999999999999999,0.0,0.006707964648936226,0.0032130888787847986,0.014614511291041854,0.0,0.065
2019-07-26,0.065,3.7735,100.36029,52.241800000000005,0.013999999999999999,0.0,-0.002857976488191233,0.003254518796420219,0.014614511291041854,0.0,0.065
2019-07-27,0.065,3.7735,100.36029,52.241800000000005,0.013999999999999999,0.0,0.0,0.003254518796420219,0.014614511291041854,0.0,0.065
2019-07-28,0.065,3.7735,100.36029,52.241800000000005,0.013999999999999999,0.0,0.0,0.0031767003474006635,0.014614511291041854,0.0,0.065
2019-07-29,0.065,3.7903,100.36029,52.241800000000005,0.013999999999999999,0.0,0.0044422188917272645,0.003107834211972951,0.014614511291041854,0.0,0.065
2019-07-30,0.065,3.7894,100.36029,52.241800000000005,0.013999999999999999,0.0,-0.00023747641838837744,0.002950455895037298,0.014614511291041854,0.0,0.065
2019-07-31,0.065,3.7643,100.36029,52.241800000000005,0.013999999999999999,0.0,-0.006645774224854379,0.0031748673555488933,0.014614511291041854,0.0,0.065
2019-08-01,0.06,3.829,99.65087,52.2993,0.013999999999999999,-0.0050000000000000044,0.01704175150388711,0.004882324668446106,-0.008768221496043616,0.0,0.06
2019-08-02,0.06,3.8733,99.65087,52.2993,0.013999999999999999,0.0,0.011503184371488036,0.0053947956348030695,-0.008768221496043616,0.0,0.06
2019-08-03,0.06,3.8733,99.65087,52.2993,0.013999999999999999,0.0,0.0,0.0053947956348030695,-0.008768221496043616,0.0,0.06
2019-08-04,0.06,3.8733,99.65087,52.2993,0.013999999999999999,0.0,0.0,0.005399193484276578,-0.008768221496043616,0.0,0.06
2019-08-05,0.06,3.9398,99.65087,52.2993,0.013999999999999999,0.0,0.017023103733472603,0.006384602565525616,-0.008768221496043616,0.0,0.06
2019-08-06,0.06,3.9637,99.65087,52.2993,0.013999999999999999,0.0,0.0060479718734906705,0.006408986485402689,-0.008768221496043616,0.0,0.06
2019-08-07,0.06,3.9844,99.65087,52.2993,0.013999999999999999,0.0,0.005208803815264906,0.006268917622737095,-0.008768221496043616,0.0,0.06
2019-08-08,0.06,3.9403,99.65087,52.2993,0.013999999999999999,0.0,-0.011129873745716355,0.006945778845495216,-0.008768221496043616,0.0,0.06
2019-08-09,0.06,3.9356,99.65087,52.2993,0.013999999999999999,0.0,-0.0011935145336837935,0.006974414207130568,-0.008768221496043616,0.0,0.06
2019-08-10,0.06,3.9356,99.65087,52.2993,0.013999999999999999,0.0,0.0,0.006974414207130568,-0.008768221496043616,0.0,0.06
2019-08-11,0.06,3.9356,99.65087,52.2993,0.013999999999999999,0.0,0.0,0.006970121278649132,-0.008768221496043616,0.0,0.06
2019-08-12,0.06,3.996,99.65087,52.2993,0.013999999999999999,0.0,0.0152305127768337,0.0074980788554612175,-0.008768221496043616,0.0,0.06
2019-08-13,0.06,3.973,99.65087,52.2993,0.013999999999999999,0.0,-0.00577238395384526,0.007714186998345931,-0.008768221496043616,0.0,0.06
2019-08-14,0.06,4.0068,99.65087,52.2993,0.013999999999999999,0.0,0.008471440923010349,0.007771452019198261,-0.008768221496043616,0.0,0.06
2019-08-15,0.06,4.0182,99.65087,52.2993,0.013999999999999999,0.0,0.002841123406450354,0.007654492103514062,-0.008768221496043616,0.0,0.06
2019-08-16,0.06,3.9927,99.65087,52.2993,0.013999999999999999,0.0,-0.006366347383439427,0.007919788844488152,-0.008768221496043616,0.0,0.06
2019-08-17,0.06,3.9927,99.65087,52.2993,0.013999999999999999,0.0,0.0,0.007919788844488152,-0.008768221496043616,0.0,0.06
2019-08-18,0.06,3.9927,99.65087,52.2993,0.013999999999999999,0.0,0.0,0.007934272597252434,-0.008768221496043616,0.0,0.06
2019-08-19,0.06,4.0268,99.65087,52.2993,0.013999999999999999,0.0,0.008504322094648012,0.008010092508200128,-0.008768221496043616,0.0,0.06
2019-08-20,0.06,4.0419,99.65087,52.2993,0.013999999999999999,0.0,0.00374286257464351,0.007679058085463414,-0.008768221496043616,0.0,0.06
2019-08-21,0.06,4.0248,99.65087,52.2993,0.013999999999999999,0.0,-0.004239658252802977,0.007169829846547542,-0.008768221496043616,0.0,0.06
2019-08-22,0.06,4.0438,99.65087,52.2993,0.013999999999999999,0.0,0.004709623756091725,0.006875406057736405,-0.008768221496043616,0.0,0.06
2019-08-23,0.06,4.0845,99.65087,52.2993,0.013999999999999999,0.0,0.010014477848723643,0.007072139124864732,-0.008768221496043616,0.0,0.06
2019-08-24,0.06,4.0845,99.65087,52.2993,0.013999999999999999,0.0,0.0,0.007072139124864732,-0.008768221496043616,0.0,0.06
2019-08-25,0.06,4.0845,99.65087,52.2993,0.013999999999999999,0.0,0.0,0.0062255516528893495,-0.008768221496043616,0.0,0.06
2019-08-26,0.06,4.1361,99.65087,52.2993,0.013999999999999999,0.0,0.01255399306376897,0.006616701093766621,-0.008768221496043616,0.0,0.06
2019-08-27,0.06,4.1551,99.65087,52.2993,0.013999999999999999,0.0,0.004583180542928952,0.006602837848448558,-0.008768221496043616,0.0,0.06
2019-08-28,0.06,4.1553,99.65087,52.2993,0.013999999999999999,0.0,4.813246054072974e-05,0.0058550079986876965,-0.008768221496043616,0.0,0.06
2019-08-29,0.06,4.1674,99.65087,52.2993,0.013999999999999999,0.0,0.00290771228693698,0.0057844695146502,-0.008768221496043616,0.0,0.06
2019-08-30,0.06,4.1379,99.65087,52.2993,0.013999999999999999,0.0,-0.007103927386515845,0.006174392019119103,-0.008768221496043616,0.0,0.06
2019-08-31,0.06,4.1379,99.65087,52.2993,0.013999999999999999,0.0,0.0,0.006174392019119103,-0.008768221496043616,0.0,0.06
2019-09-01,0.06,4.1379,96.89468,52.278400000000005,0.013999999999999999,0.0,0.0,0.005414966189404606,0.017944114846369263,0.0,0.06
2019-09-02,0.06,4.1575,96.89468,52.278400000000005,0.013999999999999999,0.0,0.004725519317498874,0.005150284470072534,0.017944114846369263,0.0,0.06
2019-09-03,0.06,4.1651,96.89468,52.278400000000005,0.013999999999999999,0.0,0.0018263528494759061,0.004939152134126557,0.017944114846369263,0.0,0.06
2019-09-04,0.06,4.1243,96.89468,52.278400000000005,0.013999999999999999,0.0,-0.009843976517634192,0.005588743283025834,0.017944114846369263,0.0,0.06
2019-09-05,0.06,4.0853,96.89468,52.278400000000005,0.013999999999999999,0.0,-0.00950114338887812,0.005852875886468546,0.017944114846369263,0.0,0.06
2019-09-06,0.06,4.0644,96.89468,52.278400000000005,0.013999999999999999,0.0,-0.00512903439832004,0.00601584832247888,0.017944114846369263,0.0,0.06
2019-09-07,0.06,4.0644,96.89468,52.278400000000005,0.013999999999999999,0.0,0.0,0.00601584832247888,0.017944114846369263,0.0,0.06
2019-09-08,0.06,4.0644,96.89468,52.278400000000005,0.013999999999999999,0.0,0.0,0.005743714572491068,0.017944114846369263,0.0,0.06
2019-09-09,0.06,4.076,96.89468,52.278400000000005,0.013999999999999999,0.0,0.0028499847308889976,0.005720315904050158,0.017944114846369263,0.0,0.06
2019-09-10,0.06,4.1102,96.89468,52.278400000000005,0.013999999999999999,0.0,0.008355573764204453,0.005871634002541856,0.017944114846369263,0.0,0.06
2019-09-11,0.06,4.0625,96.89468,52.278400000000005,0.013999999999999999,0.0,-0.011673141468826946,0.006448604824405808,0.017944114846369263,0.0,0.06
2019-09-12,0.06,4.0488,96.89468,52.278400000000005,0.013999999999999999,0.0,-0.003378006738124671,0.006062992598721621,0.017944114846369263,0.0,0.06
2019-09-13,0.06,4.061,96.89468,52.278400000000005,0.013999999999999999,0.0,0.0030087077864295432,0.0061115881769469,0.017944114846369263,0.0,0.06
2019-09-14,0.06,4.061,96.89468,52.278400000000005,0.013999999999999999,0.0,0.0,0.0061115881769469,0.017944114846369263,0.0,0.06
2019-09-15,0.06,4.061,96.89468,52.278400000000005,0.013999999999999999,0.0,0.0,0.0053160732745530905,0.017944114846369263,0.0,0.06
2019-09-16,0.06,4.0866,96.89468,52.278400000000005,0.013999999999999999,0.0,0.0062840797890298,0.005421246055897391,0.017944114846369263,0.0,0.06
2019-09-17,0.06,4.0992,96.89468,52.278400000000005,0.013999999999999999,0.0,0.0030785042270873733,0.005489038927630441,0.017944114846369263,0.0,0.06
2019-09-18,0.06,4.0966,96.89468,52.278400000000005,0.013999999999999999,0.0,-0.0006344713358598189,0.005423957629121802,0.017944114846369263,0.0,0.06
2019-09-19,0.055,4.1387,96.89468,52.278400000000005,0.013999999999999999,-0.0049999999999999975,0.010224367479612261,0.005747848216364393,0.017944114846369263,0.0,0.055
2019-09-20,0.055,4.1681,96.89468,52.278400000000005,0.013999999999999999,0.0,0.007078567621681031,0.0059611964391593514,0.017944114846369263,0.0,0.055
2019-09-21,0.055,4.1681,96.89468,52.278400000000005,0.013999999999999999,0.0,0.0,0.0059611964391593514,0.017944114846369263,0.0,0.055
2019-09-22,0.055,4.1681,96.89468,52.278400000000005,0.013999999999999999,0.0,0.0,0.0058721944251842965,0.017944114846369263,0.0,0.055
2019-09-23,0.055,4.1728,96.89468,52.278400000000005,0.013999999999999999,0.0,0.0011269768244304946,0.005863620321808703,0.017944114846369263,0.0,0.055
2019-09-24,0.055,4.1715,96.89468,52.278400000000005,0.013999999999999999,0.0,-0.0003115899501497908,0.00538100018341158,0.017944114846369263,0.0,0.055
2019-09-25,0.055,4.1821,96.89468,52.278400000000005,0.013999999999999999,0.0,0.0025378293643882736,0.004841544484723769,0.017944114846369263,0.0,0.055
2019-09-26,0.055,4.1463,96.89468,52.278400000000005,0.013999999999999999,0.0,-0.008597142428426753,0.005132428984478066,0.017944114846369263,0.0,0.055
2019-09-27,0.055,4.1581,96.89468,52.278400000000005,0.013999999999999999,0.0,0.002841868874720413,0.005142687857451714,0.017944114846369263,0.0,0.055
2019-09-28,0.055,4.1581,96.89468,52.278400000000005,0.013999999999999999,0.0,0.0,0.005142687857451714,0.017944114846369263,0.0,0.055
2019-09-29,0.055,4.1581,96.89468,52.278400000000005,0.013999999999999999,0.0,0.0,0.00513227512954981,0.017944114846369263,0.0,0.055
2019-09-30,0.055,4.1638,96.89468,52.278400000000005,0.013999999999999999,0.0,0.0013698796888620681,0.004834180010284001,0.017944114846369263,0.0,0.055
2019-10-01,0.055,4.1734,100.32645,52.3307,0.012,0.0,0.0023029324576111948,0.0038742290446532822,0.02162837215227431,0.0,0.055
2019-10-02,0.055,4.154,100.32645,52.3307,0.012,0.0,-0.004659325863226731,0.0039659775151509565,0.02162837215227431,0.0,0.055
2019-10-03,0.055,4.1006,100.32645,52.3307,0.012,0.0,-0.012938420987111144,0.005054397350467396,0.02162837215227431,0.0,0.055
2019-10-04,0.055,4.0604,100.32645,52.3307,0.012,0.0,-0.009851813538670472,0.005559048064318996,0.02162837215227431,0.0,0.055
2019-10-05,0.055,4.0604,100.32645,52.3307,0.012,0.0,0.0,0.005559048064318996,0.02162837215227431,0.0,0.055
2019-10-06,0.055,4.0604,100.32645,52.3307,0.012,0.0,0.0,0.005358713014907946,0.02162837215227431,0.0,0.055
2019-10-07,0.055,4.0682,100.32645,52.3307,0.012,0.0,0.0019191502581109357,0.005326168589647426,0.02162837215227431,0.0,0.055
2019-10-08,0.055,4.0862,100.32645,52.3307,0.012,0.0,0.004414801637324764,0.005432066228131384,0.02162837215227431,0.0,0.055
2019-10-09,0.055,4.0948,100.32645,52.3307,0.012,0.0,0.002102433239904209,0.004894461109363225,0.02162837215227431,0.0,0.055
2019-10-10,0.055,4.1139,100.32645,52.3307,0.012,0.0,0.004653607628302227,0.004723007642681104,0.02162837215227431,0.0,0.055
2019-10-11,0.055,4.1054,100.32645,52.3307,0.012,0.0,-0.002068303390839537,0.0047305615781349925,0.02162837215227431,0.0,0.055
2019-10-12,0.055,4.1054,100.32645,52.3307,0.012,0.0,0.0,0.0047305615781349925,0.02162837215227431,0.0,0.055
2019-10-13,0.055,4.1054,100.32645,52.3307,0.012,0.0,0.0,0.0047136101460978005,0.02162837215227431,0.0,0.055
2019-10-14,0.055,4.1257,100.32645,52.3307,0.012,0.0,0.004932522058497749,0.0048857553549016075,0.02162837215227431,0.0,0.055
2019-10-15,0.055,4.1482,100.32645,52.3307,0.012,0.0,0.005438802853201886,0.005023436587505617,0.02162837215227431,0.0,0.055
2019-10-16,0.055,4.1708,100.32645,52.3307,0.012,0.0,0.005433358720659794,0.0047939139276997975,0.02162837215227431,0.0,0.055
2019-10-17,0.055,4.1452,100.32645,52.3307,0.012,0.0,-0.006156825605375655,0.00496160859432163,0.02162837215227431,0.0,0.055
2019-10-18,0.055,4.137,100.32645,52.3307,0.012,0.0,-0.0019801508486510014,0.004978074621976441,0.02162837215227431,0.0,0.055
2019-10-19,0.055,4.137,100.32645,52.3307,0.012,0.0,0.0,0.004978074621976441,0.02162837215227431,0.0,0.055
2019-10-20,0.055,4.137,100.32645,52.3307,0.012,0.0,0.0,0.004963954318474242,0.02162837215227431,0.0,0.055
2019-10-21,0.055,4.1313,100.32645,52.3307,0.012,0.0,-0.0013787600602214278,0.004929601197736457,0.02162837215227431,0.0,0.055
2019-10-22,0.055,4.0852,100.32645,52.3307,0.012,0.0,-0.011221440697246074,0.005415005755849766,0.02162837215227431,0.0,0.055
2019-10-23,0.055,4.0715,100.32645,52.3307,0.012,0.0,-0.0033592047967578404,0.004658976596056491,0.02162837215227431,0.0,0.055
2019-10-24,0.055,4.0083,100.32645,52.3307,0.012,0.0,-0.015644270644228006,0.0054012535406335535,0.02162837215227431,0.0,0.055
2019-10-25,0.055,4.0127,100.32645,52.3307,0.012,0.0,0.0010971201698905951,0.00541371356685872,0.02162837215227431,0.0,0.055
2019-10-26,0.055,4.0127,100.32645,52.3307,0.012,0.0,0.0,0.00541371356685872,0.02162837215227431,0.0,0.055
2019-10-27,0.055,4.0127,100.32645,52.3307,0.012,0.0,0.0,0.005383808141723229,0.02162837215227431,0.0,0.055
2019-10-28,0.055,3.9786,100.32645,52.3307,0.012,0.0,-0.008534332829971639,0.005515029412666854,0.02162837215227431,0.0,0.055
2019-10-29,0.055,3.994,100.32645,52.3307,0.012,0.0,0.0038632363728836744,0.005586372369509768,0.02162837215227431,0.0,0.055
2019-10-30,0.055,4.018,100.32645,52.3307,0.012,0.0,0.0059910313991191596,0.005668119560359705,0.02162837215227431,0.0,0.055
2019-10-31,0.05,4.0035,100.32645,52.3307,0.012,-0.0049999999999999975,-0.003615287862191182,0.005691396420701629,0.02162837215227431,0.0,0.05
2019-11-01,0.05,3.978,97.49332,52.5976,0.012,0.0,-0.006389798098770898,0.005795532160394529,0.008150238120720577,0.0,0.05
2019-11-02,0.05,3.978,97.49332,52.5976,0.012,0.0,0.0,0.005795532160394529,0.008150238120720577,0.0,0.05
2019-11-03,0.05,3.978,97.49332,52.5976,0.012,0.0,0.0,0.00560582461372972,0.008150238120720577,0.0,0.05
2019-11-04,0.05,3.9916,97.49332,52.5976,0.012,0.0,0.0034129725962399426,0.005484702438480397,0.008150238120720577,0.0,0.05
2019-11-05,0.05,4.0037,97.49332,52.5976,0.012,0.0,0.0030267805430051913,0.005339261774210864,0.008150238120720577,0.0,0.05
2019-11-06,0.05,4.0345,97.49332,52.5976,0.012,0.0,0.0076634447353987264,0.005663493931801558,0.008150238120720577,0.0,0.05
2019-11-07,0.05,4.0921,97.49332,52.5976,0.012,0.0,0.014175907412018289,0.006637789875817753,0.008150238120720577,0.0,0.05
2019-11-08,0.05,4.1359,97.49332,52.5976,0.012,0.0,0.010646673245684263,0.007095021209996858,0.008150238120720577,0.0,0.05
2019-11-09,0.05,4.1359,97.49332,52.5976,0.012,0.0,0.0,0.007095021209996858,0.008150238120720577,0.0,0.05
2019-11-10,0.05,4.1359,97.49332,52.5976,0.012,0.0,0.0,0.007087750108196355,0.008150238120720577,0.0,0.05
2019-11-11,0.05,4.1553,97.49332,52.5976,0.012,0.0,0.004679668902898759,0.006633466229280909,0.008150238120720577,0.0,0.05
2019-11-12,0.05,4.175,97.49332,52.5976,0.012,0.0,0.004729730435793107,0.006609827980708849,0.008150238120720577,0.0,0.05
2019-11-13,0.05,4.1761,97.49332,52.5976,0.012,0.0,0.00026343835096250966,0.0052957142703064005,0.008150238120720577,0.0,0.05
2019-11-14,0.05,4.1825,97.49332,52.5976,0.012,0.0,0.001531357225060702,0.005292488846578782,0.008150238120720577,0.0,0.05
2019-11-15,0.05,4.1825,97.49332,52.5976,0.012,0.0,0.0,0.005292488846578782,0.008150238120720577,0.0,0.05
2019-11-16,0.05,4.1825,97.49332,52.5976,0.012,0.0,0.0,0.005292488846578782,0.008150238120720577,0.0,0.05
2019-11-17,0.05,4.1825,97.49332,52.5976,0.012,0.0,0.0,0.004703589648615042,0.008150238120720577,0.0,0.05
2019-11-18,0.05,4.1821,97.49332,52.5976,0.012,0.0,-9.56411544616171e-05,0.004726400699771125,0.008150238120720577,0.0,0.05
2019-11-19,0.05,4.2078,97.49332,52.5976,0.012,0.0,0.006126433064402273,0.004732058047224889,0.008150238120720577,0.0,0.05
2019-11-20,0.05,4.2027,97.49332,52.5976,0.012,0.0,-0.0012127699007417414,0.004602505089533799,0.008150238120720577,0.0,0.05
2019-11-21,0.05,4.2006,97.49332,52.5976,0.012,0.0,-0.0004998036589711183,0.0041774012311212635,0.008150238120720577,0.0,0.05
2019-11-22,0.05,4.1826,97.49332,52.5976,0.012,0.0,-0.004294309490798852,0.004427567455288786,0.008150238120720577,0.0,0.05
2019-11-23,0.05,4.1826,97.49332,52.5976,0.012,0.0,0.0,0.004427567455288786,0.008150238120720577,0.0,0.05
2019-11-24,0.05,4.1826,97.49332,52.5976,0.012,0.0,0.0,0.0044565168095510276,0.008150238120720577,0.0,0.05
2019-11-25,0.05,4.2083,97.49332,52.5976,0.012,0.0,0.006125702931594221,0.004534942256918391,0.008150238120720577,0.0,0.05
2019-11-26,0.05,4.2553,97.49332,52.5976,0.012,0.0,0.011106499157988016,0.004799240103836769,0.008150238120720577,0.0,0.05
2019-11-27,0.05,4.2596,97.49332,52.5976,0.012,0.0,0.0010099943312384882,0.003968095562086315,0.008150238120720577,0.0,0.05
2019-11-28,0.05,4.2474,97.49332,52.5976,0.012,0.0,-0.0028682281330301078,0.003547645719215833,0.008150238120720577,0.0,0.05
2019-11-29,0.05,4.2234,97.49332,52.5976,0.012,0.0,-0.005666540166057593,0.0038710013487409855,0.008150238120720577,0.0,0.05
2019-11-30,0.05,4.2234,97.49332,52.5976,0.012,0.0,0.0,0.0038710013487409855,0.008150238120720577,0.0,0.05
2019-12-01,0.05,4.2234,96.56573,53.2025,0.012,0.0,0.0,0.003780220315650083,0.007818794579976585,0.0,0.05
2019-12-02,0.05,4.2255,96.56573,53.2025,0.012,0.0,0.0004971061423962479,0.003666152093097407,0.007818794579976585,0.0,0.05
2019-12-03,0.05,4.2002,96.56573,53.2025,0.012,0.0,-0.0060054537992092075,0.003953287213294955,0.007818794579976585,0.0,0.05
2019-12-04,0.05,4.192,96.56573,53.2025,0.012,0.0,-0.001954196184449623,0.003972359751402915,0.007818794579976585,0.0,0.05
2019-12-05,0.05,4.213,96.56573,53.2025,0.012,0.0,0.004997035978138531,0.00411928279360758,0.007818794579976585,0.0,0.05
2019-12-06,0.05,4.1777,96.56573,53.2025,0.012,0.0,-0.008414127131825606,0.004564004148905149,0.007818794579976585,0.0,0.05
2019-12-07,0.05,4.1777,96.56573,53.2025,0.012,0.0,0.0,0.004564004148905149,0.007818794579976585,0.0,0.05
2019-12-08,0.05,4.1777,96.56573,53.2025,0.012,0.0,0.0,0.004564012093577242,0.007818794579976585,0.0,0.05
2019-12-09,0.05,4.1497,96.56573,53.2025,0.012,0.0,-0.0067248133920604445,0.004552924638041005,0.007818794579976585,0.0,0.05
2019-12-10,0.05,4.1421,96.56573,53.2025,0.012,0.0,-0.0018331368649140626,0.004558745888138474,0.007818794579976585,0.0,0.05
2019-12-11,0.05,4.1147,96.56573,53.2025,0.012,0.0,-0.006636978146393217,0.004745434087861035,0.007818794579976585,0.0,0.05
2019-12-12,0.045,4.1086,96.56573,53.2025,0.012,-0.0050000000000000044,-0.0014835895854124353,0.00468500429200759,0.007818794579976585,0.0,0.045
2019-12-13,0.045,4.0943,96.56573,53.2025,0.012,0.0,-0.0034865753541174667,0.004714817888349492,0.007818794579976585,0.0,0.045
2019-12-14,0.045,4.0943,96.56573,53.2025,0.012,0.0,0.0,0.004714817888349492,0.007818794579976585,0.0,0.045
2019-12-15,0.045,4.0943,96.56573,53.2025,0.012,0.0,0.0,0.004412241357922309,0.007818794579976585,0.0,0.045
2019-12-16,0.045,4.0795,96.56573,53.2025,0.012,0.0,-0.0036213306354383077,0.0033115175573223744,0.007818794579976585,0.0,0.045
2019-12-17,0.045,4.0681,96.56573,53.2025,0.012,0.0,-0.0027983718983111685,0.0032312179701751926,0.007818794579976585,0.0,0.045
2019-12-18,0.045,4.0542,96.56573,53.2025,0.012,0.0,-0.003422679184359955,0.003238719863971246,0.007818794579976585,0.0,0.045
2019-12-19,0.045,4.0627,96.56573,53.2025,0.012,0.0,0.0020943964092453773,0.003282265147727676,0.007818794579976585,0.0,0.045
2019-12-20,0.045,4.0771,96.56573,53.2025,0.012,0.0,0.0035381741621188767,0.003481608111441927,0.007818794579976585,0.0,0.045
2019-12-21,0.045,4.0771,96.56573,53.2025,0.012,0.0,0.0,0.003481608111441927,0.007818794579976585,0.0,0.045
2019-12-22,0.045,4.0771,96.56573,53.2025,0.012,0.0,0.0,0.0034663670557329492,0.007818794579976585,0.0,0.045
2019-12-23,0.045,4.0751,96.56573,53.2025,0.012,0.0,-0.0004906651063824144,0.0033298428921178596,0.007818794579976585,0.0,0.045
2019-12-24,0.045,4.0793,96.56573,53.2025,0.012,0.0,0.0010301188000099981,0.00337552963313455,0.007818794579976585,0.0,0.045
2019-12-25,0.045,4.0793,96.56573,53.2025,0.012,0.0,0.0,0.0030491821640549815,0.007818794579976585,0.0,0.045
2019-12-26,0.045,4.0595,96.56573,53.2025,0.012,0.0,-0.004865591748674717,0.002717811085811772,0.007818794579976585,0.0,0.045
2019-12-27,0.045,4.0539,96.56573,53.2025,0.012,0.0,-0.0013804325903511241,0.002696896597008552,0.007818794579976585,0.0,0.045
2019-12-28,0.045,4.0539,96.56573,53.2025,0.012,0.0,0.0,0.002696896597008552,0.007818794579976585,0.0,0.045
2019-12-29,0.045,4.0539,96.56573,53.2025,0.012,0.0,0.0,0.0024163558209173083,0.007818794579976585,0.0,0.045
2019-12-30,0.045,4.0301,96.56573,53.2025,0.012,0.0,-0.005888191183499265,0.002635323926729584,0.007818794579976585,0.0,0.045
2019-12-31,0.045,4.0301,96.56573,53.2025,0.012,0.0,0.0,0.002338407633650276,0.007818794579976585,0.0,0.045
2020-01-01,0.045,4.0301,94.02742,53.3142,0.012,0.0,0.0,0.002347068535332226,0.002052329390661356,0.0,0.045
2020-01-02,0.045,4.0207,94.02742,53.3142,0.012,0.0,-0.0023351727211063642,0.0022955060090688035,0.002052329390661356,0.0,0.045
2020-01-03,0.045,4.0516,94.02742,53.3142,0.012,0.0,0.007655848005097637,0.0029884561297519826,0.002052329390661356,0.0,0.045
2020-01-04,0.045,4.0516,94.02742,53.3142,0.012,0.0,0.0,0.0029884561297519826,0.002052329390661356,0.0,0.045
2020-01-05,0.045,4.0516,94.02742,53.3142,0.012,0.0,0.0,0.002899304448246595,0.002052329390661356,0.0,0.045
2020-01-06,0.045,4.0548,94.02742,53.3142,0.012,0.0,0.000789499695602645,0.0028499708556998966,0.002052329390661356,0.0,0.045
2020-01-07,0.045,4.0835,94.02742,53.3142,0.012,0.0,0.007053099290085739,0.003164766742683734,0.002052329390661356,0.0,0.045
2020-01-08,0.045,4.0666,94.02742,53.3142,0.012,0.0,-0.004147194322088918,0.003290006360240166,0.002052329390661356,0.0,0.045
2020-01-09,0.045,4.0738,94.02742,53.3142,0.012,0.0,0.0017689553037988257,0.003214133836327467,0.002052329390661356,0.0,0.045
2020-01-10,0.045,4.0739,94.02742,53.3142,0.012,0.0,2.454680462089294e-05,0.0032141547966277884,0.002052329390661356,0.0,0.045
2020-01-11,0.045,4.0739,94.02742,53.3142,0.012,0.0,0.0,0.0032141547966277884,0.002052329390661356,0.0,0.045
2020-01-12,0.045,4.0739,94.02742,53.3142,0.012,0.0,0.0,0.003212400039401185,0.002052329390661356,0.0,0.045
2020-01-13,0.045,4.1303,94.02742,53.3142,0.012,0.0,0.013749271957498201,0.004450534301050534,0.002052329390661356,0.0,0.045
2020-01-14,0.045,4.1437,94.02742,53.3142,0.012,0.0,0.0032390649542066697,0.004485534641078141,0.002052329390661356,0.0,0.045
2020-01-15,0.045,4.1616,94.02742,53.3142,0.012,0.0,0.00431050719802111,0.0043444076556255155,0.002052329390661356,0.0,0.045
2020-01-16,0.045,4.172,94.02742,53.3142,0.012,0.0,0.00249592142627592,0.004307567493536181,0.002052329390661356,0.0,0.045
2020-01-17,0.045,4.1831,94.02742,53.3142,0.012,0.0,0.002657061323138086,0.004301924500750357,0.002052329390661356,0.0,0.045
2020-01-18,0.045,4.1831,94.02742,53.3142,0.012,0.0,0.0,0.004301924500750357,0.002052329390661356,0.0,0.045
2020-01-19,0.045,4.1831,94.02742,53.3142,0.012,0.0,0.0,0.003951995153712046,0.002052329390661356,0.0,0.045
2020-01-20,0.045,4.1823,94.02742,53.3142,0.012,0.0,-0.00019126401664920468,0.0039569690534261995,0.002052329390661356,0.0,0.045
2020-01-21,0.045,4.2008,94.02742,53.3142,0.012,0.0,0.004413648896497674,0.003971207552301875,0.002052329390661356,0.0,0.045
2020-01-22,0.045,4.1883,94.02742,53.3142,0.012,0.0,-0.0029800596609375674,0.004011309437840938,0.002052329390661356,0.0,0.045
2020-01-23,0.045,4.1656,94.02742,53.3142,0.012,0.0,-0.005434600814022529,0.004113753002423888,0.002052329390661356,0.0,0.045
2020-01-24,0.045,4.1763,94.02742,53.3142,0.012,0.0,0.002565364213941896,0.004108206551224602,0.002052329390661356,0.0,0.045
2020-01-25,0.045,4.1763,94.02742,53.3142,0.012,0.0,0.0,0.004108206551224602,0.002052329390661356,0.0,0.045
2020-01-26,0.045,4.1763,94.02742,53.3142,0.012,0.0,0.0,0.004119329661671701,0.002052329390661356,0.0,0.045
2020-01-27,0.045,4.219,94.02742,53.3142,0.012,0.0,0.010172446061707315,0.004391648374220387,0.002052329390661356,0.0,0.045
2020-01-28,0.045,4.2058,94.02742,53.3142,0.012,0.0,-0.0031336081097350895,0.004326814358027637,0.002052329390661356,0.0,0.045
2020-01-29,0.045,4.2007,94.02742,53.3142,0.012,0.0,-0.0012133469638230593,0.004374814521699925,0.002052329390661356,0.0,0.045
2020-01-30,0.045,4.2517,94.02742,53.3142,0.012,0.0,0.012067724889008879,0.004947493368107291,0.002052329390661356,0.0,0.045
2020-01-31,0.045,4.2689,94.02742,53.3142,0.012,0.0,0.004037279854187666,0.004938113127815462,0.002052329390661356,0.0,0.045
2020-02-01,0.045,4.2689,94.32404,53.4475,0.012,0.0,0.0,0.004938113127815462,0.003534883206288475,0.0,0.045
2020-02-02,0.045,4.2689,94.32404,53.4475,0.012,0.0,0.0,0.00416188815379833,0.003534883206288475,0.0,0.045
2020-02-03,0.045,4.2469,94.32404,53.4475,0.012,0.0,-0.005166877790411485,0.004410047197618099,0.003534883206288475,0.0,0.045
2020-02-04,0.045,4.2375,94.32404,53.4475,0.012,0.0,-0.0022158323148598652,0.004411566842073943,0.003534883206288475,0.0,0.045
2020-02-05,0.045,4.2443,94.32404,53.4475,0.012,0.0,0.0016034335770472945,0.004399109578306787,0.003534883206288475,0.0,0.045
2020-02-06,0.0425,4.2471,94.32404,53.4475,0.012,-0.0024999999999999953,0.000659490802808314,0.004378768602750642,0.003534883206288475,0.0,0.0425
2020-02-07,0.0425,4.307,94.32404,53.4475,0.012,0.0,0.014005208985549572,0.00527841699032513,0.003534883206288475,0.0,0.0425
2020-02-08,0.0425,4.307,94.32404,53.4475,0.012,0.0,0.0,0.00527841699032513,0.003534883206288475,0.0,0.0425
2020-02-09,0.0425,4.307,94.32404,53.4475,0.012,0.0,0.0,0.005275441317769108,0.003534883206288475,0.0,0.0425
2020-02-10,0.0425,4.3189,94.32404,53.4475,0.012,0.0,0.0027591341307873648,0.005239686630769585,0.003534883206288475,0.0,0.0425
2020-02-11,0.0425,4.3142,94.32404,53.4475,0.012,0.0,-0.0010888326242818162,0.005173385319425079,0.003534883206288475,0.0,0.0425
2020-02-12,0.0425,4.336,94.32404,53.4475,0.012,0.0,0.0050403565588658696,0.004962357275432635,0.003534883206288475,0.0,0.0425
2020-02-13,0.0425,4.3383,94.32404,53.4475,0.012,0.0,0.0005303021693739189,0.004971110310232385,0.003534883206288475,0.0,0.0425
2020-02-14,0.0425,4.3157,94.32404,53.4475,0.012,0.0,-0.005223030131128548,0.005207889161576976,0.003534883206288475,0.0,0.0425
2020-02-15,0.0425,4.3157,94.32404,53.4475,0.012,0.0,0.0,0.005207889161576976,0.003534883206288475,0.0,0.0425
2020-02-16,0.0425,4.3157,94.32404,53.4475,0.012,0.0,0.0,0.004812634386015389,0.003534883206288475,0.0,0.0425
2020-02-17,0.0425,4.3151,94.32404,53.4475,0.012,0.0,-0.0001390369377035461,0.004718568500425623,0.003534883206288475,0.0,0.0425
2020-02-18,0.0425,4.3465,94.32404,53.4475,0.012,0.0,0.00725042429909473,0.00486032772294163,0.003534883206288475,0.0,0.0425
2020-02-19,0.0425,4.3722,94.32404,53.4475,0.012,0.0,0.00589539138517258,0.004335371903348919,0.003534883206288475,0.0,0.0425
2020-02-20,0.0425,4.3867,94.32404,53.4475,0.012,0.0,0.003310921062230937,0.0043150880695436745,0.003534883206288475,0.0,0.0425
2020-02-21,0.0425,4.3918,94.32404,53.4475,0.012,0.0,0.0011619298453685667,0.004303605571692615,0.003534883206288475,0.0,0.0425
2020-02-22,0.0425,4.3918,94.32404,53.4475,0.012,0.0,0.0,0.004303605571692615,0.003534883206288475,0.0,0.0425
2020-02-23,0.0425,4.3918,94.32404,53.4475,0.012,0.0,0.0,0.004034083731831882,0.003534883206288475,0.0,0.0425
2020-02-24,0.0425,4.3918,94.32404,53.4475,0.012,0.0,0.0,0.003951104472432277,0.003534883206288475,0.0,0.0425
2020-02-25,0.0425,4.3918,94.32404,53.4475,0.012,0.0,0.0,0.003971268832220928,0.003534883206288475,0.0,0.0425
2020-02-26,0.0425,4.4353,94.32404,53.4475,0.012,0.0,0.009856091387007762,0.0043571454755224805,0.003534883206288475,0.0,0.0425
2020-02-27,0.0425,4.4758,94.32404,53.4475,0.012,0.0,0.009089849482155413,0.003750743804473958,0.003534883206288475,0.0,0.0425
2020-02-28,0.0425,4.4981,94.32404,53.4475,0.012,0.0,0.004969978694234084,0.003781205729132826,0.003534883206288475,0.0,0.0425
2020-02-29,0.0425,4.4981,94.32404,53.4475,0.012,0.0,0.0,0.003781205729132826,-0.032240245303047144,0.0,0.0425
2020-03-01,0.0425,4.4981,95.59293,53.484899999999996,0.012,0.0,0.0,0.0038088381817362135,-0.01922149976227705,0.0,0.0425
2020-03-02,0.0425,4.494,95.59293,53.484899999999996,0.012,0.0,-0.0009119116300139277,0.003801404990723721,-0.01922149976227705,0.0,0.0425
2020-03-03,0.0425,4.4877,95.59293,53.484899999999996,0.012,0.0,-0.0014028526967494526,0.003806907928594556,-0.01922149976227705,0.0,0.0425
2020-03-04,0.0425,4.5252,95.59293,53.484899999999996,0.012,0.0,0.008321454003786744,0.0040684694411484545,-0.01922149976227705,0.0,0.0425
2020-03-05,0.0425,4.6201,95.59293,53.484899999999996,0.012,0.0,0.020754574810867638,0.0054995477324978285,-0.01922149976227705,0.0,0.0425
2020-03-06,0.0425,4.6453,95.59293,53.484899999999996,0.012,0.0,0.005439605875088856,0.005456481930140052,-0.01922149976227705,0.0,0.0425
2020-03-07,0.0425,4.6453,95.59293,53.484899999999996,0.012,0.0,0.0,0.005456481930140052,-0.01922149976227705,0.0,0.0425
2020-03-08,0.0425,4.6453,95.59293,53.484899999999996,0.012,0.0,0.0,0.0054514466747777515,-0.01922149976227705,0.0,0.0425
2020-03-09,0.0425,4.7373,95.59293,53.484899999999996,0.012,0.0,0.0196113974024388,0.0064803407942747235,-0.01922149976227705,0.0,0.0425
2020-03-10,0.0425,4.6687,95.59293,53.484899999999996,0.012,0.0,-0.014586692821612296,0.007716302396277597,-0.01922149976227705,0.0,0.0425
2020-03-11,0.0425,4.6732,95.59293,53.484899999999996,0.012,0.0,0.0009634015238982485,0.007733653825455226,-0.01922149976227705,0.0,0.0425
2020-03-12,0.0425,4.8825,95.59293,53.484899999999996,0.012,0.0,0.04381332190784088,0.011907177937428797,-0.01922149976227705,0.0,0.0425
2020-03-13,0.0425,4.7355,95.59293,53.484899999999996,0.012,0.0,-0.030570066084678004,0.014336982042835589,-0.01922149976227705,0.0,0.0425
2020-03-14,0.0425,4.7355,95.59293,53.484899999999996,0.012,0.0,0.0,0.014336982042835589,-0.01922149976227705,0.0,0.0425
2020-03-15,0.0425,4.7355,95.59293,53.484899999999996,0.012,0.0,0.0,0.014336982042835589,-0.01922149976227705,0.0,0.0425
2020-03-16,0.0425,4.9464,95.59293,53.484899999999996,0.012,0.0,0.043572721578202966,0.016828504305528173,-0.01922149976227705,0.0,0.0425
2020-03-17,0.0425,5.0489,95.59293,53.484899999999996,0.012,0.0,0.020510358516258417,0.017124816878646625,-0.01922149976227705,0.0,0.0425
2020-03-18,0.0425,5.1101,95.59293,53.484899999999996,0.012,0.0,0.012048575717277394,0.017161301451684947,-0.01922149976227705,0.0,0.0425
2020-03-19,0.0375,5.1437,95.59293,53.484899999999996,0.012,-0.0050000000000000044,0.006553691365611013,0.017156907924976747,-0.01922149976227705,0.0,0.0375
2020-03-20,0.0375,5.0241,95.59293,53.484899999999996,0.012,0.0,-0.023526331434963646,0.01840219326345765,-0.01922149976227705,0.0,0.0375
2020-03-21,0.0375,5.0241,95.59293,53.484899999999996,0.012,0.0,0.0,0.01840219326345765,-0.01922149976227705,0.0,0.0375
2020-03-22,0.0375,5.0241,95.59293,53.484899999999996,0.012,0.0,0.0,0.018386516104442214,-0.01922149976227705,0.0,0.0375
2020-03-23,0.0375,5.0798,95.59293,53.484899999999996,0.012,0.0,0.011025557310223248,0.018348248827569507,-0.01922149976227705,0.0,0.0375
2020-03-24,0.0375,5.0707,95.59293,53.484899999999996,0.012,0.0,-0.0017930156027719864,0.018425825495533982,-0.01922149976227705,0.0,0.0375
2020-03-25,0.0375,5.07,95.59293,53.484899999999996,0.012,0.0,-0.00013805753076451426,0.01811650210403041,-0.01922149976227705,0.0,0.0375
2020-03-26,0.0375,5.0004,95.59293,53.484899999999996,0.012,0.0,-0.013822908368820877,0.018578244875573195,-0.01922149976227705,0.0,0.0375
2020-03-27,0.0375,5.1103,95.59293,53.484899999999996,0.012,0.0,0.021740201672943202,0.018983004099784033,-0.01922149976227705,0.0,0.0375
2020-03-28,0.0375,5.1103,95.59293,53.484899999999996,0.012,0.0,0.0,0.018983004099784033,-0.01922149976227705,0.0,0.0375
2020-03-29,0.0375,5.1103,95.59293,53.484899999999996,0.012,0.0,0.0,0.018680124749791138,-0.01922149976227705,0.0,0.0375
2020-03-30,0.0375,5.1588,95.59293,53.484899999999996,0.012,0.0,0.009445883400884817,0.018202695442662863,-0.01922149976227705,0.0,0.0375
2020-03-31,0.0375,5.1981,95.59293,53.484899999999996,0.012,0.0,0.0075891798946744445,0.018185818707968034,-0.023204192603228813,0.0,0.0375
2020-04-01,0.0375,5.2399,83.78536,53.3191,0.011000000000000001,0.0,0.008009239978609998,0.01580361625464254,-0.14385730859772639,0.0,0.0375
2020-04-02,0.0375,5.2645,83.78536,53.3191,0.011000000000000001,0.0,0.004683760133293093,0.013614133021543075,-0.14385730859772639,0.0,0.0375
2020-04-03,0.0375,5.2991,83.78536,53.3191,0.011000000000000001,0.0,0.0065508205030697375,0.01355872779180029,-0.14385730859772639,0.0,0.0375
2020-04-04,0.0375,5.2991,83.78536,53.3191,0.011000000000000001,0.0,0.0,0.01355872779180029,-0.14385730859772639,0.0,0.0375
2020-04-05,0.0375,5.2991,83.78536,53.3191,0.011000000000000001,0.0,0.0,0.010232573287566864,-0.14385730859772639,0.0,0.0375
2020-04-06,0.0375,5.2465,83.78536,53.3191,0.011000000000000001,0.0,-0.009975807201918001,0.00981876989187066,-0.14385730859772639,0.0,0.0375
2020-04-07,0.0375,5.2211,83.78536,53.3191,0.011000000000000001,0.0,-0.004853079951952548,0.009626564951812112,-0.14385730859772639,0.0,0.0375
2020-04-08,0.0375,5.2117,83.78536,53.3191,0.011000000000000001,0.0,-0.0018020095360151323,0.00955732141897507,-0.14385730859772639,0.0,0.0375
2020-04-09,0.0375,5.0773,83.78536,53.3191,0.011000000000000001,0.0,-0.02612647389456221,0.009914600269270664,-0.14385730859772639,0.0,0.0375
2020-04-10,0.0375,5.0773,83.78536,53.3191,0.011000000000000001,0.0,0.0,0.009914600269270664,-0.14385730859772639,0.0,0.0375
2020-04-11,0.0375,5.0773,83.78536,53.3191,0.011000000000000001,0.0,0.0,0.009914600269270664,-0.14385730859772639,0.0,0.0375
2020-04-12,0.0375,5.0773,83.78536,53.3191,0.011000000000000001,0.0,0.0,0.009601697086654754,-0.14385730859772639,0.0,0.0375
2020-04-13,0.0375,5.1818,83.78536,53.3191,0.011000000000000001,0.0,0.020372862024795234,0.010612858634248844,-0.14385730859772639,0.0,0.0375
2020-04-14,0.0375,5.1852,83.78536,53.3191,0.011000000000000001,0.0,0.0006559274856567835,0.01060953247530466,-0.14385730859772639,0.0,0.0375
2020-04-15,0.0375,5.2573,83.78536,53.3191,0.011000000000000001,0.0,0.013809173233432784,0.010356901171083647,-0.14385730859772639,0.0,0.0375
2020-04-16,0.0375,5.2371,83.78536,53.3191,0.011000000000000001,0.0,-0.003849676960477047,0.009391173493966691,-0.14385730859772639,0.0,0.0375
2020-04-17,0.0375,5.2567,83.78536,53.3191,0.011000000000000001,0.0,0.003735543424115788,0.009402657745308152,-0.14385730859772639,0.0,0.0375
2020-04-18,0.0375,5.2567,83.78536,53.3191,0.011000000000000001,0.0,0.0,0.009402657745308152,-0.14385730859772639,0.0,0.0375
2020-04-19,0.0375,5.2567,83.78536,53.3191,0.011000000000000001,0.0,0.0,0.009213216345547613,-0.14385730859772639,0.0,0.0375
2020-04-20,0.0375,5.2831,83.78536,53.3191,0.011000000000000001,0.0,0.0050095932012429265,0.009132938928096473,-0.14385730859772639,0.0,0.0375
2020-04-21,0.0375,5.2831,83.78536,53.3191,0.011000000000000001,0.0,0.0,0.00897492547869551,-0.14385730859772639,0.0,0.0375
2020-04-22,0.0375,5.3841,83.78536,53.3191,0.011000000000000001,0.0,0.018937119079138295,0.00985487458442575,-0.14385730859772639,0.0,0.0375
2020-04-23,0.0375,5.4461,83.78536,53.3191,0.011000000000000001,0.0,0.011449590462407401,0.010055707703460407,-0.14385730859772639,0.0,0.0375
2020-04-24,0.0375,5.6504,83.78536,53.3191,0.011000000000000001,0.0,0.03682658292896447,0.012791542313870771,-0.14385730859772639,0.0,0.0375
2020-04-25,0.0375,5.6504,83.78536,53.3191,0.011000000000000001,0.0,0.0,0.012791542313870771,-0.14385730859772639,0.0,0.0375
2020-04-26,0.0375,5.6504,83.78536,53.3191,0.011000000000000001,0.0,0.0,0.012440005336089514,-0.14385730859772639,0.0,0.0375
2020-04-27,0.0375,5.6352,83.78536,53.3191,0.011000000000000001,0.0,-0.0026936997928255755,0.0123709684219333,-0.14385730859772639,0.0,0.0375
2020-04-28,0.0375,5.5677,83.78536,53.3191,0.011000000000000001,0.0,-0.012050597049518372,0.012820042228405817,-0.14385730859772639,0.0,0.0375
2020-04-29,0.0375,5.4285,83.78536,53.3191,0.011000000000000001,0.0,-0.025319189580461907,0.012723410048843968,-0.14385730859772639,0.0,0.0375
2020-04-30,0.0375,5.4264,83.78536,53.3191,0.011000000000000001,0.0,-0.00038692204003695676,0.012729055418093731,-0.14281850010404618,0.0,0.0375
2020-05-01,0.0375,5.4264,84.48425,53.116499999999995,0.011000000000000001,0.0,0.0,0.012729055418093731,-0.13566837771437934,0.0,0.0375
2020-05-02,0.0375,5.4264,84.48425,53.116499999999995,0.011000000000000001,0.0,0.0,0.012729055418093731,-0.13566837771437934,0.0,0.0375
2020-05-03,0.0375,5.4264,84.48425,53.116499999999995,0.011000000000000001,0.0,0.0,0.012092220226339889,-0.13566837771437934,0.0,0.0375
2020-05-04,0.0375,5.5811,84.48425,53.116499999999995,0.011000000000000001,0.0,0.02810995893189321,0.0133842797005014,-0.13566837771437934,0.0,0.0375
2020-05-05,0.0375,5.5348,84.48425,53.116499999999995,0.011000000000000001,0.0,-0.00833045776853389,0.013417845214159466,-0.13566837771437934,0.0,0.0375
2020-05-06,0.0375,5.667,84.48425,53.116499999999995,0.011000000000000001,0.0,0.023604445374389924,0.014112663466450868,-0.13566837771437934,0.0,0.0375
2020-05-07,0.03,5.8359,84.48425,53.116499999999995,0.011000000000000001,-0.0075,0.029368618302261795,0.015213675447778505,-0.13566837771437934,0.0,0.03
2020-05-08,0.03,5.7647,84.48425,53.116499999999995,0.011000000000000001,0.0,-0.01227538128407191,0.015676200034397975,-0.13566837771437934,0.0,0.03
2020-05-09,0.03,5.7647,84.48425,53.116499999999995,0.011000000000000001,0.0,0.0,0.015676200034397975,-0.13566837771437934,0.0,0.03
2020-05-10,0.03,5.7647,84.48425,53.116499999999995,0.011000000000000001,0.0,0.0,0.015709508024299608,-0.13566837771437934,0.0,0.03
2020-05-11,0.03,5.7948,84.48425,53.116499999999995,0.011000000000000001,0.0,0.005207849479687477,0.015676527042702657,-0.13566837771437934,0.0,0.03
2020-05-12,0.03,5.7717,84.48425,53.116499999999995,0.011000000000000001,0.0,-0.003994299176459923,0.015410796176846752,-0.13566837771437934,0.0,0.03
2020-05-13,0.03,5.9016,84.48425,53.116499999999995,0.011000000000000001,0.0,0.02225683607905598,0.01588721059979636,-0.13566837771437934,0.0,0.03
2020-05-14,0.03,5.9366,84.48425,53.116499999999995,0.011000000000000001,0.0,0.005913078336185971,0.01390751338634176,-0.13566837771437934,0.0,0.03
2020-05-15,0.03,5.8223,84.48425,53.116499999999995,0.011000000000000001,0.0,-0.019441206243966187,0.01474356520605316,-0.13566837771437934,0.0,0.03
2020-05-16,0.03,5.8223,84.48425,53.116499999999995,0.011000000000000001,0.0,0.0,0.01474356520605316,-0.13566837771437934,0.0,0.03
2020-05-17,0.03,5.8223,84.48425,53.116499999999995,0.011000000000000001,0.0,0.0,0.014715530655996532,-0.13566837771437934,0.0,0.03
2020-05-18,0.03,5.7369,84.48425,53.116499999999995,0.011000000000000001,0.0,-0.014776377925274163,0.014860838883188777,-0.13566837771437934,0.0,0.03
2020-05-19,0.03,5.721,84.48425,53.116499999999995,0.011000000000000001,0.0,-0.002775379468509593,0.013513710422304231,-0.13566837771437934,0.0,0.03
2020-05-20,0.03,5.6962,84.48425,53.116499999999995,0.011000000000000001,0.0,-0.004344329433590921,0.013588881348697271,-0.13566837771437934,0.0,0.03
2020-05-21,0.03,5.6013,84.48425,53.116499999999995,0.011000000000000001,0.0,-0.01680057219553803,0.014249957539897919,-0.13566837771437934,0.0,0.03
2020-05-22,0.03,5.5802,84.48425,53.116499999999995,0.011000000000000001,0.0,-0.0037740956124560753,0.014296979064994081,-0.13566837771437934,0.0,0.03
2020-05-23,0.03,5.5802,84.48425,53.116499999999995,0.011000000000000001,0.0,0.0,0.014296979064994081,-0.13566837771437934,0.0,0.03
2020-05-24,0.03,5.5802,84.48425,53.116499999999995,0.011000000000000001,0.0,0.0,0.012840220448365663,-0.13566837771437934,0.0,0.03
2020-05-25,0.03,5.4766,84.48425,53.116499999999995,0.011000000000000001,0.0,-0.018740147592363754,0.013394351925268999,-0.13566837771437934,0.0,0.03
2020-05-26,0.03,5.3701,84.48425,53.116499999999995,0.011000000000000001,0.0,-0.019637940131127133,0.012769282434152311,-0.13566837771437934,0.0,0.03
2020-05-27,0.03,5.2986,84.48425,53.116499999999995,0.011000000000000001,0.0,-0.013403895600641213,0.01049696189152547,-0.13566837771437934,0.0,0.03
2020-05-28,0.03,5.3399,84.48425,53.116499999999995,0.011000000000000001,0.0,0.007764291484323922,0.010703203373973713,-0.13566837771437934,0.0,0.03
2020-05-29,0.03,5.4257,84.48425,53.116499999999995,0.011000000000000001,0.0,0.015939997155643523,0.011562203902517986,-0.13566837771437934,0.0,0.03
2020-05-30,0.03,5.4257,84.48425,53.116499999999995,0.011000000000000001,0.0,0.0,0.011562203902517986,-0.13566837771437934,0.0,0.03
2020-05-31,0.03,5.4257,84.48425,53.116499999999995,0.011000000000000001,0.0,0.0,0.011424733210349498,-0.10807717531440597,0.0,0.03
2020-06-01,0.03,5.3633,89.05347,53.2546,0.011000000000000001,0.0,-0.011567466084171042,0.01157380931979245,-0.05983869762170091,0.0,0.03
2020-06-02,0.03,5.2595,89.05347,53.2546,0.011000000000000001,0.0,-0.01954349207927908,0.01035568800085274,-0.05983869762170091,0.0,0.03
2020-06-03,0.03,5.051,89.05347,53.2546,0.011000000000000001,0.0,-0.04044972171127627,0.012559885115169103,-0.05983869762170091,0.0,0.03
2020-06-04,0.03,5.1035,89.05347,53.2546,0.011000000000000001,0.0,0.010340335375500661,0.012902468952356033,-0.05983869762170091,0.0,0.03
2020-06-05,0.03,4.9769,89.05347,53.2546,0.011000000000000001,0.0,-0.025119371612010232,0.013438826615165031,-0.05983869762170091,0.0,0.03
2020-06-06,0.03,4.9769,89.05347,53.2546,0.011000000000000001,0.0,0.0,0.013438826615165031,-0.05983869762170091,0.0,0.03
2020-06-07,0.03,4.9769,89.05347,53.2546,0.011000000000000001,0.0,0.0,0.013443849358051463,-0.05983869762170091,0.0,0.03
2020-06-08,0.03,4.9325,89.05347,53.2546,0.011000000000000001,0.0,-0.00896124833477251,0.013410098569702142,-0.05983869762170091,0.0,0.03
2020-06-09,0.03,4.9051,89.05347,53.2546,0.011000000000000001,0.0,-0.005570478745289484,0.013398119438979752,-0.05983869762170091,0.0,0.03
2020-06-10,0.03,4.8888,89.05347,53.2546,0.011000000000000001,0.0,-0.0033286055707752405,0.01324240825651289,-0.05983869762170091,0.0,0.03
2020-06-11,0.03,4.8888,89.05347,53.2546,0.011000000000000001,0.0,0.0,0.013314529913476392,-0.05983869762170091,0.0,0.03
2020-06-12,0.03,5.0367,89.05347,53.2546,0.011000000000000001,0.0,0.029804231129756255,0.015570516431610263,-0.05983869762170091,0.0,0.03
2020-06-13,0.03,5.0367,89.05347,53.2546,0.011000000000000001,0.0,0.0,0.015570516431610263,-0.05983869762170091,0.0,0.03
2020-06-14,0.03,5.0367,89.05347,53.2546,0.011000000000000001,0.0,0.0,0.015268927414046476,-0.05983869762170091,0.0,0.03
2020-06-15,0.03,5.1877,89.05347,53.2546,0.011000000000000001,0.0,0.029539333302164416,0.01655524071676671,-0.05983869762170091,0.0,0.03
2020-06-16,0.03,5.1279,89.05347,53.2546,0.011000000000000001,0.0,-0.011594220382294407,0.016492893559918845,-0.05983869762170091,0.0,0.03
2020-06-17,0.03,5.2492,89.05347,53.2546,0.011000000000000001,0.0,0.0233794653917995,0.017310709822662477,-0.05983869762170091,0.0,0.03
2020-06-18,0.0225,5.3462,89.05347,53.2546,0.011000000000000001,-0.0075,0.0183103441254754,0.017439395482269603,-0.05983869762170091,0.0,0.0225
2020-06-19,0.0225,5.346,89.05347,53.2546,0.011000000000000001,0.0,-3.741044874258839e-05,0.017439314160443694,-0.05983869762170091,0.0,0.0225
2020-06-20,0.0225,5.346,89.05347,53.2546,0.011000000000000001,0.0,0.0,0.017439314160443694,-0.05983869762170091,0.0,0.0225
2020-06-21,0.0225,5.346,89.05347,53.2546,0.011000000000000001,0.0,0.0,0.01725213212455879,-0.05983869762170091,0.0,0.0225
2020-06-22,0.0225,5.222,89.05347,53.2546,0.011000000000000001,0.0,-0.023468147439790046,0.017504665417899707,-0.05983869762170091,0.0,0.0225
2020-06-23,0.0225,5.1699,89.05347,53.2546,0.011000000000000001,0.0,-0.010027124303433119,0.01497666308172355,-0.05983869762170091,0.0,0.0225
2020-06-24,0.0225,5.2429,89.05347,53.2546,0.011000000000000001,0.0,0.014021434385217942,0.015117337581414212,-0.05983869762170091,0.0,0.0225
2020-06-25,0.0225,5.3281,89.05347,53.2546,0.011000000000000001,0.0,0.0161199214720035,0.014095252300485922,-0.05983869762170091,0.0,0.0225
2020-06-26,0.0225,5.4623,89.05347,53.2546,0.011000000000000001,0.0,0.02487524464838954,0.014855563296742588,-0.05983869762170091,0.0,0.0225
2020-06-27,0.0225,5.4623,89.05347,53.2546,0.011000000000000001,0.0,0.0,0.014855563296742588,-0.05983869762170091,0.0,0.0225
2020-06-28,0.0225,5.4623,89.05347,53.2546,0.011000000000000001,0.0,0.0,0.014555433882065611,-0.05983869762170091,0.0,0.0225
2020-06-29,0.0225,5.441,89.05347,53.2546,0.011000000000000001,0.0,-0.00390707897532686,0.014495876862771283,-0.05983869762170091,0.0,0.0225
2020-06-30,0.0225,5.4754,89.05347,53.2546,0.011000000000000001,0.0,0.00630246489080162,0.014357503070180563,-0.11266228903882203,0.0,0.0225
2020-07-01,0.0225,5.3646,95.69902,53.4463,-0.017,0.0,-0.020443516407399557,0.015466982259096129,-0.046445362005231416,0.0,0.0225
2020-07-02,0.0225,5.3022,95.69902,53.4463,-0.017,0.0,-0.01169998721731366,0.01467769691728248,-0.046445362005231416,0.0,0.0225
2020-07-03,0.0225,5.3368,95.69902,53.4463,-0.017,0.0,0.0065043936432919395,0.014689844663486232,-0.046445362005231416,0.0,0.0225
2020-07-04,0.0225,5.3368,95.69902,53.4463,-0.017,0.0,0.0,0.014689844663486232,-0.046445362005231416,0.0,0.0225
2020-07-05,0.0225,5.3368,95.69902,53.4463,-0.017,0.0,0.0,0.013287900317566494,-0.046445362005231416,0.0,0.0225
2020-07-06,0.0225,5.3079,95.69902,53.4463,-0.017,0.0,-0.0054299456082388935,0.013039391928694403,-0.046445362005231416,0.0,0.0225
2020-07-07,0.0225,5.3312,95.69902,53.4463,-0.017,0.0,0.004380076745402103,0.012031917921880787,-0.046445362005231416,0.0,0.0225
2020-07-08,0.0225,5.3476,95.69902,53.4463,-0.017,0.0,0.0030715085764987013,0.011324750494644552,-0.046445362005231416,0.0,0.0225
2020-07-09,0.0225,5.2972,95.69902,53.4463,-0.017,0.0,-0.009469483056158167,0.01152164547680894,-0.046445362005231416,0.0,0.0225
2020-07-10,0.0225,5.3434,95.69902,53.4463,-0.017,0.0,0.008683775411210464,0.011702043821221206,-0.046445362005231416,0.0,0.0225
2020-07-11,0.0225,5.3434,95.69902,53.4463,-0.017,0.0,0.0,0.011702043821221206,-0.046445362005231416,0.0,0.0225
2020-07-12,0.0225,5.3434,95.69902,53.4463,-0.017,0.0,0.0,0.010322863637538999,-0.046445362005231416,0.0,0.0225
2020-07-13,0.0225,5.348,95.69902,53.4463,-0.017,0.0,0.0008605047578138833,0.009983980268240275,-0.046445362005231416,0.0,0.0225
2020-07-14,0.0225,5.4282,95.69902,53.4463,-0.017,0.0,0.014884928037917154,0.01004179676636747,-0.046445362005231416,0.0,0.0225
2020-07-15,0.0225,5.3485,95.69902,53.4463,-0.017,0.0,-0.014791439513565506,0.01009022194642868,-0.046445362005231416,0.0,0.0225
2020-07-16,0.0225,5.3554,95.69902,53.4463,-0.017,0.0,0.001289249891300453,0.008266997391471478,-0.046445362005231416,0.0,0.0225
2020-07-17,0.0225,5.3504,95.69902,53.4463,-0.017,0.0,-0.0009340731871582932,0.008263758499149645,-0.046445362005231416,0.0,0.0225
2020-07-18,0.0225,5.3504,95.69902,53.4463,-0.017,0.0,0.0,0.008263758499149645,-0.046445362005231416,0.0,0.0225
2020-07-19,0.0225,5.3504,95.69902,53.4463,-0.017,0.0,0.0,0.008238430393988864,-0.046445362005231416,0.0,0.0225
2020-07-20,0.0225,5.3629,95.69902,53.4463,-0.017,0.0,0.002333549078686185,0.008104044872699057,-0.046445362005231416,0.0,0.0225
2020-07-21,0.0225,5.2277,95.69902,53.4463,-0.017,0.0,-0.02553346275196873,0.008795912148116718,-0.046445362005231416,0.0,0.0225
2020-07-22,0.0225,5.1105,95.69902,53.4463,-0.017,0.0,-0.02267416400791426,0.009767914804475673,-0.046445362005231416,0.0,0.0225
2020-07-23,0.0225,5.1641,95.69902,53.4463,-0.017,0.0,0.010433590843368708,0.009981775206140743,-0.046445362005231416,0.0,0.0225
2020-07-24,0.0225,5.214,95.69902,53.4463,-0.017,0.0,0.009616477880947364,0.010291967940201355,-0.046445362005231416,0.0,0.0225
2020-07-25,0.0225,5.214,95.69902,53.4463,-0.017,0.0,0.0,0.010291967940201355,-0.046445362005231416,0.0,0.0225
2020-07-26,0.0225,5.214,95.69902,53.4463,-0.017,0.0,0.0,0.010245022597946614,-0.046445362005231416,0.0,0.0225
2020-07-27,0.0225,5.1883,95.69902,53.4463,-0.017,0.0,-0.004941224977222239,0.010204483060066952,-0.046445362005231416,0.0,0.0225
2020-07-28,0.0225,5.1771,95.69902,53.4463,-0.017,0.0,-0.0021610365945818988,0.010151867836604095,-0.046445362005231416,0.0,0.0225
2020-07-29,0.0225,5.1389,95.69902,53.4463,-0.017,0.0,-0.007406005157466509,0.010078113714251503,-0.046445362005231416,0.0,0.0225
2020-07-30,0.0225,5.1831,95.69902,53.4463,-0.017,0.0,0.008564284084669523,0.01007178160325531,-0.046445362005231416,0.0,0.0225
2020-07-31,0.0225,5.2027,95.69902,53.4463,-0.017,0.0,0.0037743887362512263,0.010136969758338386,-0.039656954324633564,0.0,0.0225
2020-08-01,0.0225,5.2027,95.2139,53.574600000000004,-0.017,0.0,0.0,0.010136969758338386,-0.04452515065849405,0.0,0.0225
2020-08-02,0.0225,5.2027,95.2139,53.574600000000004,-0.017,0.0,0.0,0.010128987224642774,-0.04452515065849405,0.0,0.0225
2020-08-03,0.0225,5.3069,95.2139,53.574600000000004,-0.017,0.0,0.01983013902776796,0.010596432841078059,-0.04452515065849405,0.0,0.0225
2020-08-04,0.0225,5.3323,95.2139,53.574600000000004,-0.017,0.0,0.004774804168987632,0.01016312411407495,-0.04452515065849405,0.0,0.0225
2020-08-05,0.0225,5.2754,95.2139,53.574600000000004,-0.017,0.0,-0.01072815892860145,0.010425317377192291,-0.04452515065849405,0.0,0.0225
2020-08-06,0.02,5.3425,95.2139,53.574600000000004,-0.017,-0.0024999999999999988,0.012639202340051505,0.010846177712974924,-0.04452515065849405,0.0,0.02
2020-08-07,0.02,5.4221,95.2139,53.574600000000004,-0.017,0.0,0.014789486074058115,0.01134420700893742,-0.04452515065849405,0.0,0.02
2020-08-08,0.02,5.4221,95.2139,53.574600000000004,-0.017,0.0,0.0,0.01134420700893742,-0.04452515065849405,0.0,0.02
2020-08-09,0.02,5.4221,95.2139,53.574600000000004,-0.017,0.0,0.0,0.011338147734314819,-0.04452515065849405,0.0,0.02
2020-08-10,0.02,5.3927,95.2139,53.574600000000004,-0.017,0.0,-0.005437007142902179,0.009673255870217431,-0.04452515065849405,0.0,0.02
2020-08-11,0.02,5.4279,95.2139,53.574600000000004,-0.017,0.0,0.006506131668701893,0.007856697244814883,-0.04452515065849405,0.0,0.02
2020-08-12,0.02,5.4545,95.2139,53.574600000000004,-0.017,0.0,0.00488863724465099,0.007676824072236692,-0.04452515065849405,0.0,0.02
2020-08-13,0.02,5.3795,95.2139,53.574600000000004,-0.017,0.0,-0.013845523003847594,0.008334451011866948,-0.04452515065849405,0.0,0.02
2020-08-14,0.02,5.3846,95.2139,53.574600000000004,-0.017,0.0,0.000947594389056598,0.008327792352939439,-0.04452515065849405,0.0,0.02
2020-08-15,0.02,5.3846,95.2139,53.574600000000004,-0.017,0.0,0.0,0.008327792352939439,-0.04452515065849405,0.0,0.02
2020-08-16,0.02,5.3846,95.2139,53.574600000000004,-0.017,0.0,0.0,0.008195458527090567,-0.04452515065849405,0.0,0.02
2020-08-17,0.02,5.4491,95.2139,53.574600000000004,-0.017,0.0,0.01190742998287313,0.00843276821437968,-0.04452515065849405,0.0,0.02
2020-08-18,0.02,5.4653,95.2139,53.574600000000004,-0.017,0.0,0.0029685574830773205,0.008099962613403677,-0.04452515065849405,0.0,0.02
2020-08-19,0.02,5.49,95.2139,53.574600000000004,-0.017,0.0,0.00450924061460547,0.008005634714784198,-0.04452515065849405,0.0,0.02
2020-08-20,0.02,5.6504,95.2139,53.574600000000004,-0.017,0.0,0.0287980835911363,0.009887629933722152,-0.04452515065849405,0.0,0.02
2020-08-21,0.02,5.6058,95.2139,53.574600000000004,-0.017,0.0,-0.0079245630677476,0.010215092615711052,-0.04452515065849405,0.0,0.02
2020-08-22,0.02,5.6058,95.2139,53.574600000000004,-0.017,0.0,0.0,0.010215092615711052,-0.04452515065849405,0.0,0.02
2020-08-23,0.02,5.6058,95.2139,53.574600000000004,-0.017,0.0,0.0,0.00950816443819038,-0.04452515065849405,0.0,0.02
2020-08-24,0.02,5.5948,95.2139,53.574600000000004,-0.017,0.0,-0.0019641811218161086,0.00955155739348424,-0.04452515065849405,0.0,0.02
2020-08-25,0.02,5.5991,95.2139,53.574600000000004,-0.017,0.0,0.0007682756164527097,0.009052638874847347,-0.04452515065849405,0.0,0.02
2020-08-26,0.02,5.5674,95.2139,53.574600000000004,-0.017,0.0,-0.005677711934413028,0.008949702656383311,-0.04452515065849405,0.0,0.02
2020-08-27,0.02,5.595,95.2139,53.574600000000004,-0.017,0.0,0.00494518315883702,0.008470752282142974,-0.04452515065849405,0.0,0.02
2020-08-28,0.02,5.4673,95.2139,53.574600000000004,-0.017,0.0,-0.02308844865382571,0.010110486633327595,-0.04452515065849405,0.0,0.02
2020-08-29,0.02,5.4673,95.2139,53.574600000000004,-0.017,0.0,0.0,0.010110486633327595,-0.04452515065849405,0.0,0.02
2020-08-30,0.02,5.4673,95.2139,53.574600000000004,-0.017,0.0,0.0,0.010017521809059755,-0.04452515065849405,0.0,0.02
2020-08-31,0.02,5.4707,95.2139,53.574600000000004,-0.017,0.0,0.0006216858858122018,0.009923586991251374,-0.017346463190755168,0.0,0.02
2020-09-01,0.02,5.3726,96.06631,53.9175,-0.017,0.0,-0.018094616326056294,0.010677646376456,-0.008549179377030702,0.0,0.02
2020-09-02,0.02,5.3735,96.06631,53.9175,-0.017,0.0,0.00016750262925233138,0.010223662216938784,-0.008549179377030702,0.0,0.02
2020-09-03,0.02,5.3073,96.06631,53.9175,-0.017,0.0,-0.012396233938530244,0.010583797891103409,-0.008549179377030702,0.0,0.02
2020-09-04,0.02,5.2842,96.06631,53.9175,-0.017,0.0,-0.004361995303208942,0.010613018507102613,-0.008549179377030702,0.0,0.02
2020-09-05,0.02,5.2842,96.06631,53.9175,-0.017,0.0,0.0,0.010613018507102613,-0.008549179377030702,0.0,0.02
2020-09-06,0.02,5.2842,96.06631,53.9175,-0.017,0.0,0.0,0.010179439869989444,-0.008549179377030702,0.0,0.02
2020-09-07,0.02,5.2842,96.06631,53.9175,-0.017,0.0,0.0,0.010131825390316523,-0.008549179377030702,0.0,0.02
2020-09-08,0.02,5.3692,96.06631,53.9175,-0.017,0.0,0.015957685574012302,0.010801470852712292,-0.008549179377030702,0.0,0.02
2020-09-09,0.02,5.3018,96.06631,53.9175,-0.017,0.0,-0.012632536090473335,0.008488412681556678,-0.008549179377030702,0.0,0.02
2020-09-10,0.02,5.293,96.06631,53.9175,-0.017,0.0,-0.0016611926650201472,0.008419570971868113,-0.008549179377030702,0.0,0.02
2020-09-11,0.02,5.2848,96.06631,53.9175,-0.017,0.0,-0.0015504172214623772,0.00839885947647049,-0.008549179377030702,0.0,0.02
2020-09-12,0.02,5.2848,96.06631,53.9175,-0.017,0.0,0.0,0.00839885947647049,-0.008549179377030702,0.0,0.02
2020-09-13,0.02,5.2848,96.06631,53.9175,-0.017,0.0,0.0,0.008422423856177044,-0.008549179377030702,0.0,0.02
2020-09-14,0.02,5.2978,96.06631,53.9175,-0.017,0.0,0.0024568643885618936,0.008468940309362464,-0.008549179377030702,0.0,0.02
2020-09-15,0.02,5.2722,96.06631,53.9175,-0.017,0.0,-0.00484390729523448,0.008455893114998295,-0.008549179377030702,0.0,0.02
2020-09-16,0.02,5.2526,96.06631,53.9175,-0.017,0.0,-0.0037245406388579354,0.008262045673714958,-0.008549179377030702,0.0,0.02
2020-09-17,0.02,5.2587,96.06631,53.9175,-0.017,0.0,0.0011606558056161482,0.006840166743283189,-0.008549179377030702,0.0,0.02
2020-09-18,0.02,5.2883,96.06631,53.9175,-0.017,0.0,0.0056129852496028,0.00703650317974165,-0.008549179377030702,0.0,0.02
2020-09-19,0.02,5.2883,96.06631,53.9175,-0.017,0.0,0.0,0.00703650317974165,-0.008549179377030702,0.0,0.02
2020-09-20,0.02,5.2883,96.06631,53.9175,-0.017,0.0,0.0,0.007027239756310232,-0.008549179377030702,0.0,0.02
2020-09-21,0.02,5.4434,96.06631,53.9175,-0.017,0.0,0.028907032472616785,0.008871553909459769,-0.008549179377030702,0.0,0.02
2020-09-22,0.02,5.4323,96.06631,53.9175,-0.017,0.0,-0.0020412486284456903,0.00889166165289394,-0.008549179377030702,0.0,0.02
2020-09-23,0.02,5.5305,96.06631,53.9175,-0.017,0.0,0.0179156103519242,0.009149473770459837,-0.008549179377030702,0.0,0.02
2020-09-24,0.02,5.5708,96.06631,53.9175,-0.017,0.0,0.007260442836627962,0.009089030055731072,-0.008549179377030702,0.0,0.02
2020-09-25,0.02,5.5661,96.06631,53.9175,-0.017,0.0,-0.0008440410309917287,0.00910388486445878,-0.008549179377030702,0.0,0.02
2020-09-26,0.02,5.5661,96.06631,53.9175,-0.017,0.0,0.0,0.00910388486445878,-0.008549179377030702,0.0,0.02
2020-09-27,0.02,5.5661,96.06631,53.9175,-0.017,0.0,0.0,0.00910388486445878,-0.008549179377030702,0.0,0.02
2020-09-28,0.02,5.5852,96.06631,53.9175,-0.017,0.0,0.0034256129200946474,0.008550474161923918,-0.008549179377030702,0.0,0.02
2020-09-29,0.02,5.6521,96.06631,53.9175,-0.017,0.0,0.011906915431949494,0.008092879115971292,-0.008549179377030702,0.0,0.02
2020-09-30,0.02,5.6401,96.06631,53.9175,-0.017,0.0,-0.0021253616686139447,0.008108201737667058,-0.04246278025386119,0.0,0.02
2020-10-01,0.02,5.6435,98.01643,54.3812,-0.027999999999999997,0.0,0.0006026445643058559,0.008056275288803287,-0.023025034773980324,0.0,0.02
2020-10-02,0.02,5.6458,98.01643,54.3812,-0.027999999999999997,0.0,0.00040746548179628524,0.00804804577000081,-0.023025034773980324,0.0,0.02
2020-10-03,0.02,5.6458,98.01643,54.3812,-0.027999999999999997,0.0,0.0,0.00804804577000081,-0.023025034773980324,0.0,0.02
2020-10-04,0.02,5.6458,98.01643,54.3812,-0.027999999999999997,0.0,0.0,0.008080340133110259,-0.023025034773980324,0.0,0.02
2020-10-05,0.02,5.6293,98.01643,54.3812,-0.027999999999999997,0.0,-0.0029268053992443457,0.007991009327644847,-0.023025034773980324,0.0,0.02
2020-10-06,0.02,5.5199,98.01643,54.3812,-0.027999999999999997,0.0,-0.019625356313216786,0.009392378607834725,-0.023025034773980324,0.0,0.02
2020-10-07,0.02,5.6012,98.01643,54.3812,-0.027999999999999997,0.0,0.014621116316605808,0.009767498139027268,-0.023025034773980324,0.0,0.02
2020-10-08,0.02,5.6194,98.01643,54.3812,-0.027999999999999997,0.0,0.0032440361408566888,0.009750469112255267,-0.023025034773980324,0.0,0.02
2020-10-09,0.02,5.5387,98.01643,54.3812,-0.027999999999999997,0.0,-0.014465080457131317,0.01049556690299729,-0.023025034773980324,0.0,0.02
2020-10-10,0.02,5.5387,98.01643,54.3812,-0.027999999999999997,0.0,0.0,0.01049556690299729,-0.023025034773980324,0.0,0.02
2020-10-11,0.02,5.5387,98.01643,54.3812,-0.027999999999999997,0.0,0.0,0.008427139023293497,-0.023025034773980324,0.0,0.02
2020-10-12,0.02,5.5387,98.01643,54.3812,-0.027999999999999997,0.0,0.0,0.008402377352975991,-0.023025034773980324,0.0,0.02
2020-10-13,0.02,5.5854,98.01643,54.3812,-0.027999999999999997,0.0,0.008396234185151823,0.007625651344352281,-0.023025034773980324,0.0,0.02
2020-10-14,0.02,5.5669,98.01643,54.3812,-0.027999999999999997,0.0,-0.003317704324555702,0.007497395297038833,-0.023025034773980324,0.0,0.02
2020-10-15,0.02,5.6166,98.01643,54.3812,-0.027999999999999997,0.0,0.008888152579810583,0.007753574486315308,-0.023025034773980324,0.0,0.02
2020-10-16,0.02,5.622,98.01643,54.3812,-0.027999999999999997,0.0,0.000960973860723145,0.007753606248092276,-0.023025034773980324,0.0,0.02
2020-10-17,0.02,5.622,98.01643,54.3812,-0.027999999999999997,0.0,0.0,0.007753606248092276,-0.023025034773980324,0.0,0.02
2020-10-18,0.02,5.622,98.01643,54.3812,-0.027999999999999997,0.0,0.0,0.007723345959541196,-0.023025034773980324,0.0,0.02
2020-10-19,0.02,5.6017,98.01643,54.3812,-0.027999999999999997,0.0,-0.0036173493831480976,0.007264937306712783,-0.023025034773980324,0.0,0.02
2020-10-20,0.02,5.5824,98.01643,54.3812,-0.027999999999999997,0.0,-0.0034513316508193925,0.007287068248776184,-0.023025034773980324,0.0,0.02
2020-10-21,0.02,5.6,98.01643,54.3812,-0.027999999999999997,0.0,0.003147806290730837,0.007329697028524933,-0.023025034773980324,0.0,0.02
2020-10-22,0.02,5.5814,98.01643,54.3812,-0.027999999999999997,0.0,-0.0033269567596884613,0.007355915602173771,-0.023025034773980324,0.0,0.02
2020-10-23,0.02,5.6114,98.01643,54.3812,-0.027999999999999997,0.0,0.005360601786879651,0.007474621855955776,-0.023025034773980324,0.0,0.02
2020-10-24,0.02,5.6114,98.01643,54.3812,-0.027999999999999997,0.0,0.0,0.007474621855955776,-0.023025034773980324,0.0,0.02
2020-10-25,0.02,5.6114,98.01643,54.3812,-0.027999999999999997,0.0,0.0,0.007449209535697008,-0.023025034773980324,0.0,0.02
2020-10-26,0.02,5.6322,98.01643,54.3812,-0.027999999999999997,0.0,0.0036998868205692305,0.005907549555282299,-0.023025034773980324,0.0,0.02
2020-10-27,0.02,5.6484,98.01643,54.3812,-0.027999999999999997,0.0,0.0028721896240955862,0.0049964042405004905,-0.023025034773980324,0.0,0.02
2020-10-28,0.02,5.7319,98.01643,54.3812,-0.027999999999999997,0.0,0.014674744683128564,0.005907249451748241,-0.023025034773980324,0.0,0.02
2020-10-29,0.02,5.7797,98.01643,54.3812,-0.027999999999999997,0.0,0.008304714326997486,0.004875762867466855,-0.023025034773980324,0.0,0.02
2020-10-30,0.02,5.7712,98.01643,54.3812,-0.027999999999999997,0.0,-0.0014717470559484254,0.004920496360051853,-0.023025034773980324,0.0,0.02
2020-10-31,0.02,5.7712,98.01643,54.3812,-0.027999999999999997,0.0,0.0,0.004920496360051853,0.00536559838150974,0.0,0.02
2020-11-01,0.02,5.7712,96.68399,54.8652,-0.027999999999999997,0.0,0.0,0.004920496360051853,-0.008301389264413261,0.0,0.02
2020-11-02,0.02,5.7712,96.68399,54.8652,-0.027999999999999997,0.0,0.0,0.004704523655705517,-0.008301389264413261,0.0,0.02
2020-11-03,0.02,5.6889,96.68399,54.8652,-0.027999999999999997,0.0,-0.014363123334802132,0.005830299295221304,-0.008301389264413261,0.0,0.02
2020-11-04,0.02,5.6926,96.68399,54.8652,-0.027999999999999997,0.0,0.0006501779432134901,0.005533364901608336,-0.008301389264413261,0.0,0.02
2020-11-05,0.02,5.5618,96.68399,54.8652,-0.027999999999999997,0.0,-0.0232452888986759,0.007692791846095632,-0.008301389264413261,0.0,0.02
2020-11-06,0.02,5.5307,96.68399,54.8652,-0.027999999999999997,0.0,-0.005607407075008986,0.007773896916850427,-0.008301389264413261,0.0,0.02
2020-11-07,0.02,5.5307,96.68399,54.8652,-0.027999999999999997,0.0,0.0,0.007773896916850427,-0.008301389264413261,0.0,0.02
2020-11-08,0.02,5.5307,96.68399,54.8652,-0.027999999999999997,0.0,0.0,0.007747390837086732,-0.008301389264413261,0.0,0.02
2020-11-09,0.02,5.2815,96.68399,54.8652,-0.027999999999999997,0.0,-0.04610424152078403,0.012791317319549739,-0.008301389264413261,0.0,0.02
2020-11-10,0.02,5.369,96.68399,54.8652,-0.027999999999999997,0.0,0.01643152315935248,0.013443066813343781,-0.008301389264413261,0.0,0.02
2020-11-11,0.02,5.4014,96.68399,54.8652,-0.027999999999999997,0.0,0.006016507787181374,0.013560253151923753,-0.008301389264413261,0.0,0.02
2020-11-12,0.02,5.4088,96.68399,54.8652,-0.027999999999999997,0.0,0.0013690775667174325,0.01348095294552715,-0.008301389264413261,0.0,0.02
2020-11-13,0.02,5.4848,96.68399,54.8652,-0.027999999999999997,0.0,0.013953373186937791,0.01393454296617876,-0.008301389264413261,0.0,0.02
2020-11-14,0.02,5.4848,96.68399,54.8652,-0.027999999999999997,0.0,0.0,0.01393454296617876,-0.008301389264413261,0.0,0.02
2020-11-15,0.02,5.4848,96.68399,54.8652,-0.027999999999999997,0.0,0.0,0.01389138628749554,-0.008301389264413261,0.0,0.02
2020-11-16,0.02,5.4192,96.68399,54.8652,-0.027999999999999997,0.0,-0.01203242689989864,0.014053165580361893,-0.008301389264413261,0.0,0.02
2020-11-17,0.02,5.3962,96.68399,54.8652,-0.027999999999999997,0.0,-0.004253200930515619,0.013492217410538979,-0.008301389264413261,0.0,0.02
2020-11-18,0.02,5.2926,96.68399,54.8652,-0.027999999999999997,0.0,-0.01938538364021542,0.013688510308285046,-0.008301389264413261,0.0,0.02
2020-11-19,0.02,5.3324,96.68399,54.8652,-0.027999999999999997,0.0,0.007491799746745651,0.01393403961932265,-0.008301389264413261,0.0,0.02
2020-11-20,0.02,5.3499,96.68399,54.8652,-0.027999999999999997,0.0,0.0032764508870553205,0.01400206720674197,-0.008301389264413261,0.0,0.02
2020-11-21,0.02,5.3499,96.68399,54.8652,-0.027999999999999997,0.0,0.0,0.01400206720674197,-0.008301389264413261,0.0,0.02
2020-11-22,0.02,5.3499,96.68399,54.8652,-0.027999999999999997,0.0,0.0,0.01400206720674197,-0.008301389264413261,0.0,0.02
2020-11-23,0.02,5.3822,96.68399,54.8652,-0.027999999999999997,0.0,0.00601934337655067,0.013933610018641211,-0.008301389264413261,0.0,0.02
2020-11-24,0.02,5.4031,96.68399,54.8652,-0.027999999999999997,0.0,0.003875650405827826,0.013993828519577206,-0.008301389264413261,0.0,0.02
2020-11-25,0.02,5.3502,96.68399,54.8652,-0.027999999999999997,0.0,-0.009838919540066791,0.013254920325407088,-0.008301389264413261,0.0,0.02
2020-11-26,0.02,5.3195,96.68399,54.8652,-0.027999999999999997,0.0,-0.005754629412468128,0.01325710526835461,-0.008301389264413261,0.0,0.02
2020-11-27,0.02,5.3488,96.68399,54.8652,-0.027999999999999997,0.0,0.0054929227094134,0.01335608729331447,-0.008301389264413261,0.0,0.02
2020-11-28,0.02,5.3488,96.68399,54.8652,-0.027999999999999997,0.0,0.0,0.01335608729331447,-0.008301389264413261,0.0,0.02
2020-11-29,0.02,5.3488,96.68399,54.8652,-0.027999999999999997,0.0,0.0,0.008308580402725288,-0.008301389264413261,0.0,0.02
2020-11-30,0.02,5.3311,96.68399,54.8652,-0.027999999999999997,0.0,-0.0033146408122906104,0.007462597142250675,0.0012246580645121075,0.0,0.02
2020-12-01,0.02,5.2783,97.50257,55.6059,-0.027999999999999997,0.0,-0.009953519693577256,0.007598218549322585,0.00970157839639385,0.0,0.02
2020-12-02,0.02,5.2261,97.50257,55.6059,-0.027999999999999997,0.0,-0.009938774168720101,0.007818223726362447,0.00970157839639385,0.0,0.02
2020-12-03,0.02,5.1619,97.50257,55.6059,-0.027999999999999997,0.0,-0.01236057323663687,0.0072344712729225345,0.00970157839639385,0.0,0.02
2020-12-04,0.02,5.17,97.50257,55.6059,-0.027999999999999997,0.0,0.001567959747865525,0.0072774461517274205,0.00970157839639385,0.0,0.02
2020-12-05,0.02,5.17,97.50257,55.6059,-0.027999999999999997,0.0,0.0,0.0072774461517274205,0.00970157839639385,0.0,0.02
2020-12-06,0.02,5.17,97.50257,55.6059,-0.027999999999999997,0.0,0.0,0.006978788025759849,0.00970157839639385,0.0,0.02
2020-12-07,0.02,5.1012,97.50257,55.6059,-0.027999999999999997,0.0,-0.013396882349729966,0.007396756779065895,0.00970157839639385,0.0,0.02
2020-12-08,0.02,5.0914,97.50257,55.6059,-0.027999999999999997,0.0,-0.001922964311336299,0.006284309667743942,0.00970157839639385,0.0,0.02
2020-12-09,0.02,5.1103,97.50257,55.6059,-0.027999999999999997,0.0,0.003705269047942698,0.006037462450923223,0.00970157839639385,0.0,0.02
2020-12-10,0.02,5.0846,97.50257,55.6059,-0.027999999999999997,0.0,-0.005041747234296098,0.005931202957385035,0.00970157839639385,0.0,0.02
2020-12-11,0.02,5.0685,97.50257,55.6059,-0.027999999999999997,0.0,-0.003171447832600844,0.0059019573830270495,0.00970157839639385,0.0,0.02
2020-12-12,0.02,5.0685,97.50257,55.6059,-0.027999999999999997,0.0,0.0,0.0059019573830270495,0.00970157839639385,0.0,0.02
2020-12-13,0.02,5.0685,97.50257,55.6059,-0.027999999999999997,0.0,0.0,0.005578438324631123,0.00970157839639385,0.0,0.02
2020-12-14,0.02,5.0572,97.50257,55.6059,-0.027999999999999997,0.0,-0.002231945384711712,0.005344346600138136,0.00970157839639385,0.0,0.02
2020-12-15,0.02,5.0962,97.50257,55.6059,-0.027999999999999997,0.0,0.007682193511952105,0.005645028347910717,0.00970157839639385,0.0,0.02
2020-12-16,0.02,5.1051,97.50257,55.6059,-0.027999999999999997,0.0,0.001744876095806078,0.005661755070619537,0.00970157839639385,0.0,0.02
2020-12-17,0.02,5.0606,97.50257,55.6059,-0.027999999999999997,0.0,-0.008754986718596388,0.005557197895996633,0.00970157839639385,0.0,0.02
2020-12-18,0.02,5.098,97.50257,55.6059,-0.027999999999999997,0.0,0.007363252609156309,0.005978276980299823,0.00970157839639385,0.0,0.02
2020-12-19,0.02,5.098,97.50257,55.6059,-0.027999999999999997,0.0,0.0,0.005978276980299823,0.00970157839639385,0.0,0.02
2020-12-20,0.02,5.098,97.50257,55.6059,-0.027999999999999997,0.0,0.0,0.0059975351936686966,0.00970157839639385,0.0,0.02
2020-12-21,0.02,5.1566,97.50257,55.6059,-0.027999999999999997,0.0,0.011429141631148429,0.0064389044258201175,0.00970157839639385,0.0,0.02
2020-12-22,0.02,5.1467,97.50257,55.6059,-0.027999999999999997,0.0,-0.0019217149935875217,0.006104922538063688,0.00970157839639385,0.0,0.02
2020-12-23,0.02,5.1734,97.50257,55.6059,-0.027999999999999997,0.0,0.005174380010385038,0.00558943303593701,0.00970157839639385,0.0,0.02
2020-12-24,0.02,5.1785,97.50257,55.6059,-0.027999999999999997,0.0,0.0009853264449268368,0.005582955863152177,0.00970157839639385,0.0,0.02
2020-12-25,0.02,5.1785,97.50257,55.6059,-0.027999999999999997,0.0,0.0,0.005582955863152177,0.00970157839639385,0.0,0.02
2020-12-26,0.02,5.1785,97.50257,55.6059,-0.027999999999999997,0.0,0.0,0.005582955863152177,0.00970157839639385,0.0,0.02
2020-12-27,0.02,5.1785,97.50257,55.6059,-0.027999999999999997,0.0,0.0,0.00459729596809951,0.00970157839639385,0.0,0.02
2020-12-28,0.02,5.2384,97.50257,55.6059,-0.027999999999999997,0.0,0.011500669147882314,0.005134694807630606,0.00970157839639385,0.0,0.02
2020-12-29,0.02,5.1936,97.50257,55.6059,-0.027999999999999997,0.0,-0.008589009856543794,0.005564998061085313,0.00970157839639385,0.0,0.02
2020-12-30,0.02,5.1961,97.50257,55.6059,-0.027999999999999997,0.0,0.00048124585854264035,0.005393816899466901,0.00970157839639385,0.0,0.02
2020-12-31,0.02,5.1961,97.50257,55.6059,-0.027999999999999997,0.0,0.0,0.005308044888707668,0.03695889986133838,0.0,0.02
2021-01-01,0.02,5.1961,92.11361,55.7449,-0.033,0.0,0.0,0.005308044888707668,-0.020353743620743936,0.0,0.02
2021-01-02,0.02,5.1961,92.11361,55.7449,-0.033,0.0,0.0,0.005308044888707668,-0.020353743620743936,0.0,0.02
2021-01-03,0.02,5.1961,92.11361,55.7449,-0.033,0.0,0.0,0.005254328689871933,-0.020353743620743936,0.0,0.02
2021-01-04,0.02,5.162,92.11361,55.7449,-0.033,0.0,-0.006584242900255459,0.005318124270219828,-0.020353743620743936,0.0,0.02
2021-01-05,0.02,5.3263,92.11361,55.7449,-0.033,0.0,0.03133271195923115,0.008688560733255881,-0.020353743620743936,0.0,0.02
2021-01-06,0.02,5.3176,92.11361,55.7449,-0.033,0.0,-0.0016347395104183036,0.008359100173220158,-0.020353743620743936,0.0,0.02
2021-01-07,0.02,5.3427,92.11361,55.7449,-0.033,0.0,0.004709069422697525,0.008298288353948436,-0.020353743620743936,0.0,0.02
2021-01-08,0.02,5.3677,92.11361,55.7449,-0.033,0.0,0.004668368203511602,0.0082945370304658,-0.020353743620743936,0.0,0.02
2021-01-09,0.02,5.3677,92.11361,55.7449,-0.033,0.0,0.0,0.0082945370304658,-0.020353743620743936,0.0,0.02
2021-01-10,0.02,5.3677,92.11361,55.7449,-0.033,0.0,0.0,0.008042484582374287,-0.020353743620743936,0.0,0.02
2021-01-11,0.02,5.496,92.11361,55.7449,-0.033,0.0,0.023621043548604104,0.00931356077605773,-0.020353743620743936,0.0,0.02
2021-01-12,0.02,5.4631,92.11361,55.7449,-0.033,0.0,-0.006004160713357128,0.009527073085777419,-0.020353743620743936,0.0,0.02
2021-01-13,0.02,5.3064,92.11361,55.7449,-0.033,0.0,-0.02910275497748194,0.011896949906944005,-0.020353743620743936,0.0,0.02
2021-01-14,0.02,5.2611,92.11361,55.7449,-0.033,0.0,-0.008573508867989637,0.012096016188105022,-0.020353743620743936,0.0,0.02
2021-01-15,0.02,5.2708,92.11361,55.7449,-0.033,0.0,0.0018420233277406898,0.01209668723077015,-0.020353743620743936,0.0,0.02
2021-01-16,0.02,5.2708,92.11361,55.7449,-0.033,0.0,0.0,0.01209668723077015,-0.020353743620743936,0.0,0.02
2021-01-17,0.02,5.2708,92.11361,55.7449,-0.033,0.0,0.0,0.011835953791273184,-0.020353743620743936,0.0,0.02
2021-01-18,0.02,5.2782,92.11361,55.7449,-0.033,0.0,0.0014029768155866629,0.011650051728235128,-0.020353743620743936,0.0,0.02
2021-01-19,0.02,5.2939,92.11361,55.7449,-0.033,0.0,0.0029700838133061972,0.011659667351784168,-0.020353743620743936,0.0,0.02
2021-01-20,0.02,5.3027,92.11361,55.7449,-0.033,0.0,0.001660910485059412,0.011658592102819552,-0.020353743620743936,0.0,0.02
2021-01-21,0.02,5.316,92.11361,55.7449,-0.033,0.0,0.0025050160480865353,0.011660565223001912,-0.020353743620743936,0.0,0.02
2021-01-22,0.02,5.4295,92.11361,55.7449,-0.033,0.0,0.021125907823819127,0.012479881754367613,-0.020353743620743936,0.0,0.02
2021-01-23,0.02,5.4295,92.11361,55.7449,-0.033,0.0,0.0,0.012479881754367613,-0.020353743620743936,0.0,0.02
2021-01-24,0.02,5.4295,92.11361,55.7449,-0.033,0.0,0.0,0.012321891827274976,-0.020353743620743936,0.0,0.02
2021-01-25,0.02,5.5074,92.11361,55.7449,-0.033,0.0,0.014245593796145107,0.010705827548748027,-0.020353743620743936,0.0,0.02
2021-01-26,0.02,5.3859,92.11361,55.7449,-0.033,0.0,-0.02230821490820732,0.011965780278313262,-0.020353743620743936,0.0,0.02
2021-01-27,0.02,5.3818,92.11361,55.7449,-0.033,0.0,-0.0007615368552515168,0.011930297706396628,-0.020353743620743936,0.0,0.02
2021-01-28,0.02,5.4276,92.11361,55.7449,-0.033,0.0,0.008474156582156398,0.012032470206057098,-0.020353743620743936,0.0,0.02
2021-01-29,0.02,5.4753,92.11361,55.7449,-0.033,0.0,0.008750021432286705,0.012169527970633498,-0.020353743620743936,0.0,0.02
2021-01-30,0.02,5.4753,92.11361,55.7449,-0.033,0.0,0.0,0.012169527970633498,-0.020353743620743936,0.0,0.02
2021-01-31,0.02,5.4753,92.11361,55.7449,-0.033,0.0,0.0,0.010942147936792155,-0.023434428805212404,0.0,0.02
2021-02-01,0.02,5.4602,94.07591,56.2243,-0.033,0.0,-0.002761649599367121,0.010875264192211317,-0.0026306125140526104,0.0,0.02
2021-02-02,0.02,5.3869,94.07591,56.2243,-0.033,0.0,-0.013515338804204476,0.009094617741117647,-0.0026306125140526104,0.0,0.02
2021-02-03,0.02,5.3417,94.07591,56.2243,-0.033,0.0,-0.008426125949612073,0.009086719392909785,-0.0026306125140526104,0.0,0.02
2021-02-04,0.02,5.3904,94.07591,56.2243,-0.033,0.0,0.009075639301387486,0.00927407527962325,-0.0026306125140526104,0.0,0.02
2021-02-05,0.02,5.3878,94.07591,56.2243,-0.033,0.0,-0.00048245533585038116,0.00927777368033827,-0.0026306125140526104,0.0,0.02
2021-02-06,0.02,5.3878,94.07591,56.2243,-0.033,0.0,0.0,0.00927777368033827,-0.0026306125140526104,0.0,0.02
2021-02-07,0.02,5.3878,94.07591,56.2243,-0.033,0.0,0.0,0.009280647882074554,-0.0026306125140526104,0.0,0.02
2021-02-08,0.02,5.3664,94.07591,56.2243,-0.033,0.0,-0.003979845687548316,0.009334047115398534,-0.0026306125140526104,0.0,0.02
2021-02-09,0.02,5.421,94.07591,56.2243,-0.033,0.0,0.010123007631448598,0.009569662508862825,-0.0026306125140526104,0.0,0.02
2021-02-10,0.02,5.4018,94.07591,56.2243,-0.033,0.0,-0.0035480689178521117,0.009618588633712557,-0.0026306125140526104,0.0,0.02
2021-02-11,0.02,5.362,94.07591,56.2243,-0.033,0.0,-0.007395191546581501,0.008495216332851479,-0.0026306125140526104,0.0,0.02
2021-02-12,0.02,5.3809,94.07591,56.2243,-0.033,0.0,0.0035186066144948366,0.008545139132776816,-0.0026306125140526104,0.0,0.02
2021-02-13,0.02,5.3809,94.07591,56.2243,-0.033,0.0,0.0,0.008545139132776816,-0.0026306125140526104,0.0,0.02
2021-02-14,0.02,5.3809,94.07591,56.2243,-0.033,0.0,0.0,0.007818588097841736,-0.0026306125140526104,0.0,0.02
2021-02-15,0.02,5.3809,94.07591,56.2243,-0.033,0.0,0.0,0.0060296390403197266,-0.0026306125140526104,0.0,0.02
2021-02-16,0.02,5.3809,94.07591,56.2243,-0.033,0.0,0.0,0.006027289636923069,-0.0026306125140526104,0.0,0.02
2021-02-17,0.02,5.4132,94.07591,56.2243,-0.033,0.0,0.005984768791950978,0.005866456065179188,-0.0026306125140526104,0.0,0.02
2021-02-18,0.02,5.4232,94.07591,56.2243,-0.033,0.0,0.001845631914405329,0.00550844585319873,-0.0026306125140526104,0.0,0.02
2021-02-19,0.02,5.3918,94.07591,56.2243,-0.033,0.0,-0.005806766200668153,0.0056335334520822644,-0.0026306125140526104,0.0,0.02
2021-02-20,0.02,5.3918,94.07591,56.2243,-0.033,0.0,0.0,0.0056335334520822644,-0.0026306125140526104,0.0,0.02
2021-02-21,0.02,5.3918,94.07591,56.2243,-0.033,0.0,0.0,0.00561592324753786,-0.0026306125140526104,0.0,0.02
2021-02-22,0.02,5.5038,94.07591,56.2243,-0.033,0.0,0.020559481827577202,0.006586116634964739,-0.0026306125140526104,0.0,0.02
2021-02-23,0.02,5.4484,94.07591,56.2243,-0.033,0.0,-0.010116775170478235,0.006723869272869986,-0.0026306125140526104,0.0,0.02
2021-02-24,0.02,5.4176,94.07591,56.2243,-0.033,0.0,-0.005669074634370402,0.006597690725232324,-0.0026306125140526104,0.0,0.02
2021-02-25,0.02,5.4594,94.07591,56.2243,-0.033,0.0,0.007685980651883771,0.006799593132860728,-0.0026306125140526104,0.0,0.02
2021-02-26,0.02,5.5296,94.07591,56.2243,-0.033,0.0,0.01277658657898186,0.007314968928705401,-0.0026306125140526104,0.0,0.02
2021-02-27,0.02,5.5296,94.07591,56.2243,-0.033,0.0,0.0,0.007314968928705401,-0.0026306125140526104,0.0,0.02
2021-02-28,0.02,5.5296,94.07591,56.2243,-0.033,0.0,0.0,0.0072172911111172255,-0.0026306125140526104,0.0,0.02
2021-03-01,0.02,5.5826,101.2411,56.7472,-0.033,0.0,0.00953913750555447,0.007181659804376103,0.05908564576899167,0.0,0.02
2021-03-02,0.02,5.6838,101.2411,56.7472,-0.033,0.0,0.017965405434307462,0.007959700045183007,0.05908564576899167,0.0,0.02
2021-03-03,0.02,5.7336,101.2411,56.7472,-0.033,0.0,0.00872358257016571,0.0077125191467599784,0.05908564576899167,0.0,0.02
2021-03-04,0.02,5.6002,101.2411,56.7472,-0.033,0.0,-0.023541294308494463,0.009778319780615859,0.05908564576899167,0.0,0.02
2021-03-05,0.02,5.6864,101.2411,56.7472,-0.033,0.0,0.015275047589117121,0.010201489109528363,0.05908564576899167,0.0,0.02
2021-03-06,0.02,5.6864,101.2411,56.7472,-0.033,0.0,0.0,0.010201489109528363,0.05908564576899167,0.0,0.02
2021-03-07,0.02,5.6864,101.2411,56.7472,-0.033,0.0,0.0,0.010201489109528363,0.05908564576899167,0.0,0.02
2021-03-08,0.02,5.7337,101.2411,56.7472,-0.033,0.0,0.00828368761653737,0.010251525652427646,0.05908564576899167,0.0,0.02
2021-03-09,0.02,5.8391,101.2411,56.7472,-0.033,0.0,0.01821562878025919,0.01077917387132271,0.05908564576899167,0.0,0.02
2021-03-10,0.02,5.7443,101.2411,56.7472,-0.033,0.0,-0.016368616580668478,0.011683335890467052,0.05908564576899167,0.0,0.02
2021-03-11,0.02,5.5884,101.2411,56.7472,-0.033,0.0,-0.027515038000128444,0.013412823967008946,0.05908564576899167,0.0,0.02
2021-03-12,0.02,5.5634,101.2411,56.7472,-0.033,0.0,-0.004483588636871907,0.013481620890853013,0.05908564576899167,0.0,0.02
2021-03-13,0.02,5.5634,101.2411,56.7472,-0.033,0.0,0.0,0.013481620890853013,0.05908564576899167,0.0,0.02
2021-03-14,0.02,5.5634,101.2411,56.7472,-0.033,0.0,0.0,0.012719471593735038,0.05908564576899167,0.0,0.02
2021-03-15,0.02,5.629,101.2411,56.7472,-0.033,0.0,0.011722374324566678,0.012693988354138513,0.05908564576899167,0.0,0.02
2021-03-16,0.02,5.5845,101.2411,56.7472,-0.033,0.0,-0.007936903483145123,0.01277251096871882,0.05908564576899167,0.0,0.02
2021-03-17,0.02,5.6573,101.2411,56.7472,-0.033,0.0,0.012951843598359797,0.012959279351213559,0.05908564576899167,0.0,0.02
2021-03-18,0.0275,5.5468,101.2411,56.7472,-0.033,0.0075,-0.019725561699531886,0.013532973015526143,0.05908564576899167,0.0,0.0275
2021-03-19,0.0275,5.5076,101.2411,56.7472,-0.033,0.0,-0.00709222830949191,0.013629830226577166,0.05908564576899167,0.0,0.0275
2021-03-20,0.0275,5.5076,101.2411,56.7472,-0.033,0.0,0.0,0.013629830226577166,0.05908564576899167,0.0,0.0275
2021-03-21,0.0275,5.5076,101.2411,56.7472,-0.033,0.0,0.0,0.013436645623962776,0.05908564576899167,0.0,0.0275
2021-03-22,0.0275,5.5263,101.2411,56.7472,-0.033,0.0,0.0033895572560637636,0.012750069570594134,0.05908564576899167,0.0,0.0275
2021-03-23,0.0275,5.4945,101.2411,56.7472,-0.033,0.0,-0.0057709219393023495,0.012554486670979383,0.05908564576899167,0.0,0.0275
2021-03-24,0.0275,5.5324,101.2411,56.7472,-0.033,0.0,0.00687412586357393,0.011632647616983264,0.05908564576899167,0.0,0.0275
2021-03-25,0.0275,5.6579,101.2411,56.7472,-0.033,0.0,0.02243108086498674,0.01224107336124803,0.05908564576899167,0.0,0.0275
2021-03-26,0.0275,5.7036,101.2411,56.7472,-0.033,0.0,0.008044755792424464,0.012381135886031668,0.05908564576899167,0.0,0.0275
2021-03-27,0.0275,5.7036,101.2411,56.7472,-0.033,0.0,0.0,0.012381135886031668,0.05908564576899167,0.0,0.0275
2021-03-28,0.0275,5.7036,101.2411,56.7472,-0.033,0.0,0.0,0.012232418902131715,0.05908564576899167,0.0,0.0275
2021-03-29,0.0275,5.7919,101.2411,56.7472,-0.033,0.0,0.015362835315173006,0.012020395960012593,0.05908564576899167,0.0,0.0275
2021-03-30,0.0275,5.7636,101.2411,56.7472,-0.033,0.0,-0.004898110264357932,0.011480187743459486,0.05908564576899167,0.0,0.0275
2021-03-31,0.0275,5.6967,101.2411,56.7472,-0.033,0.0,-0.01167521965929827,0.009908728005198243,0.05908564576899167,0.0,0.0275
2021-04-01,0.0275,5.6843,97.3099,56.923100000000005,-0.028999999999999998,0.0,-0.0021790712427078116,0.009855353521536558,0.16141889227425898,0.0,0.0275
2021-04-02,0.0275,5.6843,97.3099,56.923100000000005,-0.028999999999999998,0.0,0.0,0.009855353521536558,0.16141889227425898,0.0,0.0275
2021-04-03,0.0275,5.6843,97.3099,56.923100000000005,-0.028999999999999998,0.0,0.0,0.009855353521536558,0.16141889227425898,0.0,0.0275
2021-04-04,0.0275,5.6843,97.3099,56.923100000000005,-0.028999999999999998,0.0,0.0,0.009532074710474906,0.16141889227425898,0.0,0.0275
2021-04-05,0.0275,5.6573,97.3099,56.923100000000005,-0.028999999999999998,0.0,-0.004761241977531811,0.009410002181019346,0.16141889227425898,0.0,0.0275
2021-04-06,0.0275,5.6257,97.3099,56.923100000000005,-0.028999999999999998,0.0,-0.00560136180474326,0.009040430914527914,0.16141889227425898,0.0,0.0275
2021-04-07,0.0275,5.5858,97.3099,56.923100000000005,-0.028999999999999998,0.0,-0.007117721705549178,0.007991893376464816,0.16141889227425898,0.0,0.0275
2021-04-08,0.0275,5.5811,97.3099,56.923100000000005,-0.028999999999999998,0.0,-0.0008417735051854585,0.007805574723524549,0.16141889227425898,0.0,0.0275
2021-04-09,0.0275,5.6439,97.3099,56.923100000000005,-0.028999999999999998,0.0,0.011189426321431595,0.008149014436245607,0.16141889227425898,0.0,0.0275
2021-04-10,0.0275,5.6439,97.3099,56.923100000000005,-0.028999999999999998,0.0,0.0,0.008149014436245607,0.16141889227425898,0.0,0.0275
2021-04-11,0.0275,5.6439,97.3099,56.923100000000005,-0.028999999999999998,0.0,0.0,0.008136807111770264,0.16141889227425898,0.0,0.0275
2021-04-12,0.0275,5.6576,97.3099,56.923100000000005,-0.028999999999999998,0.0,0.0024244581180750836,0.007979923375060517,0.16141889227425898,0.0,0.0275
2021-04-13,0.0275,5.7058,97.3099,56.923100000000005,-0.028999999999999998,0.0,0.008483427332186754,0.008045208599409742,0.16141889227425898,0.0,0.0275
2021-04-14,0.0275,5.693,97.3099,56.923100000000005,-0.028999999999999998,0.0,-0.0022458513843746815,0.006396470371735877,0.16141889227425898,0.0,0.0275
2021-04-15,0.0275,5.6228,97.3099,56.923100000000005,-0.028999999999999998,0.0,-0.012407589493471014,0.006721317026888015,0.16141889227425898,0.0,0.0275
2021-04-16,0.0275,5.6322,97.3099,56.923100000000005,-0.028999999999999998,0.0,0.0016703691133904675,0.006740997206809552,0.16141889227425898,0.0,0.0275
2021-04-17,0.0275,5.6322,97.3099,56.923100000000005,-0.028999999999999998,0.0,0.0,0.006740997206809552,0.16141889227425898,0.0,0.0275
2021-04-18,0.0275,5.6322,97.3099,56.923100000000005,-0.028999999999999998,0.0,0.0,0.005601734049279711,0.16141889227425898,0.0,0.0275
2021-04-19,0.0275,5.5744,97.3099,56.923100000000005,-0.028999999999999998,0.0,-0.010315441352872283,0.005902771590302805,0.16141889227425898,0.0,0.0275
2021-04-20,0.0275,5.526,97.3099,56.923100000000005,-0.028999999999999998,0.0,-0.00872046173476707,0.005671595782936704,0.16141889227425898,0.0,0.0275
2021-04-21,0.0275,5.526,97.3099,56.923100000000005,-0.028999999999999998,0.0,0.0,0.0056792167679074025,0.16141889227425898,0.0,0.0275
2021-04-22,0.0275,5.4964,97.3099,56.923100000000005,-0.028999999999999998,0.0,-0.005370894025742476,0.005735628773158741,0.16141889227425898,0.0,0.0275
2021-04-23,0.0275,5.4781,97.3099,56.923100000000005,-0.028999999999999998,0.0,-0.0033350069636814343,0.005732671636305879,0.16141889227425898,0.0,0.0275
2021-04-24,0.0275,5.4781,97.3099,56.923100000000005,-0.028999999999999998,0.0,0.0,0.005732671636305879,0.16141889227425898,0.0,0.0275
2021-04-25,0.0275,5.4781,97.3099,56.923100000000005,-0.028999999999999998,0.0,0.0,0.00570409220583375,0.16141889227425898,0.0,0.0275
2021-04-26,0.0275,5.456,97.3099,56.923100000000005,-0.028999999999999998,0.0,-0.004042404970639875,0.005657128676661881,0.16141889227425898,0.0,0.0275
2021-04-27,0.0275,5.4418,97.3099,56.923100000000005,-0.028999999999999998,0.0,-0.00260603204986201,0.00551070599027514,0.16141889227425898,0.0,0.0275
2021-04-28,0.0275,5.3999,97.3099,56.923100000000005,-0.028999999999999998,0.0,-0.0077294536110587495,0.005692398004051902,0.16141889227425898,0.0,0.0275
2021-04-29,0.0275,5.3656,97.3099,56.923100000000005,-0.028999999999999998,0.0,-0.006372229076849887,0.004908011273256905,0.16141889227425898,0.0,0.0275
2021-04-30,0.0275,5.403,97.3099,56.923100000000005,-0.028999999999999998,0.0,0.006946149058538332,0.005324442764702991,0.16141889227425898,0.0,0.0275
2021-05-01,0.0275,5.403,96.19109,57.3956,-0.028999999999999998,0.0,0.0,0.005324442764702991,0.13856831302875983,0.0,0.0275
2021-05-02,0.0275,5.403,96.19109,57.3956,-0.028999999999999998,0.0,0.0,0.005241014907747038,0.13856831302875983,0.0,0.0275
2021-05-03,0.0275,5.4081,96.19109,57.3956,-0.028999999999999998,0.0,0.0009434748320360059,0.004663732083255121,0.13856831302875983,0.0,0.0275
2021-05-04,0.0275,5.4499,96.19109,57.3956,-0.028999999999999998,0.0,0.0076994301889969675,0.005210524008377776,0.13856831302875983,0.0,0.0275
2021-05-05,0.0275,5.3866,96.19109,57.3956,-0.028999999999999998,0.0,-0.011682871772332012,0.005137679581089715,0.13856831302875983,0.0,0.0275
2021-05-06,0.035,5.2891,96.19109,57.3956,-0.028999999999999998,0.007500000000000003,-0.018266289039708953,0.006185526538611331,0.13856831302875983,0.0,0.035
2021-05-07,0.035,5.2211,96.19109,57.3956,-0.028999999999999998,0.0,-0.012939991407044427,0.006507868791294334,0.13856831302875983,0.0,0.035
2021-05-08,0.035,5.2211,96.19109,57.3956,-0.028999999999999998,0.0,0.0,0.006507868791294334,0.13856831302875983,0.0,0.035
2021-05-09,0.035,5.2211,96.19109,57.3956,-0.028999999999999998,0.0,0.0,0.006370775532348599,0.13856831302875983,0.0,0.035
2021-05-10,0.035,5.2221,96.19109,57.3956,-0.028999999999999998,0.0,0.00019151218076013575,0.006280799708953478,0.13856831302875983,0.0,0.035
2021-05-11,0.035,5.2397,96.19109,57.3956,-0.028999999999999998,0.0,0.003364624940964458,0.006404385788672125,0.13856831302875983,0.0,0.035
2021-05-12,0.035,5.2347,96.19109,57.3956,-0.028999999999999998,0.0,-0.0009547086954438779,0.0063820922100294615,0.13856831302875983,0.0,0.035
2021-05-13,0.035,5.2809,96.19109,57.3956,-0.028999999999999998,0.0,0.008787001647742352,0.0068509263700458145,0.13856831302875983,0.0,0.035
2021-05-14,0.035,5.2695,96.19109,57.3956,-0.028999999999999998,0.0,-0.002161056346044879,0.006837522203638041,0.13856831302875983,0.0,0.035
2021-05-15,0.035,5.2695,96.19109,57.3956,-0.028999999999999998,0.0,0.0,0.006837522203638041,0.13856831302875983,0.0,0.035
2021-05-16,0.035,5.2695,96.19109,57.3956,-0.028999999999999998,0.0,0.0,0.006831884088518601,0.13856831302875983,0.0,0.035
2021-05-17,0.035,5.2749,96.19109,57.3956,-0.028999999999999998,0.0,0.001024240444611547,0.006855820164622812,0.13856831302875983,0.0,0.035
2021-05-18,0.035,5.2582,96.19109,57.3956,-0.028999999999999998,0.0,-0.0031709589756441373,0.00671414239244617,0.13856831302875983,0.0,0.035
2021-05-19,0.035,5.2816,96.19109,57.3956,-0.028999999999999998,0.0,0.004440319255969767,0.006722046989161719,0.13856831302875983,0.0,0.035
2021-05-20,0.035,5.2899,96.19109,57.3956,-0.028999999999999998,0.0,0.0015702599830590472,0.006500289213825283,0.13856831302875983,0.0,0.035
2021-05-21,0.035,5.3021,96.19109,57.3956,-0.028999999999999998,0.0,0.0023036263963631203,0.006540304683997306,0.13856831302875983,0.0,0.035
2021-05-22,0.035,5.3021,96.19109,57.3956,-0.028999999999999998,0.0,0.0,0.006540304683997306,0.13856831302875983,0.0,0.035
2021-05-23,0.035,5.3021,96.19109,57.3956,-0.028999999999999998,0.0,0.0,0.006529378502606514,0.13856831302875983,0.0,0.035
2021-05-24,0.035,5.3192,96.19109,57.3956,-0.028999999999999998,0.0,0.003219947609894681,0.006287997608447545,0.13856831302875983,0.0,0.035
2021-05-25,0.035,5.3137,96.19109,57.3956,-0.028999999999999998,0.0,-0.0010345250102094948,0.005785639719251203,0.13856831302875983,0.0,0.035
2021-05-26,0.035,5.3158,96.19109,57.3956,-0.028999999999999998,0.0,0.0003951267749794569,0.004042623820662724,0.13856831302875983,0.0,0.035
2021-05-27,0.035,5.2833,96.19109,57.3956,-0.028999999999999998,0.0,-0.006132615383866175,0.0030343135549720547,0.13856831302875983,0.0,0.035
2021-05-28,0.035,5.2274,96.19109,57.3956,-0.028999999999999998,0.0,-0.010636879952394427,0.00394045955973931,0.13856831302875983,0.0,0.035
2021-05-29,0.035,5.2274,96.19109,57.3956,-0.028999999999999998,0.0,0.0,0.00394045955973931,0.13856831302875983,0.0,0.035
2021-05-30,0.035,5.2274,96.19109,57.3956,-0.028999999999999998,0.0,0.0,0.0039403566047169925,0.13856831302875983,0.0,0.035
2021-05-31,0.035,5.2316,96.19109,57.3956,-0.028999999999999998,0.0,0.0008031360982426177,0.003867937684797199,0.13856831302875983,0.0,0.035
2021-06-01,0.035,5.163,96.45376,57.699799999999996,-0.028999999999999998,0.0,-0.013199352735348247,0.004856782687334583,0.0830994008431114,0.0,0.035
2021-06-02,0.035,5.114,96.45376,57.699799999999996,-0.028999999999999998,0.0,-0.009535929028517269,0.0047007501461634365,0.0830994008431114,0.0,0.035
2021-06-03,0.035,5.114,96.45376,57.699799999999996,-0.028999999999999998,0.0,0.0,0.004712137034500535,0.0830994008431114,0.0,0.035
2021-06-04,0.035,5.0661,96.45376,57.699799999999996,-0.028999999999999998,0.0,-0.00941058604493167,0.005014838766144592,0.0830994008431114,0.0,0.035
2021-06-05,0.035,5.0661,96.45376,57.699799999999996,-0.028999999999999998,0.0,0.0,0.005014838766144592,0.0830994008431114,0.0,0.035
2021-06-06,0.035,5.0661,96.45376,57.699799999999996,-0.028999999999999998,0.0,0.0,0.00498782827776207,0.0830994008431114,0.0,0.035
2021-06-07,0.035,5.0492,96.45376,57.699799999999996,-0.028999999999999998,0.0,-0.003341475927493677,0.004990045475866254,0.0830994008431114,0.0,0.035
2021-06-08,0.035,5.0483,96.45376,57.699799999999996,-0.028999999999999998,0.0,-0.0001782619464981849,0.004777286288246756,0.0830994008431114,0.0,0.035
2021-06-09,0.035,5.0527,96.45376,57.699799999999996,-0.028999999999999998,0.0,0.0008712009263036462,0.004750276920937902,0.0830994008431114,0.0,0.035
2021-06-10,0.035,5.0629,96.45376,57.699799999999996,-0.028999999999999998,0.0,0.002016687780650806,0.004736072809921136,0.0830994008431114,0.0,0.035
2021-06-11,0.035,5.1184,96.45376,57.699799999999996,-0.028999999999999998,0.0,0.010902448556090901,0.005569782621205183,0.0830994008431114,0.0,0.035
2021-06-12,0.035,5.1184,96.45376,57.699799999999996,-0.028999999999999998,0.0,0.0,0.005569782621205183,0.0830994008431114,0.0,0.035
2021-06-13,0.035,5.1184,96.45376,57.699799999999996,-0.028999999999999998,0.0,0.0,0.00546369232338217,0.0830994008431114,0.0,0.035
2021-06-14,0.035,5.0701,96.45376,57.699799999999996,-0.028999999999999998,0.0,-0.009481348938659907,0.0057121329375685835,0.0830994008431114,0.0,0.035
2021-06-15,0.035,5.0868,96.45376,57.699799999999996,-0.028999999999999998,0.0,0.0032884078899981144,0.005820821450893756,0.0830994008431114,0.0,0.035
2021-06-16,0.035,5.0201,96.45376,57.699799999999996,-0.028999999999999998,0.0,-0.013199095340498679,0.006269184176742661,0.0830994008431114,0.0,0.035
2021-06-17,0.035,5.0353,96.45376,57.699799999999996,-0.028999999999999998,0.0,0.0030232534911410237,0.006083724332165944,0.0830994008431114,0.0,0.035
2021-06-18,0.0425,5.0308,96.45376,57.699799999999996,-0.028999999999999998,0.0075,-0.0008940901242336426,0.006072518792780205,0.0830994008431114,0.0,0.0425
2021-06-19,0.0425,5.0308,96.45376,57.699799999999996,-0.028999999999999998,0.0,0.0,0.006072518792780205,0.0830994008431114,0.0,0.0425
2021-06-20,0.0425,5.0308,96.45376,57.699799999999996,-0.028999999999999998,0.0,0.0,0.006056219524505373,0.0830994008431114,0.0,0.0425
2021-06-21,0.0425,5.0367,96.45376,57.699799999999996,-0.028999999999999998,0.0,0.0011720885374614754,0.0054769815758974,0.0830994008431114,0.0,0.0425
2021-06-22,0.0425,5.0172,96.45376,57.699799999999996,-0.028999999999999998,0.0,-0.0038790965599423952,0.005162989667578302,0.0830994008431114,0.0,0.0425
2021-06-23,0.0425,4.9513,96.45376,57.699799999999996,-0.028999999999999998,0.0,-0.01322184080539752,0.005836735936954683,0.0830994008431114,0.0,0.0425
2021-06-24,0.0425,4.9271,96.45376,57.699799999999996,-0.028999999999999998,0.0,-0.004899588680761683,0.005602144567802429,0.0830994008431114,0.0,0.0425
2021-06-25,0.0425,4.92,96.45376,57.699799999999996,-0.028999999999999998,0.0,-0.001442049178006608,0.005592570723216754,0.0830994008431114,0.0,0.0425
2021-06-26,0.0425,4.92,96.45376,57.699799999999996,-0.028999999999999998,0.0,0.0,0.005592570723216754,0.0830994008431114,0.0,0.0425
2021-06-27,0.0425,4.92,96.45376,57.699799999999996,-0.028999999999999998,0.0,0.0,0.005583407962624147,0.0830994008431114,0.0,0.0425
2021-06-28,0.0425,4.9414,96.45376,57.699799999999996,-0.028999999999999998,0.0,0.0043401613549071535,0.005720743393050104,0.0830994008431114,0.0,0.0425
2021-06-29,0.0425,4.9444,96.45376,57.699799999999996,-0.028999999999999998,0.0,0.0006069311724072403,0.00571632686627104,0.0830994008431114,0.0,0.0425
2021-06-30,0.0425,5.0016,96.45376,57.699799999999996,-0.028999999999999998,0.0,0.011502238213489346,0.0063459046105586855,0.0830994008431114,0.0,0.0425
2021-07-01,0.0425,5.0049,99.92006,58.2537,0.024,0.0,0.0006595713025801791,0.005753662362136924,0.0441074527199965,0.0,0.0425
2021-07-02,0.0425,5.0287,99.92006,58.2537,0.024,0.0,0.004744068856095086,0.0058982922503504195,0.0441074527199965,0.0,0.0425
2021-07-03,0.0425,5.0287,99.92006,58.2537,0.024,0.0,0.0,0.0058982922503504195,0.0441074527199965,0.0,0.0425
2021-07-04,0.0425,5.0287,99.92006,58.2537,0.024,0.0,0.0,0.005541137043329471,0.0441074527199965,0.0,0.0425
2021-07-05,0.0425,5.0743,99.92006,58.2537,0.024,0.0,0.009027082976312504,0.005880892066832438,0.0441074527199965,0.0,0.0425
2021-07-06,0.0425,5.1639,99.92006,58.2537,0.024,0.0,0.017503523583424555,0.006281516672204735,0.0441074527199965,0.0,0.0425
2021-07-07,0.0425,5.2322,99.92006,58.2537,0.024,0.0,0.013139731760552465,0.006803697523255914,0.0441074527199965,0.0,0.0425
2021-07-08,0.0425,5.2581,99.92006,58.2537,0.024,0.0,0.004937905041117646,0.006801810154734197,0.0441074527199965,0.0,0.0425
2021-07-09,0.0425,5.237,99.92006,58.2537,0.024,0.0,-0.0040209294677522895,0.0069287960000874674,0.0441074527199965,0.0,0.0425
2021-07-10,0.0425,5.237,99.92006,58.2537,0.024,0.0,0.0,0.0069287960000874674,0.0441074527199965,0.0,0.0425
2021-07-11,0.0425,5.237,99.92006,58.2537,0.024,0.0,0.0,0.0069411884356331425,0.0441074527199965,0.0,0.0425
2021-07-12,0.0425,5.2233,99.92006,58.2537,0.024,0.0,-0.00261942923882519,0.006891047236790902,0.0441074527199965,0.0,0.0425
2021-07-13,0.0425,5.1764,99.92006,58.2537,0.024,0.0,-0.009019552093147438,0.006452168466499144,0.0441074527199965,0.0,0.0425
2021-07-14,0.0425,5.0874,99.92006,58.2537,0.024,0.0,-0.017342939409502826,0.0076617008245457655,0.0441074527199965,0.0,0.0425
2021-07-15,0.0425,5.0994,99.92006,58.2537,0.024,0.0,0.0023559911946233894,0.007629311683336876,0.0441074527199965,0.0,0.0425
2021-07-16,0.0425,5.0935,99.92006,58.2537,0.024,0.0,-0.0011576687025145616,0.007647981643851117,0.0441074527199965,0.0,0.0425
2021-07-17,0.0425,5.0935,99.92006,58.2537,0.024,0.0,0.0,0.007647981643851117,0.0441074527199965,0.0,0.0425
2021-07-18,0.0425,5.0935,99.92006,58.2537,0.024,0.0,0.0,0.00763166378981835,0.0441074527199965,0.0,0.0425
2021-07-19,0.0425,5.1972,99.92006,58.2537,0.024,0.0,0.020154801978460125,0.008687810319298354,0.0441074527199965,0.0,0.0425
2021-07-20,0.0425,5.2459,99.92006,58.2537,0.024,0.0,0.009326800093967991,0.008582055007998253,0.0441074527199965,0.0,0.0425
2021-07-21,0.0425,5.251,99.92006,58.2537,0.024,0.0,0.0009717155353100935,0.008579036373339477,0.0441074527199965,0.0,0.0425
2021-07-22,0.0425,5.1972,99.92006,58.2537,0.024,0.0,-0.010298515629278165,0.009011229157489338,0.0441074527199965,0.0,0.0425
2021-07-23,0.0425,5.1695,99.92006,58.2537,0.024,0.0,-0.005344046981833349,0.00914096289568794,0.0441074527199965,0.0,0.0425
2021-07-24,0.0425,5.1695,99.92006,58.2537,0.024,0.0,0.0,0.00914096289568794,0.0441074527199965,0.0,0.0425
2021-07-25,0.0425,5.1695,99.92006,58.2537,0.024,0.0,0.0,0.008964702783444592,0.0441074527199965,0.0,0.0425
2021-07-26,0.0425,5.1857,99.92006,58.2537,0.024,0.0,0.003128865346149809,0.008100538250412875,0.0441074527199965,0.0,0.0425
2021-07-27,0.0425,5.1663,99.92006,58.2537,0.024,0.0,-0.0037480723939342757,0.007542879714660782,0.0441074527199965,0.0,0.0425
2021-07-28,0.0425,5.1521,99.92006,58.2537,0.024,0.0,-0.002752366445256037,0.007439205453852541,0.0441074527199965,0.0,0.0425
2021-07-29,0.0425,5.0676,99.92006,58.2537,0.024,0.0,-0.016537065805809145,0.008193316342795605,0.0441074527199965,0.0,0.0425
2021-07-30,0.0425,5.121,99.92006,58.2537,0.024,0.0,0.010482399734652323,0.008627778193455542,0.0441074527199965,0.0,0.0425
2021-07-31,0.0425,5.121,99.92006,58.2537,0.024,0.0,0.0,0.008627778193455542,0.0441074527199965,0.0,0.0425
2021-08-01,0.0425,5.121,99.30045,58.7605,0.024,0.0,0.0,0.008623698607494519,0.04291967874438507,0.0,0.0425
2021-08-02,0.0425,5.1373,99.30045,58.7605,0.024,0.0,0.0031779171437800098,0.008455547764668461,0.04291967874438507,0.0,0.0425
2021-08-03,0.0425,5.2458,99.30045,58.7605,0.024,0.0,0.020900106808569827,0.008736904313484364,0.04291967874438507,0.0,0.0425
2021-08-04,0.0425,5.2085,99.30045,58.7605,0.024,0.0,-0.007135849990396857,0.008945166745384729,0.04291967874438507,0.0,0.0425
2021-08-05,0.0525,5.1459,99.30045,58.7605,0.024,0.009999999999999995,-0.012091625340614334,0.00940979306654398,0.04291967874438507,0.0,0.0525
2021-08-06,0.0525,5.2404,99.30045,58.7605,0.024,0.0,0.01819755019562659,0.010203992737178001,0.04291967874438507,0.0,0.0525
2021-08-07,0.0525,5.2404,99.30045,58.7605,0.024,0.0,0.0,0.010203992737178001,0.04291967874438507,0.0,0.0525
2021-08-08,0.0525,5.2404,99.30045,58.7605,0.024,0.0,0.0,0.009202649543786742,0.04291967874438507,0.0,0.0525
2021-08-09,0.0525,5.2768,99.30045,58.7605,0.024,0.0,0.00692202208576399,0.009095149331488542,0.04291967874438507,0.0,0.0525
2021-08-10,0.0525,5.2211,99.30045,58.7605,0.024,0.0,-0.010611745719266477,0.009412959095560927,0.04291967874438507,0.0,0.0525
2021-08-11,0.0525,5.2007,99.30045,58.7605,0.024,0.0,-0.003914875751716931,0.00916040333456488,0.04291967874438507,0.0,0.0525
2021-08-12,0.0525,5.2345,99.30045,58.7605,0.024,0.0,0.006478096865113156,0.009176542349702076,0.04291967874438507,0.0,0.0525
2021-08-13,0.0525,5.2468,99.30045,58.7605,0.024,0.0,0.0023470381815810988,0.00918313703796184,0.04291967874438507,0.0,0.0525
2021-08-14,0.0525,5.2468,99.30045,58.7605,0.024,0.0,0.0,0.00918313703796184,0.04291967874438507,0.0,0.0525
2021-08-15,0.0525,5.2468,99.30045,58.7605,0.024,0.0,0.0,0.009166973926862597,0.04291967874438507,0.0,0.0525
2021-08-16,0.0525,5.2489,99.30045,58.7605,0.024,0.0,0.00040016388197495437,0.009110512871820957,0.04291967874438507,0.0,0.0525
2021-08-17,0.0525,5.2579,99.30045,58.7605,0.024,0.0,0.0017131766477388203,0.00907369451388715,0.04291967874438507,0.0,0.0525
2021-08-18,0.0525,5.3019,99.30045,58.7605,0.024,0.0,0.008333539393156519,0.008203970303797109,0.04291967874438507,0.0,0.0525
2021-08-19,0.0525,5.4174,99.30045,58.7605,0.024,0.0,0.0215507486776274,0.009111009721049217,0.04291967874438507,0.0,0.0525
2021-08-20,0.0525,5.4268,99.30045,58.7605,0.024,0.0,0.0017336460696650762,0.009091060207640599,0.04291967874438507,0.0,0.0525
2021-08-21,0.0525,5.4268,99.30045,58.7605,0.024,0.0,0.0,0.009091060207640599,0.04291967874438507,0.0,0.0525
2021-08-22,0.0525,5.4268,99.30045,58.7605,0.024,0.0,0.0,0.009113691012631596,0.04291967874438507,0.0,0.0525
2021-08-23,0.0525,5.368,99.30045,58.7605,0.024,0.0,-0.010894241959635752,0.008534008990606731,0.04291967874438507,0.0,0.0525
2021-08-24,0.0525,5.3011,99.30045,58.7605,0.024,0.0,-0.012541053476427458,0.008888492398690608,0.04291967874438507,0.0,0.0525
2021-08-25,0.0525,5.2459,99.30045,58.7605,0.024,0.0,-0.010467527072541085,0.008770370042002951,0.04291967874438507,0.0,0.0525
2021-08-26,0.0525,5.2423,99.30045,58.7605,0.024,0.0,-0.0006864857919144277,0.007777510572219727,0.04291967874438507,0.0,0.0525
2021-08-27,0.0525,5.2194,99.30045,58.7605,0.024,0.0,-0.00437788056908466,0.007839407834584469,0.04291967874438507,0.0,0.0525
2021-08-28,0.0525,5.2194,99.30045,58.7605,0.024,0.0,0.0,0.007839407834584469,0.04291967874438507,0.0,0.0525
2021-08-29,0.0525,5.2194,99.30045,58.7605,0.024,0.0,0.0,0.007659120554181062,0.04291967874438507,0.0,0.0525
2021-08-30,0.0525,5.1946,99.30045,58.7605,0.024,0.0,-0.004762828285260441,0.007360429461269647,0.04291967874438507,0.0,0.0525
2021-08-31,0.0525,5.1427,99.30045,58.7605,0.024,0.0,-0.010041391095742046,0.007642855699662713,0.04291967874438507,0.0,0.0525
2021-09-01,0.0525,5.157,97.12334,59.4421,0.024,0.0,0.0027767816904114284,0.007507050679219533,0.011003128984552468,0.0,0.0525
2021-09-02,0.0525,5.1729,97.12334,59.4421,0.024,0.0,0.003078444623236618,0.00752467121926841,0.011003128984552468,0.0,0.0525
2021-09-03,0.0525,5.1679,97.12334,59.4421,0.024,0.0,-0.0009670432441697313,0.007522980702430798,0.011003128984552468,0.0,0.0525
2021-09-04,0.0525,5.1679,97.12334,59.4421,0.024,0.0,0.0,0.007522980702430798,0.011003128984552468,0.0,0.0525
2021-09-05,0.0525,5.1679,97.12334,59.4421,0.024,0.0,0.0,0.007520271097825922,0.011003128984552468,0.0,0.0525
2021-09-06,0.0525,5.1767,97.12334,59.4421,0.024,0.0,0.0017013711738982384,0.007520065764619044,0.011003128984552468,0.0,0.0525
2021-09-07,0.0525,5.1767,97.12334,59.4421,0.024,0.0,0.0,0.007213240261343179,0.011003128984552468,0.0,0.0525
2021-09-08,0.0525,5.2518,97.12334,59.4421,0.024,0.0,0.014403087362523239,0.00612142258867502,0.011003128984552468,0.0,0.0525
2021-09-09,0.0525,5.2819,97.12334,59.4421,0.024,0.0,0.005715006488770435,0.006296146967256366,0.011003128984552468,0.0,0.0525
2021-09-10,0.0525,5.2152,97.12334,59.4421,0.024,0.0,-0.01270844284488827,0.006775432923384205,0.011003128984552468,0.0,0.0525
2021-09-11,0.0525,5.2152,97.12334,59.4421,0.024,0.0,0.0,0.006775432923384205,0.011003128984552468,0.0,0.0525
2021-09-12,0.0525,5.2152,97.12334,59.4421,0.024,0.0,0.0,0.006451982158479117,0.011003128984552468,0.0,0.0525
2021-09-13,0.0525,5.2184,97.12334,59.4421,0.024,0.0,0.0006134028715566454,0.005908811636604149,0.011003128984552468,0.0,0.0525
2021-09-14,0.0525,5.2254,97.12334,59.4421,0.024,0.0,0.0013405084448626008,0.005463706901986094,0.011003128984552468,0.0,0.0525
2021-09-15,0.0525,5.257,97.12334,59.4421,0.024,0.0,0.006029171892699118,0.005635619389830794,0.011003128984552468,0.0,0.0525
2021-09-16,0.0525,5.2588,97.12334,59.4421,0.024,0.0,0.00034234200300121693,0.005534387693258389,0.011003128984552468,0.0,0.0525
2021-09-17,0.0525,5.3097,97.12334,59.4421,0.024,0.0,0.009632472642368542,0.005906556495216834,0.011003128984552468,0.0,0.0525
2021-09-18,0.0525,5.3097,97.12334,59.4421,0.024,0.0,0.0,0.005906556495216834,0.011003128984552468,0.0,0.0525
2021-09-19,0.0525,5.3097,97.12334,59.4421,0.024,0.0,0.0,0.005762274765900128,0.011003128984552468,0.0,0.0525
2021-09-20,0.0525,5.3326,97.12334,59.4421,0.024,0.0,0.004303587634999091,0.005164844561114052,0.011003128984552468,0.0,0.0525
2021-09-21,0.0525,5.3038,97.12334,59.4421,0.024,0.0,-0.005415379335708718,0.005403713883178597,0.011003128984552468,0.0,0.0525
2021-09-22,0.0525,5.2777,97.12334,59.4421,0.024,0.0,-0.004933148028288601,0.0055674786926199135,0.011003128984552468,0.0,0.0525
2021-09-23,0.0625,5.2885,97.12334,59.4421,0.024,0.010000000000000002,0.0020442550322880017,0.00555209883973591,0.011003128984552468,0.0,0.0625
2021-09-24,0.0625,5.3429,97.12334,59.4421,0.024,0.0,0.01023392493740563,0.0059008426193666195,0.011003128984552468,0.0,0.0625
2021-09-25,0.0625,5.3429,97.12334,59.4421,0.024,0.0,0.0,0.0059008426193666195,0.011003128984552468,0.0,0.0625
2021-09-26,0.0625,5.3429,97.12334,59.4421,0.024,0.0,0.0,0.005912544492941844,0.011003128984552468,0.0,0.0625
2021-09-27,0.0625,5.3472,97.12334,59.4421,0.024,0.0,0.0008044826955613653,0.005903959729334984,0.011003128984552468,0.0,0.0625
2021-09-28,0.0625,5.42,97.12334,59.4421,0.024,0.0,0.013522756032617218,0.005806113215763365,0.011003128984552468,0.0,0.0625
2021-09-29,0.0625,5.4167,97.12334,59.4421,0.024,0.0,-0.0006090415166991257,0.005740688294249912,0.011003128984552468,0.0,0.0625
2021-09-30,0.0625,5.4388,97.12334,59.4421,0.024,0.0,0.004071674364538138,0.004728761620044373,0.011003128984552468,0.0,0.0625
2021-10-01,0.0625,5.3905,96.51222,60.185100000000006,0.043,0.0,-0.008920303302358212,0.005320783960348243,-0.01534650874348309,0.0,0.0625
2021-10-02,0.0625,5.3905,96.51222,60.185100000000006,0.043,0.0,0.0,0.005320783960348243,-0.01534650874348309,0.0,0.0625
2021-10-03,0.0625,5.3905,96.51222,60.185100000000006,0.043,0.0,0.0,0.0053288538023349916,-0.01534650874348309,0.0,0.0625
2021-10-04,0.0625,5.4198,96.51222,60.185100000000006,0.043,0.0,0.005420769404680177,0.005395187812390472,-0.01534650874348309,0.0,0.0625
2021-10-05,0.0625,5.4605,96.51222,60.185100000000006,0.043,0.0,0.007481446253930099,0.005464063669256839,-0.01534650874348309,0.0,0.0625
2021-10-06,0.0625,5.5091,96.51222,60.185100000000006,0.043,0.0,0.008860909784907259,0.005664667431296677,-0.01534650874348309,0.0,0.0625
2021-10-07,0.0625,5.5134,96.51222,60.185100000000006,0.043,0.0,0.0007802223122040121,0.005403450843818386,-0.01534650874348309,0.0,0.0625
2021-10-08,0.0625,5.5078,96.51222,60.185100000000006,0.043,0.0,-0.0010162233662272238,0.005426810171964757,-0.01534650874348309,0.0,0.0625
2021-10-09,0.0625,5.5078,96.51222,60.185100000000006,0.043,0.0,0.0,0.005426810171964757,-0.01534650874348309,0.0,0.0625
2021-10-10,0.0625,5.5078,96.51222,60.185100000000006,0.043,0.0,0.0,0.005408921514162969,-0.01534650874348309,0.0,0.0625
2021-10-11,0.0625,5.5155,96.51222,60.185100000000006,0.043,0.0,0.0013970410407693377,0.005151162763018952,-0.01534650874348309,0.0,0.0625
2021-10-12,0.0625,5.5155,96.51222,60.185100000000006,0.043,0.0,0.0,0.004916645192401869,-0.01534650874348309,0.0,0.0625
2021-10-13,0.0625,5.5464,96.51222,60.185100000000006,0.043,0.0,0.00558675821884431,0.004974077708036933,-0.01534650874348309,0.0,0.0625
2021-10-14,0.0625,5.4982,96.51222,60.185100000000006,0.043,0.0,-0.008728302700397534,0.00520043934154411,-0.01534650874348309,0.0,0.0625
2021-10-15,0.0625,5.4504,96.51222,60.185100000000006,0.043,0.0,-0.00873176546842473,0.005672170191692514,-0.01534650874348309,0.0,0.0625
2021-10-16,0.0625,5.4504,96.51222,60.185100000000006,0.043,0.0,0.0,0.005672170191692514,-0.01534650874348309,0.0,0.0625
2021-10-17,0.0625,5.4504,96.51222,60.185100000000006,0.043,0.0,0.0,0.005676450848989952,-0.01534650874348309,0.0,0.0625
2021-10-18,0.0625,5.5187,96.51222,60.185100000000006,0.043,0.0,0.012453324829119296,0.005555591272673463,-0.01534650874348309,0.0,0.0625
2021-10-19,0.0625,5.5515,96.51222,60.185100000000006,0.043,0.0,0.005925836205742495,0.005653333863608902,-0.01534650874348309,0.0,0.0625
2021-10-20,0.0625,5.5565,96.51222,60.185100000000006,0.043,0.0,0.0009002521313808333,0.005613744005487293,-0.01534650874348309,0.0,0.0625
2021-10-21,0.0625,5.6417,96.51222,60.185100000000006,0.043,0.0,0.015217024888708153,0.0059380392043870975,-0.01534650874348309,0.0,0.0625
2021-10-22,0.0625,5.7111,96.51222,60.185100000000006,0.043,0.0,0.012226211065443532,0.006308995353368615,-0.01534650874348309,0.0,0.0625
2021-10-23,0.0625,5.7111,96.51222,60.185100000000006,0.043,0.0,0.0,0.006308995353368615,-0.01534650874348309,0.0,0.0625
2021-10-24,0.0625,5.7111,96.51222,60.185100000000006,0.043,0.0,0.0,0.0063109292486010155,-0.01534650874348309,0.0,0.0625
2021-10-25,0.0625,5.5967,96.51222,60.185100000000006,0.043,0.0,-0.02023451126796585,0.008002907508676105,-0.01534650874348309,0.0,0.0625
2021-10-26,0.0625,5.5794,96.51222,60.185100000000006,0.043,0.0,-0.0030958945996803658,0.00784810516517454,-0.01534650874348309,0.0,0.0625
2021-10-27,0.0625,5.5661,96.51222,60.185100000000006,0.043,0.0,-0.0023866145642613685,0.007876893654098297,-0.01534650874348309,0.0,0.0625
2021-10-28,0.0775,5.6118,96.51222,60.185100000000006,0.043,0.015,0.00817689452061517,0.008051548736004176,-0.01534650874348309,0.0,0.0775
2021-10-29,0.0775,5.6424,96.51222,60.185100000000006,0.043,0.0,0.0054379832254092385,0.008109909314468948,-0.01534650874348309,0.0,0.0775
2021-10-30,0.0775,5.6424,96.51222,60.185100000000006,0.043,0.0,0.0,0.008109909314468948,-0.01534650874348309,0.0,0.0775
2021-10-31,0.0775,5.6424,96.51222,60.185100000000006,0.043,0.0,0.0,0.008114203569921187,-0.01534650874348309,0.0,0.0775
2021-11-01,0.0775,5.6688,97.79302,60.756899999999995,0.043,0.0,0.004667948217238071,0.008146835588165745,0.011470668515025206,0.0,0.0775
2021-11-02,0.0775,5.6688,97.79302,60.756899999999995,0.043,0.0,0.0,0.008090252060493935,0.011470668515025206,0.0,0.0775
2021-11-03,0.0775,5.6666,97.79302,60.756899999999995,0.043,0.0,-0.00038816451605117356,0.007765902943733767,0.011470668515025206,0.0,0.0775
2021-11-04,0.0775,5.5936,97.79302,60.756899999999995,0.043,0.0,-0.012966203573994722,0.008109878903520466,0.011470668515025206,0.0,0.0775
2021-11-05,0.0775,5.5449,97.79302,60.756899999999995,0.043,0.0,-0.008744500664417289,0.008413502999592981,0.011470668515025206,0.0,0.0775
2021-11-06,0.0775,5.5449,97.79302,60.756899999999995,0.043,0.0,0.0,0.008413502999592981,0.011470668515025206,0.0,0.0775
2021-11-07,0.0775,5.5449,97.79302,60.756899999999995,0.043,0.0,0.0,0.007958844160925961,0.011470668515025206,0.0,0.0775
2021-11-08,0.0775,5.5621,97.79302,60.756899999999995,0.043,0.0,0.0030971484197355645,0.007877139700727379,0.011470668515025206,0.0,0.0775
2021-11-09,0.0775,5.4951,97.79302,60.756899999999995,0.043,0.0,-0.012118948742199072,0.008331943162980289,0.011470668515025206,0.0,0.0775
2021-11-10,0.0775,5.4584,97.79302,60.756899999999995,0.043,0.0,-0.00670107953306702,0.007553236094687869,0.011470668515025206,0.0,0.0775
2021-11-11,0.0775,5.4165,97.79302,60.756899999999995,0.043,0.0,-0.007705856115591731,0.006913665594679025,0.011470668515025206,0.0,0.0775
2021-11-12,0.0775,5.4193,97.79302,60.756899999999995,0.043,0.0,0.0005168054158106838,0.006925040357310894,0.011470668515025206,0.0,0.0775
2021-11-13,0.0775,5.4193,97.79302,60.756899999999995,0.043,0.0,0.0,0.006925040357310894,0.011470668515025206,0.0,0.0775
2021-11-14,0.0775,5.4193,97.79302,60.756899999999995,0.043,0.0,0.0,0.005560102982040333,0.011470668515025206,0.0,0.0775
2021-11-15,0.0775,5.4193,97.79302,60.756899999999995,0.043,0.0,0.0,0.0055596686411661395,0.011470668515025206,0.0,0.0775
2021-11-16,0.0775,5.4766,97.79302,60.756899999999995,0.043,0.0,0.010517814633147304,0.00616211424481012,0.011470668515025206,0.0,0.0775
2021-11-17,0.0775,5.4987,97.79302,60.756899999999995,0.043,0.0,0.00402723021133196,0.005908204416560741,0.011470668515025206,0.0,0.0775
2021-11-18,0.0775,5.5464,97.79302,60.756899999999995,0.043,0.0,0.00863736798236881,0.006131305608512924,0.011470668515025206,0.0,0.0775
2021-11-19,0.0775,5.5578,97.79302,60.756899999999995,0.043,0.0,0.0020532778597561426,0.006163534222390594,0.011470668515025206,0.0,0.0775
2021-11-20,0.0775,5.5578,97.79302,60.756899999999995,0.043,0.0,0.0,0.006163534222390594,0.011470668515025206,0.0,0.0775
2021-11-21,0.0775,5.5578,97.79302,60.756899999999995,0.043,0.0,0.0,0.006034387232946573,0.011470668515025206,0.0,0.0775
2021-11-22,0.0775,5.5835,97.79302,60.756899999999995,0.043,0.0,0.004613473397809963,0.00616102298398949,0.011470668515025206,0.0,0.0775
2021-11-23,0.0775,5.645,97.79302,60.756899999999995,0.043,0.0,0.010954377697915563,0.006695709877842905,0.011470668515025206,0.0,0.0775
2021-11-24,0.0775,5.6021,97.79302,60.756899999999995,0.043,0.0,-0.0076286701554485695,0.00625134195413465,0.011470668515025206,0.0,0.0775
2021-11-25,0.0775,5.5734,97.79302,60.756899999999995,0.043,0.0,-0.005136246806783639,0.0060315927942286626,0.011470668515025206,0.0,0.0775
2021-11-26,0.0775,5.5859,97.79302,60.756899999999995,0.043,0.0,0.002240284825749818,0.006047363617970562,0.011470668515025206,0.0,0.0775
2021-11-27,0.0775,5.5859,97.79302,60.756899999999995,0.043,0.0,0.0,0.006047363617970562,0.011470668515025206,0.0,0.0775
2021-11-28,0.0775,5.5859,97.79302,60.756899999999995,0.043,0.0,0.0,0.006013367765786533,0.011470668515025206,0.0,0.0775
2021-11-29,0.0775,5.6112,97.79302,60.756899999999995,0.043,0.0,0.004519034938633683,0.005329455100297735,0.011470668515025206,0.0,0.0775
2021-11-30,0.0775,5.6193,97.79302,60.756899999999995,0.043,0.0,0.0014425005840426653,0.005007850372435619,0.011470668515025206,0.0,0.0775
2021-12-01,0.0775,5.6162,99.18245,61.2004,0.043,0.0,-0.0005518223628079551,0.004554203122512674,0.017229084320546706,0.0,0.0775
2021-12-02,0.0775,5.6339,99.18245,61.2004,0.043,0.0,0.0031466412928757505,0.004552856731212757,0.017229084320546706,0.0,0.0775
2021-12-03,0.0775,5.6426,99.18245,61.2004,0.043,0.0,0.0015430322752959867,0.004531242878551992,0.017229084320546706,0.0,0.0775
2021-12-04,0.0775,5.6426,99.18245,61.2004,0.043,0.0,0.0,0.004531242878551992,0.017229084320546706,0.0,0.0775
2021-12-05,0.0775,5.6426,99.18245,61.2004,0.043,0.0,0.0,0.004531242878551992,0.017229084320546706,0.0,0.0775
2021-12-06,0.0775,5.6871,99.18245,61.2004,0.043,0.0,0.007855499940308833,0.004301720037341811,0.017229084320546706,0.0,0.0775
2021-12-07,0.0775,5.6405,99.18245,61.2004,0.043,0.0,-0.008227738070653861,0.0048219880396761245,0.017229084320546706,0.0,0.0775
2021-12-08,0.0775,5.5773,99.18245,61.2004,0.043,0.0,-0.011267925740693822,0.005256633345168457,0.017229084320546706,0.0,0.0775
2021-12-09,0.0925,5.5558,99.18245,61.2004,0.043,0.015,-0.0038623611981891,0.005317549873069034,0.017229084320546706,0.0,0.0925
2021-12-10,0.0925,5.5925,99.18245,61.2004,0.043,0.0,0.006583987258192688,0.0055187184375525425,0.017229084320546706,0.0,0.0925
2021-12-11,0.0925,5.5925,99.18245,61.2004,0.043,0.0,0.0,0.0055187184375525425,0.017229084320546706,0.0,0.0925
2021-12-12,0.0925,5.5925,99.18245,61.2004,0.043,0.0,0.0,0.005425048746771402,0.017229084320546706,0.0,0.0925
2021-12-13,0.0925,5.6351,99.18245,61.2004,0.043,0.0,0.007588479181055864,0.005113214026011096,0.017229084320546706,0.0,0.0925
2021-12-14,0.0925,5.6455,99.18245,61.2004,0.043,0.0,0.0018438740752363162,0.004807525481821747,0.017229084320546706,0.0,0.0925
2021-12-15,0.0925,5.7121,99.18245,61.2004,0.043,0.0,0.011727964248398759,0.005246869947121828,0.017229084320546706,0.0,0.0925
2021-12-16,0.0925,5.6957,99.18245,61.2004,0.043,0.0,-0.0028752277035260032,0.005319168650948255,0.017229084320546706,0.0,0.0925
2021-12-17,0.0925,5.6953,99.18245,61.2004,0.043,0.0,-7.023088406027908e-05,0.005319868144260964,0.017229084320546706,0.0,0.0925
2021-12-18,0.0925,5.6953,99.18245,61.2004,0.043,0.0,0.0,0.005319868144260964,0.017229084320546706,0.0,0.0925
2021-12-19,0.0925,5.6953,99.18245,61.2004,0.043,0.0,0.0,0.005256780943619868,0.017229084320546706,0.0,0.0925
2021-12-20,0.0925,5.7049,99.18245,61.2004,0.043,0.0,0.0016841813773747986,0.005258748949586584,0.017229084320546706,0.0,0.0925
2021-12-21,0.0925,5.7367,99.18245,61.2004,0.043,0.0,0.0055586774370767235,0.0053553896934275405,0.017229084320546706,0.0,0.0925
2021-12-22,0.0925,5.7195,99.18245,61.2004,0.043,0.0,-0.0030027431301129196,0.005405662640803433,0.017229084320546706,0.0,0.0925
2021-12-23,0.0925,5.6904,99.18245,61.2004,0.043,0.0,-0.005100844546422631,0.005556654655083598,0.017229084320546706,0.0,0.0925
2021-12-24,0.0925,5.6541,99.18245,61.2004,0.043,0.0,-0.006399598728613786,0.005762662804615428,0.017229084320546706,0.0,0.0925
2021-12-25,0.0925,5.6541,99.18245,61.2004,0.043,0.0,0.0,0.005762662804615428,0.017229084320546706,0.0,0.0925
2021-12-26,0.0925,5.6541,99.18245,61.2004,0.043,0.0,0.0,0.00546646436686702,0.017229084320546706,0.0,0.0925
2021-12-27,0.0925,5.6644,99.18245,61.2004,0.043,0.0,0.0018200296582118964,0.00515128332542164,0.017229084320546706,0.0,0.0925
2021-12-28,0.0925,5.6432,99.18245,61.2004,0.043,0.0,-0.003749694867116047,0.004503026145851159,0.017229084320546706,0.0,0.0925
2021-12-29,0.0925,5.6613,99.18245,61.2004,0.043,0.0,0.003202267321371999,0.004411769055225393,0.017229084320546706,0.0,0.0925
2021-12-30,0.0925,5.5799,99.18245,61.2004,0.043,0.0,-0.014482692735342098,0.005398091544306326,0.017229084320546706,0.0,0.0925
2021-12-31,0.0925,5.5799,99.18245,61.2004,0.043,0.0,0.0,0.005398091544306326,0.017229084320546706,0.0,0.0925
2022-01-01,0.0925,5.5799,91.92822,61.5309,0.048,0.0,0.0,0.005398091544306326,-0.002012623324609719,0.0,0.0925
2022-01-02,0.0925,5.5799,91.92822,61.5309,0.048,0.0,0.0,0.005085958795504621,-0.002012623324609719,0.0,0.0925
2022-01-03,0.0925,5.6303,91.92822,61.5309,0.048,0.0,0.008991871614300173,0.005493576473266083,-0.002012623324609719,0.0,0.0925
2022-01-04,0.0925,5.677,91.92822,61.5309,0.048,0.0,0.008260197488608336,0.005142996206359643,-0.002012623324609719,0.0,0.0925
2022-01-05,0.0925,5.6622,91.92822,61.5309,0.048,0.0,-0.0026104149153837464,0.005136376156995446,-0.002012623324609719,0.0,0.0925
2022-01-06,0.0925,5.7036,91.92822,61.5309,0.048,0.0,0.0072850451526216145,0.005409376169437205,-0.002012623324609719,0.0,0.0925
2022-01-07,0.0925,5.6747,91.92822,61.5309,0.048,0.0,-0.005079855891804744,0.005530870870898662,-0.002012623324609719,0.0,0.0925
2022-01-08,0.0925,5.6747,91.92822,61.5309,0.048,0.0,0.0,0.005530870870898662,-0.002012623324609719,0.0,0.0925
2022-01-09,0.0925,5.6747,91.92822,61.5309,0.048,0.0,0.0,0.005513770098337757,-0.002012623324609719,0.0,0.0925
2022-01-10,0.0925,5.673,91.92822,61.5309,0.048,0.0,-0.0002996201895921876,0.005340988507867321,-0.002012623324609719,0.0,0.0925
2022-01-11,0.0925,5.6345,91.92822,61.5309,0.048,0.0,-0.006809665934163119,0.0054982132354992165,-0.002012623324609719,0.0,0.0925
2022-01-12,0.0925,5.5605,91.92822,61.5309,0.048,0.0,-0.013220380133507344,0.006102987871114126,-0.002012623324609719,0.0,0.0925
2022-01-13,0.0925,5.524,91.92822,61.5309,0.048,0.0,-0.006585796729713956,0.0061115460244780115,-0.002012623324609719,0.0,0.0925
2022-01-14,0.0925,5.5343,91.92822,61.5309,0.048,0.0,0.0018628546844654513,0.006144326021884264,-0.002012623324609719,0.0,0.0925
2022-01-15,0.0925,5.5343,91.92822,61.5309,0.048,0.0,0.0,0.006144326021884264,-0.002012623324609719,0.0,0.0925
2022-01-16,0.0925,5.5343,91.92822,61.5309,0.048,0.0,0.0,0.006112653917699822,-0.002012623324609719,0.0,0.0925
2022-01-17,0.0925,5.5052,91.92822,61.5309,0.048,0.0,-0.005271990108270566,0.0061558993171825,-0.002012623324609719,0.0,0.0925
2022-01-18,0.0925,5.5207,91.92822,61.5309,0.048,0.0,0.0028115637200557143,0.006141670708443753,-0.002012623324609719,0.0,0.0925
2022-01-19,0.0925,5.4972,91.92822,61.5309,0.048,0.0,-0.004265792144736573,0.005358740859354162,-0.002012623324609719,0.0,0.0925
2022-01-20,0.0925,5.416,91.92822,61.5309,0.048,0.0,-0.014881336088585823,0.006214442591015857,-0.002012623324609719,0.0,0.0925
2022-01-21,0.0925,5.4395,91.92822,61.5309,0.048,0.0,0.004329609269026273,0.0063431806759168255,-0.002012623324609719,0.0,0.0925
2022-01-22,0.0925,5.4395,91.92822,61.5309,0.048,0.0,0.0,0.0063431806759168255,-0.002012623324609719,0.0,0.0925
2022-01-23,0.0925,5.4395,91.92822,61.5309,0.048,0.0,0.0,0.005878917787677995,-0.002012623324609719,0.0,0.0925
2022-01-24,0.0925,5.4904,91.92822,61.5309,0.048,0.0,0.009313967733287633,0.005977010156291559,-0.002012623324609719,0.0,0.0925
2022-01-25,0.0925,5.4965,91.92822,61.5309,0.048,0.0,0.001110413424493454,0.0060040800333661095,-0.002012623324609719,0.0,0.0925
2022-01-26,0.0925,5.4318,91.92822,61.5309,0.048,0.0,-0.011840955309468838,0.006056621461651943,-0.002012623324609719,0.0,0.0925
2022-01-27,0.0925,5.3806,91.92822,61.5309,0.048,0.0,-0.009470678608407966,0.0062342702918299275,-0.002012623324609719,0.0,0.0925
2022-01-28,0.0925,5.3948,91.92822,61.5309,0.048,0.0,0.0026356345416607098,0.006320734072989325,-0.002012623324609719,0.0,0.0925
2022-01-29,0.0925,5.3948,91.92822,61.5309,0.048,0.0,0.0,0.006320734072989325,-0.002012623324609719,0.0,0.0925
2022-01-30,0.0925,5.3948,91.92822,61.5309,0.048,0.0,0.0,0.006326648686016765,-0.002012623324609719,0.0,0.0925
2022-01-31,0.0925,5.3568,91.92822,61.5309,0.048,0.0,-0.007068744787601031,0.0063361648718837415,-0.002012623324609719,0.0,0.0925
2022-02-01,0.0925,5.2804,95.65832,62.1524,0.048,0.0,-0.014364929448496861,0.006442111573807552,0.01682056543487076,0.0,0.0925
2022-02-02,0.0925,5.295,95.65832,62.1524,0.048,0.0,0.0027611266289021786,0.006475495340201076,0.01682056543487076,0.0,0.0925
2022-02-03,0.0925,5.3019,95.65832,62.1524,0.048,0.0,0.0013022678283541361,0.00645855302390694,0.01682056543487076,0.0,0.0925
2022-02-04,0.1075,5.3278,95.65832,62.1524,0.048,0.015,0.004873148114275403,0.0066332938514677905,0.01682056543487076,0.0,0.1075
2022-02-05,0.1075,5.3278,95.65832,62.1524,0.048,0.0,0.0,0.0066332938514677905,0.01682056543487076,0.0,0.1075
2022-02-06,0.1075,5.3278,95.65832,62.1524,0.048,0.0,0.0,0.0065969499391959185,0.01682056543487076,0.0,0.1075
2022-02-07,0.1075,5.2907,95.65832,62.1524,0.048,0.0,-0.0069878327382138,0.006612989986388155,0.01682056543487076,0.0,0.1075
2022-02-08,0.1075,5.2693,95.65832,62.1524,0.048,0.0,-0.004053035851323174,0.006609539810645362,0.01682056543487076,0.0,0.1075
2022-02-09,0.1075,5.2729,95.65832,62.1524,0.048,0.0,0.0006829694257239801,0.005906444206880312,0.01682056543487076,0.0,0.1075
2022-02-10,0.1075,5.2095,95.65832,62.1524,0.048,0.0,-0.01209661396208512,0.006210951827082036,0.01682056543487076,0.0,0.1075
2022-02-11,0.1075,5.1981,95.65832,62.1524,0.048,0.0,-0.002190707667327665,0.006190133054836997,0.01682056543487076,0.0,0.1075
2022-02-12,0.1075,5.1981,95.65832,62.1524,0.048,0.0,0.0,0.006190133054836997,0.01682056543487076,0.0,0.1075
2022-02-13,0.1075,5.1981,95.65832,62.1524,0.048,0.0,0.0,0.005594498731108648,0.01682056543487076,0.0,0.1075
2022-02-14,0.1075,5.21,95.65832,62.1524,0.048,0.0,0.0022866815625018086,0.005643028954001279,0.01682056543487076,0.0,0.1075
2022-02-15,0.1075,5.1875,95.65832,62.1524,0.048,0.0,-0.0043279702084588175,0.005236264538794546,0.01682056543487076,0.0,0.1075
2022-02-16,0.1075,5.1624,95.65832,62.1524,0.048,0.0,-0.004850297917323802,0.004999881499754213,0.01682056543487076,0.0,0.1075
2022-02-17,0.1075,5.1559,95.65832,62.1524,0.048,0.0,-0.0012598976303868808,0.004881396783385144,0.01682056543487076,0.0,0.1075
2022-02-18,0.1075,5.1333,95.65832,62.1524,0.048,0.0,-0.004392962785208666,0.0048729568384023505,0.01682056543487076,0.0,0.1075
2022-02-19,0.1075,5.1333,95.65832,62.1524,0.048,0.0,0.0,0.0048729568384023505,0.01682056543487076,0.0,0.1075
2022-02-20,0.1075,5.1333,95.65832,62.1524,0.048,0.0,0.0,0.004778379369436751,0.01682056543487076,0.0,0.1075
2022-02-21,0.1075,5.0991,95.65832,62.1524,0.048,0.0,-0.006684673654619009,0.003986433454372349,0.01682056543487076,0.0,0.1075
2022-02-22,0.1075,5.0605,95.65832,62.1524,0.048,0.0,-0.007598760922459539,0.004042518750309533,0.01682056543487076,0.0,0.1075
2022-02-23,0.1075,5.0137,95.65832,62.1524,0.048,0.0,-0.009291127169837344,0.004239722634513629,0.01682056543487076,0.0,0.1075
2022-02-24,0.1075,5.1168,95.65832,62.1524,0.048,0.0,0.02035507818051642,0.006515798698711537,0.01682056543487076,0.0,0.1075
2022-02-25,0.1075,5.1388,95.65832,62.1524,0.048,0.0,0.004290345517819507,0.006654957212571738,0.01682056543487076,0.0,0.1075
2022-02-26,0.1075,5.1388,95.65832,62.1524,0.048,0.0,0.0,0.006654957212571738,0.01682056543487076,0.0,0.1075
2022-02-27,0.1075,5.1388,95.65832,62.1524,0.048,0.0,0.0,0.006551209511484085,0.01682056543487076,0.0,0.1075
2022-02-28,0.1075,5.1388,95.65832,62.1524,0.048,0.0,0.0,0.006529314497910385,0.01682056543487076,0.0,0.1075
2022-03-01,0.1075,5.1388,104.68428,63.1593,0.048,0.0,0.0,0.006520431420997204,0.034009705544487456,0.0,0.1075
2022-03-02,0.1075,5.1341,104.68428,63.1593,0.048,0.0,-0.0009150289261909985,0.006003801802689094,0.034009705544487456,0.0,0.1075
2022-03-03,0.1075,5.0473,104.68428,63.1593,0.048,0.0,-0.01705111340533348,0.007026645930086318,0.034009705544487456,0.0,0.1075
2022-03-04,0.1075,5.0752,104.68428,63.1593,0.048,0.0,0.005512486174543966,0.00719355722393806,0.034009705544487456,0.0,0.1075
2022-03-05,0.1075,5.0752,104.68428,63.1593,0.048,0.0,0.0,0.00719355722393806,0.034009705544487456,0.0,0.1075
2022-03-06,0.1075,5.0752,104.68428,63.1593,0.048,0.0,0.0,0.007153344042528784,0.034009705544487456,0.0,0.1075
2022-03-07,0.1075,5.0573,104.68428,63.1593,0.048,0.0,-0.0035331889703635183,0.0071378908743064675,0.034009705544487456,0.0,0.1075
2022-03-08,0.1075,5.0897,104.68428,63.1593,0.048,0.0,0.006386145681213861,0.00728208651079416,0.034009705544487456,0.0,0.1075
2022-03-09,0.1075,5.0088,104.68428,63.1593,0.048,0.0,-0.01602252428022374,0.008048689637190607,0.034009705544487456,0.0,0.1075
2022-03-10,0.1075,5.0507,104.68428,63.1593,0.048,0.0,0.00833048209367738,0.00830243979422017,0.034009705544487456,0.0,0.1075
2022-03-11,0.1075,5.0249,104.68428,63.1593,0.048,0.0,-0.005121294293031585,0.008354917224343563,0.034009705544487456,0.0,0.1075
2022-03-12,0.1075,5.0249,104.68428,63.1593,0.048,0.0,0.0,0.008354917224343563,0.034009705544487456,0.0,0.1075
2022-03-13,0.1075,5.0249,104.68428,63.1593,0.048,0.0,0.0,0.008251431470714367,0.034009705544487456,0.0,0.1075
2022-03-14,0.1075,5.0641,104.68428,63.1593,0.048,0.0,0.007770878632678638,0.008293941948318959,0.034009705544487456,0.0,0.1075
2022-03-15,0.1075,5.1308,104.68428,63.1593,0.048,0.0,0.013085160561270634,0.008476811069902206,0.034009705544487456,0.0,0.1075
2022-03-16,0.1075,5.1281,104.68428,63.1593,0.048,0.0,-0.0005263722352962429,0.0071731450928790306,0.034009705544487456,0.0,0.1075
2022-03-17,0.1175,5.0758,104.68428,63.1593,0.048,0.009999999999999995,-0.010251072235595819,0.00745844197928004,0.034009705544487456,0.0,0.1175
2022-03-18,0.1175,5.0405,104.68428,63.1593,0.048,0.0,-0.006978864460807359,0.007590157625746568,0.034009705544487456,0.0,0.1175
2022-03-19,0.1175,5.0405,104.68428,63.1593,0.048,0.0,0.0,0.007590157625746568,0.034009705544487456,0.0,0.1175
2022-03-20,0.1175,5.0405,104.68428,63.1593,0.048,0.0,0.0,0.007590157625746568,0.034009705544487456,0.0,0.1175
2022-03-21,0.1175,4.966,104.68428,63.1593,0.048,0.0,-0.014890596425884247,0.00819654156408746,0.034009705544487456,0.0,0.1175
2022-03-22,0.1175,4.9202,104.68428,63.1593,0.048,0.0,-0.009265507001459459,0.008364856521820225,0.034009705544487456,0.0,0.1175
2022-03-23,0.1175,4.8698,104.68428,63.1593,0.048,0.0,-0.010296311595127726,0.007851192268180405,0.034009705544487456,0.0,0.1175
2022-03-24,0.1175,4.8061,104.68428,63.1593,0.048,0.0,-0.013166924067401914,0.008045411176014159,0.034009705544487456,0.0,0.1175
2022-03-25,0.1175,4.7776,104.68428,63.1593,0.048,0.0,-0.005947616059251759,0.008049344541056358,0.034009705544487456,0.0,0.1175
2022-03-26,0.1175,4.7776,104.68428,63.1593,0.048,0.0,0.0,0.008049344541056358,0.034009705544487456,0.0,0.1175
2022-03-27,0.1175,4.7776,104.68428,63.1593,0.048,0.0,0.0,0.008076247247278167,0.034009705544487456,0.0,0.1175
2022-03-28,0.1175,4.7899,104.68428,63.1593,0.048,0.0,0.0025712060154435387,0.007889651121456991,0.034009705544487456,0.0,0.1175
2022-03-29,0.1175,4.748,104.68428,63.1593,0.048,0.0,-0.008786057630755913,0.007414326906245463,0.034009705544487456,0.0,0.1175
2022-03-30,0.1175,4.7491,104.68428,63.1593,0.048,0.0,0.0002316496625115126,0.006990757073586421,0.034009705544487456,0.0,0.1175
2022-03-31,0.1175,4.7372,104.68428,63.1593,0.048,0.0,-0.0025088825447302818,0.00697496906301902,0.034009705544487456,0.0,0.1175
2022-04-01,0.1175,4.6978,100.17405,63.8288,0.047,0.0,-0.008351929841604705,0.0070389079188005405,0.029433284794250003,0.0,0.1175
2022-04-02,0.1175,4.6978,100.17405,63.8288,0.047,0.0,0.0,0.0070389079188005405,0.029433284794250003,0.0,0.1175
2022-04-03,0.1175,4.6978,100.17405,63.8288,0.047,0.0,0.0,0.006592123049014597,0.029433284794250003,0.0,0.1175
2022-04-04,0.1175,4.6169,100.17405,63.8288,0.047,0.0,-0.01737082981929416,0.005987449803510349,0.029433284794250003,0.0,0.1175
2022-04-05,0.1175,4.6394,100.17405,63.8288,0.047,0.0,0.004861563327728971,0.006324185149438112,0.029433284794250003,0.0,0.1175
2022-04-06,0.1175,4.6961,100.17405,63.8288,0.047,0.0,0.01214732948594282,0.007260636951789543,0.029433284794250003,0.0,0.1175
2022-04-07,0.1175,4.7416,100.17405,63.8288,0.047,0.0,0.009642254473515455,0.007818021406864436,0.029433284794250003,0.0,0.1175
2022-04-08,0.1175,4.7507,100.17405,63.8288,0.047,0.0,0.001917344118452178,0.007869063220183319,0.029433284794250003,0.0,0.1175
2022-04-09,0.1175,4.7507,100.17405,63.8288,0.047,0.0,0.0,0.007869063220183319,0.029433284794250003,0.0,0.1175
2022-04-10,0.1175,4.7507,100.17405,63.8288,0.047,0.0,0.0,0.007369484575949578,0.029433284794250003,0.0,0.1175
2022-04-11,0.1175,4.7019,100.17405,63.8288,0.047,0.0,-0.010325293263948281,0.0074264300375876365,0.029433284794250003,0.0,0.1175
2022-04-12,0.1175,4.6477,100.17405,63.8288,0.047,0.0,-0.011594208769276491,0.007505515989384788,0.029433284794250003,0.0,0.1175
2022-04-13,0.1175,4.6805,100.17405,63.8288,0.047,0.0,0.0070324682529437944,0.007328032492273989,0.029433284794250003,0.0,0.1175
2022-04-14,0.1175,4.7152,100.17405,63.8288,0.047,0.0,0.007386391171630846,0.0074900136401525865,0.029433284794250003,0.0,0.1175
2022-04-15,0.1175,4.7152,100.17405,63.8288,0.047,0.0,0.0,0.0074900136401525865,0.029433284794250003,0.0,0.1175
2022-04-16,0.1175,4.7152,100.17405,63.8288,0.047,0.0,0.0,0.0074900136401525865,0.029433284794250003,0.0,0.1175
2022-04-17,0.1175,4.7152,100.17405,63.8288,0.047,0.0,0.0,0.007453659516306082,0.029433284794250003,0.0,0.1175
2022-04-18,0.1175,4.674,100.17405,63.8288,0.047,0.0,-0.008776096884627034,0.007453097141080658,0.029433284794250003,0.0,0.1175
2022-04-19,0.1175,4.6658,100.17405,63.8288,0.047,0.0,-0.0017559267022650312,0.007452072986546878,0.029433284794250003,0.0,0.1175
2022-04-20,0.1175,4.6391,100.17405,63.8288,0.047,0.0,-0.005738927507222536,0.007523778982848031,0.029433284794250003,0.0,0.1175
2022-04-21,0.1175,4.6391,100.17405,63.8288,0.047,0.0,0.0,0.007326133531420887,0.029433284794250003,0.0,0.1175
2022-04-22,0.1175,4.732,100.17405,63.8288,0.047,0.0,0.019827564208961646,0.0086395027569549,0.029433284794250003,0.0,0.1175
2022-04-23,0.1175,4.732,100.17405,63.8288,0.047,0.0,0.0,0.0086395027569549,0.029433284794250003,0.0,0.1175
2022-04-24,0.1175,4.732,100.17405,63.8288,0.047,0.0,0.0,0.007569836172720196,0.029433284794250003,0.0,0.1175
2022-04-25,0.1175,4.8812,100.17405,63.8288,0.047,0.0,0.031043145159406867,0.010078751853416296,0.029433284794250003,0.0,0.1175
2022-04-26,0.1175,4.966,100.17405,63.8288,0.047,0.0,0.01722359581042757,0.010392454888674673,0.029433284794250003,0.0,0.1175
2022-04-27,0.1175,5.0161,100.17405,63.8288,0.047,0.0,0.010038052250067793,0.01040654913501801,0.029433284794250003,0.0,0.1175
2022-04-28,0.1175,5.0104,100.17405,63.8288,0.047,0.0,-0.0011369871069767939,0.010442746955491824,0.029433284794250003,0.0,0.1175
2022-04-29,0.1175,4.9185,100.17405,63.8288,0.047,0.0,-0.018512146258390493,0.011461747663215723,0.029433284794250003,0.0,0.1175
2022-04-30,0.1175,4.9185,100.17405,63.8288,0.047,0.0,0.0,0.011461747663215723,0.029433284794250003,0.0,0.1175
2022-05-01,0.1175,4.9185,99.77748,64.1288,0.047,0.0,0.0,0.01111726606173122,0.03728401455893682,0.0,0.1175
2022-05-02,0.1175,5.026,99.77748,64.1288,0.047,0.0,0.02162083315072482,0.011416887208506601,0.03728401455893682,0.0,0.1175
2022-05-03,0.1175,5.0161,99.77748,64.1288,0.047,0.0,-0.001971699785357599,0.011464817073447054,0.03728401455893682,0.0,0.1175
2022-05-04,0.1175,5.0087,99.77748,64.1288,0.047,0.0,-0.0014763389482228056,0.011476439107063552,0.03728401455893682,0.0,0.1175
2022-05-05,0.1275,5.0045,99.77748,64.1288,0.047,0.010000000000000009,-0.0008388927108835189,0.0114895802914587,0.03728401455893682,0.0,0.1275
2022-05-06,0.1275,5.0744,99.77748,64.1288,0.047,0.0,0.013870783660613728,0.01171679439482382,0.03728401455893682,0.0,0.1275
2022-05-07,0.1275,5.0744,99.77748,64.1288,0.047,0.0,0.0,0.01171679439482382,0.03728401455893682,0.0,0.1275
2022-05-08,0.1275,5.0744,99.77748,64.1288,0.047,0.0,0.0,0.011385770996783623,0.03728401455893682,0.0,0.1275
2022-05-09,0.1275,5.1334,99.77748,64.1288,0.047,0.0,0.011559916342579909,0.011414016461367502,0.03728401455893682,0.0,0.1275
2022-05-10,0.1275,5.1384,99.77748,64.1288,0.047,0.0,0.0009735392813153265,0.011184964678543132,0.03728401455893682,0.0,0.1275
2022-05-11,0.1275,5.1238,99.77748,64.1288,0.047,0.0,-0.0028453956949714863,0.011271161964053866,0.03728401455893682,0.0,0.1275
2022-05-12,0.1275,5.1476,99.77748,64.1288,0.047,0.0,0.00463423537089853,0.010715286423069115,0.03728401455893682,0.0,0.1275
2022-05-13,0.1275,5.1069,99.77748,64.1288,0.047,0.0,-0.007938020130875191,0.011022025328192027,0.03728401455893682,0.0,0.1275
2022-05-14,0.1275,5.1069,99.77748,64.1288,0.047,0.0,0.0,0.011022025328192027,0.03728401455893682,0.0,0.1275
2022-05-15,0.1275,5.1069,99.77748,64.1288,0.047,0.0,0.0,0.00898256317233148,0.03728401455893682,0.0,0.1275
2022-05-16,0.1275,5.066,99.77748,64.1288,0.047,0.0,-0.008041014927014124,0.008532701151977358,0.03728401455893682,0.0,0.1275
2022-05-17,0.1275,4.967,99.77748,64.1288,0.047,0.0,-0.019735515454270016,0.009423086875746705,0.03728401455893682,0.0,0.1275
2022-05-18,0.1275,4.9586,99.77748,64.1288,0.047,0.0,-0.0016925932951983586,0.009425907532020073,0.03728401455893682,0.0,0.1275
2022-05-19,0.1275,4.9192,99.77748,64.1288,0.047,0.0,-0.007977527172892095,0.008628128101170003,0.03728401455893682,0.0,0.1275
2022-05-20,0.1275,4.8771,99.77748,64.1288,0.047,0.0,-0.008595134730971996,0.008839957540854293,0.03728401455893682,0.0,0.1275
2022-05-21,0.1275,4.8771,99.77748,64.1288,0.047,0.0,0.0,0.008839957540854293,0.03728401455893682,0.0,0.1275
2022-05-22,0.1275,4.8771,99.77748,64.1288,0.047,0.0,0.0,0.007165865642518731,0.03728401455893682,0.0,0.1275
2022-05-23,0.1275,4.7967,99.77748,64.1288,0.047,0.0,-0.016622599448803576,0.00792488795271018,0.03728401455893682,0.0,0.1275
2022-05-24,0.1275,4.81,99.77748,64.1288,0.047,0.0,0.0027689026403222737,0.00800278217686495,0.03728401455893682,0.0,0.1275
2022-05-25,0.1275,4.8353,99.77748,64.1288,0.047,0.0,0.005246090432520623,0.008164247789522293,0.03728401455893682,0.0,0.1275
2022-05-26,0.1275,4.7961,99.77748,64.1288,0.047,0.0,-0.008140086893371474,0.007399777486434809,0.03728401455893682,0.0,0.1275
2022-05-27,0.1275,4.7428,99.77748,64.1288,0.047,0.0,-0.011175409055040508,0.007594969203706676,0.03728401455893682,0.0,0.1275
2022-05-28,0.1275,4.7428,99.77748,64.1288,0.047,0.0,0.0,0.007594969203706676,0.03728401455893682,0.0,0.1275
2022-05-29,0.1275,4.7428,99.77748,64.1288,0.047,0.0,0.0,0.006796096847298701,0.03728401455893682,0.0,0.1275
2022-05-30,0.1275,4.721,99.77748,64.1288,0.047,0.0,-0.004607037037628656,0.006696843751807379,0.03728401455893682,0.0,0.1275
2022-05-31,0.1275,4.7283,99.77748,64.1288,0.047,0.0,0.0015450883033183548,0.006815734419862468,0.03728401455893682,0.0,0.1275
2022-06-01,0.1275,4.7759,99.26016,64.55850000000001,0.047,0.0,0.01001670798017904,0.007266643203941293,0.029095807151530373,0.0,0.1275
2022-06-02,0.1275,4.7873,99.26016,64.55850000000001,0.047,0.0,0.002384140329579659,0.007319711164494476,0.029095807151530373,0.0,0.1275
2022-06-03,0.1275,4.795,99.26016,64.55850000000001,0.047,0.0,0.0016071301581749172,0.007365728679297575,0.029095807151530373,0.0,0.1275
2022-06-04,0.1275,4.795,99.26016,64.55850000000001,0.047,0.0,0.0,0.007365728679297575,0.029095807151530373,0.0,0.1275
2022-06-05,0.1275,4.795,99.26016,64.55850000000001,0.047,0.0,0.0,0.007303956971460342,0.029095807151530373,0.0,0.1275
2022-06-06,0.1275,4.7833,99.26016,64.55850000000001,0.047,0.0,-0.0024430234632772953,0.00611385239999444,0.029095807151530373,0.0,0.1275
2022-06-07,0.1275,4.8903,99.26016,64.55850000000001,0.047,0.0,0.02212296642609247,0.00813749002015124,0.029095807151530373,0.0,0.1275
2022-06-08,0.1275,4.8705,99.26016,64.55850000000001,0.047,0.0,-0.004057050069343488,0.007998828733933674,0.029095807151530373,0.0,0.1275
2022-06-09,0.1275,4.8945,99.26016,64.55850000000001,0.047,0.0,0.0049155244904747,0.00784804798122625,0.029095807151530373,0.0,0.1275
2022-06-10,0.1275,4.983,99.26016,64.55850000000001,0.047,0.0,0.01791999357991963,0.008792739885008912,0.029095807151530373,0.0,0.1275
2022-06-11,0.1275,4.983,99.26016,64.55850000000001,0.047,0.0,0.0,0.008792739885008912,0.029095807151530373,0.0,0.1275
2022-06-12,0.1275,4.983,99.26016,64.55850000000001,0.047,0.0,0.0,0.007756488956201761,0.029095807151530373,0.0,0.1275
2022-06-13,0.1275,5.1027,99.26016,64.55850000000001,0.047,0.0,0.023737692106751137,0.009168098726051467,0.029095807151530373,0.0,0.1275
2022-06-14,0.1275,5.1197,99.26016,64.55850000000001,0.047,0.0,0.0033260321787170802,0.009152870279072798,0.029095807151530373,0.0,0.1275
2022-06-15,0.1275,5.1113,99.26016,64.55850000000001,0.047,0.0,-0.0016420685929963122,0.00885233215235231,0.029095807151530373,0.0,0.1275
2022-06-16,0.1325,5.1113,99.26016,64.55850000000001,0.047,0.0050000000000000044,0.0,0.00822910560942638,0.029095807151530373,0.0,0.1325
2022-06-17,0.1325,5.1307,99.26016,64.55850000000001,0.047,0.0,0.003788327123893915,0.008181920639645202,0.029095807151530373,0.0,0.1325
2022-06-18,0.1325,5.1307,99.26016,64.55850000000001,0.047,0.0,0.0,0.008181920639645202,0.029095807151530373,0.0,0.1325
2022-06-19,0.1325,5.1307,99.26016,64.55850000000001,0.047,0.0,0.0,0.007991537286583356,0.029095807151530373,0.0,0.1325
2022-06-20,0.1325,5.1635,99.26016,64.55850000000001,0.047,0.0,0.006372542013688328,0.007981263253747907,0.029095807151530373,0.0,0.1325
2022-06-21,0.1325,5.1456,99.26016,64.55850000000001,0.047,0.0,-0.0034726635668661607,0.008051511618512712,0.029095807151530373,0.0,0.1325
2022-06-22,0.1325,5.1503,99.26016,64.55850000000001,0.047,0.0,0.0009129848437669785,0.008071131195866714,0.029095807151530373,0.0,0.1325
2022-06-23,0.1325,5.1827,99.26016,64.55850000000001,0.047,0.0,0.006271190590356104,0.008076243402505628,0.029095807151530373,0.0,0.1325
2022-06-24,0.1325,5.2328,99.26016,64.55850000000001,0.047,0.0,0.009620351668287373,0.008118891100673068,0.029095807151530373,0.0,0.1325
2022-06-25,0.1325,5.2328,99.26016,64.55850000000001,0.047,0.0,0.0,0.008118891100673068,0.029095807151530373,0.0,0.1325
2022-06-26,0.1325,5.2328,99.26016,64.55850000000001,0.047,0.0,0.0,0.008028892889799345,0.029095807151530373,0.0,0.1325
2022-06-27,0.1325,5.2208,99.26016,64.55850000000001,0.047,0.0,-0.0022958608079469054,0.006996805221454942,0.029095807151530373,0.0,0.1325
2022-06-28,0.1325,5.2173,99.26016,64.55850000000001,0.047,0.0,-0.0006706201571496191,0.00684959018901803,0.029095807151530373,0.0,0.1325
2022-06-29,0.1325,5.2262,99.26016,64.55850000000001,0.047,0.0,0.0017044098538903534,0.006850797283197532,0.029095807151530373,0.0,0.1325
2022-06-30,0.1325,5.2374,99.26016,64.55850000000001,0.047,0.0,0.002140755433562249,0.005921462309785603,0.029095807151530373,0.0,0.1325
2022-07-01,0.1325,5.3136,104.00896,64.1195,0.027000000000000003,0.0,0.01444437965312299,0.006458351164937561,0.04092171281722612,0.0,0.1325
2022-07-02,0.1325,5.3136,104.00896,64.1195,0.027000000000000003,0.0,0.0,0.006458351164937561,0.04092171281722612,0.0,0.1325
2022-07-03,0.1325,5.3136,104.00896,64.1195,0.027000000000000003,0.0,0.0,0.004312336369314603,0.04092171281722612,0.0,0.1325
2022-07-04,0.1325,5.3032,104.00896,64.1195,0.027000000000000003,0.0,-0.0019591596953002356,0.004389657153916857,0.04092171281722612,0.0,0.1325
2022-07-05,0.1325,5.3893,104.00896,64.1195,0.027000000000000003,0.0,0.01610509441213545,0.005353535119252437,0.04092171281722612,0.0,0.1325
2022-07-06,0.1325,5.4315,104.00896,64.1195,0.027000000000000003,0.0,0.007799832534488227,0.005433970545207028,0.04092171281722612,0.0,0.1325
2022-07-07,0.1325,5.3634,104.00896,64.1195,0.027000000000000003,0.0,-0.01261723655194359,0.006456744993178278,0.04092171281722612,0.0,0.1325
2022-07-08,0.1325,5.308,104.00896,64.1195,0.027000000000000003,0.0,-0.010382985869763908,0.007035894475666049,0.04092171281722612,0.0,0.1325
2022-07-09,0.1325,5.308,104.00896,64.1195,0.027000000000000003,0.0,0.0,0.007035894475666049,0.04092171281722612,0.0,0.1325
2022-07-10,0.1325,5.308,104.00896,64.1195,0.027000000000000003,0.0,0.0,0.006956943143779675,0.04092171281722612,0.0,0.1325
2022-07-11,0.1325,5.3471,104.00896,64.1195,0.027000000000000003,0.0,0.007339241397682252,0.006980050291683568,0.04092171281722612,0.0,0.1325
2022-07-12,0.1325,5.4114,104.00896,64.1195,0.027000000000000003,0.0,0.011953481549937155,0.007324254294237915,0.04092171281722612,0.0,0.1325
2022-07-13,0.1325,5.3987,104.00896,64.1195,0.027000000000000003,0.0,-0.0023496555707963824,0.0073425901809008,0.04092171281722612,0.0,0.1325
2022-07-14,0.1325,5.4562,104.00896,64.1195,0.027000000000000003,0.0,0.010594392914024989,0.007398521651686621,0.04092171281722612,0.0,0.1325
2022-07-15,0.1325,5.4008,104.00896,64.1195,0.027000000000000003,0.0,-0.01020548601528539,0.007886143086712906,0.04092171281722612,0.0,0.1325
2022-07-16,0.1325,5.4008,104.00896,64.1195,0.027000000000000003,0.0,0.0,0.007886143086712906,0.04092171281722612,0.0,0.1325
2022-07-17,0.1325,5.4008,104.00896,64.1195,0.027000000000000003,0.0,0.0,0.007843348583977415,0.04092171281722612,0.0,0.1325
2022-07-18,0.1325,5.3669,104.00896,64.1195,0.027000000000000003,0.0,-0.006296630107498677,0.00803128624476971,0.04092171281722612,0.0,0.1325
2022-07-19,0.1325,5.3898,104.00896,64.1195,0.027000000000000003,0.0,0.004257817843053826,0.008056409759976485,0.04092171281722612,0.0,0.1325
2022-07-20,0.1325,5.4282,104.00896,64.1195,0.027000000000000003,0.0,0.00709930879653497,0.008151567006852468,0.04092171281722612,0.0,0.1325
2022-07-21,0.1325,5.4744,104.00896,64.1195,0.027000000000000003,0.0,0.008475093378536976,0.007763876778709656,0.04092171281722612,0.0,0.1325
2022-07-22,0.1325,5.4516,104.00896,64.1195,0.027000000000000003,0.0,-0.004173537084930073,0.007861525139576017,0.04092171281722612,0.0,0.1325
2022-07-23,0.1325,5.4516,104.00896,64.1195,0.027000000000000003,0.0,0.0,0.007861525139576017,0.04092171281722612,0.0,0.1325
2022-07-24,0.1325,5.4516,104.00896,64.1195,0.027000000000000003,0.0,0.0,0.007831160931759073,0.04092171281722612,0.0,0.1325
2022-07-25,0.1325,5.4138,104.00896,64.1195,0.027000000000000003,0.0,-0.006957894324847857,0.007223166778337446,0.04092171281722612,0.0,0.1325
2022-07-26,0.1325,5.3602,104.00896,64.1195,0.027000000000000003,0.0,-0.009949961426955412,0.0073333092392415256,0.04092171281722612,0.0,0.1325
2022-07-27,0.1325,5.3068,104.00896,64.1195,0.027000000000000003,0.0,-0.010012270758792982,0.00713008781916936,0.04092171281722612,0.0,0.1325
2022-07-28,0.1325,5.2143,104.00896,64.1195,0.027000000000000003,0.0,-0.017584165805217853,0.007803807244032531,0.04092171281722612,0.0,0.1325
2022-07-29,0.1325,5.1878,104.00896,64.1195,0.027000000000000003,0.0,-0.005095136045455534,0.007856196216552534,0.04092171281722612,0.0,0.1325
2022-07-30,0.1325,5.1878,104.00896,64.1195,0.027000000000000003,0.0,0.0,0.007856196216552534,0.04092171281722612,0.0,0.1325
2022-07-31,0.1325,5.1878,104.00896,64.1195,0.027000000000000003,0.0,0.0,0.007606465554633139,0.04092171281722612,0.0,0.1325
2022-08-01,0.1325,5.16,104.55131,63.8887,0.027000000000000003,0.0,-0.005373135716479905,0.006950496364864237,0.052878511628094316,0.0,0.1325
2022-08-02,0.1325,5.2323,104.55131,63.8887,0.027000000000000003,0.0,0.013914372467124205,0.007847599614947293,0.052878511628094316,0.0,0.1325
2022-08-03,0.1325,5.284,104.55131,63.8887,0.027000000000000003,0.0,0.009832434699483339,0.0077870765957372525,0.052878511628094316,0.0,0.1325
2022-08-04,0.1375,5.2403,104.55131,63.8887,0.027000000000000003,0.0050000000000000044,-0.008304638057558976,0.007687525606329768,0.052878511628094316,0.0,0.1375
2022-08-05,0.1375,5.2159,104.55131,63.8887,0.027000000000000003,0.0,-0.004667095941089996,0.007710129323757399,0.052878511628094316,0.0,0.1375
2022-08-06,0.1375,5.2159,104.55131,63.8887,0.027000000000000003,0.0,0.0,0.007710129323757399,0.052878511628094316,0.0,0.1375
2022-08-07,0.1375,5.2159,104.55131,63.8887,0.027000000000000003,0.0,0.0,0.007642610631986263,0.052878511628094316,0.0,0.1375
2022-08-08,0.1375,5.1241,104.55131,63.8887,0.027000000000000003,0.0,-0.017756752814254123,0.008334755006546365,0.052878511628094316,0.0,0.1375
2022-08-09,0.1375,5.1218,104.55131,63.8887,0.027000000000000003,0.0,-0.0004489600793747794,0.00804162916043617,0.052878511628094316,0.0,0.1375
2022-08-10,0.1375,5.0491,104.55131,63.8887,0.027000000000000003,0.0,-0.0142959301849977,0.007957139228873289,0.052878511628094316,0.0,0.1375
2022-08-11,0.1375,5.1121,104.55131,63.8887,0.027000000000000003,0.0,0.012400269116437122,0.008764929329712463,0.052878511628094316,0.0,0.1375
2022-08-12,0.1375,5.1017,104.55131,63.8887,0.027000000000000003,0.0,-0.0020364611788397696,0.008737400968953047,0.052878511628094316,0.0,0.1375
2022-08-13,0.1375,5.1017,104.55131,63.8887,0.027000000000000003,0.0,0.0,0.008737400968953047,0.052878511628094316,0.0,0.1375
2022-08-14,0.1375,5.1017,104.55131,63.8887,0.027000000000000003,0.0,0.0,0.008723301671271116,0.052878511628094316,0.0,0.1375
2022-08-15,0.1375,5.0919,104.55131,63.8887,0.027000000000000003,0.0,-0.0019227756669421936,0.008568488058793079,0.052878511628094316,0.0,0.1375
2022-08-16,0.1375,5.1334,104.55131,63.8887,0.027000000000000003,0.0,0.00811716582667206,0.008697443239595405,0.052878511628094316,0.0,0.1375
2022-08-17,0.1375,5.1779,104.55131,63.8887,0.027000000000000003,0.0,0.008631360986867948,0.008128215231756823,0.052878511628094316,0.0,0.1375
2022-08-18,0.1375,5.1767,104.55131,63.8887,0.027000000000000003,0.0,-0.00023178104521119028,0.008051176415740855,0.052878511628094316,0.0,0.1375
2022-08-19,0.1375,5.1955,104.55131,63.8887,0.027000000000000003,0.0,0.003625078688777336,0.008094403502616924,0.052878511628094316,0.0,0.1375
2022-08-20,0.1375,5.1955,104.55131,63.8887,0.027000000000000003,0.0,0.0,0.008094403502616924,0.052878511628094316,0.0,0.1375
2022-08-21,0.1375,5.1955,104.55131,63.8887,0.027000000000000003,0.0,0.0,0.007992618170557207,0.052878511628094316,0.0,0.1375
2022-08-22,0.1375,5.1703,104.55131,63.8887,0.027000000000000003,0.0,-0.004862152394428777,0.007394996721229736,0.052878511628094316,0.0,0.1375
2022-08-23,0.1375,5.1024,104.55131,63.8887,0.027000000000000003,0.0,-0.013219696642479415,0.00748003811402955,0.052878511628094316,0.0,0.1375
2022-08-24,0.1375,5.1044,104.55131,63.8887,0.027000000000000003,0.0,0.0003918956040280862,0.007330137344623553,0.052878511628094316,0.0,0.1375
2022-08-25,0.1375,5.1167,104.55131,63.8887,0.027000000000000003,0.0,0.0024067871241722823,0.007330482226984212,0.052878511628094316,0.0,0.1375
2022-08-26,0.1375,5.0897,104.55131,63.8887,0.027000000000000003,0.0,-0.0052908102726692925,0.007389242090463793,0.052878511628094316,0.0,0.1375
2022-08-27,0.1375,5.0897,104.55131,63.8887,0.027000000000000003,0.0,0.0,0.007389242090463793,0.052878511628094316,0.0,0.1375
2022-08-28,0.1375,5.0897,104.55131,63.8887,0.027000000000000003,0.0,0.0,0.006282142127277172,0.052878511628094316,0.0,0.1375
2022-08-29,0.1375,5.0423,104.55131,63.8887,0.027000000000000003,0.0,-0.009356562535191895,0.006598313750531071,0.052878511628094316,0.0,0.1375
2022-08-30,0.1375,5.0611,104.55131,63.8887,0.027000000000000003,0.0,0.003721523783660825,0.005842888780146592,0.052878511628094316,0.0,0.1375
2022-08-31,0.1375,5.1784,104.55131,63.8887,0.027000000000000003,0.0,0.022912277271507044,0.007297558757159399,0.052878511628094316,0.0,0.1375
2022-09-01,0.1375,5.2001,101.12168,63.7034,0.027000000000000003,0.0,0.004181727922540288,0.007309786619560299,0.041167653418838324,0.0,0.1375
2022-09-02,0.1375,5.1872,101.12168,63.7034,0.027000000000000003,0.0,-0.002483803612483705,0.007347869409900877,0.041167653418838324,0.0,0.1375
2022-09-03,0.1375,5.1872,101.12168,63.7034,0.027000000000000003,0.0,0.0,0.007347869409900877,0.041167653418838324,0.0,0.1375
2022-09-04,0.1375,5.1872,101.12168,63.7034,0.027000000000000003,0.0,0.0,0.0073224776311112925,0.041167653418838324,0.0,0.1375
2022-09-05,0.1375,5.168,101.12168,63.7034,0.027000000000000003,0.0,-0.003708286078919098,0.007187539589199178,0.041167653418838324,0.0,0.1375
2022-09-06,0.1375,5.2222,101.12168,63.7034,0.027000000000000003,0.0,0.010433002565335667,0.007307272414590236,0.041167653418838324,0.0,0.1375
2022-09-07,0.1375,5.2222,101.12168,63.7034,0.027000000000000003,0.0,0.0,0.007306358100590484,0.041167653418838324,0.0,0.1375
2022-09-08,0.1375,5.2149,101.12168,63.7034,0.027000000000000003,0.0,-0.0013988562321690281,0.007277306284673274,0.041167653418838324,0.0,0.1375
2022-09-09,0.1375,5.1627,101.12168,63.7034,0.027000000000000003,0.0,-0.010060214356629378,0.007630001567178759,0.041167653418838324,0.0,0.1375
2022-09-10,0.1375,5.1627,101.12168,63.7034,0.027000000000000003,0.0,0.0,0.007630001567178759,0.041167653418838324,0.0,0.1375
2022-09-11,0.1375,5.1627,101.12168,63.7034,0.027000000000000003,0.0,0.0,0.007554637073418465,0.041167653418838324,0.0,0.1375
2022-09-12,0.1375,5.1177,101.12168,63.7034,0.027000000000000003,0.0,-0.008754579084391442,0.007203509826142004,0.041167653418838324,0.0,0.1375
2022-09-13,0.1375,5.1788,101.12168,63.7034,0.027000000000000003,0.0,0.0118682498299086,0.007666059240878525,0.041167653418838324,0.0,0.1375
2022-09-14,0.1375,5.1768,101.12168,63.7034,0.027000000000000003,0.0,-0.00038626444143580364,0.007659218778298679,0.041167653418838324,0.0,0.1375
2022-09-15,0.1375,5.2205,101.12168,63.7034,0.027000000000000003,0.0,0.008406077987108683,0.007718412159969169,0.041167653418838324,0.0,0.1375
2022-09-16,0.1375,5.2876,101.12168,63.7034,0.027000000000000003,0.0,0.012771273975079654,0.00812548881556155,0.041167653418838324,0.0,0.1375
2022-09-17,0.1375,5.2876,101.12168,63.7034,0.027000000000000003,0.0,0.0,0.00812548881556155,0.041167653418838324,0.0,0.1375
2022-09-18,0.1375,5.2876,101.12168,63.7034,0.027000000000000003,0.0,0.0,0.007701107703796151,0.041167653418838324,0.0,0.1375
2022-09-19,0.1375,5.2361,101.12168,63.7034,0.027000000000000003,0.0,-0.009787510309318667,0.008155804664712872,0.041167653418838324,0.0,0.1375
2022-09-20,0.1375,5.1699,101.12168,63.7034,0.027000000000000003,0.0,-0.01272360044028491,0.007102204970563103,0.041167653418838324,0.0,0.1375
2022-09-21,0.1375,5.1686,101.12168,63.7034,0.027000000000000003,0.0,-0.0002514871609715691,0.0070309482788325234,0.041167653418838324,0.0,0.1375
2022-09-22,0.1375,5.1671,101.12168,63.7034,0.027000000000000003,0.0,-0.00029025610467234297,0.007012236015733578,0.041167653418838324,0.0,0.1375
2022-09-23,0.1375,5.2251,101.12168,63.7034,0.027000000000000003,0.0,0.011162333715851869,0.007458513871441098,0.041167653418838324,0.0,0.1375
2022-09-24,0.1375,5.2251,101.12168,63.7034,0.027000000000000003,0.0,0.0,0.007458513871441098,0.041167653418838324,0.0,0.1375
2022-09-25,0.1375,5.2251,101.12168,63.7034,0.027000000000000003,0.0,0.0,0.007397797005349353,0.041167653418838324,0.0,0.1375
2022-09-26,0.1375,5.3542,101.12168,63.7034,0.027000000000000003,0.0,0.024407363225171164,0.008889890901057108,0.041167653418838324,0.0,0.1375
2022-09-27,0.1375,5.3502,101.12168,63.7034,0.027000000000000003,0.0,-0.0007473562621314501,0.008896981300865862,0.041167653418838324,0.0,0.1375
2022-09-28,0.1375,5.3588,101.12168,63.7034,0.027000000000000003,0.0,0.0016061260339419556,0.008875940212027478,0.041167653418838324,0.0,0.1375
2022-09-29,0.1375,5.391,101.12168,63.7034,0.027000000000000003,0.0,0.005990827048837964,0.008506879852100538,0.041167653418838324,0.0,0.1375
2022-09-30,0.1375,5.406,101.12168,63.7034,0.027000000000000003,0.0,0.0027785513847240987,0.00849236281433407,0.041167653418838324,0.0,0.1375
2022-10-01,0.1375,5.406,100.04509,64.0793,0.027000000000000003,0.0,0.0,0.00849236281433407,0.036605416391831014,0.0,0.1375
2022-10-02,0.1375,5.406,100.04509,64.0793,0.027000000000000003,0.0,0.0,0.008109432105016844,0.036605416391831014,0.0,0.1375
2022-10-03,0.1375,5.1996,100.04509,64.0793,0.027000000000000003,0.0,-0.03892774830252883,0.012081698886156195,0.036605416391831014,0.0,0.1375
2022-10-04,0.1375,5.1405,100.04509,64.0793,0.027000000000000003,0.0,-0.011431348551090794,0.012359176393638515,0.036605416391831014,0.0,0.1375
2022-10-05,0.1375,5.2138,100.04509,64.0793,0.027000000000000003,0.0,0.014158605508770381,0.01263752323669587,0.036605416391831014,0.0,0.1375
2022-10-06,0.1375,5.2002,100.04509,64.0793,0.027000000000000003,0.0,-0.0026118701231894114,0.01227822570833305,0.036605416391831014,0.0,0.1375
2022-10-07,0.1375,5.2215,100.04509,64.0793,0.027000000000000003,0.0,0.004087630551249128,0.012326753098161777,0.036605416391831014,0.0,0.1375
2022-10-08,0.1375,5.2215,100.04509,64.0793,0.027000000000000003,0.0,0.0,0.012326753098161777,0.036605416391831014,0.0,0.1375
2022-10-09,0.1375,5.2215,100.04509,64.0793,0.027000000000000003,0.0,0.0,0.012136841053160716,0.036605416391831014,0.0,0.1375
2022-10-10,0.1375,5.1935,100.04509,64.0793,0.027000000000000003,0.0,-0.0053768732517371345,0.011843560801787646,0.036605416391831014,0.0,0.1375
2022-10-11,0.1375,5.2061,100.04509,64.0793,0.027000000000000003,0.0,0.002423171307616847,0.011852961805648994,0.036605416391831014,0.0,0.1375
2022-10-12,0.1375,5.2061,100.04509,64.0793,0.027000000000000003,0.0,0.0,0.011852299523830758,0.036605416391831014,0.0,0.1375
2022-10-13,0.1375,5.3011,100.04509,64.0793,0.027000000000000003,0.0,0.018083331199607273,0.012277221217576281,0.036605416391831014,0.0,0.1375
2022-10-14,0.1375,5.2818,100.04509,64.0793,0.027000000000000003,0.0,-0.0036473974801749342,0.012315540845573443,0.036605416391831014,0.0,0.1375
2022-10-15,0.1375,5.2818,100.04509,64.0793,0.027000000000000003,0.0,0.0,0.012315540845573443,0.036605416391831014,0.0,0.1375
2022-10-16,0.1375,5.2818,100.04509,64.0793,0.027000000000000003,0.0,0.0,0.010960733572737963,0.036605416391831014,0.0,0.1375
2022-10-17,0.1375,5.2707,100.04509,64.0793,0.027000000000000003,0.0,-0.0021037676557972224,0.010965363091641731,0.036605416391831014,0.0,0.1375
2022-10-18,0.1375,5.2691,100.04509,64.0793,0.027000000000000003,0.0,-0.00030361107654609245,0.010952086388392,0.036605416391831014,0.0,0.1375
2022-10-19,0.1375,5.2802,100.04509,64.0793,0.027000000000000003,0.0,0.0021044058082307247,0.010858512443756818,0.036605416391831014,0.0,0.1375
2022-10-20,0.1375,5.217,100.04509,64.0793,0.027000000000000003,0.0,-0.012041451748410065,0.011087585666069209,0.036605416391831014,0.0,0.1375
2022-10-21,0.1375,5.1913,100.04509,64.0793,0.027000000000000003,0.0,-0.004938376532192336,0.011100854836309418,0.036605416391831014,0.0,0.1375
2022-10-22,0.1375,5.1913,100.04509,64.0793,0.027000000000000003,0.0,0.0,0.011100854836309418,0.036605416391831014,0.0,0.1375
2022-10-23,0.1375,5.1913,100.04509,64.0793,0.027000000000000003,0.0,0.0,0.0069128727584476975,0.036605416391831014,0.0,0.1375
2022-10-24,0.1375,5.2738,100.04509,64.0793,0.027000000000000003,0.0,0.015767017823053623,0.007230232692472503,0.036605416391831014,0.0,0.1375
2022-10-25,0.1375,5.3085,100.04509,64.0793,0.027000000000000003,0.0,0.006558144140373839,0.006697845784684132,0.036605416391831014,0.0,0.1375
2022-10-26,0.1375,5.3242,100.04509,64.0793,0.027000000000000003,0.0,0.0029531560958448943,0.006659758059772186,0.036605416391831014,0.0,0.1375
2022-10-27,0.1375,5.2997,100.04509,64.0793,0.027000000000000003,0.0,-0.004612250384898495,0.006743326150478184,0.036605416391831014,0.0,0.1375
2022-10-28,0.1375,5.3449,100.04509,64.0793,0.027000000000000003,0.0,0.008492620045653597,0.006958032716909943,0.036605416391831014,0.0,0.1375
2022-10-29,0.1375,5.3449,100.04509,64.0793,0.027000000000000003,0.0,0.0,0.006958032716909943,0.036605416391831014,0.0,0.1375
2022-10-30,0.1375,5.3449,100.04509,64.0793,0.027000000000000003,0.0,0.0,0.0067937839161750935,0.036605416391831014,0.0,0.1375
2022-10-31,0.1375,5.2564,100.04509,64.0793,0.027000000000000003,0.0,-0.016696453440744812,0.007902419747422578,0.036605416391831014,0.0,0.1375
2022-11-01,0.1375,5.1494,98.9481,64.342,0.027000000000000003,0.0,-0.02056617875328779,0.009199859775068634,0.011811476933629717,0.0,0.1375
2022-11-02,0.1375,5.1494,98.9481,64.342,0.027000000000000003,0.0,0.0,0.008094673528551208,0.011811476933629717,0.0,0.1375
2022-11-03,0.1375,5.1343,98.9481,64.342,0.027000000000000003,0.0,-0.0029366883226931255,0.008086082614220304,0.011811476933629717,0.0,0.1375
2022-11-04,0.1375,5.0354,98.9481,64.342,0.027000000000000003,0.0,-0.019450547803587626,0.009022273308761932,0.011811476933629717,0.0,0.1375
2022-11-05,0.1375,5.0354,98.9481,64.342,0.027000000000000003,0.0,0.0,0.009022273308761932,0.011811476933629717,0.0,0.1375
2022-11-06,0.1375,5.0354,98.9481,64.342,0.027000000000000003,0.0,0.0,0.009038019994521113,0.011811476933629717,0.0,0.1375
2022-11-07,0.1375,5.088,98.9481,64.342,0.027000000000000003,0.0,0.010391859130043533,0.009467550249551603,0.011811476933629717,0.0,0.1375
2022-11-08,0.1375,5.1738,98.9481,64.342,0.027000000000000003,0.0,0.016722602166375625,0.010307674020261991,0.011811476933629717,0.0,0.1375
2022-11-09,0.1375,5.1623,98.9481,64.342,0.027000000000000003,0.0,-0.002225211587591205,0.009983761247516001,0.011811476933629717,0.0,0.1375
2022-11-10,0.1375,5.3058,98.9481,64.342,0.027000000000000003,0.0,0.02741834521100188,0.011704631298803676,0.011811476933629717,0.0,0.1375
2022-11-11,0.1375,5.3045,98.9481,64.342,0.027000000000000003,0.0,-0.00024504491041807733,0.011705961431691505,0.011811476933629717,0.0,0.1375
2022-11-12,0.1375,5.3045,98.9481,64.342,0.027000000000000003,0.0,0.0,0.011705961431691505,0.011811476933629717,0.0,0.1375
2022-11-13,0.1375,5.3045,98.9481,64.342,0.027000000000000003,0.0,0.0,0.011183973380113716,0.011811476933629717,0.0,0.1375
2022-11-14,0.1375,5.3007,98.9481,64.342,0.027000000000000003,0.0,-0.0007166296086120987,0.011087272627478509,0.011811476933629717,0.0,0.1375
2022-11-15,0.1375,5.3007,98.9481,64.342,0.027000000000000003,0.0,0.0,0.011064483829648513,0.011811476933629717,0.0,0.1375
2022-11-16,0.1375,5.3198,98.9481,64.342,0.027000000000000003,0.0,0.0035968213533419924,0.011045264334917438,0.011811476933629717,0.0,0.1375
2022-11-17,0.1375,5.4649,98.9481,64.342,0.027000000000000003,0.0,0.026910114537502496,0.012452133517930206,0.011811476933629717,0.0,0.1375
2022-11-18,0.1375,5.3471,98.9481,64.342,0.027000000000000003,0.0,-0.021791465331778226,0.013466459467728583,0.011811476933629717,0.0,0.1375
2022-11-19,0.1375,5.3471,98.9481,64.342,0.027000000000000003,0.0,0.0,0.013466459467728583,0.011811476933629717,0.0,0.1375
2022-11-20,0.1375,5.3471,98.9481,64.342,0.027000000000000003,0.0,0.0,0.012880356012345518,0.011811476933629717,0.0,0.1375
2022-11-21,0.1375,5.3253,98.9481,64.342,0.027000000000000003,0.0,-0.004085309830912521,0.011929868561150971,0.011811476933629717,0.0,0.1375
2022-11-22,0.1375,5.3333,98.9481,64.342,0.027000000000000003,0.0,0.0015011355154095683,0.0119234667125683,0.011811476933629717,0.0,0.1375
2022-11-23,0.1375,5.3924,98.9481,64.342,0.027000000000000003,0.0,0.011020371282631662,0.01204229669641614,0.011811476933629717,0.0,0.1375
2022-11-24,0.1375,5.3143,98.9481,64.342,0.027000000000000003,0.0,-0.014589254442554505,0.011618540098493238,0.011811476933629717,0.0,0.1375
2022-11-25,0.1375,5.3502,98.9481,64.342,0.027000000000000003,0.0,0.0067326429945342445,0.011633858272108784,0.011811476933629717,0.0,0.1375
2022-11-26,0.1375,5.3502,98.9481,64.342,0.027000000000000003,0.0,0.0,0.011633858272108784,0.011811476933629717,0.0,0.1375
2022-11-27,0.1375,5.3502,98.9481,64.342,0.027000000000000003,0.0,0.0,0.011519350957444885,0.011811476933629717,0.0,0.1375
2022-11-28,0.1375,5.3791,98.9481,64.342,0.027000000000000003,0.0,0.005387130547683518,0.01105280229761775,0.011811476933629717,0.0,0.1375
2022-11-29,0.1375,5.307,98.9481,64.342,0.027000000000000003,0.0,-0.01349437008867736,0.011552565217409936,0.011811476933629717,0.0,0.1375
2022-11-30,0.1375,5.2935,98.9481,64.342,0.027000000000000003,0.0,-0.002547051044460567,0.009809868464791824,0.011811476933629717,0.0,0.1375
2022-12-01,0.1375,5.1942,99.84236,64.7409,0.027000000000000003,0.0,-0.018937034333651213,0.01067505780793535,0.006653495653716979,0.0,0.1375
2022-12-02,0.1375,5.1968,99.84236,64.7409,0.027000000000000003,0.0,0.0005004330775208087,0.010678236083879272,0.006653495653716979,0.0,0.1375
2022-12-03,0.1375,5.1968,99.84236,64.7409,0.027000000000000003,0.0,0.0,0.010678236083879272,0.006653495653716979,0.0,0.1375
2022-12-04,0.1375,5.1968,99.84236,64.7409,0.027000000000000003,0.0,0.0,0.010680529603233882,0.006653495653716979,0.0,0.1375
2022-12-05,0.1375,5.2457,99.84236,64.7409,0.027000000000000003,0.0,0.009365641836554448,0.010928644387757421,0.006653495653716979,0.0,0.1375
2022-12-06,0.1375,5.239,99.84236,64.7409,0.027000000000000003,0.0,-0.0012780529556387595,0.01088623849303897,0.006653495653716979,0.0,0.1375
2022-12-07,0.1375,5.2202,99.84236,64.7409,0.027000000000000003,0.0,-0.003594925089259362,0.008727593146726813,0.006653495653716979,0.0,0.1375
2022-12-08,0.1375,5.2085,99.84236,64.7409,0.027000000000000003,0.0,-0.0022438088944569338,0.007426325715374108,0.006653495653716979,0.0,0.1375
2022-12-09,0.1375,5.239,99.84236,64.7409,0.027000000000000003,0.0,0.005838733983716146,0.007593543585645728,0.006653495653716979,0.0,0.1375
2022-12-10,0.1375,5.239,99.84236,64.7409,0.027000000000000003,0.0,0.0,0.007593543585645728,0.006653495653716979,0.0,0.1375
2022-12-11,0.1375,5.239,99.84236,64.7409,0.027000000000000003,0.0,0.0,0.007561661112008695,0.006653495653716979,0.0,0.1375
2022-12-12,0.1375,5.306,99.84236,64.7409,0.027000000000000003,0.0,0.012707615289465287,0.008135872738713988,0.006653495653716979,0.0,0.1375
2022-12-13,0.1375,5.2663,99.84236,64.7409,0.027000000000000003,0.0,-0.00751022702750335,0.007833571757008422,0.006653495653716979,0.0,0.1375
2022-12-14,0.1375,5.34,99.84236,64.7409,0.027000000000000003,0.0,0.013897624284058784,0.007857486329055342,0.006653495653716979,0.0,0.1375
2022-12-15,0.1375,5.3177,99.84236,64.7409,0.027000000000000003,0.0,-0.004184773927534439,0.007761419549975564,0.006653495653716979,0.0,0.1375
2022-12-16,0.1375,5.2801,99.84236,64.7409,0.027000000000000003,0.0,-0.007095842111807598,0.007907567725856404,0.006653495653716979,0.0,0.1375
2022-12-17,0.1375,5.2801,99.84236,64.7409,0.027000000000000003,0.0,0.0,0.007907567725856404,0.006653495653716979,0.0,0.1375
2022-12-18,0.1375,5.2801,99.84236,64.7409,0.027000000000000003,0.0,0.0,0.007781508611146356,0.006653495653716979,0.0,0.1375
2022-12-19,0.1375,5.3154,99.84236,64.7409,0.027000000000000003,0.0,0.0066632307311432415,0.007362474766489326,0.006653495653716979,0.0,0.1375
2022-12-20,0.1375,5.2421,99.84236,64.7409,0.027000000000000003,0.0,-0.01388608625636093,0.007985563409442146,0.006653495653716979,0.0,0.1375
2022-12-21,0.1375,5.2025,99.84236,64.7409,0.027000000000000003,0.0,-0.007582902121891364,0.006940109652198028,0.006653495653716979,0.0,0.1375
2022-12-22,0.1375,5.1865,99.84236,64.7409,0.027000000000000003,0.0,-0.0030801833959067703,0.006974785703101939,0.006653495653716979,0.0,0.1375
2022-12-23,0.1375,5.1439,99.84236,64.7409,0.027000000000000003,0.0,-0.008247549267805729,0.007208510192663818,0.006653495653716979,0.0,0.1375
2022-12-24,0.1375,5.1439,99.84236,64.7409,0.027000000000000003,0.0,0.0,0.007208510192663818,0.006653495653716979,0.0,0.1375
2022-12-25,0.1375,5.1439,99.84236,64.7409,0.027000000000000003,0.0,0.0,0.006827214482996421,0.006653495653716979,0.0,0.1375
2022-12-26,0.1375,5.1866,99.84236,64.7409,0.027000000000000003,0.0,0.008266829907152523,0.007132074915034948,0.006653495653716979,0.0,0.1375
2022-12-27,0.1375,5.2826,99.84236,64.7409,0.027000000000000003,0.0,0.01834002423047142,0.008233081061331277,0.006653495653716979,0.0,0.1375
2022-12-28,0.1375,5.273,99.84236,64.7409,0.027000000000000003,0.0,-0.0018189402112310205,0.008225918067025769,0.006653495653716979,0.0,0.1375
2022-12-29,0.1375,5.2171,99.84236,64.7409,0.027000000000000003,0.0,-0.010657768587508203,0.0084971898746047,0.006653495653716979,0.0,0.1375
2022-12-30,0.1375,5.2171,99.84236,64.7409,0.027000000000000003,0.0,0.0,0.0084971898746047,0.006653495653716979,0.0,0.1375
2022-12-31,0.1375,5.2171,99.84236,64.7409,0.027000000000000003,0.0,0.0,0.0084971898746047,0.006653495653716979,0.0,0.1375
2023-01-01,0.1375,5.2171,95.33853,65.084,0.03,0.0,0.0,0.00793712683107192,0.03709753109545688,0.0,0.1375
2023-01-02,0.1375,5.343,95.33853,65.084,0.03,0.0,0.023845601014809887,0.009495128998374647,0.03709753109545688,0.0,0.1375
2023-01-03,0.1375,5.3753,95.33853,65.084,0.03,0.0,0.0060270934340398786,0.009074129969931188,0.03709753109545688,0.0,0.1375
2023-01-04,0.1375,5.4453,95.33853,65.084,0.03,0.0,0.012938464876230458,0.00942674272336732,0.03709753109545688,0.0,0.1375
2023-01-05,0.1375,5.402,95.33853,65.084,0.03,0.0,-0.007983595915480673,0.009469781722485198,0.03709753109545688,0.0,0.1375
2023-01-06,0.1375,5.2849,95.33853,65.084,0.03,0.0,-0.021915557703111346,0.010785360900057186,0.03709753109545688,0.0,0.1375
2023-01-07,0.1375,5.2849,95.33853,65.084,0.03,0.0,0.0,0.010785360900057186,0.03709753109545688,0.0,0.1375
2023-01-08,0.1375,5.2849,95.33853,65.084,0.03,0.0,0.0,0.01067250049818878,0.03709753109545688,0.0,0.1375
2023-01-09,0.1375,5.2961,95.33853,65.084,0.03,0.0,0.0021170029643551125,0.010188242778353748,0.03709753109545688,0.0,0.1375
2023-01-10,0.1375,5.2389,95.33853,65.084,0.03,0.0,-0.010859147999895426,0.010350304331986492,0.03709753109545688,0.0,0.1375
2023-01-11,0.1375,5.2014,95.33853,65.084,0.03,0.0,-0.007183732511259596,0.010461923012867028,0.03709753109545688,0.0,0.1375
2023-01-12,0.1375,5.1394,95.33853,65.084,0.03,0.0,-0.011991478984602389,0.01065173943895581,0.03709753109545688,0.0,0.1375
2023-01-13,0.1375,5.114,95.33853,65.084,0.03,0.0,-0.004954464266915343,0.010708130878635086,0.03709753109545688,0.0,0.1375
2023-01-14,0.1375,5.114,95.33853,65.084,0.03,0.0,0.0,0.010708130878635086,0.03709753109545688,0.0,0.1375
2023-01-15,0.1375,5.114,95.33853,65.084,0.03,0.0,0.0,0.010518256014112493,0.03709753109545688,0.0,0.1375
2023-01-16,0.1375,5.1109,95.33853,65.084,0.03,0.0,-0.0006063629169933542,0.009518391106603694,0.03709753109545688,0.0,0.1375
2023-01-17,0.1375,5.1197,95.33853,65.084,0.03,0.0,0.0017203296327341683,0.009547981473623625,0.03709753109545688,0.0,0.1375
2023-01-18,0.1375,5.0903,95.33853,65.084,0.03,0.0,-0.005759075662877251,0.009361025111900421,0.03709753109545688,0.0,0.1375
2023-01-19,0.1375,5.2138,95.33853,65.084,0.03,0.0,0.023972188587548206,0.010930071878428224,0.03709753109545688,0.0,0.1375
2023-01-20,0.1375,5.198,95.33853,65.084,0.03,0.0,-0.003035020290107966,0.010950658952401732,0.03709753109545688,0.0,0.1375
2023-01-21,0.1375,5.198,95.33853,65.084,0.03,0.0,0.0,0.010950658952401732,0.03709753109545688,0.0,0.1375
2023-01-22,0.1375,5.198,95.33853,65.084,0.03,0.0,0.0,0.009382605384422005,0.03709753109545688,0.0,0.1375
2023-01-23,0.1375,5.1916,95.33853,65.084,0.03,0.0,-0.0012320013878317332,0.009220165071347451,0.03709753109545688,0.0,0.1375
2023-01-24,0.1375,5.169,95.33853,65.084,0.03,0.0,-0.004362688617564698,0.008558528420340022,0.03709753109545688,0.0,0.1375
2023-01-25,0.1375,5.1036,95.33853,65.084,0.03,0.0,-0.012733073148451072,0.008778721273935702,0.03709753109545688,0.0,0.1375
2023-01-26,0.1375,5.0945,95.33853,65.084,0.03,0.0,-0.0017846466332481646,0.007543814662934096,0.03709753109545688,0.0,0.1375
2023-01-27,0.1375,5.0761,95.33853,65.084,0.03,0.0,-0.0036182762224996035,0.007540887632079329,0.03709753109545688,0.0,0.1375
2023-01-28,0.1375,5.0761,95.33853,65.084,0.03,0.0,0.0,0.007540887632079329,0.03709753109545688,0.0,0.1375
2023-01-29,0.1375,5.0761,95.33853,65.084,0.03,0.0,0.0,0.007494542642583074,0.03709753109545688,0.0,0.1375
2023-01-30,0.1375,5.0953,95.33853,65.084,0.03,0.0,0.0037752959876851083,0.007308642507159628,0.03709753109545688,0.0,0.1375
2023-01-31,0.1375,5.0987,95.33853,65.084,0.03,0.0,0.0006670590790807174,0.007190951073039798,0.03709753109545688,0.0,0.1375
2023-02-01,0.1375,5.0715,98.665,65.63069999999999,0.03,0.0,-0.005348973442555822,0.006799157073458357,0.03143145311354001,0.0,0.1375
2023-02-02,0.1375,4.9895,98.665,65.63069999999999,0.03,0.0,-0.016300927491683267,0.007601897770548449,0.03143145311354001,0.0,0.1375
2023-02-03,0.1375,5.1024,98.665,65.63069999999999,0.03,0.0,0.02237531293142612,0.009258727388363542,0.03143145311354001,0.0,0.1375
2023-02-04,0.1375,5.1024,98.665,65.63069999999999,0.03,0.0,0.0,0.009258727388363542,0.03143145311354001,0.0,0.1375
2023-02-05,0.1375,5.1024,98.665,65.63069999999999,0.03,0.0,0.0,0.009258021446311762,0.03143145311354001,0.0,0.1375
2023-02-06,0.1375,5.1757,98.665,65.63069999999999,0.03,0.0,0.014263578430679774,0.009795862611019746,0.03143145311354001,0.0,0.1375
2023-02-07,0.1375,5.1689,98.665,65.63069999999999,0.03,0.0,-0.0013146957793323617,0.009695247011732527,0.03143145311354001,0.0,0.1375
2023-02-08,0.1375,5.203,98.665,65.63069999999999,0.03,0.0,0.0065754823831629524,0.008162992723475803,0.03143145311354001,0.0,0.1375
2023-02-09,0.1375,5.2309,98.665,65.63069999999999,0.03,0.0,0.0053479650939087095,0.008219580244039529,0.03143145311354001,0.0,0.1375
2023-02-10,0.1375,5.252,98.665,65.63069999999999,0.03,0.0,0.004025609038474476,0.008260635307005352,0.03143145311354001,0.0,0.1375
2023-02-11,0.1375,5.252,98.665,65.63069999999999,0.03,0.0,0.0,0.008260635307005352,0.03143145311354001,0.0,0.1375
2023-02-12,0.1375,5.252,98.665,65.63069999999999,0.03,0.0,0.0,0.008251496907628143,0.03143145311354001,0.0,0.1375
2023-02-13,0.1375,5.1828,98.665,65.63069999999999,0.03,0.0,-0.01326350566803097,0.008756587658068249,0.03143145311354001,0.0,0.1375
2023-02-14,0.1375,5.1501,98.665,65.63069999999999,0.03,0.0,-0.006329318809662502,0.008369902440050052,0.03143145311354001,0.0,0.1375
2023-02-15,0.1375,5.2237,98.665,65.63069999999999,0.03,0.0,0.014189831103459956,0.00889106124388079,0.03143145311354001,0.0,0.1375
2023-02-16,0.1375,5.2426,98.665,65.63069999999999,0.03,0.0,0.003611595414559111,0.008829376120951592,0.03143145311354001,0.0,0.1375
2023-02-17,0.1375,5.2006,98.665,65.63069999999999,0.03,0.0,-0.008043554934401783,0.00908620592858924,0.03143145311354001,0.0,0.1375
2023-02-18,0.1375,5.2006,98.665,65.63069999999999,0.03,0.0,0.0,0.00908620592858924,0.03143145311354001,0.0,0.1375
2023-02-19,0.1375,5.2006,98.665,65.63069999999999,0.03,0.0,0.0,0.009069340918311427,0.03143145311354001,0.0,0.1375
2023-02-20,0.1375,5.2006,98.665,65.63069999999999,0.03,0.0,0.0,0.009071944121727028,0.03143145311354001,0.0,0.1375
2023-02-21,0.1375,5.2006,98.665,65.63069999999999,0.03,0.0,0.0,0.008953318639040735,0.03143145311354001,0.0,0.1375
2023-02-22,0.1375,5.1724,98.665,65.63069999999999,0.03,0.0,-0.005437206106914075,0.008123098284885487,0.03143145311354001,0.0,0.1375
2023-02-23,0.1375,5.1324,98.665,65.63069999999999,0.03,0.0,-0.007763411400833333,0.006791679444286265,0.03143145311354001,0.0,0.1375
2023-02-24,0.1375,5.1785,98.665,65.63069999999999,0.03,0.0,0.008942053008070185,0.007060383987541218,0.03143145311354001,0.0,0.1375
2023-02-25,0.1375,5.1785,98.665,65.63069999999999,0.03,0.0,0.0,0.007060383987541218,0.03143145311354001,0.0,0.1375
2023-02-26,0.1375,5.1785,98.665,65.63069999999999,0.03,0.0,0.0,0.006302153637559499,0.03143145311354001,0.0,0.1375
2023-02-27,0.1375,5.1954,98.665,65.63069999999999,0.03,0.0,0.0032581796528771472,0.006333786172107594,0.03143145311354001,0.0,0.1375
2023-02-28,0.1375,5.2072,98.665,65.63069999999999,0.03,0.0,0.002268664576366986,0.006178932458132677,0.03143145311354001,0.0,0.1375
2023-03-01,0.1375,5.2064,110.74991,66.0967,0.03,0.0,-0.00015364523345885088,0.006051351897644271,0.05794212846475144,0.0,0.1375
2023-03-02,0.1375,5.2074,110.74991,66.0967,0.03,0.0,0.0001920528535353158,0.005969462381240775,0.05794212846475144,0.0,0.1375
2023-03-03,0.1375,5.2031,110.74991,66.0967,0.03,0.0,-0.000826089091692944,0.005969214585619323,0.05794212846475144,0.0,0.1375
2023-03-04,0.1375,5.2031,110.74991,66.0967,0.03,0.0,0.0,0.005969214585619323,0.05794212846475144,0.0,0.1375
2023-03-05,0.1375,5.2031,110.74991,66.0967,0.03,0.0,0.0,0.005153892113588868,0.05794212846475144,0.0,0.1375
2023-03-06,0.1375,5.1964,110.74991,66.0967,0.03,0.0,-0.001288523664983347,0.004936696569430742,0.05794212846475144,0.0,0.1375
2023-03-07,0.1375,5.1895,110.74991,66.0967,0.03,0.0,-0.0013287247162340852,0.0037368043987566785,0.05794212846475144,0.0,0.1375
2023-03-08,0.1375,5.1381,110.74991,66.0967,0.03,0.0,-0.009953992098910786,0.004187932597096648,0.05794212846475144,0.0,0.1375
2023-03-09,0.1375,5.1347,110.74991,66.0967,0.03,0.0,-0.0006619422405084654,0.0038464890012554404,0.05794212846475144,0.0,0.1375
2023-03-10,0.1375,5.1816,110.74991,66.0967,0.03,0.0,0.009092469802782981,0.0044203398343461405,0.05794212846475144,0.0,0.1375
2023-03-11,0.1375,5.1816,110.74991,66.0967,0.03,0.0,0.0,0.0044203398343461405,0.05794212846475144,0.0,0.1375
2023-03-12,0.1375,5.1816,110.74991,66.0967,0.03,0.0,0.0,0.0044203398343461405,0.05794212846475144,0.0,0.1375
2023-03-13,0.1375,5.2394,110.74991,66.0967,0.03,0.0,0.011093099073524074,0.005089787954054792,0.05794212846475144,0.0,0.1375
2023-03-14,0.1375,5.2356,110.74991,66.0967,0.03,0.0,-0.0007255370246671826,0.0049127327216369485,0.05794212846475144,0.0,0.1375
2023-03-15,0.1375,5.2975,110.74991,66.0967,0.03,0.0,0.011753560224890042,0.005097425767415196,0.05794212846475144,0.0,0.1375
2023-03-16,0.1375,5.2886,110.74991,66.0967,0.03,0.0,-0.001681450599729309,0.004837088082163787,0.05794212846475144,0.0,0.1375
2023-03-17,0.1375,5.2673,110.74991,66.0967,0.03,0.0,-0.004035663261051718,0.004965743319795905,0.05794212846475144,0.0,0.1375
2023-03-18,0.1375,5.2673,110.74991,66.0967,0.03,0.0,0.0,0.004965743319795905,0.05794212846475144,0.0,0.1375
2023-03-19,0.1375,5.2673,110.74991,66.0967,0.03,0.0,0.0,0.004935940760401729,0.05794212846475144,0.0,0.1375
2023-03-20,0.1375,5.2461,110.74991,66.0967,0.03,0.0,-0.004032953893949683,0.005029911535194159,0.05794212846475144,0.0,0.1375
2023-03-21,0.1375,5.2438,110.74991,66.0967,0.03,0.0,-0.00043851705676072327,0.005031881745720339,0.05794212846475144,0.0,0.1375
2023-03-22,0.1375,5.2642,110.74991,66.0967,0.03,0.0,0.003882760873412176,0.005092786409804323,0.05794212846475144,0.0,0.1375
2023-03-23,0.1375,5.2626,110.74991,66.0967,0.03,0.0,-0.00030398601898407073,0.005086736862751619,0.05794212846475144,0.0,0.1375
2023-03-24,0.1375,5.2915,110.74991,66.0967,0.03,0.0,0.00547655834838834,0.005200651922577644,0.05794212846475144,0.0,0.1375
2023-03-25,0.1375,5.2915,110.74991,66.0967,0.03,0.0,0.0,0.005200651922577644,0.05794212846475144,0.0,0.1375
2023-03-26,0.1375,5.2915,110.74991,66.0967,0.03,0.0,0.0,0.00518080832920337,0.05794212846475144,0.0,0.1375
2023-03-27,0.1375,5.23,110.74991,66.0967,0.03,0.0,-0.011690481474810527,0.005886201632294516,0.05794212846475144,0.0,0.1375
2023-03-28,0.1375,5.1727,110.74991,66.0967,0.03,0.0,-0.011016482164549007,0.0059883679858966435,0.05794212846475144,0.0,0.1375
2023-03-29,0.1375,5.1487,110.74991,66.0967,0.03,0.0,-0.00465054028620818,0.006088908400782357,0.05794212846475144,0.0,0.1375
2023-03-30,0.1375,5.1248,110.74991,66.0967,0.03,0.0,-0.004652755753317886,0.0057933377012690515,0.05794212846475144,0.0,0.1375
2023-03-31,0.1375,5.0798,110.74991,66.0967,0.03,0.0,-0.008819609136128104,0.006077860541434981,0.05794212846475144,0.0,0.1375
2023-04-01,0.1375,5.0798,103.93605,66.4999,0.038,0.0,0.0,0.006077860541434981,0.037554636155770815,0.0,0.1375
2023-04-02,0.1375,5.0798,103.93605,66.4999,0.038,0.0,0.0,0.005383438403905972,0.037554636155770815,0.0,0.1375
2023-04-03,0.1375,5.0631,103.93605,66.4999,0.038,0.0,-0.0032929468082170316,0.005393426700284217,0.037554636155770815,0.0,0.1375
2023-04-04,0.1375,5.0756,103.93605,66.4999,0.038,0.0,0.0024658006122110572,0.004502610514573608,0.037554636155770815,0.0,0.1375
2023-04-05,0.1375,5.0441,103.93605,66.4999,0.038,0.0,-0.0062255010991830815,0.004592038776095047,0.037554636155770815,0.0,0.1375
2023-04-06,0.1375,5.0677,103.93605,66.4999,0.038,0.0,0.004667822316665613,0.004831701188385615,0.037554636155770815,0.0,0.1375
2023-04-07,0.1375,5.0677,103.93605,66.4999,0.038,0.0,0.0,0.004831701188385615,0.037554636155770815,0.0,0.1375
2023-04-08,0.1375,5.0677,103.93605,66.4999,0.038,0.0,0.0,0.004831701188385615,0.037554636155770815,0.0,0.1375
2023-04-09,0.1375,5.0677,103.93605,66.4999,0.038,0.0,0.0,0.0048235337253161575,0.037554636155770815,0.0,0.1375
2023-04-10,0.1375,5.0828,103.93605,66.4999,0.038,0.0,0.0029752250901372854,0.004930842156390223,0.037554636155770815,0.0,0.1375
2023-04-11,0.1375,5.0122,103.93605,66.4999,0.038,0.0,-0.013987350380724538,0.005481200314370298,0.037554636155770815,0.0,0.1375
2023-04-12,0.1375,4.949,103.93605,66.4999,0.038,0.0,-0.012689404497768616,0.0059086488475991175,0.037554636155770815,0.0,0.1375
2023-04-13,0.1375,4.9091,103.93605,66.4999,0.038,0.0,-0.008094910353708016,0.005648816772502206,0.037554636155770815,0.0,0.1375
2023-04-14,0.1375,4.9449,103.93605,66.4999,0.038,0.0,0.007266116807241846,0.006116991368063806,0.037554636155770815,0.0,0.1375
2023-04-15,0.1375,4.9449,103.93605,66.4999,0.038,0.0,0.0,0.006116991368063806,0.037554636155770815,0.0,0.1375
2023-04-16,0.1375,4.9449,103.93605,66.4999,0.038,0.0,0.0,0.005833796932524995,0.037554636155770815,0.0,0.1375
2023-04-17,0.1375,4.9415,103.93605,66.4999,0.038,0.0,-0.0006878135891814535,0.005516976464869869,0.037554636155770815,0.0,0.1375
2023-04-18,0.1375,4.9672,103.93605,66.4999,0.038,0.0,0.0051873722344445705,0.00572956480663918,0.037554636155770815,0.0,0.1375
2023-04-19,0.1375,5.0461,103.93605,66.4999,0.038,0.0,0.01575936663132054,0.006893406613952593,0.037554636155770815,0.0,0.1375
2023-04-20,0.1375,5.0491,103.93605,66.4999,0.038,0.0,0.000594341882936669,0.006631533624466546,0.037554636155770815,0.0,0.1375
2023-04-21,0.1375,5.0491,103.93605,66.4999,0.038,0.0,0.0,0.006631533624466546,0.037554636155770815,0.0,0.1375
2023-04-22,0.1375,5.0491,103.93605,66.4999,0.038,0.0,0.0,0.006631533624466546,0.037554636155770815,0.0,0.1375
2023-04-23,0.1375,5.0491,103.93605,66.4999,0.038,0.0,0.0,0.006594168067874233,0.037554636155770815,0.0,0.1375
2023-04-24,0.1375,5.0589,103.93605,66.4999,0.038,0.0,0.0019390587793085327,0.006584263735074549,0.037554636155770815,0.0,0.1375
2023-04-25,0.1375,5.0607,103.93605,66.4999,0.038,0.0,0.00035574529012669543,0.006428026897055181,0.037554636155770815,0.0,0.1375
2023-04-26,0.1375,5.0579,103.93605,66.4999,0.038,0.0,-0.0005534362602470737,0.006340933007133705,0.037554636155770815,0.0,0.1375
2023-04-27,0.1375,5.0144,103.93605,66.4999,0.038,0.0,-0.008637604212426656,0.006621921417072125,0.037554636155770815,0.0,0.1375
2023-04-28,0.1375,5.0001,103.93605,66.4999,0.038,0.0,-0.0028558609454617224,0.006640686319724376,0.037554636155770815,0.0,0.1375
2023-04-29,0.1375,5.0001,103.93605,66.4999,0.038,0.0,0.0,0.006640686319724376,0.037554636155770815,0.0,0.1375
2023-04-30,0.1375,5.0001,103.93605,66.4999,0.038,0.0,0.0,0.006587809887401251,0.037554636155770815,0.0,0.1375
2023-05-01,0.1375,5.0001,102.77821,66.6528,0.038,0.0,0.0,0.005813336088489177,0.03007422115691849,0.0,0.1375
2023-05-02,0.1375,5.0329,102.77821,66.6528,0.038,0.0,0.006538446497243475,0.005180910620751871,0.03007422115691849,0.0,0.1375
2023-05-03,0.1375,5.0221,102.77821,66.6528,0.038,0.0,-0.0021481858086984584,0.004797570004995208,0.03007422115691849,0.0,0.1375
2023-05-04,0.1375,5.01,102.77821,66.6528,0.038,0.0,-0.002412257825874721,0.004632161457196788,0.03007422115691849,0.0,0.1375
2023-05-05,0.1375,4.969,102.77821,66.6528,0.038,0.0,-0.008217302476589788,0.005039720566280343,0.03007422115691849,0.0,0.1375
2023-05-06,0.1375,4.969,102.77821,66.6528,0.038,0.0,0.0,0.005039720566280343,0.03007422115691849,0.0,0.1375
2023-05-07,0.1375,4.969,102.77821,66.6528,0.038,0.0,0.0,0.005035378710413526,0.03007422115691849,0.0,0.1375
2023-05-08,0.1375,4.969,102.77821,66.6528,0.038,0.0,0.0,0.004900968173486348,0.03007422115691849,0.0,0.1375
2023-05-09,0.1375,5.0001,102.77821,66.6528,0.038,0.0,0.006239299613919324,0.003574432998756268,0.03007422115691849,0.0,0.1375
2023-05-10,0.1375,4.9541,102.77821,66.6528,0.038,0.0,-0.009242395662145408,0.004065109406909715,0.03007422115691849,0.0,0.1375
2023-05-11,0.1375,4.969,102.77821,66.6528,0.038,0.0,0.003003096048225989,0.004156472825186677,0.03007422115691849,0.0,0.1375
2023-05-12,0.1375,4.9228,102.77821,66.6528,0.038,0.0,-0.009341138304139114,0.0045664986995657105,0.03007422115691849,0.0,0.1375
2023-05-13,0.1375,4.9228,102.77821,66.6528,0.038,0.0,0.0,0.0045664986995657105,0.03007422115691849,0.0,0.1375
2023-05-14,0.1375,4.9228,102.77821,66.6528,0.038,0.0,0.0,0.004515151237202195,0.03007422115691849,0.0,0.1375
2023-05-15,0.1375,4.9097,102.77821,66.6528,0.038,0.0,-0.0026646341726178123,0.004505118451048317,0.03007422115691849,0.0,0.1375
2023-05-16,0.1375,4.9116,102.77821,66.6528,0.038,0.0,0.0003869141607939897,0.004520558057269912,0.03007422115691849,0.0,0.1375
2023-05-17,0.1375,4.9507,102.77821,66.6528,0.038,0.0,0.007929226419755445,0.004653471968703819,0.03007422115691849,0.0,0.1375
2023-05-18,0.1375,4.9641,102.77821,66.6528,0.038,0.0,0.0027030314597953293,0.004680044576763166,0.03007422115691849,0.0,0.1375
2023-05-19,0.1375,4.9852,102.77821,66.6528,0.038,0.0,0.004241510786313546,0.004792039967392418,0.03007422115691849,0.0,0.1375
2023-05-20,0.1375,4.9852,102.77821,66.6528,0.038,0.0,0.0,0.004792039967392418,0.03007422115691849,0.0,0.1375
2023-05-21,0.1375,4.9852,102.77821,66.6528,0.038,0.0,0.0,0.004792039967392418,0.03007422115691849,0.0,0.1375
2023-05-22,0.1375,4.9674,102.77821,66.6528,0.038,0.0,-0.0035769585794066697,0.004578081317192336,0.03007422115691849,0.0,0.1375
2023-05-23,0.1375,4.9668,102.77821,66.6528,0.038,0.0,-0.0001207948301280708,0.004565707164283001,0.03007422115691849,0.0,0.1375
2023-05-24,0.1375,4.9468,102.77821,66.6528,0.038,0.0,-0.00403486667478507,0.004614626954263459,0.03007422115691849,0.0,0.1375
2023-05-25,0.1375,4.9984,102.77821,66.6528,0.038,0.0,0.010376958337410213,0.004872458425227012,0.03007422115691849,0.0,0.1375
2023-05-26,0.1375,5.0108,102.77821,66.6528,0.038,0.0,0.0024777217647246434,0.004896006166286824,0.03007422115691849,0.0,0.1375
2023-05-27,0.1375,5.0108,102.77821,66.6528,0.038,0.0,0.0,0.004896006166286824,0.03007422115691849,0.0,0.1375
2023-05-28,0.1375,5.0108,102.77821,66.6528,0.038,0.0,0.0,0.004896006166286824,0.03007422115691849,0.0,0.1375
2023-05-29,0.1375,4.9948,102.77821,66.6528,0.038,0.0,-0.003198211729046811,0.0047583654540226256,0.03007422115691849,0.0,0.1375
2023-05-30,0.1375,5.0587,102.77821,66.6528,0.038,0.0,0.012712162035648636,0.005050295565866138,0.03007422115691849,0.0,0.1375
2023-05-31,0.1375,5.0953,102.77821,66.6528,0.038,0.0,0.007209012902887053,0.005220824523355582,0.03007422115691849,0.0,0.1375
2023-06-01,0.1375,5.0344,102.19056,66.59949999999999,0.038,0.0,-0.0120241929668017,0.0055325925555133855,0.02952241866223071,0.0,0.1375
2023-06-02,0.1375,4.9552,102.19056,66.59949999999999,0.038,0.0,-0.015856822993785498,0.006712105988070148,0.02952241866223071,0.0,0.1375
2023-06-03,0.1375,4.9552,102.19056,66.59949999999999,0.038,0.0,0.0,0.006712105988070148,0.02952241866223071,0.0,0.1375
2023-06-04,0.1375,4.9552,102.19056,66.59949999999999,0.038,0.0,0.0,0.006675925581997503,0.02952241866223071,0.0,0.1375
2023-06-05,0.1375,4.923,102.19056,66.59949999999999,0.038,0.0,-0.0065194294607376834,0.0068561571710339395,0.02952241866223071,0.0,0.1375
2023-06-06,0.1375,4.9286,102.19056,66.59949999999999,0.038,0.0,0.0011368712905833445,0.006612661998751733,0.02952241866223071,0.0,0.1375
2023-06-07,0.1375,4.9113,102.19056,66.59949999999999,0.038,0.0,-0.0035162995203784036,0.006614020676890967,0.02952241866223071,0.0,0.1375
2023-06-08,0.1375,4.9113,102.19056,66.59949999999999,0.038,0.0,0.0,0.006520149315343575,0.02952241866223071,0.0,0.1375
2023-06-09,0.1375,4.8916,102.19056,66.59949999999999,0.038,0.0,-0.004019224213190725,0.006557753140009787,0.02952241866223071,0.0,0.1375
2023-06-10,0.1375,4.8916,102.19056,66.59949999999999,0.038,0.0,0.0,0.006557753140009787,0.02952241866223071,0.0,0.1375
2023-06-11,0.1375,4.8916,102.19056,66.59949999999999,0.038,0.0,0.0,0.006530994235332099,0.02952241866223071,0.0,0.1375
2023-06-12,0.1375,4.8826,102.19056,66.59949999999999,0.038,0.0,-0.00184158346331615,0.0065333417509923514,0.02952241866223071,0.0,0.1375
2023-06-13,0.1375,4.8527,102.19056,66.59949999999999,0.038,0.0,-0.006142613789974849,0.006603954770221819,0.02952241866223071,0.0,0.1375
2023-06-14,0.1375,4.8456,102.19056,66.59949999999999,0.038,0.0,-0.0014641743951863992,0.006040836502784661,0.02952241866223071,0.0,0.1375
2023-06-15,0.1375,4.8216,102.19056,66.59949999999999,0.038,0.0,-0.0049652534979030645,0.006008674017840272,0.02952241866223071,0.0,0.1375
2023-06-16,0.1375,4.828,102.19056,66.59949999999999,0.038,0.0,0.0013264800485879183,0.006038282551656585,0.02952241866223071,0.0,0.1375
2023-06-17,0.1375,4.828,102.19056,66.59949999999999,0.038,0.0,0.0,0.006038282551656585,0.02952241866223071,0.0,0.1375
2023-06-18,0.1375,4.828,102.19056,66.59949999999999,0.038,0.0,0.0,0.006043273271478792,0.02952241866223071,0.0,0.1375
2023-06-19,0.1375,4.7797,102.19056,66.59949999999999,0.038,0.0,-0.010054520207782372,0.005282308684378606,0.02952241866223071,0.0,0.1375
2023-06-20,0.1375,4.7924,102.19056,66.59949999999999,0.038,0.0,0.0026535467561041724,0.004911548092786721,0.02952241866223071,0.0,0.1375
2023-06-21,0.1375,4.7789,102.19056,66.59949999999999,0.038,0.0,-0.002820935286196019,0.004436027472477512,0.02952241866223071,0.0,0.1375
2023-06-22,0.1375,4.7744,102.19056,66.59949999999999,0.038,0.0,-0.0009420829101609809,0.0031614165451195114,0.02952241866223071,0.0,0.1375
2023-06-23,0.1375,4.7793,102.19056,66.59949999999999,0.038,0.0,0.0010257806775718626,0.003201224257513986,0.02952241866223071,0.0,0.1375
2023-06-24,0.1375,4.7793,102.19056,66.59949999999999,0.038,0.0,0.0,0.003201224257513986,0.02952241866223071,0.0,0.1375
2023-06-25,0.1375,4.7793,102.19056,66.59949999999999,0.038,0.0,0.0,0.0030231061849615173,0.02952241866223071,0.0,0.1375
2023-06-26,0.1375,4.7692,102.19056,66.59949999999999,0.038,0.0,-0.00211551631498204,0.0029617154078546335,0.02952241866223071,0.0,0.1375
2023-06-27,0.1375,4.7897,102.19056,66.59949999999999,0.038,0.0,0.004289203031446631,0.00320617571166575,0.02952241866223071,0.0,0.1375
2023-06-28,0.1375,4.8557,102.19056,66.59949999999999,0.038,0.0,0.013685493625320006,0.004631417570725862,0.02952241866223071,0.0,0.1375
2023-06-29,0.1375,4.8578,102.19056,66.59949999999999,0.038,0.0,0.00043238792046503373,0.004563360012871222,0.02952241866223071,0.0,0.1375
2023-06-30,0.1375,4.8186,102.19056,66.59949999999999,0.038,0.0,-0.008102231086737025,0.004879639565944266,0.02952241866223071,0.0,0.1375
2023-07-01,0.1375,4.8186,105.3951,66.6794,0.038,0.0,0.0,0.004879639565944266,0.013327121048032797,0.0,0.1375
2023-07-02,0.1375,4.8186,105.3951,66.6794,0.038,0.0,0.0,0.004875366495356055,0.013327121048032797,0.0,0.1375
2023-07-03,0.1375,4.787,105.3951,66.6794,0.038,0.0,-0.006579519029962448,0.004902132302979571,0.013327121048032797,0.0,0.1375
2023-07-04,0.1375,4.805,105.3951,66.6794,0.038,0.0,0.003753132011883886,0.004996210080679548,0.013327121048032797,0.0,0.1375
2023-07-05,0.1375,4.8571,105.3951,66.6794,0.038,0.0,0.010784509570252957,0.005461738904610626,0.013327121048032797,0.0,0.1375
2023-07-06,0.1375,4.8971,105.3951,66.6794,0.038,0.0,0.008201641184886255,0.005734850938251011,0.013327121048032797,0.0,0.1375
2023-07-07,0.1375,4.8793,105.3951,66.6794,0.038,0.0,-0.0036414262241671,0.005815829428217785,0.013327121048032797,0.0,0.1375
2023-07-08,0.1375,4.8793,105.3951,66.6794,0.038,0.0,0.0,0.005815829428217785,0.013327121048032797,0.0,0.1375
2023-07-09,0.1375,4.8793,105.3951,66.6794,0.038,0.0,0.0,0.0052609706565447285,0.013327121048032797,0.0,0.1375
2023-07-10,0.1375,4.8729,105.3951,66.6794,0.038,0.0,-0.001312524541905354,0.005271337471401052,0.013327121048032797,0.0,0.1375
2023-07-11,0.1375,4.8943,105.3951,66.6794,0.038,0.0,0.004382020280886639,0.005254595246913782,0.013327121048032797,0.0,0.1375
2023-07-12,0.1375,4.8052,105.3951,66.6794,0.038,0.0,-0.018372597827126292,0.006835160888504873,0.013327121048032797,0.0,0.1375
2023-07-13,0.1375,4.8032,105.3951,66.6794,0.038,0.0,-0.00041630240807717124,0.006834946867494767,0.013327121048032797,0.0,0.1375
2023-07-14,0.1375,4.7951,105.3951,66.6794,0.038,0.0,-0.0016877992817166461,0.00684859427730433,0.013327121048032797,0.0,0.1375
2023-07-15,0.1375,4.7951,105.3951,66.6794,0.038,0.0,0.0,0.00684859427730433,0.013327121048032797,0.0,0.1375
2023-07-16,0.1375,4.7951,105.3951,66.6794,0.038,0.0,0.0,0.006827823218577067,0.013327121048032797,0.0,0.1375
2023-07-17,0.1375,4.8296,105.3951,66.6794,0.038,0.0,0.0071690853247902775,0.006946367181012426,0.013327121048032797,0.0,0.1375
2023-07-18,0.1375,4.8034,105.3951,66.6794,0.038,0.0,-0.005439648002553783,0.006310654206271507,0.013327121048032797,0.0,0.1375
2023-07-19,0.1375,4.7994,105.3951,66.6794,0.038,0.0,-0.0008330903968313455,0.006306718895598358,0.013327121048032797,0.0,0.1375
2023-07-20,0.1375,4.7882,105.3951,66.6794,0.038,0.0,-0.002336352182952683,0.006073424304771927,0.013327121048032797,0.0,0.1375
2023-07-21,0.1375,4.7726,105.3951,66.6794,0.038,0.0,-0.003263328140762547,0.006108211468363827,0.013327121048032797,0.0,0.1375
2023-07-22,0.1375,4.7726,105.3951,66.6794,0.038,0.0,0.0,0.006108211468363827,0.013327121048032797,0.0,0.1375
2023-07-23,0.1375,4.7726,105.3951,66.6794,0.038,0.0,0.0,0.005937176944458054,0.013327121048032797,0.0,0.1375
2023-07-24,0.1375,4.7451,105.3951,66.6794,0.038,0.0,-0.0057787231215632425,0.0059896600188773024,0.013327121048032797,0.0,0.1375
2023-07-25,0.1375,4.749,105.3951,66.6794,0.038,0.0,0.0008215629115690232,0.0053731925492907,0.013327121048032797,0.0,0.1375
2023-07-26,0.1375,4.7362,105.3951,66.6794,0.038,0.0,-0.0026989431472002863,0.004910217774579975,0.013327121048032797,0.0,0.1375
2023-07-27,0.1375,4.7196,105.3951,66.6794,0.038,0.0,-0.003511076176157286,0.004907549656583239,0.013327121048032797,0.0,0.1375
2023-07-28,0.1375,4.7247,105.3951,66.6794,0.038,0.0,0.0010800166228806189,0.004932699654971572,0.013327121048032797,0.0,0.1375
2023-07-29,0.1375,4.7247,105.3951,66.6794,0.038,0.0,0.0,0.004932699654971572,0.013327121048032797,0.0,0.1375
2023-07-30,0.1375,4.7247,105.3951,66.6794,0.038,0.0,0.0,0.0049455783669322155,0.013327121048032797,0.0,0.1375
2023-07-31,0.1375,4.7409,105.3951,66.6794,0.038,0.0,0.003422924234522967,0.004889420871002692,0.013327121048032797,0.0,0.1375
2023-08-01,0.1375,4.7746,106.08791,66.83279999999999,0.038,0.0,0.007083209689283514,0.003367835938028719,0.014697089878644265,0.0,0.1375
2023-08-02,0.1375,4.8077,106.08791,66.83279999999999,0.038,0.0,0.006908598489224843,0.0037350140037786324,0.014697089878644265,0.0,0.1375
2023-08-03,0.1325,4.8791,106.08791,66.83279999999999,0.038,-0.0050000000000000044,0.01474197734740024,0.004944417742686358,0.014697089878644265,0.0,0.1325
2023-08-04,0.1325,4.8603,106.08791,66.83279999999999,0.038,0.0,-0.00386061222459425,0.005054240540979474,0.014697089878644265,0.0,0.1325
2023-08-05,0.1325,4.8603,106.08791,66.83279999999999,0.038,0.0,0.0,0.005054240540979474,0.014697089878644265,0.0,0.1325
2023-08-06,0.1325,4.8603,106.08791,66.83279999999999,0.038,0.0,0.0,0.004818158135842037,0.014697089878644265,0.0,0.1325
2023-08-07,0.1325,4.9004,106.08791,66.83279999999999,0.038,0.0,0.008216670035533499,0.004925893485286858,0.014697089878644265,0.0,0.1325
2023-08-08,0.1325,4.9211,106.08791,66.83279999999999,0.038,0.0,0.004215248312445004,0.004956288078001286,0.014697089878644265,0.0,0.1325
2023-08-09,0.1325,4.9009,106.08791,66.83279999999999,0.038,0.0,-0.004113221030261379,0.005039228790539837,0.014697089878644265,0.0,0.1325
2023-08-10,0.1325,4.8512,106.08791,66.83279999999999,0.038,0.0,-0.010192764694201379,0.00556987124480391,0.014697089878644265,0.0,0.1325
2023-08-11,0.1325,4.8912,106.08791,66.83279999999999,0.038,0.0,0.008211575128572275,0.005804221770287049,0.014697089878644265,0.0,0.1325
2023-08-12,0.1325,4.8912,106.08791,66.83279999999999,0.038,0.0,0.0,0.005804221770287049,0.014697089878644265,0.0,0.1325
2023-08-13,0.1325,4.8912,106.08791,66.83279999999999,0.038,0.0,0.0,0.005576467399242448,0.014697089878644265,0.0,0.1325
2023-08-14,0.1325,4.9475,106.08791,66.83279999999999,0.038,0.0,0.01144472634015056,0.0059968942876763125,0.014697089878644265,0.0,0.1325
2023-08-15,0.1325,4.9806,106.08791,66.83279999999999,0.038,0.0,0.006667967212324105,0.005972422105674586,0.014697089878644265,0.0,0.1325
2023-08-16,0.1325,4.9765,106.08791,66.83279999999999,0.038,0.0,-0.000823533002926736,0.0058588379432041,0.014697089878644265,0.0,0.1325
2023-08-17,0.1325,4.981,106.08791,66.83279999999999,0.038,0.0,0.000903841387165121,0.00586145472369659,0.014697089878644265,0.0,0.1325
2023-08-18,0.1325,4.9718,106.08791,66.83279999999999,0.038,0.0,-0.0018487265132033793,0.005919590460822808,0.014697089878644265,0.0,0.1325
2023-08-19,0.1325,4.9718,106.08791,66.83279999999999,0.038,0.0,0.0,0.005919590460822808,0.014697089878644265,0.0,0.1325
2023-08-20,0.1325,4.9718,106.08791,66.83279999999999,0.038,0.0,0.0,0.00594242810887388,0.014697089878644265,0.0,0.1325
2023-08-21,0.1325,4.9841,106.08791,66.83279999999999,0.038,0.0,0.002470897911382948,0.005838800432534983,0.014697089878644265,0.0,0.1325
2023-08-22,0.1325,4.9425,106.08791,66.83279999999999,0.038,0.0,-0.008381569426691047,0.006173938243996038,0.014697089878644265,0.0,0.1325
2023-08-23,0.1325,4.8971,106.08791,66.83279999999999,0.038,0.0,-0.00922808288523982,0.00575654930002105,0.014697089878644265,0.0,0.1325
2023-08-24,0.1325,4.8742,106.08791,66.83279999999999,0.038,0.0,-0.0046872047579861915,0.005789987372789691,0.014697089878644265,0.0,0.1325
2023-08-25,0.1325,4.8766,106.08791,66.83279999999999,0.038,0.0,0.0004922673110851974,0.0057903947217217595,0.014697089878644265,0.0,0.1325
2023-08-26,0.1325,4.8766,106.08791,66.83279999999999,0.038,0.0,0.0,0.0057903947217217595,0.014697089878644265,0.0,0.1325
2023-08-27,0.1325,4.8766,106.08791,66.83279999999999,0.038,0.0,0.0,0.005471968836506503,0.014697089878644265,0.0,0.1325
2023-08-28,0.1325,4.8933,106.08791,66.83279999999999,0.038,0.0,0.0034186667754630548,0.005440616408063642,0.014697089878644265,0.0,0.1325
2023-08-29,0.1325,4.87,106.08791,66.83279999999999,0.038,0.0,-0.004772985411458845,0.005466997165009007,0.014697089878644265,0.0,0.1325
2023-08-30,0.1325,4.8647,106.08791,66.83279999999999,0.038,0.0,-0.0010888883116427818,0.004956550331677297,0.014697089878644265,0.0,0.1325
2023-08-31,0.1325,4.9213,106.08791,66.83279999999999,0.038,0.0,0.011567674461661842,0.005289840038506991,0.014697089878644265,0.0,0.1325
2023-09-01,0.1325,4.9312,101.78245,67.00659999999999,0.038,0.0,0.0020096428991418815,0.005302777575026641,0.0065344048872606475,0.0,0.1325
2023-09-02,0.1325,4.9312,101.78245,67.00659999999999,0.038,0.0,0.0,0.005302777575026641,0.0065344048872606475,0.0,0.1325
2023-09-03,0.1325,4.9312,101.78245,67.00659999999999,0.038,0.0,0.0,0.004622940967131184,0.0065344048872606475,0.0,0.1325
2023-09-04,0.1325,4.917,101.78245,67.00659999999999,0.038,0.0,-0.0028837777138571575,0.004366141072299349,0.0065344048872606475,0.0,0.1325
2023-09-05,0.1325,4.9699,101.78245,67.00659999999999,0.038,0.0,0.010701130751964534,0.005048224855326937,0.0065344048872606475,0.0,0.1325
2023-09-06,0.1325,4.9756,101.78245,67.00659999999999,0.038,0.0,0.0011462471719056993,0.005050967051263694,0.0065344048872606475,0.0,0.1325
2023-09-07,0.1325,4.9756,101.78245,67.00659999999999,0.038,0.0,0.0,0.005033283685390576,0.0065344048872606475,0.0,0.1325
2023-09-08,0.1325,4.9829,101.78245,67.00659999999999,0.038,0.0,0.0014660845122364894,0.005043363907116554,0.0065344048872606475,0.0,0.1325
2023-09-09,0.1325,4.9829,101.78245,67.00659999999999,0.038,0.0,0.0,0.005043363907116554,0.0065344048872606475,0.0,0.1325
2023-09-10,0.1325,4.9829,101.78245,67.00659999999999,0.038,0.0,0.0,0.005012696001865521,0.0065344048872606475,0.0,0.1325
2023-09-11,0.1325,4.936,101.78245,67.00659999999999,0.038,0.0,-0.009456764262822395,0.00511196375333629,0.0065344048872606475,0.0,0.1325
2023-09-12,0.1325,4.9499,101.78245,67.00659999999999,0.038,0.0,0.0028120877532466716,0.004665651683499589,0.0065344048872606475,0.0,0.1325
2023-09-13,0.1325,4.9165,101.78245,67.00659999999999,0.038,0.0,-0.006770479118259558,0.004809444905140744,0.0065344048872606475,0.0,0.1325
2023-09-14,0.1325,4.8745,101.78245,67.00659999999999,0.038,0.0,-0.008579360150884646,0.005214208960684354,0.0065344048872606475,0.0,0.1325
2023-09-15,0.1325,4.8683,101.78245,67.00659999999999,0.038,0.0,-0.0012727349092509783,0.0052216934576610145,0.0065344048872606475,0.0,0.1325
2023-09-16,0.1325,4.8683,101.78245,67.00659999999999,0.038,0.0,0.0,0.0052216934576610145,0.0065344048872606475,0.0,0.1325
2023-09-17,0.1325,4.8683,101.78245,67.00659999999999,0.038,0.0,0.0,0.0051565061989275116,0.0065344048872606475,0.0,0.1325
2023-09-18,0.1325,4.8529,101.78245,67.00659999999999,0.038,0.0,-0.0031683357780004267,0.005094639625835067,0.0065344048872606475,0.0,0.1325
2023-09-19,0.1325,4.8569,101.78245,67.00659999999999,0.038,0.0,0.000823909910868572,0.005094551976124415,0.0065344048872606475,0.0,0.1325
2023-09-20,0.1325,4.8481,101.78245,67.00659999999999,0.038,0.0,-0.0018134986938219343,0.00430123843564435,0.0065344048872606475,0.0,0.1325
2023-09-21,0.1275,4.9223,101.78245,67.00659999999999,0.038,-0.0050000000000000044,0.01518902532744762,0.005568926150717578,0.0065344048872606475,0.0,0.1275
2023-09-22,0.1275,4.9125,101.78245,67.00659999999999,0.038,0.0,-0.0019929237490526885,0.0055850315649444895,0.0065344048872606475,0.0,0.1275
2023-09-23,0.1275,4.9125,101.78245,67.00659999999999,0.038,0.0,0.0,0.0055850315649444895,0.0065344048872606475,0.0,0.1275
2023-09-24,0.1275,4.9125,101.78245,67.00659999999999,0.038,0.0,0.0,0.005548933756120918,0.0065344048872606475,0.0,0.1275
2023-09-25,0.1325,4.96,101.78245,67.00659999999999,0.038,0.0050000000000000044,0.009622763541456632,0.005443243756521905,0.0065344048872606475,0.0,0.1325
2023-09-26,0.1325,4.9711,101.78245,67.00659999999999,0.038,0.0,0.002235402850086776,0.005461781832248109,0.0065344048872606475,0.0,0.1325
2023-09-27,0.1325,5.0283,101.78245,67.00659999999999,0.038,0.0,0.011440811232262583,0.006035739605381261,0.0065344048872606475,0.0,0.1325
2023-09-28,0.1325,5.0469,101.78245,67.00659999999999,0.038,0.0,0.0036922385919020678,0.006074376119786427,0.0065344048872606475,0.0,0.1325
2023-09-29,0.1325,5.007,101.78245,67.00659999999999,0.038,0.0,-0.007937260063279735,0.006370336670145884,0.0065344048872606475,0.0,0.1325
2023-09-30,0.1325,5.007,101.78245,67.00659999999999,0.038,0.0,0.0,0.006370336670145884,0.0065344048872606475,0.0,0.1325
2023-10-01,0.1325,5.007,101.94681,67.1674,0.033,0.0,0.0,0.005949692203748922,0.019008629009179767,0.0,0.1325
2023-10-02,0.1325,5.0673,101.94681,67.1674,0.033,0.0,0.011971198024464372,0.006451048347646088,0.019008629009179767,0.0,0.1325
2023-10-03,0.1325,5.1094,101.94681,67.1674,0.033,0.0,0.00827384911969973,0.006352537941966976,0.019008629009179767,0.0,0.1325
2023-10-04,0.1325,5.152,101.94681,67.1674,0.033,0.0,0.008303008310080674,0.005994962345624976,0.019008629009179767,0.0,0.1325
2023-10-05,0.1275,5.1707,101.94681,67.1674,0.033,-0.0050000000000000044,0.0036230870713792555,0.005920763772864185,0.019008629009179767,0.0,0.1275
2023-10-06,0.1275,5.1912,101.94681,67.1674,0.033,0.0,0.003956808451390081,0.005880753272704469,0.019008629009179767,0.0,0.1275
2023-10-07,0.1275,5.1912,101.94681,67.1674,0.033,0.0,0.0,0.005880753272704469,0.019008629009179767,0.0,0.1275
2023-10-08,0.1275,5.1912,101.94681,67.1674,0.033,0.0,0.0,0.005740871810855907,0.019008629009179767,0.0,0.1275
2023-10-09,0.1275,5.166,101.94681,67.1674,0.033,0.0,-0.004866189651172899,0.00600842114397391,0.019008629009179767,0.0,0.1275
2023-10-10,0.1275,5.0856,101.94681,67.1674,0.033,0.0,-0.015685678033586756,0.007271574920289878,0.019008629009179767,0.0,0.1275
2023-10-11,0.1275,5.049,101.94681,67.1674,0.033,0.0,-0.007222812763283256,0.006913660836203776,0.019008629009179767,0.0,0.1275
2023-10-12,0.1275,5.049,101.94681,67.1674,0.033,0.0,0.0,0.006878418606092443,0.019008629009179767,0.0,0.1275
2023-10-13,0.1275,5.0619,101.94681,67.1674,0.033,0.0,0.002551703013485518,0.0068753270791336255,0.019008629009179767,0.0,0.1275
2023-10-14,0.1275,5.0619,101.94681,67.1674,0.033,0.0,0.0,0.0068753270791336255,0.019008629009179767,0.0,0.1275
2023-10-15,0.1275,5.0619,101.94681,67.1674,0.033,0.0,0.0,0.006608342570345091,0.019008629009179767,0.0,0.1275
2023-10-16,0.1275,5.0612,101.94681,67.1674,0.033,0.0,-0.0001382975572926808,0.00660662033686043,0.019008629009179767,0.0,0.1275
2023-10-17,0.1275,5.0378,101.94681,67.1674,0.033,0.0,-0.004634130483524724,0.006223210325507941,0.019008629009179767,0.0,0.1275
2023-10-18,0.1275,5.0562,101.94681,67.1674,0.033,0.0,0.00364573417477864,0.006221803808068107,0.019008629009179767,0.0,0.1275
2023-10-19,0.1275,5.0534,101.94681,67.1674,0.033,0.0,-0.0005539289529941694,0.005932638470519701,0.019008629009179767,0.0,0.1275
2023-10-20,0.1275,5.0522,101.94681,67.1674,0.033,0.0,-0.00023749208471343192,0.005933847773622841,0.019008629009179767,0.0,0.1275
2023-10-21,0.1275,5.0522,101.94681,67.1674,0.033,0.0,0.0,0.005933847773622841,0.019008629009179767,0.0,0.1275
2023-10-22,0.1275,5.0522,101.94681,67.1674,0.033,0.0,0.0,0.005277976704642587,0.019008629009179767,0.0,0.1275
2023-10-23,0.1275,5.0158,101.94681,67.1674,0.033,0.0,-0.00723086185911744,0.0051117283753284145,0.019008629009179767,0.0,0.1275
2023-10-24,0.1275,5.0059,101.94681,67.1674,0.033,0.0,-0.001975713346107054,0.004629096096406757,0.019008629009179767,0.0,0.1275
2023-10-25,0.1275,4.9975,101.94681,67.1674,0.033,0.0,-0.001679429388875418,0.0044731703896616175,0.019008629009179767,0.0,0.1275
2023-10-26,0.1275,5.0049,101.94681,67.1674,0.033,0.0,0.0014796451551825458,0.004340520501875239,0.019008629009179767,0.0,0.1275
2023-10-27,0.1275,4.9474,101.94681,67.1674,0.033,0.0,-0.011555246485684966,0.004826343828262412,0.019008629009179767,0.0,0.1275
2023-10-28,0.1275,4.9474,101.94681,67.1674,0.033,0.0,0.0,0.004826343828262412,0.019008629009179767,0.0,0.1275
2023-10-29,0.1275,4.9474,101.94681,67.1674,0.033,0.0,0.0,0.004818397820985782,0.019008629009179767,0.0,0.1275
2023-10-30,0.1275,5.0068,101.94681,67.1674,0.033,0.0,0.011934802409815783,0.004694890693818948,0.019008629009179767,0.0,0.1275
2023-10-31,0.1275,5.0569,101.94681,67.1674,0.033,0.0,0.00995665886069196,0.005014897828532347,0.019008629009179767,0.0,0.1275
2023-11-01,0.1275,5.0188,101.61883,67.3555,0.033,0.0,-0.007562786029015882,0.005298227852229882,0.026991220650017578,0.0,0.1275
2023-11-02,0.1275,5.0188,101.61883,67.3555,0.033,0.0,0.0,0.005256502476251486,0.026991220650017578,0.0,0.1275
2023-11-03,0.1275,4.8904,101.61883,67.3555,0.033,0.0,-0.02591676157102908,0.007749086907912566,0.026991220650017578,0.0,0.1275
2023-11-04,0.1275,4.8904,101.61883,67.3555,0.033,0.0,0.0,0.007749086907912566,0.026991220650017578,0.0,0.1275
2023-11-05,0.1275,4.8904,101.61883,67.3555,0.033,0.0,0.0,0.007750637355964255,0.026991220650017578,0.0,0.1275
2023-11-06,0.1275,4.8993,101.61883,67.3555,0.033,0.0,0.001818238036291762,0.007757085199307427,0.026991220650017578,0.0,0.1275
2023-11-07,0.1275,4.8664,101.61883,67.3555,0.033,0.0,-0.006737893744311784,0.0077495171562738645,0.026991220650017578,0.0,0.1275
2023-11-08,0.1275,4.8849,101.61883,67.3555,0.033,0.0,0.0037943704317887784,0.007849999192404596,0.026991220650017578,0.0,0.1275
2023-11-09,0.1275,4.9001,101.61883,67.3555,0.033,0.0,0.0031067986154553326,0.00791801794676973,0.026991220650017578,0.0,0.1275
2023-11-10,0.1275,4.9213,101.61883,67.3555,0.033,0.0,0.004317110172914946,0.008020064784325955,0.026991220650017578,0.0,0.1275
2023-11-11,0.1275,4.9213,101.61883,67.3555,0.033,0.0,0.0,0.008020064784325955,0.026991220650017578,0.0,0.1275
2023-11-12,0.1275,4.9213,101.61883,67.3555,0.033,0.0,0.0,0.007901330659208313,0.026991220650017578,0.0,0.1275
2023-11-13,0.1275,4.924,101.61883,67.3555,0.033,0.0,0.0005484850776896725,0.0079042606396487,0.026991220650017578,0.0,0.1275
2023-11-14,0.1275,4.8676,101.61883,67.3555,0.033,0.0,-0.011520205841699098,0.008258611617969308,0.026991220650017578,0.0,0.1275
2023-11-15,0.1275,4.8676,101.61883,67.3555,0.033,0.0,0.0,0.008238845487523301,0.026991220650017578,0.0,0.1275
2023-11-16,0.1225,4.8569,101.61883,67.3555,0.033,-0.0050000000000000044,-0.002200628169701455,0.00788955916252923,0.026991220650017578,0.0,0.1225
2023-11-17,0.1225,4.8843,101.61883,67.3555,0.033,0.0,0.005625605112634812,0.00802334973784123,0.026991220650017578,0.0,0.1225
2023-11-18,0.1225,4.8843,101.61883,67.3555,0.033,0.0,0.0,0.00802334973784123,0.026991220650017578,0.0,0.1225
2023-11-19,0.1225,4.8843,101.61883,67.3555,0.033,0.0,0.0,0.007462987395057778,0.026991220650017578,0.0,0.1225
2023-11-20,0.1225,4.8717,101.61883,67.3555,0.033,0.0,-0.00258302726642692,0.00698434398173158,0.026991220650017578,0.0,0.1225
2023-11-21,0.1225,4.88,101.61883,67.3555,0.033,0.0,0.0017022677080411994,0.00689324092142822,0.026991220650017578,0.0,0.1225
2023-11-22,0.1225,4.8962,101.61883,67.3555,0.033,0.0,0.0033141741838467425,0.006968153174843208,0.026991220650017578,0.0,0.1225
2023-11-23,0.1225,4.8925,101.61883,67.3555,0.033,0.0,-0.0007559737608081911,0.0038526411891337442,0.026991220650017578,0.0,0.1225
2023-11-24,0.1225,4.8921,101.61883,67.3555,0.033,0.0,-8.176113489010232e-05,0.0038527085436543267,0.026991220650017578,0.0,0.1225
2023-11-25,0.1225,4.8921,101.61883,67.3555,0.033,0.0,0.0,0.0038527085436543267,0.026991220650017578,0.0,0.1225
2023-11-26,0.1225,4.8921,101.61883,67.3555,0.033,0.0,0.0,0.003829358918904164,0.026991220650017578,0.0,0.1225
2023-11-27,0.1225,4.8945,101.61883,67.3555,0.033,0.0,0.000490466566143729,0.0034936615542960083,0.026991220650017578,0.0,0.1225
2023-11-28,0.1225,4.8861,101.61883,67.3555,0.033,0.0,-0.0017176864538601963,0.003419106363635391,0.026991220650017578,0.0,0.1225
2023-11-29,0.1225,4.8927,101.61883,67.3555,0.033,0.0,0.001349859083356935,0.0033574286296987957,0.026991220650017578,0.0,0.1225
2023-11-30,0.1225,4.9349,101.61883,67.3555,0.033,0.0,0.008588110906775578,0.0037628784617102905,0.026991220650017578,0.0,0.1225
2023-12-01,0.1225,4.9185,101.62388,67.73270000000001,0.033,0.0,-0.003328803284944624,0.0038420893573319383,0.017843328222610033,0.0,0.1225
2023-12-02,0.1225,4.9185,101.62388,67.73270000000001,0.033,0.0,0.0,0.0038420893573319383,0.017843328222610033,0.0,0.1225
2023-12-03,0.1225,4.9185,101.62388,67.73270000000001,0.033,0.0,0.0,0.0038397112628360975,0.017843328222610033,0.0,0.1225
2023-12-04,0.1225,4.9085,101.62388,67.73270000000001,0.033,0.0,-0.002035209820236448,0.00279202806259228,0.017843328222610033,0.0,0.1225
2023-12-05,0.1225,4.9516,101.62388,67.73270000000001,0.033,0.0,0.008742360525078995,0.003351396726149841,0.017843328222610033,0.0,0.1225
2023-12-06,0.1225,4.9025,101.62388,67.73270000000001,0.033,0.0,-0.009965477587153939,0.004091995663354289,0.017843328222610033,0.0,0.1225
2023-12-07,0.1225,4.8943,101.62388,67.73270000000001,0.033,0.0,-0.0016740163961549807,0.003930021044293425,0.017843328222610033,0.0,0.1225
2023-12-08,0.1225,4.9152,101.62388,67.73270000000001,0.033,0.0,0.004261181838951939,0.0040382024238419635,0.017843328222610033,0.0,0.1225
2023-12-09,0.1225,4.9152,101.62388,67.73270000000001,0.033,0.0,0.0,0.0040382024238419635,0.017843328222610033,0.0,0.1225
2023-12-10,0.1225,4.9152,101.62388,67.73270000000001,0.033,0.0,0.0,0.0039815356004652925,0.017843328222610033,0.0,0.1225
2023-12-11,0.1225,4.9434,101.62388,67.73270000000001,0.033,0.0,0.005720909036301,0.004146343549753134,0.017843328222610033,0.0,0.1225
2023-12-12,0.1225,4.947,101.62388,67.73270000000001,0.033,0.0,0.0007279786781093439,0.004098788072686094,0.017843328222610033,0.0,0.1225
2023-12-13,0.1225,4.9573,101.62388,67.73270000000001,0.033,0.0,0.002079905437669575,0.0041015172571949405,0.017843328222610033,0.0,0.1225
2023-12-14,0.1225,4.8906,101.62388,67.73270000000001,0.033,0.0,-0.013546242336911376,0.005189930203227669,0.017843328222610033,0.0,0.1225
2023-12-15,0.1225,4.9391,101.62388,67.73270000000001,0.033,0.0,0.009868133020755534,0.005640948975532067,0.017843328222610033,0.0,0.1225
2023-12-16,0.1225,4.9391,101.62388,67.73270000000001,0.033,0.0,0.0,0.005640948975532067,0.017843328222610033,0.0,0.1225
2023-12-17,0.1225,4.9391,101.62388,67.73270000000001,0.033,0.0,0.0,0.005641958293464673,0.017843328222610033,0.0,0.1225
2023-12-18,0.1225,4.9393,101.62388,67.73270000000001,0.033,0.0,4.0492387436838963e-05,0.005620001700055968,0.017843328222610033,0.0,0.1225
2023-12-19,0.1225,4.8657,101.62388,67.73270000000001,0.033,0.0,-0.015013030574905521,0.0066014567484965715,0.017843328222610033,0.0,0.1225
2023-12-20,0.1225,4.876,101.62388,67.73270000000001,0.033,0.0,0.0021146214394085227,0.006295544892093692,0.017843328222610033,0.0,0.1225
2023-12-21,0.1225,4.8749,101.62388,67.73270000000001,0.033,0.0,-0.00022562020011816748,0.0062629166042378415,0.017843328222610033,0.0,0.1225
2023-12-22,0.1225,4.8613,101.62388,67.73270000000001,0.033,0.0,-0.0027936995635650212,0.006283585000339284,0.017843328222610033,0.0,0.1225
2023-12-23,0.1225,4.8613,101.62388,67.73270000000001,0.033,0.0,0.0,0.006283585000339284,0.017843328222610033,0.0,0.1225
2023-12-24,0.1225,4.8613,101.62388,67.73270000000001,0.033,0.0,0.0,0.006275335662963906,0.017843328222610033,0.0,0.1225
2023-12-25,0.1225,4.8613,101.62388,67.73270000000001,0.033,0.0,0.0,0.005891650181821538,0.017843328222610033,0.0,0.1225
2023-12-26,0.1225,4.8362,101.62388,67.73270000000001,0.033,0.0,-0.005176603464982571,0.005594513137397917,0.017843328222610033,0.0,0.1225
2023-12-27,0.1225,4.83,101.62388,67.73270000000001,0.033,0.0,-0.0012828207258780606,0.005591540912392026,0.017843328222610033,0.0,0.1225
2023-12-28,0.1175,4.8407,101.62388,67.73270000000001,0.033,-0.0050000000000000044,0.0022128707055972374,0.005514868722038658,0.017843328222610033,0.0,0.1175
2023-12-29,0.1175,4.8407,101.62388,67.73270000000001,0.033,0.0,0.0,0.005514868722038658,0.017843328222610033,0.0,0.1175
2023-12-30,0.1175,4.8407,101.62388,67.73270000000001,0.033,0.0,0.0,0.005514868722038658,0.017843328222610033,0.0,0.1175
2023-12-31,0.1175,4.8407,101.62388,67.73270000000001,0.033,0.0,0.0,0.0053052055770894625,0.017843328222610033,0.0,0.1175
2024-01-01,0.1175,4.8407,99.37657,68.0172,0.032,0.0,0.0,0.005294854244511019,0.04235475415868062,0.0,0.1175
2024-01-02,0.1175,4.891,99.37657,68.0172,0.032,0.0,0.010337443187141429,0.0058478000583094235,0.04235475415868062,0.0,0.1175
2024-01-03,0.1175,4.9206,99.37657,68.0172,0.032,0.0,0.006033692731063338,0.005180113472867427,0.04235475415868062,0.0,0.1175
2024-01-04,0.1175,4.9182,99.37657,68.0172,0.032,0.0,-0.0004878643833807386,0.004666040544402683,0.04235475415868062,0.0,0.1175
2024-01-05,0.1175,4.8893,99.37657,68.0172,0.032,0.0,-0.005893465949212371,0.004834981693818257,0.04235475415868062,0.0,0.1175
2024-01-06,0.1175,4.8893,99.37657,68.0172,0.032,0.0,0.0,0.004834981693818257,0.04235475415868062,0.0,0.1175
2024-01-07,0.1175,4.8893,99.37657,68.0172,0.032,0.0,0.0,0.004834748973368005,0.04235475415868062,0.0,0.1175
2024-01-08,0.1175,4.8844,99.37657,68.0172,0.032,0.0,-0.0010026909789606576,0.0034349271344987667,0.04235475415868062,0.0,0.1175
2024-01-09,0.1175,4.8931,99.37657,68.0172,0.032,0.0,0.0017795964809097773,0.0034258614180743894,0.04235475415868062,0.0,0.1175
2024-01-10,0.1175,4.8895,99.37657,68.0172,0.032,0.0,-0.0007360006874468042,0.0034309001942754284,0.04235475415868062,0.0,0.1175
2024-01-11,0.1175,4.8788,99.37657,68.0172,0.032,0.0,-0.002190760783246579,0.0034062376160818907,0.04235475415868062,0.0,0.1175
2024-01-12,0.1175,4.8537,99.37657,68.0172,0.032,0.0,-0.005157987289682571,0.0036097433910902504,0.04235475415868062,0.0,0.1175
2024-01-13,0.1175,4.8537,99.37657,68.0172,0.032,0.0,0.0,0.0036097433910902504,0.04235475415868062,0.0,0.1175
2024-01-14,0.1175,4.8537,99.37657,68.0172,0.032,0.0,0.0,0.0036097433910902504,0.04235475415868062,0.0,0.1175
2024-01-15,0.1175,4.8759,99.37657,68.0172,0.032,0.0,0.004563402097839129,0.0035420975212725725,0.04235475415868062,0.0,0.1175
2024-01-16,0.1175,4.9032,99.37657,68.0172,0.032,0.0,0.005583350394282169,0.0036987922640818586,0.04235475415868062,0.0,0.1175
2024-01-17,0.1175,4.934,99.37657,68.0172,0.032,0.0,0.006261964917780075,0.003888886933365866,0.04235475415868062,0.0,0.1175
2024-01-18,0.1175,4.9397,99.37657,68.0172,0.032,0.0,0.001154582503661993,0.003882535940584659,0.04235475415868062,0.0,0.1175
2024-01-19,0.1175,4.9217,99.37657,68.0172,0.032,0.0,-0.0036506013325350046,0.004016144426166332,0.04235475415868062,0.0,0.1175
2024-01-20,0.1175,4.9217,99.37657,68.0172,0.032,0.0,0.0,0.004016144426166332,0.04235475415868062,0.0,0.1175
2024-01-21,0.1175,4.9217,99.37657,68.0172,0.032,0.0,0.0,0.004016144426166332,0.04235475415868062,0.0,0.1175
2024-01-22,0.1175,4.9484,99.37657,68.0172,0.032,0.0,0.005410292728247479,0.0035230820782477723,0.04235475415868062,0.0,0.1175
2024-01-23,0.1175,4.9709,99.37657,68.0172,0.032,0.0,0.0045366182269279,0.003415445935852104,0.04235475415868062,0.0,0.1175
2024-01-24,0.1175,4.9186,99.37657,68.0172,0.032,0.0,-0.010576973067622073,0.004220539084737009,0.04235475415868062,0.0,0.1175
2024-01-25,0.1175,4.9226,99.37657,68.0172,0.032,0.0,0.0008129090396036926,0.003987286499658403,0.04235475415868062,0.0,0.1175
2024-01-26,0.1175,4.9119,99.37657,68.0172,0.032,0.0,-0.002176013874029991,0.004026529895348726,0.04235475415868062,0.0,0.1175
2024-01-27,0.1175,4.9119,99.37657,68.0172,0.032,0.0,0.0,0.004026529895348726,0.04235475415868062,0.0,0.1175
2024-01-28,0.1175,4.9119,99.37657,68.0172,0.032,0.0,0.0,0.004016596153016669,0.04235475415868062,0.0,0.1175
2024-01-29,0.1175,4.9219,99.37657,68.0172,0.032,0.0,0.002033802486721329,0.004021987499408124,0.04235475415868062,0.0,0.1175
2024-01-30,0.1175,4.9632,99.37657,68.0172,0.032,0.0,0.008356059181941898,0.004395956772239964,0.04235475415868062,0.0,0.1175
2024-01-31,0.1175,4.9529,99.37657,68.0172,0.032,0.0,-0.002077430381767678,0.004392040500030783,0.04235475415868062,0.0,0.1175
2024-02-01,0.1175,4.9344,102.27501,68.5817,0.032,0.0,-0.0037421786714961647,0.004302233394841429,0.03658855723914245,0.0,0.1175
2024-02-02,0.1175,4.9465,102.27501,68.5817,0.032,0.0,0.002449170834321537,0.004312374590165325,0.03658855723914245,0.0,0.1175
2024-02-03,0.1175,4.9465,102.27501,68.5817,0.032,0.0,0.0,0.004312374590165325,0.03658855723914245,0.0,0.1175
2024-02-04,0.1175,4.9465,102.27501,68.5817,0.032,0.0,0.0,0.004230911644988839,0.03658855723914245,0.0,0.1175
2024-02-05,0.1175,5.0047,102.27501,68.5817,0.032,0.0,0.011697215129626227,0.0047854203358492,0.03658855723914245,0.0,0.1175
2024-02-06,0.1175,4.9681,102.27501,68.5817,0.032,0.0,-0.0073399976576944154,0.004965072899324855,0.03658855723914245,0.0,0.1175
2024-02-07,0.1175,4.9602,102.27501,68.5817,0.032,0.0,-0.001591410748524249,0.00497943572695074,0.03658855723914245,0.0,0.1175
2024-02-08,0.1175,4.9798,102.27501,68.5817,0.032,0.0,0.003943667082983026,0.004959295684429557,0.03658855723914245,0.0,0.1175
2024-02-09,0.1175,4.9711,102.27501,68.5817,0.032,0.0,-0.0017485860006081285,0.004985528683101048,0.03658855723914245,0.0,0.1175
2024-02-10,0.1175,4.9711,102.27501,68.5817,0.032,0.0,0.0,0.004985528683101048,0.03658855723914245,0.0,0.1175
2024-02-11,0.1175,4.9711,102.27501,68.5817,0.032,0.0,0.0,0.004849975232697165,0.03658855723914245,0.0,0.1175
2024-02-12,0.1175,4.9711,102.27501,68.5817,0.032,0.0,0.0,0.0047428024584857675,0.03658855723914245,0.0,0.1175
2024-02-13,0.1175,4.9711,102.27501,68.5817,0.032,0.0,0.0,0.00403850412703633,0.03658855723914245,0.0,0.1175
2024-02-14,0.1175,4.9717,102.27501,68.5817,0.032,0.0,0.00012069034894175375,0.004038925897394932,0.03658855723914245,0.0,0.1175
2024-02-15,0.1125,4.9704,102.27501,68.5817,0.032,-0.0049999999999999906,-0.0002615141685175849,0.003994703565208078,0.03658855723914245,0.0,0.1125
2024-02-16,0.1125,4.9755,102.27501,68.5817,0.032,0.0,0.0010255483057328727,0.003993286735831527,0.03658855723914245,0.0,0.1125
2024-02-17,0.1125,4.9755,102.27501,68.5817,0.032,0.0,0.0,0.003993286735831527,0.03658855723914245,0.0,0.1125
2024-02-18,0.1125,4.9755,102.27501,68.5817,0.032,0.0,0.0,0.003981891669746689,0.03658855723914245,0.0,0.1125
2024-02-19,0.1125,4.9579,102.27501,68.5817,0.032,0.0,-0.003543604086640955,0.003625900051962045,0.03658855723914245,0.0,0.1125
2024-02-20,0.1125,4.9402,102.27501,68.5817,0.032,0.0,-0.0035764477761772236,0.003684952489011916,0.03658855723914245,0.0,0.1125
2024-02-21,0.1125,4.9297,102.27501,68.5817,0.032,0.0,-0.0021276819341940036,0.0036187082228733556,0.03658855723914245,0.0,0.1125
2024-02-22,0.1125,4.9413,102.27501,68.5817,0.032,0.0,0.0023503201985352316,0.0036151843044894285,0.03658855723914245,0.0,0.1125
2024-02-23,0.1125,4.9845,102.27501,68.5817,0.032,0.0,0.008704643006018871,0.004111725328803088,0.03658855723914245,0.0,0.1125
2024-02-24,0.1125,4.9845,102.27501,68.5817,0.032,0.0,0.0,0.004111725328803088,0.03658855723914245,0.0,0.1125
2024-02-25,0.1125,4.9845,102.27501,68.5817,0.032,0.0,0.0,0.003133058268007582,0.03658855723914245,0.0,0.1125
2024-02-26,0.1125,4.9813,102.27501,68.5817,0.032,0.0,-0.0006421963334559029,0.002650796230552274,0.03658855723914245,0.0,0.1125
2024-02-27,0.1125,4.9569,102.27501,68.5817,0.032,0.0,-0.0049103558042479095,0.0028600385233044263,0.03658855723914245,0.0,0.1125
2024-02-28,0.1125,4.9551,102.27501,68.5817,0.032,0.0,-0.0003631961299005381,0.0027026488510881286,0.03658855723914245,0.0,0.1125
2024-02-29,0.1125,4.9827,102.27501,68.5817,0.032,0.0,0.005554563577908683,0.002969512923450972,-0.07652286128268637,0.0,0.1125
2024-03-01,0.1125,4.959,109.77135,68.6914,0.032,0.0,-0.0047678052839290564,0.003164347170429844,-0.008835763387979312,0.0,0.1125
2024-03-02,0.1125,4.959,109.77135,68.6914,0.032,0.0,0.0,0.003164347170429844,-0.008835763387979312,0.0,0.1125
2024-03-03,0.1125,4.959,109.77135,68.6914,0.032,0.0,0.0,0.003164347170429844,-0.008835763387979312,0.0,0.1125
2024-03-04,0.1125,4.9469,109.77135,68.6914,0.032,0.0,-0.0024429897370117602,0.003206270097171682,-0.008835763387979312,0.0,0.1125
2024-03-05,0.1125,4.9482,109.77135,68.6914,0.032,0.0,0.00026275631524266347,0.003207277784291513,-0.008835763387979312,0.0,0.1125
2024-03-06,0.1125,4.9392,109.77135,68.6914,0.032,0.0,-0.0018204993194699687,0.0032267928545563567,-0.008835763387979312,0.0,0.1125
2024-03-07,0.1125,4.9358,109.77135,68.6914,0.032,0.0,-0.0006886076221469392,0.003212047800985792,-0.008835763387979312,0.0,0.1125
2024-03-08,0.1125,4.9745,109.77135,68.6914,0.032,0.0,0.007810095903666465,0.0037008692806668663,-0.008835763387979312,0.0,0.1125
2024-03-09,0.1125,4.9745,109.77135,68.6914,0.032,0.0,0.0,0.0037008692806668663,-0.008835763387979312,0.0,0.1125
2024-03-10,0.1125,4.9745,109.77135,68.6914,0.032,0.0,0.0,0.003606415898478531,-0.008835763387979312,0.0,0.1125
2024-03-11,0.1125,4.9771,109.77135,68.6914,0.032,0.0,0.0005225290524453765,0.003497294674581357,-0.008835763387979312,0.0,0.1125
2024-03-12,0.1125,4.9807,109.77135,68.6914,0.032,0.0,0.000723051307887366,0.003447793915412534,-0.008835763387979312,0.0,0.1125
2024-03-13,0.1125,4.9797,109.77135,68.6914,0.032,0.0,-0.00020079514946377093,0.0034234098555280625,-0.008835763387979312,0.0,0.1125
2024-03-14,0.1125,4.9762,109.77135,68.6914,0.032,0.0,-0.0007031007029370357,0.0028121535211411823,-0.008835763387979312,0.0,0.1125
2024-03-15,0.1125,4.9931,109.77135,68.6914,0.032,0.0,0.0033904118019592398,0.00291765152255206,-0.008835763387979312,0.0,0.1125
2024-03-16,0.1125,4.9931,109.77135,68.6914,0.032,0.0,0.0,0.00291765152255206,-0.008835763387979312,0.0,0.1125
2024-03-17,0.1125,4.9931,109.77135,68.6914,0.032,0.0,0.0,0.002912743100485276,-0.008835763387979312,0.0,0.1125
2024-03-18,0.1125,5.0118,109.77135,68.6914,0.032,0.0,0.003738172650609937,0.0027651360608314003,-0.008835763387979312,0.0,0.1125
2024-03-19,0.1125,5.0346,109.77135,68.6914,0.032,0.0,0.004538947114163072,0.0028941196476184555,-0.008835763387979312,0.0,0.1125
2024-03-20,0.1125,5.0114,109.77135,68.6914,0.032,0.0,-0.004618761943800848,0.0029077048949326815,-0.008835763387979312,0.0,0.1125
2024-03-21,0.1125,4.9801,109.77135,68.6914,0.032,0.0,-0.006265346021901071,0.003060020362026677,-0.008835763387979312,0.0,0.1125
2024-03-22,0.1125,4.9891,109.77135,68.6914,0.032,0.0,0.0018055616187937639,0.00307999659074715,-0.008835763387979312,0.0,0.1125
2024-03-23,0.1125,4.9891,109.77135,68.6914,0.032,0.0,0.0,0.00307999659074715,-0.008835763387979312,0.0,0.1125
2024-03-24,0.1125,4.9891,109.77135,68.6914,0.032,0.0,0.0,0.0030130962847381548,-0.008835763387979312,0.0,0.1125
2024-03-25,0.1125,4.9863,109.77135,68.6914,0.032,0.0,-0.0005613810119964095,0.003021052790454533,-0.008835763387979312,0.0,0.1125
2024-03-26,0.1125,4.9864,109.77135,68.6914,0.032,0.0,2.0054749466619653e-05,0.002978108598540571,-0.008835763387979312,0.0,0.1125
2024-03-27,0.1125,4.985,109.77135,68.6914,0.032,0.0,-0.0002808030987020082,0.0029711063360748154,-0.008835763387979312,0.0,0.1125
2024-03-28,0.1125,4.9956,109.77135,68.6914,0.032,0.0,0.002124121592991105,0.0024629835862029583,-0.008835763387979312,0.0,0.1125
2024-03-29,0.1125,4.9956,109.77135,68.6914,0.032,0.0,0.0,0.0024629835862029583,-0.008835763387979312,0.0,0.1125
2024-03-30,0.1125,4.9956,109.77135,68.6914,0.032,0.0,0.0,0.0024629835862029583,-0.008835763387979312,0.0,0.1125
2024-03-31,0.1125,4.9956,109.77135,68.6914,0.032,0.0,0.0,0.0024622834418837124,0.056143176501319836,0.0,0.1125
2024-04-01,0.1125,5.0526,109.30206,68.9524,0.027999999999999997,0.0,0.011345437275071476,0.0035079406046510096,0.05162799625346559,0.0,0.1125
2024-04-02,0.1125,5.0469,109.30206,68.9524,0.027999999999999997,0.0,-0.0011287688707770605,0.0035268001169033096,0.05162799625346559,0.0,0.1125
2024-04-03,0.1125,5.0718,109.30206,68.9524,0.027999999999999997,0.0,0.0049215907697125975,0.0036341528118920153,0.05162799625346559,0.0,0.1125
2024-04-04,0.1075,5.0231,109.30206,68.9524,0.027999999999999997,-0.0050000000000000044,-0.009648511189799884,0.004284884952041192,0.05162799625346559,0.0,0.1075
2024-04-05,0.1075,5.0514,109.30206,68.9524,0.027999999999999997,0.0,0.005618159598536274,0.004445367900228344,0.05162799625346559,0.0,0.1075
2024-04-06,0.1075,5.0514,109.30206,68.9524,0.027999999999999997,0.0,0.0,0.004445367900228344,0.05162799625346559,0.0,0.1075
2024-04-07,0.1075,5.0514,109.30206,68.9524,0.027999999999999997,0.0,0.0,0.0043837705220532135,0.05162799625346559,0.0,0.1075
2024-04-08,0.1075,5.0415,109.30206,68.9524,0.027999999999999997,0.0,-0.001961775738403241,0.0043004360449512054,0.05162799625346559,0.0,0.1075
2024-04-09,0.1075,5.0074,109.30206,68.9524,0.027999999999999997,0.0,-0.006786838537633405,0.004449549805352706,0.05162799625346559,0.0,0.1075
2024-04-10,0.1075,5.0648,109.30206,68.9524,0.027999999999999997,0.0,0.011397831934280133,0.004880888605155107,0.05162799625346559,0.0,0.1075
2024-04-11,0.1075,5.0759,109.30206,68.9524,0.027999999999999997,0.0,0.002189198858687704,0.004885621148118521,0.05162799625346559,0.0,0.1075
2024-04-12,0.1075,5.1358,109.30206,68.9524,0.027999999999999997,0.0,0.011731775713010763,0.005448486421907711,0.05162799625346559,0.0,0.1075
2024-04-13,0.1075,5.1358,109.30206,68.9524,0.027999999999999997,0.0,0.0,0.005448486421907711,0.05162799625346559,0.0,0.1075
2024-04-14,0.1075,5.1358,109.30206,68.9524,0.027999999999999997,0.0,0.0,0.005439022203590765,0.05162799625346559,0.0,0.1075
2024-04-15,0.1075,5.174,109.30206,68.9524,0.027999999999999997,0.0,0.007410458944359262,0.005583940983876106,0.05162799625346559,0.0,0.1075
2024-04-16,0.1075,5.2628,109.30206,68.9524,0.027999999999999997,0.0,0.017017120745708762,0.006501358971022431,0.05162799625346559,0.0,0.1075
2024-04-17,0.1075,5.2463,109.30206,68.9524,0.027999999999999997,0.0,-0.0031401382721912693,0.006631649122926241,0.05162799625346559,0.0,0.1075
2024-04-18,0.1075,5.2506,109.30206,68.9524,0.027999999999999997,0.0,0.0008192895503485723,0.0066182467453952745,0.05162799625346559,0.0,0.1075
2024-04-19,0.1075,5.2263,109.30206,68.9524,0.027999999999999997,0.0,-0.004638785055616862,0.006789152078793212,0.05162799625346559,0.0,0.1075
2024-04-20,0.1075,5.2263,109.30206,68.9524,0.027999999999999997,0.0,0.0,0.006789152078793212,0.05162799625346559,0.0,0.1075
2024-04-21,0.1075,5.2263,109.30206,68.9524,0.027999999999999997,0.0,0.0,0.006455615269789852,0.05162799625346559,0.0,0.1075
2024-04-22,0.1075,5.2037,109.30206,68.9524,0.027999999999999997,0.0,-0.004333659706640638,0.0065680648787264685,0.05162799625346559,0.0,0.1075
2024-04-23,0.1075,5.162,109.30206,68.9524,0.027999999999999997,0.0,-0.008045809729023858,0.006849625674995561,0.05162799625346559,0.0,0.1075
2024-04-24,0.1075,5.1586,109.30206,68.9524,0.027999999999999997,0.0,-0.0006588764457492731,0.0064026414204194,0.05162799625346559,0.0,0.1075
2024-04-25,0.1075,5.1673,109.30206,68.9524,0.027999999999999997,0.0,0.0016850835391864665,0.00632394740077136,0.05162799625346559,0.0,0.1075
2024-04-26,0.1075,5.1178,109.30206,68.9524,0.027999999999999997,0.0,-0.009625649180569733,0.0067656642241411165,0.05162799625346559,0.0,0.1075
2024-04-27,0.1075,5.1178,109.30206,68.9524,0.027999999999999997,0.0,0.0,0.0067656642241411165,0.05162799625346559,0.0,0.1075
2024-04-28,0.1075,5.1178,109.30206,68.9524,0.027999999999999997,0.0,0.0,0.0067399325150376225,0.05162799625346559,0.0,0.1075
2024-04-29,0.1075,5.1149,109.30206,68.9524,0.027999999999999997,0.0,-0.0005668103389411438,0.0065135068939725415,0.05162799625346559,0.0,0.1075
2024-04-30,0.1075,5.1712,109.30206,68.9524,0.027999999999999997,0.0,0.010946921034236223,0.0064765235623307086,0.06347503035906144,0.0,0.1075
2024-05-01,0.1075,5.1712,104.71039,69.2696,0.027999999999999997,0.0,0.0,0.006474569447227702,0.01879951012962766,0.0,0.1075
2024-05-02,0.1075,5.1178,104.71039,69.2696,0.027999999999999997,0.0,-0.010380110695294986,0.006420675675338546,0.01879951012962766,0.0,0.1075
2024-05-03,0.1075,5.0662,104.71039,69.2696,0.027999999999999997,0.0,-0.010133629530276494,0.006795023291215751,0.01879951012962766,0.0,0.1075
2024-05-04,0.1075,5.0662,104.71039,69.2696,0.027999999999999997,0.0,0.0,0.006795023291215751,0.01879951012962766,0.0,0.1075
2024-05-05,0.1075,5.0662,104.71039,69.2696,0.027999999999999997,0.0,0.0,0.006527281093391225,0.01879951012962766,0.0,0.1075
2024-05-06,0.1075,5.0721,104.71039,69.2696,0.027999999999999997,0.0,0.0011639033498804636,0.005001734348918152,0.01879951012962766,0.0,0.1075
2024-05-07,0.1075,5.0604,104.71039,69.2696,0.027999999999999997,0.0,-0.0023094014705159318,0.0049938596506013695,0.01879951012962766,0.0,0.1075
2024-05-08,0.1075,5.0881,104.71039,69.2696,0.027999999999999997,0.0,0.00545894837435495,0.0052245642250247385,0.01879951012962766,0.0,0.1075
2024-05-09,0.1075,5.1571,104.71039,69.2696,0.027999999999999997,0.0,0.013469926066951883,0.006151934258230223,0.01879951012962766,0.0,0.1075
2024-05-10,0.1075,5.1458,104.71039,69.2696,0.027999999999999997,0.0,-0.0021935580333718617,0.006158976716100689,0.01879951012962766,0.0,0.1075
2024-05-11,0.1075,5.1458,104.71039,69.2696,0.027999999999999997,0.0,0.0,0.006158976716100689,0.01879951012962766,0.0,0.1075
2024-05-12,0.1075,5.1458,104.71039,69.2696,0.027999999999999997,0.0,0.0,0.006103209995106838,0.01879951012962766,0.0,0.1075
2024-05-13,0.1075,5.1406,104.71039,69.2696,0.027999999999999997,0.0,-0.0010110437943221223,0.005846358629989542,0.01879951012962766,0.0,0.1075
2024-05-14,0.105,5.135,104.71039,69.2696,0.027999999999999997,-0.0025000000000000022,-0.0010899607914684826,0.0058489036075748905,0.01879951012962766,0.0,0.105
2024-05-15,0.105,5.1417,104.71039,69.2696,0.027999999999999997,0.0,0.001303920703977785,0.005842955522480665,0.01879951012962766,0.0,0.105
2024-05-16,0.105,5.1264,104.71039,69.2696,0.027999999999999997,0.0,-0.002980105632650779,0.005457890180108842,0.01879951012962766,0.0,0.105
2024-05-17,0.105,5.1151,104.71039,69.2696,0.027999999999999997,0.0,-0.002206708897233021,0.005481928835299206,0.01879951012962766,0.0,0.105
2024-05-18,0.105,5.1151,104.71039,69.2696,0.027999999999999997,0.0,0.0,0.005481928835299206,0.01879951012962766,0.0,0.105
2024-05-19,0.105,5.1151,104.71039,69.2696,0.027999999999999997,0.0,0.0,0.005480452847313418,0.01879951012962766,0.0,0.105
2024-05-20,0.105,5.1079,104.71039,69.2696,0.027999999999999997,0.0,-0.0014085887098647045,0.004840815104707723,0.01879951012962766,0.0,0.105
2024-05-21,0.105,5.1031,104.71039,69.2696,0.027999999999999997,0.0,-0.0009401626390288445,0.004839084811338931,0.01879951012962766,0.0,0.105
2024-05-22,0.105,5.1496,104.71039,69.2696,0.027999999999999997,0.0,0.009070843550547358,0.00473686502474645,0.01879951012962766,0.0,0.105
2024-05-23,0.105,5.1437,104.71039,69.2696,0.027999999999999997,0.0,-0.0011463768949003213,0.0040739096955041765,0.01879951012962766,0.0,0.105
2024-05-24,0.105,5.1502,104.71039,69.2696,0.027999999999999997,0.0,0.0012628840116751371,0.004071311257326555,0.01879951012962766,0.0,0.105
2024-05-25,0.105,5.1502,104.71039,69.2696,0.027999999999999997,0.0,0.0,0.004071311257326555,0.01879951012962766,0.0,0.105
2024-05-26,0.105,5.1502,104.71039,69.2696,0.027999999999999997,0.0,0.0,0.004074487441230133,0.01879951012962766,0.0,0.105
2024-05-27,0.105,5.1698,104.71039,69.2696,0.027999999999999997,0.0,0.0037984541794851044,0.004060878532468094,0.01879951012962766,0.0,0.105
2024-05-28,0.105,5.1532,104.71039,69.2696,0.027999999999999997,0.0,-0.0032161221172964227,0.004030535331843412,0.01879951012962766,0.0,0.105
2024-05-29,0.105,5.1966,104.71039,69.2696,0.027999999999999997,0.0,0.00838668464768438,0.0032664741878935173,0.01879951012962766,0.0,0.105
2024-05-30,0.105,5.1966,104.71039,69.2696,0.027999999999999997,0.0,0.0,0.003211830248105701,0.01879951012962766,0.0,0.105
2024-05-31,0.105,5.241,104.71039,69.2696,0.027999999999999997,0.0,0.008507754237111967,0.0036735629330875643,0.024658148463028384,0.0,0.105
2024-06-01,0.105,5.241,105.79697,69.4151,0.027999999999999997,0.0,0.0,0.0036735629330875643,0.035291028838671634,0.0,0.105
2024-06-02,0.105,5.241,105.79697,69.4151,0.027999999999999997,0.0,0.0,0.0036525370831083756,0.035291028838671634,0.0,0.105
2024-06-03,0.105,5.2367,105.79697,69.4151,0.027999999999999997,0.0,-0.0008207908684936385,0.003645046630861459,0.035291028838671634,0.0,0.105
2024-06-04,0.105,5.2681,105.79697,69.4151,0.027999999999999997,0.0,0.005978237285399776,0.003812862312307112,0.035291028838671634,0.0,0.105
2024-06-05,0.105,5.2835,105.79697,69.4151,0.027999999999999997,0.0,0.0029189906620131142,0.0036977477124748035,0.035291028838671634,0.0,0.105
2024-06-06,0.105,5.2675,105.79697,69.4151,0.027999999999999997,0.0,-0.0030328902027413943,0.003745748405358094,0.035291028838671634,0.0,0.105
2024-06-07,0.105,5.2796,105.79697,69.4151,0.027999999999999997,0.0,0.002294470576455404,0.00373353958991452,0.035291028838671634,0.0,0.105
2024-06-08,0.105,5.2796,105.79697,69.4151,0.027999999999999997,0.0,0.0,0.00373353958991452,0.035291028838671634,0.0,0.105
2024-06-09,0.105,5.2796,105.79697,69.4151,0.027999999999999997,0.0,0.0,0.003687140175497773,0.035291028838671634,0.0,0.105
2024-06-10,0.105,5.366,105.79697,69.4151,0.027999999999999997,0.0,0.016232414730769865,0.0048633518196315164,0.035291028838671634,0.0,0.105
2024-06-11,0.105,5.3519,105.79697,69.4151,0.027999999999999997,0.0,-0.0026311139559508693,0.004734929868624852,0.035291028838671634,0.0,0.105
2024-06-12,0.105,5.3885,105.79697,69.4151,0.027999999999999997,0.0,0.006815415007267807,0.0047972525045975895,0.035291028838671634,0.0,0.105
2024-06-13,0.105,5.3968,105.79697,69.4151,0.027999999999999997,0.0,0.0015391322704993696,0.004794431184911906,0.035291028838671634,0.0,0.105
2024-06-14,0.105,5.3624,105.79697,69.4151,0.027999999999999997,0.0,-0.006394549263637801,0.005158020318471989,0.035291028838671634,0.0,0.105
2024-06-15,0.105,5.3624,105.79697,69.4151,0.027999999999999997,0.0,0.0,0.005158020318471989,0.035291028838671634,0.0,0.105
2024-06-16,0.105,5.3624,105.79697,69.4151,0.027999999999999997,0.0,0.0,0.005158974313407474,0.035291028838671634,0.0,0.105
2024-06-17,0.105,5.4124,105.79697,69.4151,0.027999999999999997,0.0,0.009280981345741256,0.00527136330346461,0.035291028838671634,0.0,0.105
2024-06-18,0.105,5.4068,105.79697,69.4151,0.027999999999999997,0.0,-0.0010351967798165286,0.00513241681958547,0.035291028838671634,0.0,0.105
2024-06-19,0.105,5.4641,105.79697,69.4151,0.027999999999999997,0.0,0.010542003084022715,0.005449613367959489,0.035291028838671634,0.0,0.105
2024-06-20,0.105,5.4248,105.79697,69.4151,0.027999999999999997,0.0,-0.007218391324062947,0.005668761603911357,0.035291028838671634,0.0,0.105
2024-06-21,0.105,5.441,105.79697,69.4151,0.027999999999999997,0.0,0.002981835116292969,0.005660254207563779,0.035291028838671634,0.0,0.105
2024-06-22,0.105,5.441,105.79697,69.4151,0.027999999999999997,0.0,0.0,0.005660254207563779,0.035291028838671634,0.0,0.105
2024-06-23,0.105,5.441,105.79697,69.4151,0.027999999999999997,0.0,0.0,0.005642646760922534,0.035291028838671634,0.0,0.105
2024-06-24,0.105,5.3994,105.79697,69.4151,0.027999999999999997,0.0,-0.0076750312179674285,0.0059429253346936885,0.035291028838671634,0.0,0.105
2024-06-25,0.105,5.4283,105.79697,69.4151,0.027999999999999997,0.0,0.0053381731352099586,0.006003403738613378,0.035291028838671634,0.0,0.105
2024-06-26,0.105,5.5091,105.79697,69.4151,0.027999999999999997,0.0,0.0147752610195223,0.006608930668691088,0.035291028838671634,0.0,0.105
2024-06-27,0.105,5.5223,105.79697,69.4151,0.027999999999999997,0.0,0.002393169733667048,0.006609008548162629,0.035291028838671634,0.0,0.105
2024-06-28,0.105,5.5583,105.79697,69.4151,0.027999999999999997,0.0,0.006497865939876086,0.006652296631294011,0.035291028838671634,0.0,0.105
2024-06-29,0.105,5.5583,105.79697,69.4151,0.027999999999999997,0.0,0.0,0.006652296631294011,0.035291028838671634,0.0,0.105
2024-06-30,0.105,5.5583,105.79697,69.4151,0.027999999999999997,0.0,0.0,0.0058383705541900565,0.0038129856131832174,0.0,0.105
2024-07-01,0.105,5.5887,111.65413,69.6789,0.027000000000000003,0.0,0.005454395867539222,0.00579807147812611,0.0593863471831233,0.0,0.105
2024-07-02,0.105,5.6671,111.65413,69.6789,0.027000000000000003,0.0,0.013930821070979616,0.006295425541475277,0.0593863471831233,0.0,0.105
2024-07-03,0.105,5.5857,111.65413,69.6789,0.027000000000000003,0.0,-0.014467762664636011,0.007355066195295915,0.0593863471831233,0.0,0.105
2024-07-04,0.105,5.4833,111.65413,69.6789,0.027000000000000003,0.0,-0.018502650890541098,0.008471707395694781,0.0593863471831233,0.0,0.105
2024-07-05,0.105,5.4964,111.65413,69.6789,0.027000000000000003,0.0,0.0023862229780440953,0.00847198435017045,0.0593863471831233,0.0,0.105
2024-07-06,0.105,5.4964,111.65413,69.6789,0.027000000000000003,0.0,0.0,0.00847198435017045,0.0593863471831233,0.0,0.105
2024-07-07,0.105,5.4964,111.65413,69.6789,0.027000000000000003,0.0,0.0,0.008259538182208906,0.0593863471831233,0.0,0.105
2024-07-08,0.105,5.4714,111.65413,69.6789,0.027000000000000003,0.0,-0.004558807289944588,0.00833728581612139,0.0593863471831233,0.0,0.105
2024-07-09,0.105,5.4381,111.65413,69.6789,0.027000000000000003,0.0,-0.0061047900306917605,0.008119977888540197,0.0593863471831233,0.0,0.105
2024-07-10,0.105,5.3961,111.65413,69.6789,0.027000000000000003,0.0,-0.0077532647349483836,0.008145018805842839,0.0593863471831233,0.0,0.105
2024-07-11,0.105,5.4094,111.65413,69.6789,0.027000000000000003,0.0,0.0024617105578677383,0.00813492970254031,0.0593863471831233,0.0,0.105
2024-07-12,0.105,5.4523,111.65413,69.6789,0.027000000000000003,0.0,0.007899357021313566,0.00833901900441367,0.0593863471831233,0.0,0.105
2024-07-13,0.105,5.4523,111.65413,69.6789,0.027000000000000003,0.0,0.0,0.00833901900441367,0.0593863471831233,0.0,0.105
2024-07-14,0.105,5.4523,111.65413,69.6789,0.027000000000000003,0.0,0.0,0.008136344050567916,0.0593863471831233,0.0,0.105
2024-07-15,0.105,5.4557,111.65413,69.6789,0.027000000000000003,0.0,0.0006233956930894149,0.008056313759693085,0.0593863471831233,0.0,0.105
2024-07-16,0.105,5.4268,111.65413,69.6789,0.027000000000000003,0.0,-0.005311292063152028,0.007373569685778705,0.0593863471831233,0.0,0.105
2024-07-17,0.105,5.4664,111.65413,69.6789,0.027000000000000003,0.0,0.007270622855415002,0.007561354820076824,0.0593863471831233,0.0,0.105
2024-07-18,0.105,5.542,111.65413,69.6789,0.027000000000000003,0.0,0.013735181956355053,0.008070365036092039,0.0593863471831233,0.0,0.105
2024-07-19,0.105,5.5537,111.65413,69.6789,0.027000000000000003,0.0,0.002108925860716933,0.008086146685935653,0.0593863471831233,0.0,0.105
2024-07-20,0.105,5.5537,111.65413,69.6789,0.027000000000000003,0.0,0.0,0.008086146685935653,0.0593863471831233,0.0,0.105
2024-07-21,0.105,5.5537,111.65413,69.6789,0.027000000000000003,0.0,0.0,0.007982349121433238,0.0593863471831233,0.0,0.105
2024-07-22,0.105,5.5592,111.65413,69.6789,0.027000000000000003,0.0,0.0009898407164768165,0.007258565402122581,0.0593863471831233,0.0,0.105
2024-07-23,0.105,5.5801,111.65413,69.6789,0.027000000000000003,0.0,0.003752484361610571,0.006586429910166849,0.0593863471831233,0.0,0.105
2024-07-24,0.105,5.634,111.65413,69.6789,0.027000000000000003,0.0,0.009612972074589785,0.00531926500561088,0.0593863471831233,0.0,0.105
2024-07-25,0.105,5.6396,111.65413,69.6789,0.027000000000000003,0.0,0.000993471554887927,0.005314177003410783,0.0593863471831233,0.0,0.105
2024-07-26,0.105,5.6459,111.65413,69.6789,0.027000000000000003,0.0,0.0011164770111070227,0.005305814608931918,0.0593863471831233,0.0,0.105
2024-07-27,0.105,5.6459,111.65413,69.6789,0.027000000000000003,0.0,0.0,0.005305814608931918,0.0593863471831233,0.0,0.105
2024-07-28,0.105,5.6459,111.65413,69.6789,0.027000000000000003,0.0,0.0,0.005134125760166703,0.0593863471831233,0.0,0.105
2024-07-29,0.105,5.6473,111.65413,69.6789,0.027000000000000003,0.0,0.00024793681280271444,0.004821314565384496,0.0593863471831233,0.0,0.105
2024-07-30,0.105,5.6526,111.65413,69.6789,0.027000000000000003,0.0,0.0009380614675612804,0.004266382881333509,0.0593863471831233,0.0,0.105
2024-07-31,0.105,5.6615,111.65413,69.6789,0.027000000000000003,0.0,0.0015732584714171882,0.0042694754177293745,0.05246799564625215,0.0,0.105
2024-08-01,0.105,5.6675,110.15021,69.665,0.027000000000000003,0.0,0.0010592286275897995,0.004064480299659335,0.038291827975496906,0.0,0.105
2024-08-02,0.105,5.736,110.15021,69.665,0.027000000000000003,0.0,0.01201399989777214,0.004614009062855561,0.038291827975496906,0.0,0.105
2024-08-03,0.105,5.736,110.15021,69.665,0.027000000000000003,0.0,0.0,0.004614009062855561,0.038291827975496906,0.0,0.105
2024-08-04,0.105,5.736,110.15021,69.665,0.027000000000000003,0.0,0.0,0.004629690266237306,0.038291827975496906,0.0,0.105
2024-08-05,0.105,5.764,110.15021,69.665,0.027000000000000003,0.0,0.004869574839956516,0.004270829492446352,0.038291827975496906,0.0,0.105
2024-08-06,0.105,5.6522,110.15021,69.665,0.027000000000000003,0.0,-0.01958682823687848,0.006501731109402339,0.038291827975496906,0.0,0.105
2024-08-07,0.105,5.6087,110.15021,69.665,0.027000000000000003,0.0,-0.007725886274376801,0.006168321424189741,0.038291827975496906,0.0,0.105
2024-08-08,0.105,5.6166,110.15021,69.665,0.027000000000000003,0.0,0.0014075349975966184,0.006161269921393131,0.038291827975496906,0.0,0.105
2024-08-09,0.105,5.5109,110.15021,69.665,0.027000000000000003,0.0,-0.018998549414278247,0.007558744451712152,0.038291827975496906,0.0,0.105
2024-08-10,0.105,5.5109,110.15021,69.665,0.027000000000000003,0.0,0.0,0.007558744451712152,0.038291827975496906,0.0,0.105
2024-08-11,0.105,5.5109,110.15021,69.665,0.027000000000000003,0.0,0.0,0.007552494114026344,0.038291827975496906,0.0,0.105
2024-08-12,0.105,5.4905,110.15021,69.665,0.027000000000000003,0.0,-0.00370862315370783,0.007518894658412046,0.038291827975496906,0.0,0.105
2024-08-13,0.105,5.4869,110.15021,69.665,0.027000000000000003,0.0,-0.000655893040074805,0.007109177358468233,0.038291827975496906,0.0,0.105
2024-08-14,0.105,5.4496,110.15021,69.665,0.027000000000000003,0.0,-0.006821221529323964,0.007189471544877968,0.038291827975496906,0.0,0.105
2024-08-15,0.105,5.4645,110.15021,69.665,0.027000000000000003,0.0,0.0027304146483589265,0.007231841283337972,0.038291827975496906,0.0,0.105
2024-08-16,0.105,5.4626,110.15021,69.665,0.027000000000000003,0.0,-0.00034775924429143604,0.007228125807842333,0.038291827975496906,0.0,0.105
2024-08-17,0.105,5.4626,110.15021,69.665,0.027000000000000003,0.0,0.0,0.007228125807842333,0.038291827975496906,0.0,0.105
2024-08-18,0.105,5.4626,110.15021,69.665,0.027000000000000003,0.0,0.0,0.007224910837582713,0.038291827975496906,0.0,0.105
2024-08-19,0.105,5.4231,110.15021,69.665,0.027000000000000003,0.0,-0.007257259223518457,0.007301641630537816,0.038291827975496906,0.0,0.105
2024-08-20,0.105,5.4541,110.15021,69.665,0.027000000000000003,0.0,0.0057000117553785,0.007466534097839472,0.038291827975496906,0.0,0.105
2024-08-21,0.105,5.4701,110.15021,69.665,0.027000000000000003,0.0,0.0029292783802738072,0.00751663632051641,0.038291827975496906,0.0,0.105
2024-08-22,0.105,5.5518,110.15021,69.665,0.027000000000000003,0.0,0.01482530169846893,0.007808636311137389,0.038291827975496906,0.0,0.105
2024-08-23,0.105,5.5257,110.15021,69.665,0.027000000000000003,0.0,-0.004712263289872776,0.007827870557234641,0.038291827975496906,0.0,0.105
2024-08-24,0.105,5.5257,110.15021,69.665,0.027000000000000003,0.0,0.0,0.007827870557234641,0.038291827975496906,0.0,0.105
2024-08-25,0.105,5.5257,110.15021,69.665,0.027000000000000003,0.0,0.0,0.007681653732900294,0.038291827975496906,0.0,0.105
2024-08-26,0.105,5.4915,110.15021,69.665,0.027000000000000003,0.0,-0.006208493964766216,0.0065838178837853995,0.038291827975496906,0.0,0.105
2024-08-27,0.105,5.4963,110.15021,69.665,0.027000000000000003,0.0,0.0008736963369077481,0.006430875412339293,0.038291827975496906,0.0,0.105
2024-08-28,0.105,5.5309,110.15021,69.665,0.027000000000000003,0.0,0.006275412352709655,0.006616710474214937,0.038291827975496906,0.0,0.105
2024-08-29,0.105,5.6352,110.15021,69.665,0.027000000000000003,0.0,0.018682088383869058,0.006516609819880823,0.038291827975496906,0.0,0.105
2024-08-30,0.105,5.6556,110.15021,69.665,0.027000000000000003,0.0,0.0036135654157984057,0.006534132584203344,0.038291827975496906,0.0,0.105
2024-08-31,0.105,5.6556,110.15021,69.665,0.027000000000000003,0.0,0.0,0.006534132584203344,0.08221220848977406,0.0,0.105
2024-09-01,0.105,5.6556,107.12703,69.97149999999999,0.027000000000000003,0.0,0.0,0.00643652897508538,0.05250983838569434,0.0,0.105
2024-09-02,0.105,5.6224,107.12703,69.97149999999999,0.027000000000000003,0.0,-0.005887585724907457,0.006631321261186679,0.05250983838569434,0.0,0.105
2024-09-03,0.105,5.6218,107.12703,69.97149999999999,0.027000000000000003,0.0,-0.00010672168772687295,0.006367524369893928,0.05250983838569434,0.0,0.105
2024-09-04,0.105,5.6353,107.12703,69.97149999999999,0.027000000000000003,0.0,0.0023984874384760484,0.006364732803758702,0.05250983838569434,0.0,0.105
2024-09-05,0.105,5.6043,107.12703,69.97149999999999,0.027000000000000003,0.0,-0.005516224528901374,0.006547663995627205,0.05250983838569434,0.0,0.105
2024-09-06,0.105,5.5696,107.12703,69.97149999999999,0.027000000000000003,0.0,-0.006210922157451192,0.006755577349911906,0.05250983838569434,0.0,0.105
2024-09-07,0.105,5.5696,107.12703,69.97149999999999,0.027000000000000003,0.0,0.0,0.006755577349911906,0.05250983838569434,0.0,0.105
2024-09-08,0.105,5.5696,107.12703,69.97149999999999,0.027000000000000003,0.0,0.0,0.00647968314061581,0.05250983838569434,0.0,0.105
2024-09-09,0.105,5.6091,107.12703,69.97149999999999,0.027000000000000003,0.0,0.0070670407821636205,0.006535148568321302,0.05250983838569434,0.0,0.105
2024-09-10,0.105,5.6248,107.12703,69.97149999999999,0.027000000000000003,0.0,0.0027951130456133205,0.006533566050668421,0.05250983838569434,0.0,0.105
2024-09-11,0.105,5.6381,107.12703,69.97149999999999,0.027000000000000003,0.0,0.0023617374179056637,0.005730079620889988,0.05250983838569434,0.0,0.105
2024-09-12,0.105,5.6548,107.12703,69.97149999999999,0.027000000000000003,0.0,0.0029576126900202216,0.0055989303702869975,0.05250983838569434,0.0,0.105
2024-09-13,0.105,5.5711,107.12703,69.97149999999999,0.027000000000000003,0.0,-0.014912221034437458,0.006654272504779056,0.05250983838569434,0.0,0.105
2024-09-14,0.105,5.5711,107.12703,69.97149999999999,0.027000000000000003,0.0,0.0,0.006654272504779056,0.05250983838569434,0.0,0.105
2024-09-15,0.105,5.5711,107.12703,69.97149999999999,0.027000000000000003,0.0,0.0,0.00647161693290954,0.05250983838569434,0.0,0.105
2024-09-16,0.105,5.5201,107.12703,69.97149999999999,0.027000000000000003,0.0,-0.009196544909361677,0.006840242598435343,0.05250983838569434,0.0,0.105
2024-09-17,0.105,5.5004,107.12703,69.97149999999999,0.027000000000000003,0.0,-0.0035751592002886213,0.00673480748093009,0.05250983838569434,0.0,0.105
2024-09-18,0.105,5.4761,107.12703,69.97149999999999,0.027000000000000003,0.0,-0.004427648102441446,0.0050933216330372785,0.05250983838569434,0.0,0.105
2024-09-19,0.1075,5.4183,107.12703,69.97149999999999,0.027000000000000003,0.0025000000000000022,-0.010611055648620644,0.005338921993606489,0.05250983838569434,0.0,0.1075
2024-09-20,0.1075,5.4769,107.12703,69.97149999999999,0.027000000000000003,0.0,0.010757134348779977,0.0060594306432193755,0.05250983838569434,0.0,0.1075
2024-09-21,0.1075,5.4769,107.12703,69.97149999999999,0.027000000000000003,0.0,0.0,0.0060594306432193755,0.05250983838569434,0.0,0.1075
2024-09-22,0.1075,5.4769,107.12703,69.97149999999999,0.027000000000000003,0.0,0.0,0.0059829744937227045,0.05250983838569434,0.0,0.1075
2024-09-23,0.1075,5.544,107.12703,69.97149999999999,0.027000000000000003,0.0,0.012177014423231592,0.006700568154496203,0.05250983838569434,0.0,0.1075
2024-09-24,0.1075,5.4696,107.12703,69.97149999999999,0.027000000000000003,0.0,-0.013510774270154877,0.007236665196386151,0.05250983838569434,0.0,0.1075
2024-09-25,0.1075,5.473,107.12703,69.97149999999999,0.027000000000000003,0.0,0.000621424544333928,0.007187008708190502,0.05250983838569434,0.0,0.1075
2024-09-26,0.1075,5.4406,107.12703,69.97149999999999,0.027000000000000003,0.0,-0.0059375632582318,0.007177201533251794,0.05250983838569434,0.0,0.1075
2024-09-27,0.1075,5.4425,107.12703,69.97149999999999,0.027000000000000003,0.0,0.0003491652230161057,0.007180625487996781,0.05250983838569434,0.0,0.1075
2024-09-28,0.1075,5.4425,107.12703,69.97149999999999,0.027000000000000003,0.0,0.0,0.007180625487996781,0.05250983838569434,0.0,0.1075
2024-09-29,0.1075,5.4425,107.12703,69.97149999999999,0.027000000000000003,0.0,0.0,0.006924069302201238,0.05250983838569434,0.0,0.1075
2024-09-30,0.1075,5.4475,107.12703,69.97149999999999,0.027000000000000003,0.0,0.000918273710072522,0.006875231746900048,0.05081296805657787,0.0,0.1075
2024-10-01,0.1075,5.4515,109.185,70.3633,0.031,0.0,0.000734012327661691,0.00683536677363139,0.0709996712991805,0.0,0.1075
2024-10-02,0.1075,5.4299,109.185,70.3633,0.031,0.0,-0.0039700825942972934,0.006762983206888785,0.0709996712991805,0.0,0.1075
2024-10-03,0.1075,5.4844,109.185,70.3633,0.031,0.0,0.009986980930360776,0.0065551860400964775,0.0709996712991805,0.0,0.1075
2024-10-04,0.1075,5.468,109.185,70.3633,0.031,0.0,-0.0029947796386597053,0.006570515591066333,0.0709996712991805,0.0,0.1075
2024-10-05,0.1075,5.468,109.185,70.3633,0.031,0.0,0.0,0.006570515591066333,0.0709996712991805,0.0,0.1075
2024-10-06,0.1075,5.468,109.185,70.3633,0.031,0.0,0.0,0.006277090120793317,0.0709996712991805,0.0,0.1075
2024-10-07,0.1075,5.462,109.185,70.3633,0.031,0.0,-0.0010978958101898674,0.006236992023648995,0.0709996712991805,0.0,0.1075
2024-10-08,0.1075,5.5191,109.185,70.3633,0.031,0.0,0.010399780466197044,0.006597638514620042,0.0709996712991805,0.0,0.1075
2024-10-09,0.1075,5.5731,109.185,70.3633,0.031,0.0,0.009736648565620893,0.006376927920457606,0.0709996712991805,0.0,0.1075
2024-10-10,0.1075,5.5813,109.185,70.3633,0.031,0.0,0.0014702720858426129,0.005986532831583128,0.0709996712991805,0.0,0.1075
2024-10-11,0.1075,5.6257,109.185,70.3633,0.031,0.0,0.007923660623187025,0.006179832545863213,0.0709996712991805,0.0,0.1075
2024-10-12,0.1075,5.6257,109.185,70.3633,0.031,0.0,0.0,0.006179832545863213,0.0709996712991805,0.0,0.1075
2024-10-13,0.1075,5.6257,109.185,70.3633,0.031,0.0,0.0,0.0056315113583904446,0.0709996712991805,0.0,0.1075
2024-10-14,0.1075,5.6039,109.185,70.3633,0.031,0.0,-0.0038826008736727096,0.004681305442282397,0.0709996712991805,0.0,0.1075
2024-10-15,0.1075,5.6372,109.185,70.3633,0.031,0.0,0.005924704416530872,0.004794861197710586,0.0709996712991805,0.0,0.1075
2024-10-16,0.1075,5.6743,109.185,70.3633,0.031,0.0,0.00655971940663398,0.004587435094227862,0.0709996712991805,0.0,0.1075
2024-10-17,0.1075,5.6752,109.185,70.3633,0.031,0.0,0.0001585972953674819,0.004591465555352104,0.0709996712991805,0.0,0.1075
2024-10-18,0.1075,5.6666,109.185,70.3633,0.031,0.0,-0.0015165144242010502,0.004640120366119167,0.0709996712991805,0.0,0.1075
2024-10-19,0.1075,5.6666,109.185,70.3633,0.031,0.0,0.0,0.004640120366119167,0.0709996712991805,0.0,0.1075
2024-10-20,0.1075,5.6666,109.185,70.3633,0.031,0.0,0.0,0.004656085666914663,0.0709996712991805,0.0,0.1075
2024-10-21,0.1075,5.7062,109.185,70.3633,0.031,0.0,0.006964012387717446,0.004775789496322612,0.0709996712991805,0.0,0.1075
2024-10-22,0.1075,5.6952,109.185,70.3633,0.031,0.0,-0.0019295881932104315,0.004655451285335897,0.0709996712991805,0.0,0.1075
2024-10-23,0.1075,5.7143,109.185,70.3633,0.031,0.0,0.0033480902479714994,0.0043086631328262,0.0709996712991805,0.0,0.1075
2024-10-24,0.1075,5.7081,109.185,70.3633,0.031,0.0,-0.0010855863231703318,0.00421097933166387,0.0709996712991805,0.0,0.1075
2024-10-25,0.1075,5.6963,109.185,70.3633,0.031,0.0,-0.0020693774702659823,0.0042912125419191085,0.0709996712991805,0.0,0.1075
2024-10-26,0.1075,5.6963,109.185,70.3633,0.031,0.0,0.0,0.0042912125419191085,0.0709996712991805,0.0,0.1075
2024-10-27,0.1075,5.6963,109.185,70.3633,0.031,0.0,0.0,0.004255764685110567,0.0709996712991805,0.0,0.1075
2024-10-28,0.1075,5.6982,109.185,70.3633,0.031,0.0,0.0003334942327632109,0.0037925733467589116,0.0709996712991805,0.0,0.1075
2024-10-29,0.1075,5.7134,109.185,70.3633,0.031,0.0,0.0026639575500567608,0.0032900875916797062,0.0709996712991805,0.0,0.1075
2024-10-30,0.1075,5.7795,109.185,70.3633,0.031,0.0,0.01150288070730339,0.004012131854707136,0.0709996712991805,0.0,0.1075
2024-10-31,0.1075,5.7773,109.185,70.3633,0.031,0.0,-0.0003807282338664985,0.0037608634873671923,0.07445637781895353,0.0,0.1075
2024-11-01,0.1075,5.8067,105.40008,70.63770000000001,0.031,0.0,0.005075977749580639,0.003836922413875321,0.03721013123256789,0.0,0.1075
2024-11-02,0.1075,5.8067,105.40008,70.63770000000001,0.031,0.0,0.0,0.003836922413875321,0.03721013123256789,0.0,0.1075
2024-11-03,0.1075,5.8067,105.40008,70.63770000000001,0.031,0.0,0.0,0.003638927925156891,0.03721013123256789,0.0,0.1075
2024-11-04,0.1075,5.7892,105.40008,70.63770000000001,0.031,0.0,-0.0030183104865864224,0.0036519311970200545,0.03721013123256789,0.0,0.1075
2024-11-05,0.1075,5.784,105.40008,70.63770000000001,0.031,0.0,-0.0008986279248489963,0.0034658927515449412,0.03721013123256789,0.0,0.1075
2024-11-06,0.1075,5.7642,105.40008,70.63770000000001,0.031,0.0,-0.003429109194852776,0.0035996763993609905,0.03721013123256789,0.0,0.1075
2024-11-07,0.1125,5.6618,105.40008,70.63770000000001,0.031,0.0050000000000000044,-0.017924512803129268,0.005511971363223024,0.03721013123256789,0.0,0.1125
2024-11-08,0.1125,5.7642,105.40008,70.63770000000001,0.031,0.0,0.01792451280312911,0.006821010351547632,0.03721013123256789,0.0,0.1125
2024-11-09,0.1125,5.7642,105.40008,70.63770000000001,0.031,0.0,0.0,0.006821010351547632,0.03721013123256789,0.0,0.1125
2024-11-10,0.1125,5.7642,105.40008,70.63770000000001,0.031,0.0,0.0,0.006668731526672316,0.03721013123256789,0.0,0.1125
2024-11-11,0.1125,5.7974,105.40008,70.63770000000001,0.031,0.0,0.00574316552303225,0.00674156468597204,0.03721013123256789,0.0,0.1125
2024-11-12,0.1125,5.7688,105.40008,70.63770000000001,0.031,0.0,-0.004945454564230389,0.006836760609330353,0.03721013123256789,0.0,0.1125
2024-11-13,0.1125,5.7707,105.40008,70.63770000000001,0.031,0.0,0.0003293036989765571,0.006827080022664917,0.03721013123256789,0.0,0.1125
2024-11-14,0.1125,5.7879,105.40008,70.63770000000001,0.031,0.0,0.002976141175510505,0.006818590715566941,0.03721013123256789,0.0,0.1125
2024-11-15,0.1125,5.7879,105.40008,70.63770000000001,0.031,0.0,0.0,0.006818590715566941,0.03721013123256789,0.0,0.1125
2024-11-16,0.1125,5.7879,105.40008,70.63770000000001,0.031,0.0,0.0,0.006818590715566941,0.03721013123256789,0.0,0.1125
2024-11-17,0.1125,5.7879,105.40008,70.63770000000001,0.031,0.0,0.0,0.006820193087548407,0.03721013123256789,0.0,0.1125
2024-11-18,0.1125,5.7597,105.40008,70.63770000000001,0.031,0.0,-0.004884141476817109,0.006918642410493764,0.03721013123256789,0.0,0.1125
2024-11-19,0.1125,5.7737,105.40008,70.63770000000001,0.031,0.0,0.002427732824006925,0.006432929224682551,0.03721013123256789,0.0,0.1125
2024-11-20,0.1125,5.7737,105.40008,70.63770000000001,0.031,0.0,0.0,0.00643246296101279,0.03721013123256789,0.0,0.1125
2024-11-21,0.1125,5.8167,105.40008,70.63770000000001,0.031,0.0,0.007419967780842667,0.006550680071791396,0.03721013123256789,0.0,0.1125
2024-11-22,0.1125,5.8118,105.40008,70.63770000000001,0.031,0.0,-0.0008427570692720238,0.00655397234554813,0.03721013123256789,0.0,0.1125
2024-11-23,0.1125,5.8118,105.40008,70.63770000000001,0.031,0.0,0.0,0.00655397234554813,0.03721013123256789,0.0,0.1125
2024-11-24,0.1125,5.8118,105.40008,70.63770000000001,0.031,0.0,0.0,0.006514380157663725,0.03721013123256789,0.0,0.1125
2024-11-25,0.1125,5.7996,105.40008,70.63770000000001,0.031,0.0,-0.002101383896758451,0.006530537171629732,0.03721013123256789,0.0,0.1125
2024-11-26,0.1125,5.7984,105.40008,70.63770000000001,0.031,0.0,-0.00020693223043321277,0.0064775215658522435,0.03721013123256789,0.0,0.1125
2024-11-27,0.1125,5.8285,105.40008,70.63770000000001,0.031,0.0,0.005177659951281552,0.004933107771011517,0.03721013123256789,0.0,0.1125
2024-11-28,0.1125,5.9865,105.40008,70.63770000000001,0.031,0.0,0.026747256797011322,0.006597485026440293,0.03721013123256789,0.0,0.1125
2024-11-29,0.1125,6.0529,105.40008,70.63770000000001,0.031,0.0,0.011030561864799523,0.006885754680729963,0.03721013123256789,0.0,0.1125
2024-11-30,0.1125,6.0529,105.40008,70.63770000000001,0.031,0.0,0.0,0.006885754680729963,0.037158589103269746,0.0,0.1125
2024-12-01,0.1125,6.0529,104.08854,71.005,0.031,0.0,0.0,0.00686061635472301,0.024252764212505884,0.0,0.1125
2024-12-02,0.1125,6.0628,104.08854,71.005,0.031,0.0,0.0016342435358039117,0.006656871384787724,0.024252764212505884,0.0,0.1125
2024-12-03,0.1125,6.0701,104.08854,71.005,0.031,0.0,0.0012033398249194976,0.006644830030091323,0.024252764212505884,0.0,0.1125
2024-12-04,0.1125,6.0575,104.08854,71.005,0.031,0.0,-0.0020779056917405703,0.006722581292501778,0.024252764212505884,0.0,0.1125
2024-12-05,0.1125,5.9843,104.08854,71.005,0.031,0.0,-0.012157800603179524,0.007449627312400405,0.024252764212505884,0.0,0.1125
2024-12-06,0.1125,6.0287,104.08854,71.005,0.031,0.0,0.007392025668088971,0.0075452489879425716,0.024252764212505884,0.0,0.1125
2024-12-07,0.1125,6.0287,104.08854,71.005,0.031,0.0,0.0,0.0075452489879425716,0.024252764212505884,0.0,0.1125
2024-12-08,0.1125,6.0287,104.08854,71.005,0.031,0.0,0.0,0.007386789812625703,0.024252764212505884,0.0,0.1125
2024-12-09,0.1125,6.0564,104.08854,71.005,0.031,0.0,0.0045841653786266095,0.007404740773532788,0.024252764212505884,0.0,0.1125
2024-12-10,0.1125,6.0523,104.08854,71.005,0.031,0.0,-0.0006771990645879996,0.0074177822548947584,0.024252764212505884,0.0,0.1125
2024-12-11,0.1125,6.0314,104.08854,71.005,0.031,0.0,-0.003459208825276681,0.007425798347956515,0.024252764212505884,0.0,0.1125
2024-12-12,0.1225,5.9402,104.08854,71.005,0.031,0.009999999999999995,-0.015236353420814516,0.008338104385384187,0.024252764212505884,0.0,0.1225
2024-12-13,0.1225,6.0394,104.08854,71.005,0.031,0.0,0.016561866422657497,0.009018532354595033,0.024252764212505884,0.0,0.1225
2024-12-14,0.1225,6.0394,104.08854,71.005,0.031,0.0,0.0,0.009018532354595033,0.024252764212505884,0.0,0.1225
2024-12-15,0.1225,6.0394,104.08854,71.005,0.031,0.0,0.0,0.00898137153734383,0.024252764212505884,0.0,0.1225
2024-12-16,0.1225,6.0504,104.08854,71.005,0.031,0.0,0.001819716295624393,0.008966275199288507,0.024252764212505884,0.0,0.1225
2024-12-17,0.1225,6.1679,104.08854,71.005,0.031,0.0,0.019234037859153015,0.009735852163070982,0.024252764212505884,0.0,0.1225
2024-12-18,0.1225,6.1618,104.08854,71.005,0.031,0.0,-0.0009894807655814986,0.007963842571281738,0.024252764212505884,0.0,0.1225
2024-12-19,0.1225,6.1835,104.08854,71.005,0.031,0.0,0.003515511546720399,0.007659135080413828,0.024252764212505884,0.0,0.1225
2024-12-20,0.1225,6.0774,104.08854,71.005,0.031,0.0,-0.017307481261305376,0.008693925052299833,0.024252764212505884,0.0,0.1225
2024-12-21,0.1225,6.0774,104.08854,71.005,0.031,0.0,0.0,0.008693925052299833,0.024252764212505884,0.0,0.1225
2024-12-22,0.1225,6.0774,104.08854,71.005,0.031,0.0,0.0,0.008687432492293964,0.024252764212505884,0.0,0.1225
2024-12-23,0.1225,6.1606,104.08854,71.005,0.031,0.0,0.01359720246083657,0.009195916330915488,0.024252764212505884,0.0,0.1225
2024-12-24,0.1225,6.1527,104.08854,71.005,0.031,0.0,-0.001283165533846248,0.009184809437547608,0.024252764212505884,0.0,0.1225
2024-12-25,0.1225,6.1527,104.08854,71.005,0.031,0.0,0.0,0.0086714667226895,0.024252764212505884,0.0,0.1225
2024-12-26,0.1225,6.165,104.08854,71.005,0.031,0.0,0.0019971267506479367,0.008558022766931522,0.024252764212505884,0.0,0.1225
2024-12-27,0.1225,6.1985,104.08854,71.005,0.031,0.0,0.005419190679756794,0.008606420564153668,0.024252764212505884,0.0,0.1225
2024-12-28,0.1225,6.1985,104.08854,71.005,0.031,0.0,0.0,0.008606420564153668,0.024252764212505884,0.0,0.1225
2024-12-29,0.1225,6.1985,104.08854,71.005,0.031,0.0,0.0,0.008577837624011944,0.024252764212505884,0.0,0.1225
2024-12-30,0.1225,6.1917,104.08854,71.005,0.031,0.0,-0.0010976417947620295,0.008583089644079606,0.024252764212505884,0.0,0.1225
2024-12-31,0.1225,6.1917,104.08854,71.005,0.031,0.0,0.0,0.00852018538744515,0.04741530121234816,0.0,0.1225
2025-01-01,0.1225,6.1917,102.89616,71.1186,0.034,0.0,0.0,0.00759348083091468,0.03541669832235095,0.0,0.1225
2025-01-02,0.1225,6.208,102.89616,71.1186,0.034,0.0,0.002629097379615076,0.0067910295023448745,0.03541669832235095,0.0,0.1225
2025-01-03,0.1225,6.1557,102.89616,71.1186,0.034,0.0,-0.00846030103524303,0.007136031995786777,0.03541669832235095,0.0,0.1225
2025-01-04,0.1225,6.1557,102.89616,71.1186,0.034,0.0,0.0,0.007136031995786777,0.03541669832235095,0.0,0.1225
2025-01-05,0.1225,6.1557,102.89616,71.1186,0.034,0.0,0.0,0.0071360097107410324,0.03541669832235095,0.0,0.1225
2025-01-06,0.1225,6.1113,102.89616,71.1186,0.034,0.0,-0.007238965336190069,0.005896565653958399,0.03541669832235095,0.0,0.1225
2025-01-07,0.1225,6.0735,102.89616,71.1186,0.034,0.0,-0.006204471351296067,0.00603485132013363,0.03541669832235095,0.0,0.1225
2025-01-08,0.1225,6.1315,102.89616,71.1186,0.034,0.0,0.009504373061755113,0.006394053169435717,0.03541669832235095,0.0,0.1225
2025-01-09,0.1225,6.089,102.89616,71.1186,0.034,0.0,-0.006955553593506592,0.0052766084639727625,0.03541669832235095,0.0,0.1225
2025-01-10,0.1225,6.0959,102.89616,71.1186,0.034,0.0,0.0011325494238826562,0.005281606168376057,0.03541669832235095,0.0,0.1225
2025-01-11,0.1225,6.0959,102.89616,71.1186,0.034,0.0,0.0,0.005281606168376057,0.03541669832235095,0.0,0.1225
2025-01-12,0.1225,6.0959,102.89616,71.1186,0.034,0.0,0.0,0.004230320317323208,0.03541669832235095,0.0,0.1225
2025-01-13,0.1225,6.1073,102.89616,71.1186,0.034,0.0,0.001868362940251992,0.004259302871119232,0.03541669832235095,0.0,0.1225
2025-01-14,0.1225,6.0665,102.89616,71.1186,0.034,0.0,-0.006702944480781091,0.004486296049961089,0.03541669832235095,0.0,0.1225
2025-01-15,0.1225,6.0371,102.89616,71.1186,0.034,0.0,-0.004858068313890906,0.004530601818558583,0.03541669832235095,0.0,0.1225
2025-01-16,0.1225,6.0316,102.89616,71.1186,0.034,0.0,-0.0009114486863961851,0.0042685396069149055,0.03541669832235095,0.0,0.1225
2025-01-17,0.1225,6.0603,102.89616,71.1186,0.034,0.0,0.0047469882968850805,0.004475384666136263,0.03541669832235095,0.0,0.1225
2025-01-18,0.1225,6.0603,102.89616,71.1186,0.034,0.0,0.0,0.004475384666136263,0.03541669832235095,0.0,0.1225
2025-01-19,0.1225,6.0603,102.89616,71.1186,0.034,0.0,0.0,0.004482493415616908,0.03541669832235095,0.0,0.1225
2025-01-20,0.1225,6.0492,102.89616,71.1186,0.034,0.0,-0.0018332719119400504,0.0044781492922018745,0.03541669832235095,0.0,0.1225
2025-01-21,0.1225,6.0434,102.89616,71.1186,0.034,0.0,-0.0009592644170413808,0.004470154014490525,0.03541669832235095,0.0,0.1225
2025-01-22,0.1225,5.9668,102.89616,71.1186,0.034,0.0,-0.012755997179768625,0.005059298666923035,0.03541669832235095,0.0,0.1225
2025-01-23,0.1225,5.9393,102.89616,71.1186,0.034,0.0,-0.004619488985211314,0.0048697742564327755,0.03541669832235095,0.0,0.1225
2025-01-24,0.1225,5.8919,102.89616,71.1186,0.034,0.0,-0.008012755021720403,0.005041396781549228,0.03541669832235095,0.0,0.1225
2025-01-25,0.1225,5.8919,102.89616,71.1186,0.034,0.0,0.0,0.005041396781549228,0.03541669832235095,0.0,0.1225
2025-01-26,0.1225,5.8919,102.89616,71.1186,0.034,0.0,0.0,0.004918182348103294,0.03541669832235095,0.0,0.1225
2025-01-27,0.1225,5.9266,102.89616,71.1186,0.034,0.0,0.005872166469750472,0.005090909512093583,0.03541669832235095,0.0,0.1225
2025-01-28,0.1225,5.8924,102.89616,71.1186,0.034,0.0,-0.005787307801810815,0.00450997253089243,0.03541669832235095,0.0,0.1225
2025-01-29,0.1225,5.859,102.89616,71.1186,0.034,0.0,-0.005684444395994686,0.004444781427933754,0.03541669832235095,0.0,0.1225
2025-01-30,0.1325,5.9,102.89616,71.1186,0.034,0.010000000000000009,0.0069734103490221595,0.004831343653248603,0.03541669832235095,0.0,0.1325
2025-01-31,0.1325,5.8295,102.89616,71.1186,0.034,0.0,-0.012021117520464695,0.005338597279643653,0.006073331109916369,0.0,0.1325
2025-02-01,0.1325,5.8295,106.97556,72.0503,0.034,0.0,0.0,0.005338597279643653,0.045959907508197784,0.0,0.1325
2025-02-02,0.1325,5.8295,106.97556,72.0503,0.034,0.0,0.0,0.005279043298182504,0.045959907508197784,0.0,0.1325
2025-02-03,0.1325,5.8681,106.97556,72.0503,0.034,0.0,0.006599668325778869,0.005530795237333852,0.045959907508197784,0.0,0.1325
2025-02-04,0.1325,5.7921,106.97556,72.0503,0.034,0.0,-0.013035981589244338,0.006056766443755613,0.045959907508197784,0.0,0.1325
2025-02-05,0.1325,5.7991,106.97556,72.0503,0.034,0.0,0.0012078129703524704,0.006096536296026115,0.045959907508197784,0.0,0.1325
2025-02-06,0.1325,5.785,106.97556,72.0503,0.034,0.0,-0.002434372452456028,0.0058883086052483324,0.045959907508197784,0.0,0.1325
2025-02-07,0.1325,5.7551,106.97556,72.0503,0.034,0.0,-0.0051819424281450005,0.005894644975048618,0.045959907508197784,0.0,0.1325
2025-02-08,0.1325,5.7551,106.97556,72.0503,0.034,0.0,0.0,0.005894644975048618,0.045959907508197784,0.0,0.1325
2025-02-09,0.1325,5.7551,106.97556,72.0503,0.034,0.0,0.0,0.005921122151083978,0.045959907508197784,0.0,0.1325
2025-02-10,0.1325,5.7802,106.97556,72.0503,0.034,0.0,0.004351865944277623,0.0061095812383936965,0.045959907508197784,0.0,0.1325
2025-02-11,0.1325,5.7782,106.97556,72.0503,0.034,0.0,-0.0003460686634760151,0.005592175868457022,0.045959907508197784,0.0,0.1325
2025-02-12,0.1325,5.7705,106.97556,72.0503,0.034,0.0,-0.0013334836199741867,0.005547066416669789,0.045959907508197784,0.0,0.1325
2025-02-13,0.1325,5.7782,106.97556,72.0503,0.034,0.0,0.0013334836199741364,0.0053546973291198835,0.045959907508197784,0.0,0.1325
2025-02-14,0.1325,5.7277,106.97556,72.0503,0.034,0.0,-0.008778161513209858,0.005623638087639997,0.045959907508197784,0.0,0.1325
2025-02-15,0.1325,5.7277,106.97556,72.0503,0.034,0.0,0.0,0.005623638087639997,0.045959907508197784,0.0,0.1325
2025-02-16,0.1325,5.7277,106.97556,72.0503,0.034,0.0,0.0,0.0053708618186109214,0.045959907508197784,0.0,0.1325
2025-02-17,0.1325,5.7099,106.97556,72.0503,0.034,0.0,-0.0031125436053758048,0.00529669708732705,0.045959907508197784,0.0,0.1325
2025-02-18,0.1325,5.6973,106.97556,72.0503,0.034,0.0,-0.002209131973538987,0.005211033088717897,0.045959907508197784,0.0,0.1325
2025-02-19,0.1325,5.7081,106.97556,72.0503,0.034,0.0,0.0018938403261556803,0.0048957261633812196,0.045959907508197784,0.0,0.1325
2025-02-20,0.1325,5.7013,106.97556,72.0503,0.034,0.0,-0.0011919997204333358,0.004244205771600105,0.045959907508197784,0.0,0.1325
2025-02-21,0.1325,5.7021,106.97556,72.0503,0.034,0.0,0.0001403090308702632,0.0042462557976882895,0.045959907508197784,0.0,0.1325
2025-02-22,0.1325,5.7021,106.97556,72.0503,0.034,0.0,0.0,0.0042462557976882895,0.045959907508197784,0.0,0.1325
2025-02-23,0.1325,5.7021,106.97556,72.0503,0.034,0.0,0.0,0.0038543658222210124,0.045959907508197784,0.0,0.1325
2025-02-24,0.1325,5.7252,106.97556,72.0503,0.034,0.0,0.004042955285160089,0.002929892261302219,0.045959907508197784,0.0,0.1325
2025-02-25,0.1325,5.7773,106.97556,72.0503,0.034,0.0,0.009058962190393842,0.0036255386835525086,0.045959907508197784,0.0,0.1325
2025-02-26,0.1325,5.7751,106.97556,72.0503,0.034,0.0,-0.0003808732430655184,0.003587460201645204,0.045959907508197784,0.0,0.1325
2025-02-27,0.1325,5.8222,106.97556,72.0503,0.034,0.0,0.008122624914347143,0.003818791946298146,0.045959907508197784,0.0,0.1325
2025-02-28,0.1325,5.8482,106.97556,72.0503,0.034,0.0,0.004455724399482482,0.003912033361048114,0.045959907508197784,0.0,0.1325
2025-03-01,0.1325,5.8482,114.19661,72.4538,0.034,0.0,0.0,0.003912033361048114,0.040313433332103576,0.0,0.1325
2025-03-02,0.1325,5.8482,114.19661,72.4538,0.034,0.0,0.0,0.003824258301846891,0.040313433332103576,0.0,0.1325
2025-03-03,0.1325,5.8482,114.19661,72.4538,0.034,0.0,0.0,0.003820606031897939,0.040313433332103576,0.0,0.1325
2025-03-04,0.1325,5.8482,114.19661,72.4538,0.034,0.0,0.0,0.003796610325378806,0.040313433332103576,0.0,0.1325
2025-03-05,0.1325,5.7908,114.19661,72.4538,0.034,0.0,-0.009863470291330886,0.004460871795524148,0.040313433332103576,0.0,0.1325
2025-03-06,0.1325,5.7483,114.19661,72.4538,0.034,0.0,-0.007366292376125605,0.0043218362511397886,0.040313433332103576,0.0,0.1325
2025-03-07,0.1325,5.7682,114.19661,72.4538,0.034,0.0,0.003455914523690938,0.0043829368392952865,0.040313433332103576,0.0,0.1325
2025-03-08,0.1325,5.7682,114.19661,72.4538,0.034,0.0,0.0,0.0043829368392952865,0.040313433332103576,0.0,0.1325
2025-03-09,0.1325,5.7682,114.19661,72.4538,0.034,0.0,0.0,0.004308053309584516,0.040313433332103576,0.0,0.1325
2025-03-10,0.1325,5.7924,114.19661,72.4538,0.034,0.0,0.004186640026993698,0.004333057467941137,0.040313433332103576,0.0,0.1325
2025-03-11,0.1325,5.8341,114.19661,72.4538,0.034,0.0,0.007173298724498885,0.004556478963899238,0.040313433332103576,0.0,0.1325
2025-03-12,0.1325,5.8262,114.19661,72.4538,0.034,0.0,-0.0013550253782083869,0.0045609230301299035,0.040313433332103576,0.0,0.1325
2025-03-13,0.1325,5.8125,114.19661,72.4538,0.034,0.0,-0.002354215905126143,0.004621777392708117,0.040313433332103576,0.0,0.1325
2025-03-14,0.1325,5.7413,114.19661,72.4538,0.034,0.0,-0.012325105388675666,0.0054954691012884605,0.040313433332103576,0.0,0.1325
2025-03-15,0.1325,5.7413,114.19661,72.4538,0.034,0.0,0.0,0.0054954691012884605,0.040313433332103576,0.0,0.1325
2025-03-16,0.1325,5.7413,114.19661,72.4538,0.034,0.0,0.0,0.005426109174317551,0.040313433332103576,0.0,0.1325
2025-03-17,0.1325,5.7076,114.19661,72.4538,0.034,0.0,-0.005887045450515916,0.005155635735301061,0.040313433332103576,0.0,0.1325
2025-03-18,0.1325,5.6846,114.19661,72.4538,0.034,0.0,-0.004037855945271932,0.005211741678683978,0.040313433332103576,0.0,0.1325
2025-03-19,0.1325,5.6651,114.19661,72.4538,0.034,0.0,-0.0034362175541787564,0.004795699931807694,0.040313433332103576,0.0,0.1325
2025-03-20,0.1425,5.6622,114.19661,72.4538,0.034,0.009999999999999981,-0.0005120373016270211,0.004602986139167946,0.040313433332103576,0.0,0.1425
2025-03-21,0.1425,5.7235,114.19661,72.4538,0.034,0.0,0.010767997103188494,0.005368122809710097,0.040313433332103576,0.0,0.1425
2025-03-22,0.1425,5.7235,114.19661,72.4538,0.034,0.0,0.0,0.005368122809710097,0.040313433332103576,0.0,0.1425
2025-03-23,0.1425,5.7235,114.19661,72.4538,0.034,0.0,0.0,0.005368122809710097,0.040313433332103576,0.0,0.1425
2025-03-24,0.1425,5.7397,114.19661,72.4538,0.034,0.0,0.002826437780866042,0.005434777675264437,0.040313433332103576,0.0,0.1425
2025-03-25,0.1425,5.6986,114.19661,72.4538,0.034,0.0,-0.007186413519910242,0.0052325441071343565,0.040313433332103576,0.0,0.1425
2025-03-26,0.1425,5.7292,114.19661,72.4538,0.034,0.0,0.005355374286223151,0.00516544563283892,0.040313433332103576,0.0,0.1425
2025-03-27,0.1425,5.7468,114.19661,72.4538,0.034,0.0,0.003067273230854109,0.005151814505138435,0.040313433332103576,0.0,0.1425
2025-03-28,0.1425,5.7654,114.19661,72.4538,0.034,0.0,0.003231357374712937,0.005208309705964428,0.040313433332103576,0.0,0.1425
2025-03-29,0.1425,5.7654,114.19661,72.4538,0.034,0.0,0.0,0.005208309705964428,0.040313433332103576,0.0,0.1425
2025-03-30,0.1425,5.7654,114.19661,72.4538,0.034,0.0,0.0,0.005113427525811286,0.040313433332103576,0.0,0.1425
2025-03-31,0.1425,5.7416,114.19661,72.4538,0.034,0.0,-0.00413661839541494,0.004870810866988616,0.040313433332103576,0.0,0.1425
2025-04-01,0.1425,5.7045,112.58813,72.7654,0.036000000000000004,0.0,-0.006482580079438094,0.005033829894455301,0.03006411773026052,0.0,0.1425
2025-04-02,0.1425,5.6918,112.58813,72.7654,0.036000000000000004,0.0,-0.0022287944784354693,0.005032204658269131,0.03006411773026052,0.0,0.1425
2025-04-03,0.1425,5.6062,112.58813,72.7654,0.036000000000000004,0.0,-0.015153414408267625,0.005392594245790743,0.03006411773026052,0.0,0.1425
2025-04-04,0.1425,5.7771,112.58813,72.7654,0.036000000000000004,0.0,0.030028698504230844,0.00882777890928202,0.03006411773026052,0.0,0.1425
2025-04-05,0.1425,5.7771,112.58813,72.7654,0.036000000000000004,0.0,0.0,0.00882777890928202,0.03006411773026052,0.0,0.1425
2025-04-06,0.1425,5.7771,112.58813,72.7654,0.036000000000000004,0.0,0.0,0.008707571651604924,0.03006411773026052,0.0,0.1425
2025-04-07,0.1425,5.8871,112.58813,72.7654,0.036000000000000004,0.0,0.018861689810640504,0.00953149374179645,0.03006411773026052,0.0,0.1425
2025-04-08,0.1425,5.9362,112.58813,72.7654,0.036000000000000004,0.0,0.008305681537408884,0.009556814467200473,0.03006411773026052,0.0,0.1425
2025-04-09,0.1425,6.0599,112.58813,72.7654,0.036000000000000004,0.0,0.020624100275039903,0.01036003385594817,0.03006411773026052,0.0,0.1425
2025-04-10,0.1425,5.9109,112.58813,72.7654,0.036000000000000004,0.0,-0.024895194207009592,0.01196835313214179,0.03006411773026052,0.0,0.1425
2025-04-11,0.1425,5.8731,112.58813,72.7654,0.036000000000000004,0.0,-0.00641550061942512,0.012099060369807582,0.03006411773026052,0.0,0.1425
2025-04-12,0.1425,5.8731,112.58813,72.7654,0.036000000000000004,0.0,0.0,0.012099060369807582,0.03006411773026052,0.0,0.1425
2025-04-13,0.1425,5.8731,112.58813,72.7654,0.036000000000000004,0.0,0.0,0.012096677640797034,0.03006411773026052,0.0,0.1425
2025-04-14,0.1425,5.8419,112.58813,72.7654,0.036000000000000004,0.0,-0.005326517074964435,0.012036225230934589,0.03006411773026052,0.0,0.1425
2025-04-15,0.1425,5.8701,112.58813,72.7654,0.036000000000000004,0.0,0.004815583076520457,0.01202711733793416,0.03006411773026052,0.0,0.1425
2025-04-16,0.1425,5.8802,112.58813,72.7654,0.036000000000000004,0.0,0.0017191054675025402,0.012019964171771674,0.03006411773026052,0.0,0.1425
2025-04-17,0.1425,5.8553,112.58813,72.7654,0.036000000000000004,0.0,-0.004243540942583019,0.012067870771917667,0.03006411773026052,0.0,0.1425
2025-04-18,0.1425,5.8553,112.58813,72.7654,0.036000000000000004,0.0,0.0,0.012067870771917667,0.03006411773026052,0.0,0.1425
2025-04-19,0.1425,5.8553,112.58813,72.7654,0.036000000000000004,0.0,0.0,0.012067870771917667,0.03006411773026052,0.0,0.1425
2025-04-20,0.1425,5.8553,112.58813,72.7654,0.036000000000000004,0.0,0.0,0.012014615961051692,0.03006411773026052,0.0,0.1425
2025-04-21,0.1425,5.8553,112.58813,72.7654,0.036000000000000004,0.0,0.0,0.01188947345950979,0.03006411773026052,0.0,0.1425
2025-04-22,0.1425,5.749,112.58813,72.7654,0.036000000000000004,0.0,-0.018321307353791366,0.012660703298586987,0.03006411773026052,0.0,0.1425
2025-04-23,0.1425,5.6874,112.58813,72.7654,0.036000000000000004,0.0,-0.010772724936239927,0.01241107409776211,0.03006411773026052,0.0,0.1425
2025-04-24,0.1425,5.6732,112.58813,72.7654,0.036000000000000004,0.0,-0.002499869266598495,0.010323855845958657,0.03006411773026052,0.0,0.1425
2025-04-25,0.1425,5.684,112.58813,72.7654,0.036000000000000004,0.0,0.0019018777965388348,0.010341398396359244,0.03006411773026052,0.0,0.1425
2025-04-26,0.1425,5.684,112.58813,72.7654,0.036000000000000004,0.0,0.0,0.010341398396359244,0.03006411773026052,0.0,0.1425
2025-04-27,0.1425,5.684,112.58813,72.7654,0.036000000000000004,0.0,0.0,0.009255867332452051,0.03006411773026052,0.0,0.1425
2025-04-28,0.1425,5.6675,112.58813,72.7654,0.036000000000000004,0.0,-0.0029071068353071954,0.008948875006718916,0.03006411773026052,0.0,0.1425
2025-04-29,0.1425,5.6461,112.58813,72.7654,0.036000000000000004,0.0,-0.0037830620708305795,0.007136565715332815,0.03006411773026052,0.0,0.1425
2025-04-30,0.1425,5.6602,112.58813,72.7654,0.036000000000000004,0.0,0.002494185951130235,0.005182676139920378,0.03006411773026052,0.0,0.1425
2025-05-01,0.1425,5.6602,108.57626,72.9546,0.036000000000000004,0.0,0.0,0.005103816868660704,0.03691964092579547,0.0,0.1425
2025-05-02,0.1425,5.6388,108.57626,72.9546,0.036000000000000004,0.0,-0.003787950365213461,0.005101984824745219,0.03691964092579547,0.0,0.1425
2025-05-03,0.1425,5.6388,108.57626,72.9546,0.036000000000000004,0.0,0.0,0.005101984824745219,0.03691964092579547,0.0,0.1425
2025-05-04,0.1425,5.6388,108.57626,72.9546,0.036000000000000004,0.0,0.0,0.005060004774975091,0.03691964092579547,0.0,0.1425
2025-05-05,0.1425,5.6514,108.57626,72.9546,0.036000000000000004,0.0,0.002232025160055989,0.004913921175386567,0.03691964092579547,0.0,0.1425
2025-05-06,0.1425,5.7204,108.57626,72.9546,0.036000000000000004,0.0,0.012135430941953754,0.005791205951184771,0.03691964092579547,0.0,0.1425
2025-05-07,0.1425,5.7368,108.57626,72.9546,0.036000000000000004,0.0,0.0028628305695848513,0.005824024196233298,0.03691964092579547,0.0,0.1425
2025-05-08,0.1475,5.6854,108.57626,72.9546,0.036000000000000004,0.0050000000000000044,-0.009000078260854466,0.006082831637256348,0.03691964092579547,0.0,0.1475
2025-05-09,0.1475,5.6505,108.57626,72.9546,0.036000000000000004,0.0,-0.006157448507305165,0.006159730723830142,0.03691964092579547,0.0,0.1475
2025-05-10,0.1475,5.6505,108.57626,72.9546,0.036000000000000004,0.0,0.0,0.006159730723830142,0.03691964092579547,0.0,0.1475
2025-05-11,0.1475,5.6505,108.57626,72.9546,0.036000000000000004,0.0,0.0,0.006159730723830142,0.03691964092579547,0.0,0.1475
2025-05-12,0.1475,5.6816,108.57626,72.9546,0.036000000000000004,0.0,0.005488846388618069,0.004983055971706393,0.03691964092579547,0.0,0.1475
2025-05-13,0.1475,5.6256,108.57626,72.9546,0.036000000000000004,0.0,-0.009905274138020271,0.004892713743135991,0.03691964092579547,0.0,0.1475
2025-05-14,0.1475,5.6094,108.57626,72.9546,0.036000000000000004,0.0,-0.002883847125478243,0.004901528467570403,0.03691964092579547,0.0,0.1475
2025-05-15,0.1475,5.6322,108.57626,72.9546,0.036000000000000004,0.0,0.004056367645676087,0.004981630300313671,0.03691964092579547,0.0,0.1475
2025-05-16,0.1475,5.6919,108.57626,72.9546,0.036000000000000004,0.0,0.010543981967196574,0.005557290361097307,0.03691964092579547,0.0,0.1475
2025-05-17,0.1475,5.6919,108.57626,72.9546,0.036000000000000004,0.0,0.0,0.005557290361097307,0.03691964092579547,0.0,0.1475
2025-05-18,0.1475,5.6919,108.57626,72.9546,0.036000000000000004,0.0,0.0,0.005513182502833438,0.03691964092579547,0.0,0.1475
2025-05-19,0.1475,5.6585,108.57626,72.9546,0.036000000000000004,0.0,-0.005885272132201387,0.005612558573693486,0.03691964092579547,0.0,0.1475
2025-05-20,0.1475,5.6614,108.57626,72.9546,0.036000000000000004,0.0,0.0005123720286299362,0.005585674408210478,0.03691964092579547,0.0,0.1475
2025-05-21,0.1475,5.6565,108.57626,72.9546,0.036000000000000004,0.0,-0.0008658850681046813,0.005589115539636872,0.03691964092579547,0.0,0.1475
2025-05-22,0.1475,5.6384,108.57626,72.9546,0.036000000000000004,0.0,-0.0032049890647158396,0.005569987963826038,0.03691964092579547,0.0,0.1475
2025-05-23,0.1475,5.6926,108.57626,72.9546,0.036000000000000004,0.0,0.009566748455880122,0.005966948266864955,0.03691964092579547,0.0,0.1475
2025-05-24,0.1475,5.6926,108.57626,72.9546,0.036000000000000004,0.0,0.0,0.005966948266864955,0.03691964092579547,0.0,0.1475
2025-05-25,0.1475,5.6926,108.57626,72.9546,0.036000000000000004,0.0,0.0,0.00595320973163481,0.03691964092579547,0.0,0.1475
2025-05-26,0.1475,5.6613,108.57626,72.9546,0.036000000000000004,0.0,-0.005513537954526231,0.005398583424342597,0.03691964092579547,0.0,0.1475
2025-05-27,0.1475,5.6533,108.57626,72.9546,0.036000000000000004,0.0,-0.0014141023691731944,0.005341973623112385,0.03691964092579547,0.0,0.1475
2025-05-28,0.1475,5.693,108.57626,72.9546,0.036000000000000004,0.0,0.006997904517095328,0.005235636387355638,0.03691964092579547,0.0,0.1475
2025-05-29,0.1475,5.6553,108.57626,72.9546,0.036000000000000004,0.0,-0.006644191410105568,0.005267128264485088,0.03691964092579547,0.0,0.1475
2025-05-30,0.1475,5.7081,108.57626,72.9546,0.036000000000000004,0.0,0.009293060173488342,0.00565854727503227,0.03691964092579547,0.0,0.1475
2025-05-31,0.1475,5.7081,108.57626,72.9546,0.036000000000000004,0.0,0.0,0.00565854727503227,0.03691964092579547,0.0,0.1475
2025-06-01,0.1475,5.7081,107.25421,73.1297,0.036000000000000004,0.0,0.0,0.005535992610360088,0.013773929442402633,0.0,0.1475
2025-06-02,0.1475,5.6931,107.25421,73.1297,0.036000000000000004,0.0,-0.0026313034864218513,0.005052753374927689,0.013773929442402633,0.0,0.1475
2025-06-03,0.1475,5.6688,107.25421,73.1297,0.036000000000000004,0.0,-0.004277460116835341,0.005112529523901746,0.013773929442402633,0.0,0.1475
2025-06-04,0.1475,5.6326,107.25421,73.1297,0.036000000000000004,0.0,-0.006406307856773355,0.005265356232425948,0.013773929442402633,0.0,0.1475
2025-06-05,0.1475,5.5963,107.25421,73.1297,0.036000000000000004,0.0,-0.006465482184782621,0.004828845109432652,0.013773929442402633,0.0,0.1475
2025-06-06,0.1475,5.5941,107.25421,73.1297,0.036000000000000004,0.0,-0.000393194171494073,0.00482601512887269,0.013773929442402633,0.0,0.1475
2025-06-07,0.1475,5.5941,107.25421,73.1297,0.036000000000000004,0.0,0.0,0.00482601512887269,0.013773929442402633,0.0,0.1475
2025-06-08,0.1475,5.5941,107.25421,73.1297,0.036000000000000004,0.0,0.0,0.004681148707151741,0.013773929442402633,0.0,0.1475
2025-06-09,0.1475,5.5754,107.25421,73.1297,0.036000000000000004,0.0,-0.0033484072647417895,0.0047135568544147775,0.013773929442402633,0.0,0.1475
2025-06-10,0.1475,5.5551,107.25421,73.1297,0.036000000000000004,0.0,-0.0036476389215356056,0.004757516376959868,0.013773929442402633,0.0,0.1475
2025-06-11,0.1475,5.5384,107.25421,73.1297,0.036000000000000004,0.0,-0.0030107743480643013,0.004752769352576014,0.013773929442402633,0.0,0.1475
2025-06-12,0.1475,5.5382,107.25421,73.1297,0.036000000000000004,0.0,-3.611216438652713e-05,0.00407735322348216,0.013773929442402633,0.0,0.1475
2025-06-13,0.1475,5.5646,107.25421,73.1297,0.036000000000000004,0.0,0.004755566119155941,0.004294627341731086,0.013773929442402633,0.0,0.1475
2025-06-14,0.1475,5.5646,107.25421,73.1297,0.036000000000000004,0.0,0.0,0.004294627341731086,0.013773929442402633,0.0,0.1475
2025-06-15,0.1475,5.5646,107.25421,73.1297,0.036000000000000004,0.0,0.0,0.004174184307649378,0.013773929442402633,0.0,0.1475
2025-06-16,0.1475,5.5117,107.25421,73.1297,0.036000000000000004,0.0,-0.009551998811647458,0.004605270876185716,0.013773929442402633,0.0,0.1475
2025-06-17,0.1475,5.4767,107.25421,73.1297,0.036000000000000004,0.0,-0.006370375734988495,0.004302550751626025,0.013773929442402633,0.0,0.1475
2025-06-18,0.1475,5.4873,107.25421,73.1297,0.036000000000000004,0.0,0.001933601478040882,0.004235608947868201,0.013773929442402633,0.0,0.1475
2025-06-19,0.15,5.4873,107.25421,73.1297,0.036000000000000004,0.0025000000000000022,0.0,0.003419474745774639,0.013773929442402633,0.0,0.15
2025-06-20,0.15,5.4951,107.25421,73.1297,0.036000000000000004,0.0,0.0014204547842911227,0.0034768696488454488,0.013773929442402633,0.0,0.15
2025-06-21,0.15,5.4951,107.25421,73.1297,0.036000000000000004,0.0,0.0,0.0034768696488454488,0.013773929442402633,0.0,0.15
2025-06-22,0.15,5.4951,107.25421,73.1297,0.036000000000000004,0.0,0.0,0.0034975222845417256,0.013773929442402633,0.0,0.15
2025-06-23,0.15,5.5207,107.25421,73.1297,0.036000000000000004,0.0,0.004647877791152343,0.003722885319881031,0.013773929442402633,0.0,0.15
2025-06-24,0.15,5.4932,107.25421,73.1297,0.036000000000000004,0.0,-0.004993700169306518,0.003633714076779094,0.013773929442402633,0.0,0.15
2025-06-25,0.15,5.5421,107.25421,73.1297,0.036000000000000004,0.0,0.008862526631432215,0.004067072392394387,0.013773929442402633,0.0,0.15
2025-06-26,0.15,5.5139,107.25421,73.1297,0.036000000000000004,0.0,-0.0051013135229671484,0.004195605054063193,0.013773929442402633,0.0,0.15
2025-06-27,0.15,5.4753,107.25421,73.1297,0.036000000000000004,0.0,-0.007025108060507303,0.004420044099870887,0.013773929442402633,0.0,0.15
2025-06-28,0.15,5.4753,107.25421,73.1297,0.036000000000000004,0.0,0.0,0.004420044099870887,0.013773929442402633,0.0,0.15
2025-06-29,0.15,5.4753,107.25421,73.1297,0.036000000000000004,0.0,0.0,0.004392661794311561,0.013773929442402633,0.0,0.15
2025-06-30,0.15,5.4565,107.25421,73.1297,0.036000000000000004,0.0,-0.003439510150939993,0.004386066073555508,0.013773929442402633,0.0,0.15
2025-07-01,0.15,5.4505,113.23431,73.3198,0.033,0.0,-0.0011002109847313482,0.004358287496882506,0.014152454548703286,0.0,0.15
2025-07-02,0.15,5.4506,113.23431,73.3198,0.033,0.0,1.8346772344560767e-05,0.004358806798866119,0.014152454548703286,0.0,0.15
2025-07-03,0.15,5.4202,113.23431,73.3198,0.033,0.0,-0.005592979218863923,0.004278443926930856,0.014152454548703286,0.0,0.15
2025-07-04,0.15,5.4084,113.23431,73.3198,0.033,0.0,-0.0021794146372908327,0.004270946648723781,0.014152454548703286,0.0,0.15
2025-07-05,0.15,5.4084,113.23431,73.3198,0.033,0.0,0.0,0.004270946648723781,0.014152454548703286,0.0,0.15
2025-07-06,0.15,5.4084,113.23431,73.3198,0.033,0.0,0.0,0.0038249339074084743,0.014152454548703286,0.0,0.15
2025-07-07,0.15,5.4546,113.23431,73.3198,0.033,0.0,0.008505988871264561,0.004147433631220523,0.014152454548703286,0.0,0.15
2025-07-08,0.15,5.4565,113.23431,73.3198,0.033,0.0,0.00034826919727701233,0.004119521573884997,0.014152454548703286,0.0,0.15
2025-07-09,0.15,5.462,113.23431,73.3198,0.033,0.0,0.001007464480505652,0.0041292921290775365,0.014152454548703286,0.0,0.15
2025-07-10,0.15,5.5427,113.23431,73.3198,0.033,0.0,0.01466672360505386,0.005303491565796058,0.014152454548703286,0.0,0.15
2025-07-11,0.15,5.5716,113.23431,73.3198,0.033,0.0,0.0052005191751722255,0.005407699848543716,0.014152454548703286,0.0,0.15
2025-07-12,0.15,5.5716,113.23431,73.3198,0.033,0.0,0.0,0.005407699848543716,0.014152454548703286,0.0,0.15
2025-07-13,0.15,5.5716,113.23431,73.3198,0.033,0.0,0.0,0.005328000232482086,0.014152454548703286,0.0,0.15
2025-07-14,0.15,5.5589,113.23431,73.3198,0.033,0.0,-0.0022820188691230225,0.005215252821567101,0.014152454548703286,0.0,0.15
2025-07-15,0.15,5.5569,113.23431,73.3198,0.033,0.0,-0.0003598481479664475,0.004839941403881866,0.014152454548703286,0.0,0.15
2025-07-16,0.15,5.5716,113.23431,73.3198,0.033,0.0,0.002641867017089469,0.004707042915130335,0.014152454548703286,0.0,0.15
2025-07-17,0.15,5.5731,113.23431,73.3198,0.033,0.0,0.00026918625159173636,0.004361526551077321,0.014152454548703286,0.0,0.15
2025-07-18,0.15,5.546,113.23431,73.3198,0.033,0.0,-0.004874504889744761,0.0045458953817235385,0.014152454548703286,0.0,0.15
2025-07-19,0.15,5.546,113.23431,73.3198,0.033,0.0,0.0,0.0045458953817235385,0.014152454548703286,0.0,0.15
2025-07-20,0.15,5.546,113.23431,73.3198,0.033,0.0,0.0,0.004447373798119157,0.014152454548703286,0.0,0.15
2025-07-21,0.15,5.5619,113.23431,73.3198,0.033,0.0,0.0028628293123670956,0.004445908580829058,0.014152454548703286,0.0,0.15
2025-07-22,0.15,5.5703,113.23431,73.3198,0.033,0.0,0.0015091359469365977,0.004440873328974301,0.014152454548703286,0.0,0.15
2025-07-23,0.15,5.5531,113.23431,73.3198,0.033,0.0,-0.0030925820717567025,0.004275044741743491,0.014152454548703286,0.0,0.15
2025-07-24,0.15,5.5233,113.23431,73.3198,0.033,0.0,-0.005380822631999854,0.004464421128634057,0.014152454548703286,0.0,0.15
2025-07-25,0.15,5.542,113.23431,73.3198,0.033,0.0,0.0033799386916529926,0.004486456070498594,0.014152454548703286,0.0,0.15
2025-07-26,0.15,5.542,113.23431,73.3198,0.033,0.0,0.0,0.004486456070498594,0.014152454548703286,0.0,0.15
2025-07-27,0.15,5.542,113.23431,73.3198,0.033,0.0,0.0,0.004149980802393214,0.014152454548703286,0.0,0.15
2025-07-28,0.15,5.5871,113.23431,73.3198,0.033,0.0,0.008104922569440832,0.0044571324824648016,0.014152454548703286,0.0,0.15
2025-07-29,0.15,5.5758,113.23431,73.3198,0.033,0.0,-0.002024564201015906,0.004514598454790397,0.014152454548703286,0.0,0.15
2025-07-30,0.15,5.6028,113.23431,73.3198,0.033,0.0,0.004830667973542942,0.0033318105781879547,0.014152454548703286,0.0,0.15
2025-07-31,0.15,5.6015,113.23431,73.3198,0.033,0.0,-0.00023205376611380745,0.0031481821053771604,0.014152454548703286,0.0,0.15
2025-08-01,0.15,5.543,110.48903,73.2391,0.033,0.0,-0.01049854857897322,0.003964563365995708,0.0030759814257277363,0.0,0.15
2025-08-02,0.15,5.543,110.48903,73.2391,0.033,0.0,0.0,0.003964563365995708,0.0030759814257277363,0.0,0.15
2025-08-03,0.15,5.543,110.48903,73.2391,0.033,0.0,0.0,0.003935960509347035,0.0030759814257277363,0.0,0.15
2025-08-04,0.15,5.5107,110.48903,73.2391,0.033,0.0,-0.005844213599676501,0.004137723868422103,0.0030759814257277363,0.0,0.15
2025-08-05,0.15,5.5113,110.48903,73.2391,0.033,0.0,0.00010887316287308618,0.004077481648863101,0.0030759814257277363,0.0,0.15
2025-08-06,0.15,5.4796,110.48903,73.2391,0.033,0.0,-0.005768424405766739,0.004234575282758861,0.0030759814257277363,0.0,0.15
2025-08-07,0.15,5.4632,110.48903,73.2391,0.033,0.0,-0.002997406930354962,0.0041607459560627485,0.0030759814257277363,0.0,0.15
2025-08-08,0.15,5.4248,110.48903,73.2391,0.033,0.0,-0.007053666277247025,0.004386465600013916,0.0030759814257277363,0.0,0.15
2025-08-09,0.15,5.4248,110.48903,73.2391,0.033,0.0,0.0,0.004386465600013916,0.0030759814257277363,0.0,0.15
2025-08-10,0.15,5.4248,110.48903,73.2391,0.033,0.0,0.0,0.004295954426321677,0.0030759814257277363,0.0,0.15
2025-08-11,0.15,5.4467,110.48903,73.2391,0.033,0.0,0.004028888308565265,0.004416328802652132,0.0030759814257277363,0.0,0.15
2025-08-12,0.15,5.4046,110.48903,73.2391,0.033,0.0,-0.007759477893851138,0.004643385989857338,0.0030759814257277363,0.0,0.15
2025-08-13,0.15,5.3922,110.48903,73.2391,0.033,0.0,-0.0022969778919638612,0.004552997975705496,0.0030759814257277363,0.0,0.15
2025-08-14,0.15,5.4089,110.48903,73.2391,0.033,0.0,0.0030922801024686835,0.004538195093189564,0.0030759814257277363,0.0,0.15
2025-08-15,0.15,5.3922,110.48903,73.2391,0.033,0.0,-0.0030922801024688223,0.004547271739541174,0.0030759814257277363,0.0,0.15
2025-08-16,0.15,5.3922,110.48903,73.2391,0.033,0.0,0.0,0.004547271739541174,0.0030759814257277363,0.0,0.15
2025-08-17,0.15,5.3922,110.48903,73.2391,0.033,0.0,0.0,0.003984790643556118,0.0030759814257277363,0.0,0.15
2025-08-18,0.15,5.4149,110.48903,73.2391,0.033,0.0,0.004200948151503839,0.004201557950137519,0.0030759814257277363,0.0,0.15
2025-08-19,0.15,5.471,110.48903,73.2391,0.033,0.0,0.010307002019939514,0.0047729698856284215,0.0030759814257277363,0.0,0.15
2025-08-20,0.15,5.472,110.48903,73.2391,0.033,0.0,0.00018276523856043523,0.00477825126858585,0.0030759814257277363,0.0,0.15
2025-08-21,0.15,5.4822,110.48903,73.2391,0.033,0.0,0.00186229993024347,0.004281683438069218,0.0030759814257277363,0.0,0.15
2025-08-22,0.15,5.4386,110.48903,73.2391,0.033,0.0,-0.00798480544476874,0.004588807647115301,0.0030759814257277363,0.0,0.15
2025-08-23,0.15,5.4386,110.48903,73.2391,0.033,0.0,0.0,0.004588807647115301,0.0030759814257277363,0.0,0.15
2025-08-24,0.15,5.4386,110.48903,73.2391,0.033,0.0,0.0,0.004444604562740791,0.0030759814257277363,0.0,0.15
2025-08-25,0.15,5.4168,110.48903,73.2391,0.033,0.0,-0.004016439616425347,0.004502465281995664,0.0030759814257277363,0.0,0.15
2025-08-26,0.15,5.4212,110.48903,73.2391,0.033,0.0,0.0008119579704252613,0.004363557988268792,0.0030759814257277363,0.0,0.15
2025-08-27,0.15,5.4422,110.48903,73.2391,0.033,0.0,0.003866197720435985,0.004429173639050722,0.0030759814257277363,0.0,0.15
2025-08-28,0.15,5.4109,110.48903,73.2391,0.033,0.0,-0.005767953262632145,0.0043326277125642,0.0030759814257277363,0.0,0.15
2025-08-29,0.15,5.4258,110.48903,73.2391,0.033,0.0,0.0027499163748247978,0.004380285079582927,0.0030759814257277363,0.0,0.15
2025-08-30,0.15,5.4258,110.48903,73.2391,0.033,0.0,0.0,0.004380285079582927,0.0030759814257277363,0.0,0.15
2025-08-31,0.15,5.4258,110.48903,73.2391,0.033,0.0,0.0,0.00427712257710942,0.0030759814257277363,0.0,0.15
2025-09-01,0.15,5.4372,109.54869,73.59060000000001,0.033,0.0,0.0020988684866034136,0.003911577164403639,0.02260549928435407,0.0,0.15
2025-09-02,0.15,5.4674,109.54869,73.59060000000001,0.033,0.0,0.0055389610277348745,0.004028384854734147,0.02260549928435407,0.0,0.15
2025-09-03,0.15,5.4479,109.54869,73.59060000000001,0.033,0.0,-0.003572970187706009,0.004094563995599503,0.02260549928435407,0.0,0.15
2025-09-04,0.15,5.4581,109.54869,73.59060000000001,0.033,0.0,0.0018705305288927966,0.00402415947521499,0.02260549928435407,0.0,0.15
2025-09-05,0.15,5.3962,109.54869,73.59060000000001,0.033,0.0,-0.011405741697022524,0.004840207690313119,0.02260549928435407,0.0,0.15
2025-09-06,0.15,5.3962,109.54869,73.59060000000001,0.033,0.0,0.0,0.004840207690313119,0.02260549928435407,0.0,0.15
2025-09-07,0.15,5.3962,109.54869,73.59060000000001,0.033,0.0,0.0,0.004740118539111684,0.02260549928435407,0.0,0.15
2025-09-08,0.15,5.4272,109.54869,73.59060000000001,0.033,0.0,0.005728345024537611,0.004297203784972712,0.02260549928435407,0.0,0.15
2025-09-09,0.15,5.4272,109.54869,73.59060000000001,0.033,0.0,0.0,0.004296089199512548,0.02260549928435407,0.0,0.15
2025-09-10,0.15,5.4117,109.54869,73.59060000000001,0.033,0.0,-0.0028600707757869552,0.004294340756887412,0.02260549928435407,0.0,0.15
2025-09-11,0.15,5.3852,109.54869,73.59060000000001,0.033,0.0,-0.004908826276662497,0.004066768830940817,0.02260549928435407,0.0,0.15
2025-09-12,0.15,5.3671,109.54869,73.59060000000001,0.033,0.0,-0.00336672471874989,0.004114669753344508,0.02260549928435407,0.0,0.15
2025-09-13,0.15,5.3671,109.54869,73.59060000000001,0.033,0.0,0.0,0.004114669753344508,0.02260549928435407,0.0,0.15
2025-09-14,0.15,5.3671,109.54869,73.59060000000001,0.033,0.0,0.0,0.004039649513955856,0.02260549928435407,0.0,0.15
2025-09-15,0.15,5.3202,109.54869,73.59060000000001,0.033,0.0,-0.008776828772313573,0.004430720080163469,0.02260549928435407,0.0,0.15
2025-09-16,0.15,5.309,109.54869,73.59060000000001,0.033,0.0,-0.002107403030344754,0.00428872245032808,0.02260549928435407,0.0,0.15
2025-09-17,0.15,5.3005,109.54869,73.59060000000001,0.033,0.0,-0.0016023378705190378,0.004156305300362053,0.02260549928435407,0.0,0.15
2025-09-18,0.15,5.3004,109.54869,73.59060000000001,0.033,0.0,-1.8866322671424064e-05,0.004068945049712204,0.02260549928435407,0.0,0.15
2025-09-19,0.15,5.327,109.54869,73.59060000000001,0.033,0.0,0.005005938526518058,0.004292477081602674,0.02260549928435407,0.0,0.15
2025-09-20,0.15,5.327,109.54869,73.59060000000001,0.033,0.0,0.0,0.004292477081602674,0.02260549928435407,0.0,0.15
2025-09-21,0.15,5.327,109.54869,73.59060000000001,0.033,0.0,0.0,0.004240153932035088,0.02260549928435407,0.0,0.15
2025-09-22,0.15,5.3451,109.54869,73.59060000000001,0.033,0.0,0.003392025441034762,0.004089771699643611,0.02260549928435407,0.0,0.15
2025-09-23,0.15,5.3057,109.54869,73.59060000000001,0.033,0.0,-0.007398539025084136,0.004294331488896524,0.02260549928435407,0.0,0.15
2025-09-24,0.15,5.3106,109.54869,73.59060000000001,0.033,0.0,0.0009231088699364244,0.004262362532763069,0.02260549928435407,0.0,0.15
2025-09-25,0.15,5.3419,109.54869,73.59060000000001,0.033,0.0,0.005876571711124976,0.00385283678859552,0.02260549928435407,0.0,0.15
2025-09-26,0.15,5.3439,109.54869,73.59060000000001,0.033,0.0,0.0003743285525377359,0.0038563302165240364,0.02260549928435407,0.0,0.15
2025-09-27,0.15,5.3439,109.54869,73.59060000000001,0.033,0.0,0.0,0.0038563302165240364,0.02260549928435407,0.0,0.15
2025-09-28,0.15,5.3439,109.54869,73.59060000000001,0.033,0.0,0.0,0.0035727090092691634,0.02260549928435407,0.0,0.15
2025-09-29,0.15,5.3223,109.54869,73.59060000000001,0.033,0.0,-0.004050182731836231,0.0036407044904507306,0.02260549928435407,0.0,0.15
2025-09-30,0.15,5.318,109.54869,73.59060000000001,0.033,0.0,-0.0008082479317476812,0.0036136242463681734,0.02260549928435407,0.0,0.15
2025-10-01,0.15,5.3202,109.90366,73.6568,0.027000000000000003,0.0,0.00041360381105123324,0.003494819857808446,0.006582039657462069,0.0,0.15
2025-10-02,0.15,5.3443,109.90366,73.6568,0.027000000000000003,0.0,0.004519675751353186,0.003610083185183611,0.006582039657462069,0.0,0.15
2025-10-03,0.15,5.3492,109.90366,73.6568,0.027000000000000003,0.0,0.0009164446332720026,0.003618732936194159,0.006582039657462069,0.0,0.15
2025-10-04,0.15,5.3492,109.90366,73.6568,0.027000000000000003,0.0,0.0,0.003618732936194159,0.006582039657462069,0.0,0.15
2025-10-05,0.15,5.3492,109.90366,73.6568,0.027000000000000003,0.0,0.0,0.002998745845680121,0.006582039657462069,0.0,0.15
2025-10-06,0.15,5.322,109.90366,73.6568,0.027000000000000003,0.0,-0.0050978444610069685,0.00319195064822618,0.006582039657462069,0.0,0.15
2025-10-07,0.15,5.3357,109.90366,73.6568,0.027000000000000003,0.0,0.002570912588260141,0.003209632629473543,0.006582039657462069,0.0,0.15
2025-10-08,0.15,5.3421,109.90366,73.6568,0.027000000000000003,0.0,0.0011987489494839846,0.0032141928143766957,0.006582039657462069,0.0,0.15
2025-10-09,0.15,5.3532,109.90366,73.6568,0.027000000000000003,0.0,0.002075678846841061,0.00305567363283853,0.006582039657462069,0.0,0.15
2025-10-10,0.15,5.444,109.90366,73.6568,0.027000000000000003,0.0,0.016819571849137332,0.0048008037795833885,0.006582039657462069,0.0,0.15
2025-10-11,0.15,5.444,109.90366,73.6568,0.027000000000000003,0.0,0.0,0.0048008037795833885,0.006582039657462069,0.0,0.15
2025-10-12,0.15,5.444,109.90366,73.6568,0.027000000000000003,0.0,0.0,0.004774906773224664,0.006582039657462069,0.0,0.15
2025-10-13,0.15,5.4623,109.90366,73.6568,0.027000000000000003,0.0,0.003355861689895444,0.004378287296960995,0.006582039657462069,0.0,0.15
2025-10-14,0.15,5.4976,109.90366,73.6568,0.027000000000000003,0.0,0.006441686888629536,0.0045148089101909195,0.006582039657462069,0.0,0.15
2025-10-15,0.15,5.4458,109.90366,73.6568,0.027000000000000003,0.0,-0.00946696399177523,0.005045600902468901,0.006582039657462069,0.0,0.15
2025-10-16,0.15,5.4348,109.90366,73.6568,0.027000000000000003,0.0,-0.002021948007937865,0.005088587535329937,0.006582039657462069,0.0,0.15
2025-10-17,0.15,5.4384,109.90366,73.6568,0.027000000000000003,0.0,0.0006621785916829072,0.005084964415142571,0.006582039657462069,0.0,0.15
2025-10-18,0.15,5.4384,109.90366,73.6568,0.027000000000000003,0.0,0.0,0.005084964415142571,0.006582039657462069,0.0,0.15
2025-10-19,0.15,5.4384,109.90366,73.6568,0.027000000000000003,0.0,0.0,0.004957485477890308,0.006582039657462069,0.0,0.15
2025-10-20,0.15,5.3765,109.90366,73.6568,0.027000000000000003,0.0,-0.011447295111270541,0.005687672724864452,0.006582039657462069,0.0,0.15
2025-10-21,0.15,5.3842,109.90366,73.6568,0.027000000000000003,0.0,0.0014311339065721865,0.005690966514782716,0.006582039657462069,0.0,0.15
2025-10-22,0.15,5.3892,109.90366,73.6568,0.027000000000000003,0.0,0.0009282121445393802,0.005616885686089095,0.006582039657462069,0.0,0.15
2025-10-23,0.15,5.3834,109.90366,73.6568,0.027000000000000003,0.0,-0.0010768060747507549,0.0056252593321688355,0.006582039657462069,0.0,0.15
2025-10-24,0.15,5.3791,109.90366,73.6568,0.027000000000000003,0.0,-0.0007990708903694893,0.005630477006966381,0.006582039657462069,0.0,0.15
2025-10-25,0.15,5.3791,109.90366,73.6568,0.027000000000000003,0.0,0.0,0.005630477006966381,0.006582039657462069,0.0,0.15
2025-10-26,0.15,5.3791,109.90366,73.6568,0.027000000000000003,0.0,0.0,0.005487853422830964,0.006582039657462069,0.0,0.15
2025-10-27,0.15,5.3738,109.90366,73.6568,0.027000000000000003,0.0,-0.000985780659951345,0.00547597386295252,0.006582039657462069,0.0,0.15
2025-10-28,0.15,5.3684,109.90366,73.6568,0.027000000000000003,0.0,-0.0010053807329700824,0.005480293265982578,0.006582039657462069,0.0,0.15
2025-10-29,0.15,5.341,109.90366,73.6568,0.027000000000000003,0.0,-0.005117011183880568,0.005588803087794273,0.006582039657462069,0.0,0.15
2025-10-30,0.15,5.3844,109.90366,73.6568,0.027000000000000003,0.0,0.008092982430167763,0.004414445841490634,0.006582039657462069,0.0,0.15
2025-10-31,0.15,5.3837,109.90366,73.6568,0.027000000000000003,0.0,-0.00013001365161653864,0.00441368831556866,0.006582039657462069,0.0,0.15
2025-11-01,0.15,5.3837,106.72339,73.7894,0.027000000000000003,0.0,0.0,0.00441368831556866,0.012555113810160279,0.0,0.15
2025-11-02,0.15,5.3837,106.72339,73.7894,0.027000000000000003,0.0,0.0,0.004319902030700589,0.012555113810160279,0.0,0.15
2025-11-03,0.15,5.3499,106.72339,73.7894,0.027000000000000003,0.0,-0.006298000991744213,0.004143219069034737,0.012555113810160279,0.0,0.15
2025-11-04,0.15,5.384,106.72339,73.7894,0.027000000000000003,0.0,0.006353723197986601,0.004022805981958629,0.012555113810160279,0.0,0.15
2025-11-05,0.15,5.3792,106.72339,73.7894,0.027000000000000003,0.0,-0.0008919281102673699,0.004009262345684448,0.012555113810160279,0.0,0.15
2025-11-06,0.15,5.3445,106.72339,73.7894,0.027000000000000003,0.0,-0.006471669500295993,0.0042113453658877585,0.012555113810160279,0.0,0.15
2025-11-07,0.15,5.3561,106.72339,73.7894,0.027000000000000003,0.0,0.0021681035725068815,0.004262535512527569,0.012555113810160279,0.0,0.15
2025-11-08,0.15,5.3561,106.72339,73.7894,0.027000000000000003,0.0,0.0,0.004262535512527569,0.012555113810160279,0.0,0.15
2025-11-09,0.15,5.3561,106.72339,73.7894,0.027000000000000003,0.0,0.0,0.003441833435425657,0.012555113810160279,0.0,0.15
2025-11-10,0.15,5.3175,106.72339,73.7894,0.027000000000000003,0.0,-0.007232830212115063,0.003757777855565803,0.012555113810160279,0.0,0.15
2025-11-11,0.15,5.2723,106.72339,73.7894,0.027000000000000003,0.0,-0.008536568110435976,0.0041296808454428895,0.012555113810160279,0.0,0.15
2025-11-12,0.15,5.2879,106.72339,73.7894,0.027000000000000003,0.0,0.002954491647454622,0.004227906613906376,0.012555113810160279,0.0,0.15
2025-11-13,0.15,5.2814,106.72339,73.7894,0.027000000000000003,0.0,-0.0012299775424025597,0.004228490218447107,0.012555113810160279,0.0,0.15
2025-11-14,0.15,5.2946,106.72339,73.7894,0.027000000000000003,0.0,0.0024962191479236786,0.004293309055460705,0.012555113810160279,0.0,0.15
2025-11-15,0.15,5.2946,106.72339,73.7894,0.027000000000000003,0.0,0.0,0.004293309055460705,0.012555113810160279,0.0,0.15
2025-11-16,0.15,5.2946,106.72339,73.7894,0.027000000000000003,0.0,0.0,0.0042966207545559534,0.012555113810160279,0.0,0.15
2025-11-17,0.15,5.3102,106.72339,73.7894,0.027000000000000003,0.0,0.002942066093180021,0.004373875841836183,0.012555113810160279,0.0,0.15
2025-11-18,0.15,5.3355,106.72339,73.7894,0.027000000000000003,0.0,0.0047531017465076,0.004387668455008648,0.012555113810160279,0.0,0.15
2025-11-19,0.15,5.334,106.72339,73.7894,0.027000000000000003,0.0,-0.00028117531466002155,0.003946981753499651,0.012555113810160279,0.0,0.15
2025-11-20,0.15,5.334,106.72339,73.7894,0.027000000000000003,0.0,0.0,0.003947678574025677,0.012555113810160279,0.0,0.15
2025-11-21,0.15,5.3896,106.72339,73.7894,0.027000000000000003,0.0,0.010369744904490627,0.004633241149840785,0.012555113810160279,0.0,0.15
2025-11-22,0.15,5.3896,106.72339,73.7894,0.027000000000000003,0.0,0.0,0.004633241149840785,0.012555113810160279,0.0,0.15
2025-11-23,0.15,5.3896,106.72339,73.7894,0.027000000000000003,0.0,0.0,0.004386184469451711,0.012555113810160279,0.0,0.15
2025-11-24,0.15,5.3942,106.72339,73.7894,0.027000000000000003,0.0,0.0008531316009203471,0.004157717191710004,0.012555113810160279,0.0,0.15
2025-11-25,0.15,5.3835,106.72339,73.7894,0.027000000000000003,0.0,-0.0019855819915988275,0.004178515385968774,0.012555113810160279,0.0,0.15
2025-11-26,0.15,5.3688,106.72339,73.7894,0.027000000000000003,0.0,-0.002734300411741999,0.003949261658410418,0.012555113810160279,0.0,0.15
2025-11-27,0.15,5.3484,106.72339,73.7894,0.027000000000000003,0.0,-0.0038069691035191996,0.004020045157177585,0.012555113810160279,0.0,0.15
2025-11-28,0.15,5.3332,106.72339,73.7894,0.027000000000000003,0.0,-0.002846017499207109,0.004067456734577813,0.012555113810160279,0.0,0.15
2025-11-29,0.15,5.3332,106.72339,73.7894,0.027000000000000003,0.0,0.0,0.004067456734577813,0.012555113810160279,0.0,0.15
2025-11-30,0.15,5.3332,106.72339,73.7894,0.027000000000000003,0.0,0.0,0.003717026134617859,0.012555113810160279,0.0,0.15
2025-12-01,0.15,5.3463,106.72339,74.0329,0.027000000000000003,0.0,0.00245329960586008,0.0031319761050973387,0.025313545564189965,0.0,0.15
2025-12-02,0.15,5.3459,106.72339,74.0329,0.027000000000000003,0.0,-7.48208975115076e-05,0.00309001974502897,0.025313545564189965,0.0,0.15
2025-12-03,0.15,5.3108,106.72339,74.0329,0.027000000000000003,0.0,-0.006587428927904764,0.003461873338432962,0.025313545564189965,0.0,0.15
2025-12-04,0.15,5.2946,106.72339,74.0329,0.027000000000000003,0.0,-0.0030550498048150985,0.00349698984722597,0.025313545564189965,0.0,0.15
2025-12-05,0.15,5.3399,106.72339,74.0329,0.027000000000000003,0.0,0.008519492970203537,0.0039822137078601,0.025313545564189965,0.0,0.15
2025-12-06,0.15,5.3399,106.72339,74.0329,0.027000000000000003,0.0,0.0,0.0039822137078601,0.025313545564189965,0.0,0.15
2025-12-07,0.15,5.3399,106.72339,74.0329,0.027000000000000003,0.0,0.0,0.003938477162857889,0.025313545564189965,0.0,0.15
2025-12-08,0.15,5.4243,106.72339,74.0329,0.027000000000000003,0.0,0.015681932638082353,0.00516049792165989,0.025313545564189965,0.0,0.15
2025-12-09,0.15,5.4564,106.72339,74.0329,0.027000000000000003,0.0,0.0059003727937474385,0.005274593410310965,0.025313545564189965,0.0,0.15
2025-12-10,0.15,5.465,106.72339,74.0329,0.027000000000000003,0.0,0.0015748899916736773,0.005268519026696153,0.025313545564189965,0.0,0.15
2025-12-11,0.15,5.4231,106.72339,74.0329,0.027000000000000003,0.0,-0.007696513961720616,0.005163675805703793,0.025313545564189965,0.0,0.15
2025-12-12,0.15,5.4005,106.72339,74.0329,0.027000000000000003,0.0,-0.004176065790389444,0.00526039137413304,0.025313545564189965,0.0,0.15
2025-12-13,0.15,5.4005,106.72339,74.0329,0.027000000000000003,0.0,0.0,0.00526039137413304,0.025313545564189965,0.0,0.15
2025-12-14,0.15,5.4005,106.72339,74.0329,0.027000000000000003,0.0,0.0,0.005257429679284259,0.025313545564189965,0.0,0.15
2025-12-15,0.15,5.3923,106.72339,74.0329,0.027000000000000003,0.0,-0.0015195318319252342,0.005248919445714271,0.025313545564189965,0.0,0.15
2025-12-16,0.15,5.4499,106.72339,74.0329,0.027000000000000003,0.0,0.010625249838494888,0.005702195358262607,0.025313545564189965,0.0,0.15
2025-12-17,0.15,5.5087,106.72339,74.0329,0.027000000000000003,0.0,0.010731400780653438,0.006009160550024291,0.025313545564189965,0.0,0.15
2025-12-18,0.15,5.5277,106.72339,74.0329,0.027000000000000003,0.0,0.003443155154020419,0.005935155428301679,0.025313545564189965,0.0,0.15
2025-12-19,0.15,5.5154,106.72339,74.0329,0.027000000000000003,0.0,-0.0022276362772088733,0.00599117356390265,0.025313545564189965,0.0,0.15
2025-12-20,0.15,5.5154,106.72339,74.0329,0.027000000000000003,0.0,0.0,0.00599117356390265,0.025313545564189965,0.0,0.15
2025-12-21,0.15,5.5154,106.72339,74.0329,0.027000000000000003,0.0,0.0,0.00599960852670516,0.025313545564189965,0.0,0.15
2025-12-22,0.15,5.5383,106.72339,74.0329,0.027000000000000003,0.0,0.004143414922069974,0.006013353593820602,0.025313545564189965,0.0,0.15
2025-12-23,0.15,5.5637,106.72339,74.0329,0.027000000000000003,0.0,0.00457576010049788,0.005707290256030968,0.025313545564189965,0.0,0.15
2025-12-24,0.15,5.5342,106.72339,74.0329,0.027000000000000003,0.0,-0.005316333627232782,0.0058403504418244575,0.025313545564189965,0.0,0.15
2025-12-25,0.15,5.5342,106.72339,74.0329,0.027000000000000003,0.0,0.0,0.005664200824004901,0.025313545564189965,0.0,0.15
2025-12-26,0.15,5.5407,106.72339,74.0329,0.027000000000000003,0.0,0.001173825632076822,0.0056507752513005735,0.025313545564189965,0.0,0.15
2025-12-27,0.15,5.5407,106.72339,74.0329,0.027000000000000003,0.0,0.0,0.0056507752513005735,0.025313545564189965,0.0,0.15
2025-12-28,0.15,5.5407,106.72339,74.0329,0.027000000000000003,0.0,0.0,0.004624664751995539,0.025313545564189965,0.0,0.15
2025-12-29,0.15,5.5733,106.72339,74.0329,0.027000000000000003,0.0,0.005866491541478123,0.0046228048015756916,0.025313545564189965,0.0,0.15
2025-12-30,0.15,5.5018,106.72339,74.0329,0.027000000000000003,0.0,-0.012912026685655838,0.005574813178643578,0.025313545564189965,0.0,0.15
2025-12-31,0.15,5.5018,106.72339,74.0329,0.027000000000000003,0.0,0.0,0.005247199139801087,0.025313545564189965,0.0,0.15
2026-01-01,0.15,5.5018,106.72339,74.0329,0.027000000000000003,0.0,0.0,0.005123735396246288,0.037195071225204046,0.0,0.15
2026-01-02,0.15,5.4366,106.72339,74.0329,0.027000000000000003,0.0,-0.011921445949727601,0.005875775398236272,0.037195071225204046,0.0,0.15
2026-01-03,0.15,5.4366,106.72339,74.0329,0.027000000000000003,0.0,0.0,0.005875775398236272,0.037195071225204046,0.0,0.15
2026-01-04,0.15,5.4366,106.72339,74.0329,0.027000000000000003,0.0,0.0,0.005860362872562644,0.037195071225204046,0.0,0.15
2026-01-05,0.15,5.4345,106.72339,74.0329,0.027000000000000003,0.0,-0.0003863454528283732,0.005344615106873233,0.037195071225204046,0.0,0.15
2026-01-06,0.15,5.3791,106.72339,74.0329,0.027000000000000003,0.0,-0.010246446086669254,0.005153538942240838,0.037195071225204046,0.0,0.15
2026-01-07,0.15,5.3874,106.72339,74.0329,0.027000000000000003,0.0,0.001541819838245564,0.005080586505778675,0.037195071225204046,0.0,0.15
2026-01-08,0.15,5.3854,106.72339,74.0329,0.027000000000000003,0.0,-0.00037130551443981247,0.005079424221953297,0.037195071225204046,0.0,0.15
2026-01-09,0.15,5.3701,106.72339,74.0329,0.027000000000000003,0.0,-0.002845057936925467,0.00508410264618328,0.037195071225204046,0.0,0.15
2026-01-10,0.15,5.3701,106.72339,74.0329,0.027000000000000003,0.0,0.0,0.00508410264618328,0.037195071225204046,0.0,0.15
2026-01-11,0.15,5.3701,106.72339,74.0329,0.027000000000000003,0.0,0.0,0.0049312412723077174,0.037195071225204046,0.0,0.15
2026-01-12,0.15,5.3754,106.72339,74.0329,0.027000000000000003,0.0,0.0009864595281348755,0.0047591864203237666,0.037195071225204046,0.0,0.15
2026-01-13,0.15,5.3758,106.72339,74.0329,0.027000000000000003,0.0,7.44102984196407e-05,0.004697126265243177,0.037195071225204046,0.0,0.15
2026-01-14,0.15,5.3789,106.72339,74.0329,0.027000000000000003,0.0,0.000576492154286933,0.004708261190266554,0.037195071225204046,0.0,0.15
2026-01-15,0.15,5.384,106.72339,74.0329,0.027000000000000003,0.0,0.0009477000402693855,0.004701963941362445,0.037195071225204046,0.0,0.15
2026-01-16,0.15,5.3792,106.72339,74.0329,0.027000000000000003,0.0,-0.0008919281102673699,0.00469186146959283,0.037195071225204046,0.0,0.15
2026-01-17,0.15,5.3792,106.72339,74.0329,0.027000000000000003,0.0,0.0,0.00469186146959283,0.037195071225204046,0.0,0.15
2026-01-18,0.15,5.3792,106.72339,74.0329,0.027000000000000003,0.0,0.0,0.004381584862236864,0.037195071225204046,0.0,0.15
2026-01-19,0.15,5.3647,106.72339,74.0329,0.027000000000000003,0.0,-0.0026992076999189556,0.0035267377602837056,0.037195071225204046,0.0,0.15
2026-01-20,0.15,5.3784,106.72339,74.0329,0.027000000000000003,0.0,0.002550475640449497,0.0036196501236008707,0.037195071225204046,0.0,0.15
2026-01-21,0.15,5.3362,106.72339,74.0329,0.027000000000000003,0.0,-0.007877143002401872,0.0039069006169691525,0.037195071225204046,0.0,0.15
2026-01-22,0.15,5.3112,106.72339,74.0329,0.027000000000000003,0.0,-0.004695990747475382,0.0031574203545078824,0.037195071225204046,0.0,0.15
2026-01-23,0.15,5.2872,106.72339,74.0329,0.027000000000000003,0.0,-0.00452899324870656,0.0032308876444330456,0.037195071225204046,0.0,0.15
2026-01-24,0.15,5.2872,106.72339,74.0329,0.027000000000000003,0.0,0.0,0.0032308876444330456,0.037195071225204046,0.0,0.15
2026-01-25,0.15,5.2872,106.72339,74.0329,0.027000000000000003,0.0,0.0,0.0032383710365150174,0.037195071225204046,0.0,0.15
2026-01-26,0.15,5.2754,106.72339,74.0329,0.027000000000000003,0.0,-0.002234299302991945,0.0024927574382695513,0.037195071225204046,0.0,0.15
2026-01-27,0.15,5.2386,106.72339,74.0329,0.027000000000000003,0.0,-0.007000218808434246,0.0027569249588291237,0.037195071225204046,0.0,0.15
2026-01-28,0.15,5.1832,106.72339,74.0329,0.027000000000000003,0.0,-0.01063166090906936,0.0034282483229129794,0.037195071225204046,0.0,0.15
2026-01-29,0.15,5.1832,106.72339,74.0329,0.027000000000000003,0.0,0.0,0.0034465353598500665,0.037195071225204046,0.0,0.15
