Date,usdbrl,usdbrl_return,usdbrl_vol_20d,usdbrl_zscore,vix,vix_change,vix_pct_change,vix_zscore,vix_high,selic_proxy,selic_change
2014-04-24,2.217900037765503,-0.008574858115549627,0.00797754724151614,-1.4476411391028143,13.319999694824219,0.049999237060546875,0.003767839889658342,-0.9380830647682775,0.0,0.007000000216066837,-0.007999999448657036
2014-04-25,2.2090001106262207,-0.004020844758869021,0.007247323888360207,-1.5223172294329346,14.0600004196167,0.7400007247924805,0.055555611242245284,-0.4721428620416735,0.0,0.007000000216066837,0.0
2014-04-28,2.238800048828125,0.013400055327268403,0.00793691084370052,-1.0565412268808851,13.970000267028809,-0.09000015258789062,-0.006401148641668741,-0.5327374073390571,0.0,0.003000000026077032,-0.004000000189989805
2014-04-29,2.2202999591827393,-0.008297726339297302,0.007983051194622986,-1.2972847835247696,13.710000038146973,-0.26000022888183594,-0.018611325977958226,-0.7211898303372528,0.0,0.014999999664723873,0.011999999638646841
2014-04-30,2.2332000732421875,0.0057932637453111625,0.008073295588025131,-1.0707594344141365,13.40999984741211,-0.3000001907348633,-0.02188185192561176,-1.0463321638404113,0.0,0.019999999552965164,0.004999999888241291
2014-05-01,2.2279999256134033,-0.0023312785731599587,0.008038475756283964,-1.113963414470577,13.25,-0.15999984741210938,-0.011931383238828808,-1.1947088192417974,0.0,0.017999999225139618,-0.0020000003278255463
2014-05-02,2.2307000160217285,0.001211156065101143,0.007935447031380329,-1.0382189512340938,12.90999984741211,-0.3400001525878906,-0.025660388874557793,-1.4784717515678585,0.0,0.014999999664723873,-0.0029999995604157448
2014-05-05,2.2149999141693115,-0.00706307999562445,0.006701269473551084,-1.2356536227576442,13.289999961853027,0.38000011444091797,0.029434556075311757,-1.0639352377932947,0.0,0.014999999664723873,0.0
2014-05-06,2.242300033569336,0.012249775020934812,0.007044245249285992,-0.7926456044634816,13.800000190734863,0.5100002288818359,0.03837473516521572,-0.5450491215321279,0.0,0.019999999552965164,0.004999999888241291
2014-05-07,2.2269999980926514,-0.006846752349521506,0.00703678315580479,-1.0017606454976287,13.399999618530273,-0.40000057220458984,-0.028985548309857667,-0.919258427538217,0.0,0.019999999552965164,0.0
2014-05-08,2.2139999866485596,-0.005854559162780854,0.006911076288309521,-1.1815690990366585,13.430000305175781,0.030000686645507812,0.0022388572760869696,-0.8726611888188803,0.0,0.02199999988079071,0.0020000003278255463
2014-05-09,2.2130000591278076,-0.00045174046867724595,0.00653603846665676,-1.1650730659956323,12.920000076293945,-0.5100002288818359,-0.037974699723967054,-1.344842109227933,0.0,0.02199999988079071,0.0
2014-05-12,2.2074999809265137,-0.0024884429316399744,0.006479942192924873,-1.2202096061038932,12.229999542236328,-0.6900005340576172,-0.053405613775781124,-1.932826923232356,0.0,0.019999999552965164,-0.0020000003278255463
2014-05-13,2.20989990234375,0.0010865765911061988,0.006484075502213,-1.1479080069324117,12.130000114440918,-0.09999942779541016,-0.008176568400518947,-1.936331665212513,0.0,0.019999999552965164,0.0
2014-05-14,2.2116000652313232,0.0007690435299490714,0.006081727910279676,-1.090802077987826,12.170000076293945,0.039999961853027344,0.0032976060573493005,-1.816148543357591,0.0,0.019999999552965164,0.0
2014-05-15,2.199700117111206,-0.005395224307556868,0.006145099594759566,-1.2655583508506596,13.170000076293945,1.0,0.0821692681783881,-0.8960405005112813,0.0,0.017999999225139618,-0.0020000003278255463
2014-05-16,2.21560001373291,0.007202212705926683,0.006335978974219164,-0.9595736649914187,12.4399995803833,-0.7300004959106445,-0.055429042648575844,-1.484513771907516,0.0,0.014999999664723873,-0.0029999995604157448
2014-05-19,2.2102999687194824,-0.002395014603992074,0.0063529482751041024,-1.02024330547377,12.420000076293945,-0.01999950408935547,-0.0016076772318298627,-1.448780042558357,0.0,0.017999999225139618,0.0029999995604157448
2014-05-20,2.202899932861328,-0.003353595104966511,0.00638591543178297,-1.1155094798222795,12.960000038146973,0.5399999618530273,0.04347825753107082,-0.9694814971678437,0.0,0.02500000037252903,0.007000001147389412
2014-05-21,2.2128000259399414,0.00448404998490084,0.0064072061773281465,-0.9077484223538391,11.90999984741211,-1.0500001907348633,-0.0810185329972416,-1.7780356560256534,0.0,0.02500000037252903,0.0
2014-05-22,2.2051000595092773,-0.003485807319539056,0.006168069818024947,-1.015727733506128,12.029999732971191,0.11999988555908203,0.010075557270905922,-1.6135835261334754,0.0,0.02800000086426735,0.0030000004917383194
2014-05-23,2.2107999324798584,0.0025815241044302843,0.006134439182289779,-0.8813293749440888,11.359999656677246,-0.6700000762939453,-0.05569410566632382,-2.042096568955208,0.0,0.02800000086426735,0.0
2014-05-26,2.2190001010894775,0.0037022790708516364,0.005356886387497814,-0.7044172817456839,11.359999656677246,0.0,0.0,-1.9574385508714036,0.0,0.02800000086426735,0.0
2014-05-27,2.221100091934204,0.0009459205468423721,0.005032578614019956,-0.6396844878213763,11.510000228881836,0.15000057220458984,0.0132042761212956,-1.7602185816208151,0.0,0.02800000086426735,0.0
2014-05-28,2.232800006866455,0.0052537962616222315,0.005001344340663268,-0.39336391421747396,11.680000305175781,0.1700000762939453,0.01476977175616101,-1.5708761624514758,0.0,0.02800000086426735,0.0
2014-05-29,2.22760009765625,-0.002331589742644796,0.005001351945784019,-0.47017089731674405,11.569999694824219,-0.1100006103515625,-0.00941786022923452,-1.584872274365883,0.0,0.029999999329447746,0.001999998465180397
2014-05-30,2.223599910736084,-0.0017973526192936141,0.005007961720503122,-0.5237194840087551,11.399999618530273,-0.1700000762939453,-0.014693178978214982,-1.6360797361140815,0.0,0.029999999329447746,0.0
2014-06-02,2.236799955368042,0.005918789150564166,0.004906338788747966,-0.23600503061230413,11.579999923706055,0.18000030517578125,0.01578950098236831,-1.453525590338024,0.0,0.02500000037252903,-0.004999998956918716
2014-06-03,2.2737998962402344,0.016406141976242156,0.005484624842825926,0.5536456306862917,11.869999885559082,0.28999996185302734,0.025043174763702103,-1.2108667467076577,0.0,0.029999999329447746,0.004999998956918716
2014-06-04,2.276599884033203,0.00123065589027675,0.00518929648885188,0.6709358107564527,12.079999923706055,0.21000003814697266,0.01769166303046532,-1.0334550245231595,0.0,0.029999999329447746,0.0
2014-06-05,2.275399923324585,-0.0005272235444623693,0.0049444033417280235,0.7034453226094551,11.680000305175781,-0.39999961853027344,-0.033112551411966895,-1.2709859821841545,0.0,0.029999999329447746,0.0
2014-06-06,2.2562999725341797,-0.008429536080541266,0.005399753263773678,0.3270980341010287,10.729999542236328,-0.9500007629394531,-0.08133567963337107,-1.9341945017496387,0.0,0.02800000086426735,-0.001999998465180397
2014-06-09,2.242799997329712,-0.0060012072686071866,0.005572494908672099,0.039689283378764414,11.149999618530273,0.4200000762939453,0.03914259964697164,-1.5784113509770266,0.0,0.029999999329447746,0.001999998465180397
2014-06-10,2.2262001037597656,-0.007428941391323052,0.005866468055891545,-0.35769145068277863,10.989999771118164,-0.15999984741210938,-0.014349762590682436,-1.6238527086569832,0.0,0.03500000014901161,0.005000000819563866
2014-06-11,2.219099998474121,-0.003194435093269676,0.005918898191665697,-0.5292430565303383,11.600000381469727,0.6100006103515625,0.05550506124255339,-1.1527219982099715,0.0,0.032999999821186066,-0.0020000003278255463
2014-06-12,2.2304000854492188,0.00507927230304735,0.005863771407998868,-0.16167649018755748,12.5600004196167,0.9600000381469727,0.08275862125664335,-0.44757291416223766,0.0,0.032999999821186066,0.0
2014-06-13,2.2269999980926514,-0.0015255924764652643,0.005675598775266245,-0.2344545201157979,12.180000305175781,-0.38000011444091797,-0.030254785170820475,-0.693717254819243,0.0,0.029999999329447746,-0.0030000004917383194
2014-06-16,2.219599962234497,-0.0033284049637096204,0.005702324825585639,-0.4634033985490549,12.649999618530273,0.4699993133544922,0.03858779159100423,-0.32903447201725294,0.0,0.02500000037252903,-0.004999998956918716
2014-06-17,2.22979998588562,0.0045849065663926105,0.00571749054353685,-0.03863569310405676,12.0600004196167,-0.5899991989135742,-0.046640254285013394,-0.7392077831485717,0.0,0.032999999821186066,0.007999999448657036
2014-06-18,2.2588000297546387,0.01292182296786025,0.0063002511896398305,1.2617947291563565,10.609999656677246,-1.4500007629394531,-0.12023223154958551,-1.7362628516260035,0.0,0.017999999225139618,-0.015000000596046448
2014-06-19,2.2197000980377197,-0.017461616204727717,0.007490050995967188,-0.42104792977568156,10.619999885559082,0.010000228881835938,0.0009425286715765147,-1.6602512341063091,0.0,0.009999999776482582,-0.007999999448657036
2014-06-20,2.2195000648498535,-9.012127440158683e-05,0.007471582866034386,-0.4070648414003958,10.850000381469727,0.23000049591064453,0.021657297400105913,-1.4399474477408962,0.0,0.009999999776482582,0.0
2014-06-23,2.226799964904785,0.003283587056656427,0.007461822877391516,-0.03850903508948513,10.979999542236328,0.12999916076660156,0.011981489050324923,-1.299215749611177,0.0,0.004999999888241291,-0.004999999888241291
2014-06-24,2.2130000591278076,-0.006216473779528207,0.007593609470079355,-0.678969495999624,12.130000114440918,1.1500005722045898,0.10473593990427132,-0.473913499916967,0.0,0.02199999988079071,0.01699999999254942
2014-06-25,2.22160005569458,0.0038785942927260205,0.00754787986022099,-0.22592747035695715,11.59000015258789,-0.5399999618530273,-0.044517721084779804,-0.8327448228944468,0.0,0.019999999552965164,-0.0020000003278255463
2014-06-26,2.2047998905181885,-0.007590929898950901,0.007713956637947441,-1.0542013396149614,11.630000114440918,0.039999961853027344,0.003451247741709018,-0.781343177814259,0.0,0.02500000037252903,0.005000000819563866
2014-06-27,2.1939001083374023,-0.004955920837010706,0.007773706374544305,-1.6180583968475641,11.260000228881836,-0.36999988555908203,-0.03181426327757764,-1.006031318177673,0.0,0.017999999225139618,-0.007000001147389412
2014-06-30,2.191800117492676,-0.0009576536913536508,0.007617341597943467,-1.6583122715849679,11.569999694824219,0.3099994659423828,0.027531035492098566,-0.7664316190024807,0.0,0.019999999552965164,0.0020000003278255463
2014-07-01,2.211699962615967,0.009038256036970975,0.006872119291877232,-0.5982437625710806,11.149999618530273,-0.4200000762939453,-0.03630078542541626,-1.0379045922138705,0.0,0.02500000037252903,0.005000000819563866
2014-07-02,2.1981000900268555,-0.006168041881128989,0.006922883231614262,-1.3177971387104581,10.819999694824219,-0.3299999237060547,-0.02959640672611552,-1.2344845695230222,0.0,0.007000000216066837,-0.018000000156462193
2014-07-03,2.2223000526428223,0.010949327485167018,0.007482945541154749,-0.0745727723658668,10.319999694824219,-0.5,-0.0462107221906094,-1.579563985352892,0.0,0.003000000026077032,-0.004000000189989805
2014-07-04,2.2067999839782715,-0.006999224137751292,0.0074165610803309055,-0.9381999422704862,10.319999694824219,0.0,0.0,-1.6376744270162054,0.0,0.003000000026077032,0.0
2014-07-07,2.2098000049591064,0.0013585207851049687,0.007343278100059114,-0.7658746653901615,11.329999923706055,1.010000228881836,0.09786824212682688,-0.8111122184311368,0.0,0.007000000216066837,0.004000000189989805
2014-07-08,2.2225000858306885,0.005730711083823972,0.007301948662178376,-0.07206110849167116,11.979999542236328,0.6499996185302734,0.05736978136868842,-0.1927331862166878,0.0,0.02500000037252903,0.018000000156462193
2014-07-09,2.209399938583374,-0.0059117693667424705,0.007387664083495759,-0.7756621513080302,11.649999618530273,-0.3299999237060547,-0.02754590453385386,-0.48736562436884495,0.0,0.014999999664723873,-0.010000000707805157
2014-07-10,2.20740008354187,-0.000905567455239753,0.0072822146461670005,-0.8575980394628326,12.59000015258789,0.9400005340576172,0.0806867437628469,0.4727556355835603,0.0,0.014999999664723873,0.0
2014-07-11,2.218600034713745,0.005060991766189449,0.007382507014384757,-0.22831780635623333,12.079999923706055,-0.5100002288818359,-0.040508357641044546,-0.022774122019160986,0.0,0.014999999664723873,0.0
2014-07-14,2.2174999713897705,-0.000495959669534097,0.007346190305994088,-0.27943167377942685,11.819999694824219,-0.26000022888183594,-0.02152319789105339,-0.26848528899304597,0.0,0.014999999664723873,0.0
2014-07-15,2.2072999477386475,-0.004610396811145571,0.007328746743474239,-0.821335420456626,11.960000038146973,0.1400003433227539,0.011844360993009007,-0.10285867320708672,0.0,0.019999999552965164,0.004999999888241291
2014-07-16,2.2158000469207764,0.0038435077915502124,0.006708090941133708,-0.33469679633730964,11.0,-0.9600000381469727,-0.08026756146195724,-1.0768038504708122,0.0,0.017999999225139618,-0.0020000003278255463
2014-07-17,2.2207000255584717,0.0022089397272909784,0.005493552168594235,-0.06578140483212215,14.539999961853027,3.5399999618530273,0.32181817835027515,2.530411305979922,0.0,0.007000000216066837,-0.01099999900907278
2014-07-18,2.2553999423980713,0.015504842269214808,0.006492638337574007,1.7728858353094563,12.0600004196167,-2.479999542236328,-0.17056393044998797,0.0556947914904202,0.0,0.009999999776482582,0.0029999995604157448
2014-07-21,2.2223000526428223,-0.014784595982761075,0.007331988625753044,-0.00463102846003083,12.8100004196167,0.75,0.0621890525625568,0.8915136500058021,0.0,0.013000000268220901,0.0030000004917383194
2014-07-22,2.2181999683380127,-0.0018466773789521905,0.007204157947452116,-0.22614663968220117,12.239999771118164,-0.5700006484985352,-0.044496536286264265,0.30931266360238796,0.0,0.019999999552965164,0.006999999284744263
2014-07-23,2.2083001136779785,-0.004473001686545342,0.007216701450912988,-0.7417081973946483,11.520000457763672,-0.7199993133544922,-0.05882347441324487,-0.469791951973639,0.0,0.019999999552965164,0.0
2014-07-24,2.21589994430542,0.003435576150725418,0.007049664470345407,-0.31734631270478386,11.84000015258789,0.31999969482421875,0.027777750183035854,-0.0793503833865709,0.0,0.019999999552965164,0.0
2014-07-25,2.2153000831604004,-0.0002707443333479159,0.006944590431399828,-0.3363793995426822,12.6899995803833,0.8499994277954102,0.0717904912872509,0.9185318368314468,0.0,0.019999999552965164,0.0
2014-07-28,2.222100019454956,0.0030648314148212946,0.006958833152190392,0.027532168147419617,12.5600004196167,-0.12999916076660156,-0.010244221045330848,0.794667363620605,0.0,0.02500000037252903,0.005000000819563866
2014-07-29,2.2193000316619873,-0.0012608583472267718,0.006683908868008014,-0.10537371386187924,13.279999732971191,0.7199993133544922,0.05732478417994069,1.6973137485078986,0.0,0.02800000086426735,0.0030000004917383194
2014-07-30,2.2269999980926514,0.003463542305563935,0.006548712616258951,0.31906321741594507,13.329999923706055,0.05000019073486328,0.0037650746792354806,1.7640984845527783,0.0,0.02800000086426735,0.0
2014-07-31,2.2437000274658203,0.0074709137061363265,0.006302432343042961,1.198839120514241,16.950000762939453,3.6200008392333984,0.27156795648555065,4.8548730792694075,0.0,0.017999999225139618,-0.010000001639127731
2014-08-01,2.2602999210357666,0.007371211777214917,0.006223641443783182,1.9928075843218223,17.030000686645508,0.07999992370605469,0.004719759298239756,4.123431782787477,0.0,0.017999999225139618,0.0
2014-08-04,2.2523000240325928,-0.0035455859066758806,0.00631293966490949,1.5095189426883209,15.119999885559082,-1.9100008010864258,-0.11215506306962153,2.3888746726799464,0.0,0.014999999664723873,-0.0029999995604157448
2014-08-05,2.253999948501587,0.0007544657745781324,0.00621196069693654,1.5340494592316396,16.8700008392334,1.7500009536743164,0.11574080469046288,3.3227020064624573,0.0,0.02500000037252903,0.010000000707805157
2014-08-06,2.2762999534606934,0.00984490455603197,0.006326904673141625,2.483825006106477,16.3700008392334,-0.5,-0.029638409906725394,2.728609293192772,0.0,0.019999999552965164,-0.005000000819563866
2014-08-07,2.270699977874756,-0.0024631530687550325,0.006367420488564628,2.0990924812103664,16.65999984741211,0.28999900817871094,0.017715271430144286,2.702452592744939,0.0,0.019999999552965164,0.0
2014-08-08,2.294100046157837,0.010252485599093955,0.006624560720076966,2.910049037175973,15.770000457763672,-0.8899993896484375,-0.05342133240095359,2.043514795936599,0.0,0.019999999552965164,0.0
2014-08-11,2.2790000438690186,-0.0066038603436021385,0.006866204778249685,2.1229941172848976,14.229999542236328,-1.5400009155273438,-0.09765382820703672,1.1016600282124325,0.0,0.02500000037252903,0.005000000819563866
2014-08-12,2.27239990234375,-0.0029002707868917735,0.0067981495093601884,1.7648367504518523,14.130000114440918,-0.09999942779541016,-0.007027366901776744,1.0233819934366366,0.0,0.02500000037252903,0.0
2014-08-13,2.274899959564209,0.0010995788922114925,0.006775022222448468,1.7826027413313188,12.899999618530273,-1.2300004959106445,-0.08704886666303557,0.2984694257452571,0.0,0.029999999329447746,0.004999998956918716
2014-08-14,2.2785000801086426,0.0015812892621927177,0.006772122017020977,1.8405633391279328,12.420000076293945,-0.4799995422363281,-0.03720926794035173,0.015607618289727943,0.0,0.02800000086426735,-0.001999998465180397
2014-08-15,2.2639000415802,-0.006428358759552732,0.006089674695779177,1.2179514347626295,13.149999618530273,0.7299995422363281,0.05877613025378947,0.4235244305928644,0.0,0.02199999988079071,-0.006000000983476639
2014-08-18,2.2455999851226807,-0.008116268680308942,0.005366349389654343,0.4796312951015749,12.319999694824219,-0.8299999237060547,-0.06311786675160536,-0.06955276100294965,0.0,0.02199999988079071,0.0
2014-08-19,2.255199909210205,0.00426588111934761,0.005398344554482085,0.832463790451662,12.210000038146973,-0.1099996566772461,-0.008928543782631637,-0.14099835185920437,0.0,0.02500000037252903,0.0030000004917383194
2014-08-20,2.243499994277954,-0.0052014766763842256,0.005438297536753116,0.36551204948300986,11.779999732971191,-0.43000030517578125,-0.035217060100930175,-0.3940627094834402,0.0,0.02500000037252903,0.0
2014-08-21,2.2572999000549316,0.006132220647614484,0.005539805109215988,0.8820284472554346,11.760000228881836,-0.01999950408935547,-0.0016977508100767258,-0.4079969218337388,0.0,0.014999999664723873,-0.010000000707805157
2014-08-22,2.2667999267578125,0.004199748471481557,0.005579046679104942,1.2107484134519728,11.470000267028809,-0.28999996185302734,-0.024659860221839525,-0.5790437408218754,0.0,0.014999999664723873,0.0
2014-08-25,2.272900104522705,0.002687482165973283,0.005572861495321214,1.3985988427838554,11.699999809265137,0.22999954223632812,0.020052269998412697,-0.4454931621489522,0.0,0.014999999664723873,0.0
2014-08-26,2.282900094985962,0.004390011012545698,0.00558848238725545,1.755505211586174,11.630000114440918,-0.06999969482421875,-0.005982879997039503,-0.4837692654943995,0.0,0.02500000037252903,0.010000000707805157
2014-08-27,2.2585999965667725,-0.01070145539365235,0.006181070845996515,0.8661041172483656,11.779999732971191,0.14999961853027344,0.012897645490477672,-0.3924843096926757,0.0,0.02500000037252903,0.0
2014-08-28,2.2435998916625977,-0.006663480422627469,0.006174738396305827,0.321238106247062,12.050000190734863,0.2700004577636719,0.022920243114094907,-0.2381559935911722,0.0,0.02199999988079071,-0.0030000004917383194
2014-08-29,2.2372000217437744,-0.00285657668024956,0.005951424986483892,0.0857282260982375,12.09000015258789,0.039999961853027344,0.0033194988564217986,-0.22992190108861515,0.0,0.017999999225139618,-0.0040000006556510925
2014-09-01,2.231600046157837,-0.002506256011509656,0.0059280488522832015,-0.1256164942991192,12.09000015258789,0.0,0.0,-0.24035855466746478,0.0,0.017999999225139618,0.0
2014-09-02,2.2430999279022217,0.005139967876838737,0.006055146109345632,0.3125213372959445,12.25,0.15999984741210938,0.013234064962179604,-0.15875947742088733,0.0,0.019999999552965164,0.0020000003278255463
2014-09-03,2.239799976348877,-0.0014722399428399042,0.005572424899506936,0.17069153067310047,12.359999656677246,0.1099996566772461,0.008979563810387337,-0.10073686922358183,0.0,0.019999999552965164,0.0
2014-09-04,2.2339999675750732,-0.0025928794742585844,0.0055745277174463195,-0.05891970113964612,12.640000343322754,0.2800006866455078,0.02265377786594369,0.06652207784890982,0.0,0.019999999552965164,0.0
2014-09-05,2.239300012588501,0.002369636517554344,0.004999904744021043,0.1408745550439439,12.09000015258789,-0.5500001907348633,-0.04351267213575738,-0.26262955171845104,0.0,0.019999999552965164,0.0
2014-09-08,2.237799882888794,-0.000670134591976543,0.004836297553221211,0.07037773136260125,12.65999984741211,0.5699996948242188,0.04714637614807704,0.07930823147001302,0.0,0.019999999552965164,0.0
2014-09-09,2.265000104904175,0.012081617192009947,0.005610465271903397,1.1065066769541188,13.5,0.8400001525878906,0.06635072375293904,0.5677626883586613,0.0,0.014999999664723873,-0.004999999888241291
2014-09-10,2.2832000255584717,0.00800317368427461,0.005897276650751173,1.7622831036318964,12.880000114440918,-0.619999885559082,-0.04592591744882091,0.17586676622989306,0.0,0.014999999664723873,0.0
2014-09-11,2.2852001190185547,0.0008756210159255212,0.005890571866953009,1.7551840024248817,12.800000190734863,-0.07999992370605469,-0.006211174145593357,0.10670583965039185,0.0,0.009999999776482582,-0.004999999888241291
2014-09-12,2.2948999404907227,0.004235643696825186,0.005744917825316585,2.005106645707912,13.3100004196167,0.5100002288818359,0.039843767287675025,0.39787099514026325,0.0,0.009999999776482582,0.0
2014-09-15,2.271899938583374,-0.010072784874736595,0.005916676804367862,1.136882301468938,14.119999885559082,0.8099994659423828,0.06085645682990215,0.8692335306440981,0.0,0.009999999776482582,0.0
2014-09-16,2.3394999504089355,0.029320751354248102,0.008724081698549989,3.185678564974654,12.729999542236328,-1.390000343322754,-0.09844195145811196,0.00041390485888718174,0.0,0.014999999664723873,0.004999999888241291
2014-09-17,2.333699941635132,-0.002482244237725925,0.008629324832539363,2.7477807620108696,12.649999618530273,-0.07999992370605469,-0.006284361868248767,-0.060526607174423534,0.0,0.013000000268220901,-0.0019999993965029716
2014-09-18,2.355299949645996,0.00921312062204713,0.008734379506343724,3.0861288154853086,12.029999732971191,-0.619999885559082,-0.04901185013878406,-0.4526569745073629,0.0,0.009999999776482582,-0.0030000004917383194
2014-09-19,2.3631999492645264,0.00334852481484341,0.008725806902017944,3.023733661427198,12.109999656677246,0.07999992370605469,0.0066500353683962565,-0.413995977882155,0.0,0.007000000216066837,-0.0029999995604157448
2014-09-22,2.365000009536743,0.0007614146503392258,0.008729404966069677,2.8372332405208023,13.6899995803833,1.5799999237060547,0.13047068278279172,0.5593518028335738,0.0,0.003000000026077032,-0.004000000189989805
2014-09-23,2.395699977874756,0.012897428521062146,0.00905395432281212,3.2289415111239808,14.930000305175781,1.2400007247924805,0.09057711926955103,1.2949615926531708,0.0,0.007000000216066837,0.004000000189989805
2014-09-24,2.4096999168395996,0.005826769418224586,0.008533417121164556,3.197560865216346,13.270000457763672,-1.6599998474121094,-0.11118551999202819,0.23096619005344698,0.0,0.007000000216066837,0.0
2014-09-25,2.3794000148773193,-0.012653862602793182,0.008992046025287938,2.3861870259307927,15.640000343322754,2.369999885559082,0.17859832734010972,1.6807515335126342,0.0,0.004999999888241291,-0.0020000003278255463
2014-09-26,2.4251999855041504,0.01906562792542233,0.009566279553786356,3.0081560309924096,14.850000381469727,-0.7899999618530273,-0.05051150540353444,1.1466976280685042,0.0,0.004999999888241291,0.0
2014-09-29,2.419800043106079,-0.002229079299119771,0.009556500987129325,2.6838355901107684,15.979999542236328,1.1299991607666016,0.07609421762551927,1.7934389825855483,0.0,0.004999999888241291,0.0
2014-09-30,2.44350004196167,0.009746544961703072,0.009639351111600108,2.8370311785329685,16.309999465942383,0.3299999237060547,0.020650809334120446,1.9036700586555804,0.0,0.013000000268220901,0.00800000037997961
2014-10-01,2.4358999729156494,-0.0031151679177525917,0.009697762892440717,2.522773834064537,16.709999084472656,0.39999961853027344,0.024524808806127174,2.038207425341415,0.0,0.013000000268220901,0.0
2014-10-02,2.4816999435424805,0.018627499478474526,0.010069570985085425,2.955201311410153,16.15999984741211,-0.5499992370605469,-0.032914378647190934,1.6368405127581005,0.0,0.009999999776482582,-0.0030000004917383194
2014-10-03,2.4921000003814697,0.004181942222503065,0.01005035156470249,2.841946546673281,14.550000190734863,-1.609999656677246,-0.09962869256679319,0.6706571089305658,0.0,0.009999999776482582,0.0
2014-10-06,2.454900026321411,-0.015039690742772394,0.010974374469475537,2.1962833102150254,15.460000038146973,0.9099998474121094,0.06254294401944938,1.1634803598733625,0.0,0.009999999776482582,0.0
2014-10-07,2.425299882888794,-0.012130858150570177,0.011434875696704606,1.7276711361598895,17.200000762939453,1.7400007247924805,0.11254855889386106,2.0623363679792517,0.0,0.009999999776482582,0.0
2014-10-08,2.393199920654297,-0.013323830411636215,0.011966923113326304,1.2638969675531326,15.109999656677246,-2.090001106262207,-0.12151168683465974,0.8516287138360472,0.0,0.004999999888241291,-0.004999999888241291
2014-10-09,2.374000072479248,-0.008055022661182416,0.012189487001454532,0.9815181530113769,18.760000228881836,3.65000057220459,0.24156192290789513,2.716547961924579,0.0,0.004999999888241291,0.0
2014-10-10,2.39490008354187,0.008765184503055797,0.012276812491356402,1.2101986050315687,21.239999771118164,2.479999542236328,0.1321961360329975,3.5347491324373266,1.0,0.004999999888241291,0.0
2014-10-13,2.385999917984009,-0.0037232219190846496,0.012024067065318354,1.0598334994781855,24.639999389648438,3.3999996185302734,0.16007531333185532,4.224293425234091,1.0,0.004999999888241291,0.0
2014-10-14,2.390500068664551,0.0018842885060690526,0.010228019785272623,1.0809757533309952,22.790000915527344,-1.8499984741210938,-0.07508110876408136,3.129079371124385,1.0,0.004999999888241291,0.0
2014-10-15,2.3961000442504883,0.002339856269080319,0.010196457349252877,1.1159708540510214,25.270000457763672,2.479999542236328,0.10881963328692312,3.5304241760195434,1.0,0.009999999776482582,0.004999999888241291
2014-10-16,2.452399969100952,0.023224690229852542,0.011199395103099275,1.7633874363338715,25.200000762939453,-0.06999969482421875,-0.002770070975709582,3.1476290833755676,1.0,0.019999999552965164,0.009999999776482582
2014-10-17,2.46589994430542,0.005489705526726851,0.01122297318326396,1.8500706729590963,21.989999771118164,-3.210000991821289,-0.1273809878824329,2.0675572438851426,1.0,0.02199999988079071,0.0020000003278255463
2014-10-20,2.4307000637054443,-0.014377521911846934,0.011814849700248955,1.3625125148265422,18.56999969482422,-3.4200000762939453,-0.1555252438331446,1.0455973566794377,0.0,0.019999999552965164,-0.0020000003278255463
2014-10-21,2.4621999263763428,0.012875921408040517,0.011813746217456953,1.6845728835391787,16.079999923706055,-2.489999771118164,-0.13408722735801504,0.31813564854214516,0.0,0.017999999225139618,-0.0020000003278255463
2014-10-22,2.4779999256134033,0.006396523858343736,0.011825742357697486,1.7982045098456025,17.8700008392334,1.7900009155273438,0.11131846542414614,0.8074961632362405,0.0,0.014999999664723873,-0.0029999995604157448
2014-10-23,2.484299898147583,0.002539135539043181,0.011354195515223,1.7912453164883135,16.530000686645508,-1.3400001525878906,-0.07498601508993408,0.42648899764390263,0.0,0.014999999664723873,0.0
2014-10-24,2.495699882507324,0.004578315170579848,0.010659584219689919,1.8363206941372023,16.110000610351562,-0.4200000762939453,-0.025408352017387448,0.3111941364722951,0.0,0.004999999888241291,-0.009999999776482582
2014-10-27,2.468899965286255,-0.010796510642996155,0.010981764648178035,1.468534330554817,16.040000915527344,-0.06999969482421875,-0.004345108142282728,0.28650323324034954,0.0,0.004999999888241291,0.0
2014-10-28,2.5195999145507812,0.020327431597060092,0.011659062126478895,1.9490007605951125,14.390000343322754,-1.6500005722045898,-0.10286786022607552,-0.1752157879132364,0.0,0.014999999664723873,0.009999999776482582
2014-10-29,2.458199977874756,-0.024670759053677185,0.01302741825292303,1.2193756271746774,15.149999618530273,0.7599992752075195,0.05281440285442196,0.049113502058190595,0.0,0.014999999664723873,0.0
2014-10-30,2.4577999114990234,-0.00016276093800581407,0.012305479465807435,1.1737634861684214,14.520000457763672,-0.6299991607666016,-0.04158410406796553,-0.12215143613641836,0.0,0.003000000026077032,-0.011999999638646841
2014-10-31,2.401599884033203,-0.023131471250397797,0.013240518315959892,0.5348918431901435,14.029999732971191,-0.49000072479248047,-0.033746605326756884,-0.25504890512225586,0.0,0.003000000026077032,0.0
2014-11-03,2.4135000705718994,0.0049428717491384125,0.012943412084311486,0.6429166393423903,14.729999542236328,0.6999998092651367,0.04989307359857631,-0.055659121957569904,0.0,0.003000000026077032,0.0
2014-11-04,2.492300033569336,0.032127987022559874,0.014591795750438358,1.4573644023945234,14.890000343322754,0.16000080108642578,0.010862240737187001,-0.013175573544954241,0.0,0.02199999988079071,0.01899999985471368
2014-11-05,2.4939000606536865,0.0006417821623817733,0.014180356396137947,1.4201836711478204,14.170000076293945,-0.7200002670288086,-0.04835461722146195,-0.2275919293175414,0.0,0.019999999552965164,-0.0020000003278255463
2014-11-06,2.501300096511841,0.0029628607618454603,0.01397927287510477,1.4439810879981085,13.670000076293945,-0.5,-0.035285814912343394,-0.37953866348978244,0.0,0.017999999225139618,-0.0020000003278255463
2014-11-07,2.5666000843048096,0.025771463369428302,0.014862579997000802,2.03430607802847,13.119999885559082,-0.5500001907348633,-0.04023410297478014,-0.538983696758722,0.0,0.017999999225139618,0.0
2014-11-10,2.5488998889923096,-0.006920248672909678,0.014960794749971616,1.774182447528007,12.670000076293945,-0.4499998092651367,-0.03429876624926209,-0.672109851677071,0.0,0.014999999664723873,-0.0029999995604157448
2014-11-11,2.5494000911712646,0.00019622312633862991,0.014973970887065315,1.707939741425674,12.920000076293945,0.25,0.019731649447087163,-0.6043939770827358,0.0,0.014999999664723873,0.0
2014-11-12,2.5543999671936035,0.0019592764468072932,0.014975387023360164,1.6923644306816705,13.020000457763672,0.10000038146972656,0.007739967560310701,-0.5840038741901123,0.0,0.013000000268220901,-0.0019999993965029716
2014-11-13,2.5631000995635986,0.0034001526676624722,0.014216990599530346,1.7098243545296,13.789999961853027,0.7699995040893555,0.059139744778596626,-0.37103368889280514,0.0,0.004999999888241291,-0.00800000037997961
2014-11-14,2.585900068283081,0.008856134004643497,0.014277693872794128,1.8525628510122034,13.3100004196167,-0.4799995422363281,-0.034807798663099354,-0.5253072299712248,0.0,0.003000000026077032,-0.001999999862164259
2014-11-17,2.5968000888824463,0.004206315758223534,0.013723981790021962,1.8720920649303037,13.989999771118164,0.6799993515014648,0.05108935612798793,-0.3374320610741088,0.0,0.009999999776482582,0.00699999975040555
2014-11-18,2.6047000885009766,0.0030375873972972424,0.013537930754290921,1.8604357470032282,13.859999656677246,-0.13000011444091797,-0.009292360011992185,-0.3906029814588554,0.0,0.014999999664723873,0.004999999888241291
2014-11-19,2.5790998935699463,-0.009877079803152819,0.013797777368177203,1.5617718534229856,13.960000038146973,0.10000038146972656,0.007215034916797425,-0.3743126335874713,0.0,0.014999999664723873,0.0
2014-11-20,2.5689001083374023,-0.003962625709216152,0.013860841844572503,1.4214483296793614,13.579999923706055,-0.38000011444091797,-0.02722063849588341,-0.5004191969580305,0.0,0.014999999664723873,0.0
2014-11-21,2.569700002670288,0.000311327724308726,0.013846622673312851,1.3891680122183734,12.899999618530273,-0.6800003051757812,-0.05007366045626649,-0.7149024472076029,0.0,0.003000000026077032,-0.011999999638646841
2014-11-24,2.51200008392334,-0.022709879600184172,0.014635462725858661,0.8136340713114182,12.619999885559082,-0.2799997329711914,-0.021705406298538565,-0.8054613813225098,0.0,0.004999999888241291,0.001999999862164259
2014-11-25,2.5425000190734863,0.012068574427516299,0.014166430773892307,1.0833043412941912,12.25,-0.36999988555908203,-0.029318533194478746,-0.9192314140324402,0.0,0.017999999225139618,0.012999999336898327
2014-11-26,2.527100086212158,-0.006075422088553511,0.012992341809526034,0.9055754647125664,12.069999694824219,-0.18000030517578125,-0.014693902463329134,-0.9717291391284218,0.0,0.009999999776482582,-0.007999999448657036
2014-11-27,2.4979000091552734,-0.011622051812236661,0.01331278529593107,0.5828263638170371,12.069999694824219,0.0,0.0,-0.9662850162536849,0.0,0.009999999776482582,0.0
2014-11-28,2.5271999835968018,0.01166158147342671,0.012250598665763555,0.872790310760799,13.329999923706055,1.260000228881836,0.10439107379780155,-0.5896761122788744,0.0,0.004999999888241291,-0.004999999888241291
2014-12-01,2.5315001010894775,0.0017000883453882523,0.012238699201449127,0.9024757493959339,14.15999984741211,0.8299999237060547,0.06226556102449665,-0.34343677014096047,0.0,0.007000000216066837,0.0020000003278255463
2014-12-02,2.556999921798706,0.01002261336536325,0.010247618851957878,1.1724640202917,12.850000381469727,-1.3099994659423828,-0.09251408757478197,-0.7434655675950891,0.0,0.014999999664723873,0.007999999448657036
2014-12-03,2.5648999214172363,0.0030847951443903686,0.010254151132495818,1.2399792092418727,12.5,-0.35000038146972656,-0.027237382963384404,-0.8481507307261469,0.0,0.004999999888241291,-0.009999999776482582
2014-12-04,2.549099922180176,-0.006179135703104387,0.010383925300812889,1.0283191471774293,12.380000114440918,-0.11999988555908203,-0.009599990844726514,-0.8813735963907907,0.0,0.013000000268220901,0.00800000037997961
2014-12-05,2.5882999897003174,0.015260960403112051,0.00926735441480273,1.4876726814888164,11.890000343322754,-0.48999977111816406,-0.03957994883591265,-1.018662258919809,0.0,0.009999999776482582,-0.0030000004917383194
2014-12-08,2.5861001014709473,-0.0008502969709156397,0.009112379783107033,1.4505891940711537,14.210000038146973,2.3199996948242188,0.1951219199187908,-0.31010767923396637,0.0,0.004999999888241291,-0.004999999888241291
2014-12-09,2.59660005569458,0.004051929793745507,0.009141356463703749,1.5458312224612831,15.350000381469727,1.140000343322754,0.08022521747096434,0.025140692499345956,0.0,0.02800000086426735,0.023000000976026058
2014-12-10,2.5894999504089355,-0.0027381306620741204,0.009173463434331734,1.4177406376748147,18.530000686645508,3.1800003051757812,0.20716613851128152,0.9694986840304859,0.0,0.02500000037252903,-0.0030000004917383194
2014-12-11,2.613100051879883,0.009072488116500155,0.00934793854140613,1.68460955807946,20.079999923706055,1.5499992370605469,0.0836480938814872,1.392307568659728,1.0,0.02199999988079071,-0.0030000004917383194
2014-12-12,2.646699905395508,0.012776269378259713,0.00956076166411657,2.0545055675606965,21.079999923706055,1.0,0.049800797001967156,1.6277124817061657,1.0,0.014999999664723873,-0.007000000216066837
2014-12-15,2.649600028991699,0.0010951509249763416,0.00953389444664734,2.0109665713581464,20.420000076293945,-0.6599998474121094,-0.0313092907875151,1.3773380084678324,1.0,0.009999999776482582,-0.004999999888241291
2014-12-16,2.6921000480651855,0.015912879898512405,0.010096366015970437,2.4221898966924944,23.56999969482422,3.1499996185302734,0.1542605096357066,2.1731343322502017,1.0,0.029999999329447746,0.019999999552965164
2014-12-17,2.7351999282836914,0.015882957073955283,0.010191094287378594,2.74668880671953,19.440000534057617,-4.129999160766602,-0.17522270743488877,0.9696745501891627,0.0,0.019999999552965164,-0.009999999776482582
2014-12-18,2.7119998931884766,-0.008518202429818107,0.010402175337795848,2.3326997511501384,16.809999465942383,-2.6300010681152344,-0.13528811707117205,0.2208327356661278,0.0,0.032999999821186066,0.013000000268220901
2014-12-19,2.6593000888824463,-0.019623367003363697,0.011537291417626995,1.6397696332259053,16.489999771118164,-0.31999969482421875,-0.01903627037422273,0.12280719096378921,0.0,0.02500000037252903,-0.007999999448657036
2014-12-22,2.6565001010894775,-0.0010534587275109163,0.010044032266319993,1.5464347163288739,15.25,-1.239999771118164,-0.07519707630863603,-0.224264878268112,0.0,0.014999999664723873,-0.010000000707805157
2014-12-23,2.662400007247925,0.0022184694045862654,0.009804083052505427,1.5508046926574897,14.800000190734863,-0.4499998092651367,-0.02950818421410728,-0.3439998515991972,0.0,0.019999999552965164,0.004999999888241291
2014-12-24,2.691200017929077,0.010759223091524456,0.009769411085139451,1.7956905129803387,14.369999885559082,-0.43000030517578125,-0.02905407429960516,-0.45374209868300003,0.0,0.019999999552965164,0.0
2014-12-25,2.691200017929077,0.0,0.009172157266939858,1.7159203178100728,14.369999885559082,0.0,0.0,-0.4445814785967141,0.0,0.019999999552965164,0.0
2014-12-26,2.695199966430664,0.0014852031963715753,0.008989256173219431,1.6831230556930916,14.5,0.13000011444091797,0.009046632948936928,-0.4077168424897676,0.0,0.009999999776482582,-0.009999999776482582
2014-12-29,2.692699909210205,-0.0009280266736914506,0.00903172202243898,1.589291042648835,15.0600004196167,0.5600004196166992,0.03862071859425509,-0.2481411583205938,0.0,0.003000000026077032,-0.00699999975040555
2014-12-30,2.6993000507354736,0.002448124952036914,0.00888315680013256,1.5955858904011457,15.920000076293945,0.8599996566772461,0.05710488929050994,-0.00018776215304952372,0.0,0.019999999552965164,0.016999999526888132
2014-12-31,2.654099941253662,-0.016886906892192934,0.009902603724450782,1.092576422472499,19.200000762939453,3.280000686645508,0.20603019289740265,0.8984938012524994,0.0,0.03700000047683716,0.017000000923871994
2015-01-01,2.6542000770568848,3.772801193953951e-05,0.009738161054505165,1.0663886888457743,19.200000762939453,0.0,0.0,0.894882354549592,0.0,0.03700000047683716,0.0
2015-01-02,2.6531999111175537,-0.0003768948838975342,0.009233815040651445,1.0267297270653526,17.790000915527344,-1.4099998474121094,-0.07343748913457038,0.5256851740529179,0.0,0.014999999664723873,-0.022000000812113285
2015-01-05,2.691200017929077,0.014220772289433938,0.009659547373119172,1.407520657516842,19.920000076293945,2.1299991607666016,0.11973013216134865,1.2034266674691658,0.0,0.003000000026077032,-0.011999999638646841
2015-01-06,2.7030999660491943,0.0044120525218693625,0.009663924366804971,1.501892261315997,21.1200008392334,1.2000007629394531,0.06024100192487092,1.591737869035944,1.0,0.019999999552965164,0.016999999526888132
2015-01-07,2.6965999603271484,-0.0024075444748119616,0.009655655175495305,1.3958201255901102,19.309999465942383,-1.8100013732910156,-0.08570081919356187,1.1473006614368302,0.0,0.019999999552965164,0.0
2015-01-08,2.680799961090088,-0.00587646257898973,0.00966010397005213,1.177298517080699,17.010000228881836,-2.299999237060547,-0.11910923359252923,0.493346724575902,0.0,0.017999999225139618,-0.0020000003278255463
2015-01-09,2.6596999168395996,-0.007901939715149896,0.009469489499237935,0.9041078620337704,17.549999237060547,0.5399990081787109,0.03174597301073678,0.7366204994031826,0.0,0.014999999664723873,-0.0029999995604157448
2015-01-12,2.6263999938964844,-0.012599218330185869,0.009890525676992128,0.4922735260691771,19.600000381469727,2.0500011444091797,0.11680918709558497,1.463185955697884,0.0,0.013000000268220901,-0.0019999993965029716
2015-01-13,2.6702001094818115,0.01653933209387274,0.009945876010902181,0.9820308535888485,20.559999465942383,0.9599990844726562,0.04897954417287975,1.7358802332372332,1.0,0.023000000044703484,0.009999999776482582
2015-01-14,2.6396000385284424,-0.011526011851761291,0.00945938271590094,0.5892575321477792,21.479999542236328,0.9200000762939453,0.04474708658518822,1.9784424892149948,1.0,0.02500000037252903,0.0020000003278255463
2015-01-15,2.6120998859405518,-0.010472953268710967,0.009542414978628374,0.2320785428340431,22.389999389648438,0.9099998474121094,0.04236498448814063,2.1639270187351554,1.0,0.023000000044703484,-0.0020000003278255463
2015-01-16,2.638700008392334,0.010131922960910963,0.008929795332515363,0.5363780273903862,20.950000762939453,-1.4399986267089844,-0.06431436650126654,1.628345612074315,1.0,0.017999999225139618,-0.005000000819563866
2015-01-19,2.6168999671936035,-0.008295976226860947,0.009103331328089461,0.2389156016188102,20.950000762939453,0.0,0.0,1.5679385202424125,1.0,0.017999999225139618,0.0
2015-01-20,2.648099899291992,0.011851965093083432,0.00951430527338954,0.612417867833396,19.889999389648438,-1.0600013732910156,-0.050596722419512186,1.1953428540900022,0.0,0.00800000037997961,-0.009999998845160007
2015-01-21,2.6110000610351562,-0.014109050588717831,0.009621543488755472,0.10771317621345981,18.850000381469727,-1.039999008178711,-0.05228753343853643,0.8497278418209216,0.0,0.019999999552965164,0.011999999172985554
2015-01-22,2.597100019454956,-0.005337867694420996,0.009651361915792862,-0.10974565770878021,16.399999618530273,-2.450000762939453,-0.1299735126450129,0.08656100835693221,0.0,0.014999999664723873,-0.004999999888241291
2015-01-23,2.57069993019104,-0.010217237193309091,0.009796655352598525,-0.5438702241039355,16.65999984741211,0.26000022888183594,0.01585367286155681,0.15370913025638314,0.0,0.013000000268220901,-0.0019999993965029716
2015-01-26,2.5778000354766846,0.0027581275455079743,0.009859579050377796,-0.5162870700078354,15.520000457763672,-1.1399993896484375,-0.06842733493935294,-0.20320722484225393,0.0,0.004999999888241291,-0.00800000037997961
2015-01-27,2.579900026321411,0.0008143129439897633,0.009825922404852848,-0.5207865136550381,17.219999313354492,1.6999988555908203,0.10953600550574838,0.3114026904353783,0.0,0.017999999225139618,0.012999999336898327
2015-01-28,2.5692999362945557,-0.004117185223921965,0.009221910849927,-0.732187496779128,20.440000534057617,3.220001220703125,0.1869919482636646,1.2634445992507408,1.0,0.014999999664723873,-0.0029999995604157448
2015-01-29,2.5731000900268555,0.0014779691990514069,0.009241169837294245,-0.7074392724124092,18.760000228881836,-1.6800003051757812,-0.08219179360472739,0.7231664140968213,0.0,0.009999999776482582,-0.004999999888241291
2015-01-30,2.6001999378204346,0.01047690856250329,0.009624529764879906,-0.2566329784589865,20.969999313354492,2.2099990844726562,0.11780378771372657,1.3517344330832717,1.0,0.004999999888241291,-0.004999999888241291
2015-02-02,2.678800106048584,0.02978063140929746,0.011387774808930624,1.0540360825011996,19.43000030517578,-1.539999008178711,-0.07343820021958614,0.8529334117659733,0.0,0.004999999888241291,0.0
2015-02-03,2.723599910736084,0.01658552921058498,0.011959961201968584,1.7460336819871467,17.329999923706055,-2.1000003814697266,-0.10808030614957465,0.188678532754388,0.0,0.014999999664723873,0.009999999776482582
2015-02-04,2.6910998821258545,-0.012004513692864536,0.01226619339305271,1.157416954113014,18.329999923706055,1.0,0.0577034047549001,0.47573978005865225,0.0,0.004999999888241291,-0.009999999776482582
2015-02-05,2.738300085067749,0.017387332798824318,0.012781991107683856,1.8632182442082303,16.850000381469727,-1.4799995422363281,-0.08074192844497807,-0.0034166117036991367,0.0,0.00800000037997961,0.0030000004917383194
2015-02-06,2.7416000366210938,0.0012043839774292507,0.012606900279746956,1.8268596678063687,17.290000915527344,0.4400005340576172,0.026112790747559567,0.1156780350390933,0.0,0.014999999664723873,0.006999999284744263
2015-02-09,2.779599905014038,0.01376529334968099,0.012430383051052932,2.284207086985879,18.549999237060547,1.2599983215332031,0.07287439299101806,0.4958733834100393,0.0,0.003000000026077032,-0.011999999638646841
2015-02-10,2.7662999629974365,-0.004796324430630748,0.01210355927612885,1.9715518350065009,17.229999542236328,-1.3199996948242188,-0.07115901612475684,0.05519468428515903,0.0,0.004999999888241291,0.001999999862164259
2015-02-11,2.8310999870300293,0.023154650277137426,0.012573901441738153,2.7017997132671447,16.959999084472656,-0.2700004577636719,-0.015670369410156537,-0.04871848659460984,0.0,0.004999999888241291,0.0
2015-02-12,2.865499973297119,0.012077521558891916,0.012261998849667506,2.90244661398526,15.34000015258789,-1.6199989318847656,-0.09551881010229057,-0.5918199577481833,0.0,0.00800000037997961,0.0030000004917383194
2015-02-13,2.816999912261963,-0.017070387942582085,0.013099581197030382,2.1435694114607067,14.6899995803833,-0.6500005722045898,-0.04237291823591893,-0.824655422652202,0.0,0.004999999888241291,-0.0030000004917383194
2015-02-16,2.830899953842163,0.004922208245209548,0.012815742549936717,2.2109001430951025,14.6899995803833,0.0,0.0,-0.8478422105270558,0.0,0.004999999888241291,0.0
2015-02-17,2.8259999752044678,-0.0017323905052696394,0.012733515827924919,2.0476383350087124,15.800000190734863,1.1100006103515625,0.07556165024223915,-0.5045172466697786,0.0,0.00800000037997961,0.0030000004917383194
2015-02-18,2.825700044631958,-0.0001061381785086012,0.01209784919437155,1.9593110511525769,15.449999809265137,-0.35000038146972656,-0.022151922610416652,-0.6608302540132696,0.0,0.013000000268220901,0.004999999888241291
2015-02-19,2.8340001106262207,0.0029330429940983924,0.011903408593697186,1.989865484758641,15.289999961853027,-0.15999984741210938,-0.010355977306624964,-0.7555448186419186,0.0,0.013000000268220901,0.0
2015-02-20,2.863300085067749,0.010285655222588983,0.01145595344859274,2.2287947977566787,14.300000190734863,-0.9899997711181641,-0.0647481866310079,-1.12939758747588,0.0,0.009999999776482582,-0.0030000004917383194
2015-02-23,2.8640999794006348,0.00027932197125493153,0.011499251088501474,2.1373972770228367,14.5600004196167,0.26000022888183594,0.018181833945029924,-1.0396155705877101,0.0,0.014999999664723873,0.004999999888241291
2015-02-24,2.8747000694274902,0.003694187632130397,0.011458533377736781,2.1463435698748277,13.6899995803833,-0.8700008392333984,-0.059752803170338264,-1.3747038114565349,0.0,0.017999999225139618,0.0029999995604157448
2015-02-25,2.8570001125335693,-0.006176182492471803,0.01155745754884191,1.8638431818869101,13.84000015258789,0.15000057220458984,0.010956944981906913,-1.3453757366772952,0.0,0.014999999664723873,-0.0029999995604157448
2015-02-26,2.868799924850464,0.004121635035916837,0.011526436851954803,1.9136723822888315,13.90999984741211,0.06999969482421875,0.0050577813621721646,-1.3499946585990086,0.0,0.013000000268220901,-0.0019999993965029716
2015-02-27,2.9049999713897705,0.012539582781987637,0.011582974614833675,2.183803610421803,13.34000015258789,-0.5699996948242188,-0.04097769238511273,-1.6041118997788502,0.0,0.00800000037997961,-0.004999999888241291
2015-03-02,2.8368000984191895,-0.023756689423716962,0.011869371041578994,1.4077441229633156,13.039999961853027,-0.3000001907348633,-0.022488769662919794,-1.6934970731791086,0.0,0.004999999888241291,-0.0030000004917383194
2015-03-03,2.892699956893921,0.019513616100924253,0.012063974122927907,1.90631371265581,13.859999656677246,0.8199996948242188,0.06288341236372941,-1.3557038379004704,0.0,0.013000000268220901,0.00800000037997961
2015-03-04,2.9279000759124756,0.012095161305184683,0.0116827098724907,2.1509689883517735,14.229999542236328,0.36999988555908203,0.026695519099874554,-1.1757922705231831,0.0,0.009999999776482582,-0.0030000004917383194
2015-03-05,2.971400022506714,0.014747761357912616,0.01154013180211626,2.419724714018778,14.039999961853027,-0.18999958038330078,-0.013352044026379573,-1.2048863020361833,0.0,0.003000000026077032,-0.00699999975040555
2015-03-06,3.0000998973846436,0.00961235744635733,0.011582747307981594,2.503745092561852,15.199999809265137,1.1599998474121094,0.08262107197748247,-0.7444321795003142,0.0,0.004999999888241291,0.001999999862164259
2015-03-09,3.056999921798706,0.018788430085718757,0.011845586487964571,2.7706427800765927,15.0600004196167,-0.1399993896484375,-0.00921048627665777,-0.7698372157633145,0.0,0.004999999888241291,0.0
2015-03-10,3.1226999759674072,0.02126398718366194,0.0121684058562086,3.0083168461269216,16.690000534057617,1.630000114440918,0.10823373632299038,-0.10991187719779813,0.0,0.009999999776482582,0.004999999888241291
2015-03-11,3.101599931716919,-0.006779919152156779,0.011790108541089517,2.623419139071611,16.8700008392334,0.18000030517578125,0.010784919078251187,-0.02015191765171627,0.0,0.013000000268220901,0.0030000004917383194
2015-03-12,3.1268999576568604,0.008123999530533225,0.01169020019979384,2.595463802867905,15.420000076293945,-1.4500007629394531,-0.08595143395412796,-0.5991868784712762,0.0,0.017999999225139618,0.004999998956918716
2015-03-13,3.163100004196167,0.011510475815525499,0.010630877786387037,2.6270928500054067,16.0,0.5799999237060547,0.03761348384152874,-0.3601539276731745,0.0,0.023000000044703484,0.005000000819563866
2015-03-16,3.244999885559082,0.0255627541840026,0.01150752040019106,2.880423970672003,15.609999656677246,-0.3900003433227539,-0.02437502145767212,-0.5214981874963331,0.0,0.029999999329447746,0.006999999284744263
2015-03-17,3.242799997329712,-0.0006781615812421553,0.01146860300792074,2.643670716112733,15.65999984741211,0.05000019073486328,0.0032030872411630273,-0.5090632935728214,0.0,0.04800000041723251,0.018000001087784767
2015-03-18,3.2462000846862793,0.0010479542686886107,0.011434461250600946,2.4742747732344577,13.970000267028809,-1.6899995803833008,-0.10791823734676353,-1.191756827162799,0.0,0.03799999877810478,-0.010000001639127731
2015-03-19,3.218100070953369,-0.008693962239078612,0.011933399171061036,2.1840626826057186,14.069999694824219,0.09999942779541016,0.007158155038223146,-1.14649777910637,0.0,0.009999999776482582,-0.0279999990016222
2015-03-20,3.2904000282287598,0.02221800117563085,0.012428273510994264,2.3886851788689203,13.020000457763672,-1.0499992370605469,-0.0746268130657316,-1.5425875668904223,0.0,0.003000000026077032,-0.00699999975040555
2015-03-23,3.224600076675415,-0.020200211187430473,0.01377739069397791,1.956122713295278,13.40999984741211,0.3899993896484375,0.029953869119557996,-1.3594998662079787,0.0,0.003000000026077032,0.0
2015-03-24,3.1282999515533447,-0.030319224799767723,0.015989340868370415,1.4364353750738694,13.619999885559082,0.21000003814697266,0.01565995828012623,-1.245664137718193,0.0,0.014999999664723873,0.011999999638646841
2015-03-25,3.136199951171875,0.0025221498695879403,0.015808754199940083,1.4187080214757835,15.4399995803833,1.8199996948242188,0.1336269978059188,-0.5123822884228998,0.0,0.017999999225139618,0.0029999995604157448
2015-03-26,3.1972999572753906,0.01929482988998764,0.01614202485263165,1.6335213892366776,15.800000190734863,0.3600006103515625,0.023316102340374956,-0.3510798234317233,0.0,0.02800000086426735,0.010000001639127731
2015-03-27,3.179500102996826,-0.00558270616622435,0.016229777604980993,1.4917837610864273,15.069999694824219,-0.7300004959106445,-0.04620256247457,-0.6210250076035014,0.0,0.029999999329447746,0.001999998465180397
2015-03-30,3.2411999702453613,0.01921963830494537,0.01509502889694574,1.694596547650005,14.510000228881836,-0.5599994659423828,-0.037159885685645655,-0.8139120047530687,0.0,0.023000000044703484,-0.006999999284744263
2015-03-31,3.2260000705718994,-0.00470062084530954,0.014980745388365732,1.5611174362720133,15.289999961853027,0.7799997329711914,0.053756011072874976,-0.4771308702864435,0.0,0.02500000037252903,0.0020000003278255463
2015-04-01,3.188499927520752,-0.011692437537260266,0.015364980288198422,1.3465533023366287,15.109999656677246,-0.18000030517578125,-0.01177242025015457,-0.5272146350426747,0.0,0.032999999821186066,0.007999999448657036
2015-04-02,3.164299964904785,-0.007618713034394919,0.01537566958406735,1.1995131095690856,14.670000076293945,-0.4399995803833008,-0.029119761110574238,-0.690659013038936,0.0,0.009999999776482582,-0.023000000044703484
2015-04-03,3.1222000122070312,-0.01339396555715557,0.015723023748931583,0.9852835371170306,14.670000076293945,0.0,0.0,-0.6696978422873412,0.0,0.009999999776482582,0.0
2015-04-06,3.1215999126434326,-0.00019222254802170473,0.015220818173574006,0.9506375389275887,14.739999771118164,0.06999969482421875,0.004771621980925289,-0.6154476471770387,0.0,0.003000000026077032,-0.00699999975040555
2015-04-07,3.1215999126434326,0.0,0.014457732040678767,0.9193753542350642,14.779999732971191,0.039999961853027344,0.0027137016603897557,-0.5734689377645311,0.0,0.014999999664723873,0.011999999638646841
2015-04-08,3.1250998973846436,0.00112058693835122,0.014370913934048078,0.9037562942627216,13.979999542236328,-0.8000001907348633,-0.054127212800296864,-0.898019976191292,0.0,0.017999999225139618,0.0029999995604157448
2015-04-09,3.046099901199341,-0.02560419840066009,0.0153590275491321,0.536763889903539,13.09000015258789,-0.8899993896484375,-0.06366233324683412,-1.302132930861587,0.0,0.019999999552965164,0.0020000003278255463
2015-04-10,3.055299997329712,0.003015735161116948,0.015101152156322888,0.5527471185160786,12.579999923706055,-0.5100002288818359,-0.038961055992119964,-1.526658259866637,0.0,0.014999999664723873,-0.004999999888241291
2015-04-13,3.0717999935150146,0.005385920287286915,0.013799479245196651,0.6006276714069664,13.9399995803833,1.359999656677246,0.10810808147259454,-0.8488378134469199,0.0,0.004999999888241291,-0.009999999776482582
2015-04-14,3.1191999912261963,0.015312848985157158,0.014376585506359379,0.7861394765233113,13.670000076293945,-0.26999950408935547,-0.019368688107373022,-0.9693750453336251,0.0,0.009999999776482582,0.004999999888241291
2015-04-15,3.0645999908447266,-0.0176595036989024,0.014774802732431749,0.5128670674758208,12.84000015258789,-0.8299999237060547,-0.06071689239749256,-1.3770524211848858,0.0,0.014999999664723873,0.004999999888241291
2015-04-16,3.025899887084961,-0.012708521597227632,0.01488483118681449,0.30776580440333706,12.600000381469727,-0.23999977111816406,-0.018691570737231822,-1.4497412380057164,0.0,0.009999999776482582,-0.004999999888241291
2015-04-17,3.0185999870300293,-0.0024153871307759952,0.013649293930623209,0.2450315065611013,13.890000343322754,1.2899999618530273,0.10238094625379324,-0.7364746203122068,0.0,0.013000000268220901,0.0030000004917383194
2015-04-20,3.0367000102996826,0.0059782594371480076,0.013295996665637796,0.3055177833458048,13.300000190734863,-0.5900001525878906,-0.04247661180739404,-1.0223494337147496,0.0,0.013000000268220901,0.0
2015-04-21,3.029400110244751,-0.002406786381254834,0.011639425807261529,0.2392624046917486,13.25,-0.05000019073486328,-0.0037594127832941693,-1.014464102138444,0.0,0.019999999552965164,0.006999999284744263
2015-04-22,3.0260000228881836,-0.001122993572394427,0.011599850028103112,0.1895557383542217,12.710000038146973,-0.5399999618530273,-0.040754714102115286,-1.3044988935013433,0.0,0.019999999552965164,0.0
2015-04-23,3.005199909210205,-0.0068975316280367295,0.010522824029769583,0.03907266183012075,12.479999542236328,-0.23000049591064453,-0.01809602637453467,-1.4048002484380948,0.0,0.019999999552965164,0.0
2015-04-24,2.9684998989105225,-0.012287350627436263,0.010711252643085818,-0.21464190801807284,12.289999961853027,-0.18999958038330078,-0.015224325909650949,-1.571011331716139,0.0,0.014999999664723873,-0.004999999888241291
2015-04-27,2.9482998847961426,-0.006828046691976693,0.009302883220809658,-0.3738728458121161,13.119999885559082,0.8299999237060547,0.06753457496194426,-1.05404634098017,0.0,0.013000000268220901,-0.0019999993965029716
2015-04-28,2.913100004196167,-0.012010886283452791,0.009443971943542373,-0.6250732631326283,12.40999984741211,-0.7100000381469727,-0.054115857038112836,-1.4902076829470603,0.0,0.013000000268220901,0.0
2015-04-29,2.934799909591675,0.007421469352981688,0.009705374422479528,-0.5316467415196567,13.390000343322754,0.9800004959106445,0.07896861466239313,-0.8097363655872987,0.0,0.003000000026077032,-0.01000000024214387
2015-04-30,2.952699899673462,0.006080694969265726,0.009928219986255319,-0.4502723279483086,14.550000190734863,1.1599998474121094,0.0866318011702345,0.050577278112253106,0.0,0.004999999888241291,0.001999999862164259
2015-05-01,3.0111000537872314,0.019585506347361024,0.01088429597569249,-0.09110763580113326,12.699999809265137,-1.8500003814697266,-0.12714779087410377,-1.2826449873510555,0.0,0.003000000026077032,-0.001999999862164259
2015-05-04,3.0111000537872314,0.0,0.010885885962108746,-0.12083840035906422,12.850000381469727,0.15000057220458984,0.011811068854911122,-1.1891028953189524,0.0,0.003000000026077032,0.0
2015-05-05,3.0829999446868896,0.02359765259397514,0.01228092417526518,0.36287977778454195,14.3100004196167,1.4600000381469727,0.11361867663851255,0.04201927319146093,0.0,0.00800000037997961,0.005000000353902578
2015-05-06,3.053100109100342,-0.00974562734454476,0.012439111404539347,0.11935175213515944,15.149999618530273,0.8399991989135742,0.05870015194144029,0.8224928670122746,0.0,0.009999999776482582,0.0019999993965029716
2015-05-07,3.028700113296509,-0.008023981658759564,0.011178531454483194,-0.08405293227622204,15.130000114440918,-0.01999950408935547,-0.0013200993130648708,0.8100543465724388,0.0,0.004999999888241291,-0.004999999888241291
2015-05-08,3.0213000774383545,-0.002446293988504685,0.011160316945585384,-0.16994542778488647,12.859999656677246,-2.270000457763672,-0.15003307604717442,-1.186789050842672,0.0,0.003000000026077032,-0.001999999862164259
2015-05-11,2.9711999893188477,-0.01672131994946821,0.011625560485317614,-0.5887221744117875,13.850000381469727,0.9900007247924805,0.076982951105947,-0.29574232931971345,0.0,0.004999999888241291,0.001999999862164259
2015-05-12,3.0564000606536865,0.028271864614678184,0.012911619257977135,0.056951178109330675,13.859999656677246,0.009999275207519531,0.0007219693091775614,-0.26269063084087874,0.0,0.013000000268220901,0.00800000037997961
2015-05-13,3.0174999237060547,-0.012809123930364293,0.012624939152425305,-0.2936627845750223,13.760000228881836,-0.09999942779541016,-0.007214966109124976,-0.3313031560313299,0.0,0.009999999776482582,-0.0030000004917383194
2015-05-14,3.0364999771118164,0.006276880112083888,0.01239199331586103,-0.1677823028091764,12.739999771118164,-1.0200004577636719,-0.07412793901141956,-1.2212980931796973,0.0,0.009999999776482582,0.0
2015-05-15,2.9899001121520996,-0.01546554928023846,0.012869928006210264,-0.6001819510128225,12.380000114440918,-0.3599996566772461,-0.02825743038813644,-1.4913709816663332,0.0,0.009999999776482582,0.0
2015-05-18,2.9914000034332275,0.0005015268532198403,0.012783307560842073,-0.6194163502366057,12.729999542236328,0.34999942779541016,0.028271359011309283,-1.140221574323167,0.0,0.00800000037997961,-0.0019999993965029716
2015-05-19,3.0058000087738037,0.004802252046026397,0.012835706148168214,-0.520926152623625,12.850000381469727,0.12000083923339844,0.009426617717876118,-1.0131902508448298,0.0,0.009999999776482582,0.0019999993965029716
2015-05-20,3.031599998474121,0.008546774015597452,0.012987899820811747,-0.3199395225600131,12.880000114440918,0.029999732971191406,0.002334609500436402,-0.9651108215903079,0.0,0.013000000268220901,0.0030000004917383194
2015-05-21,3.001699924468994,-0.00991176277530642,0.013090364911290593,-0.6422170952284636,12.109999656677246,-0.7700004577636719,-0.05978264370513131,-1.5753184521631918,0.0,0.013000000268220901,0.0
2015-05-22,3.0367000102996826,0.011592633206548757,0.013005010533768114,-0.3289932024828117,12.130000114440918,0.020000457763671875,0.0016515655103792604,-1.5139385579595088,0.0,0.009999999776482582,-0.0030000004917383194
2015-05-25,3.0889999866485596,0.017076006730536733,0.013328987063272948,0.15791518041650854,12.130000114440918,0.0,0.0,-1.479848859037075,0.0,0.009999999776482582,0.0
2015-05-26,3.0931999683380127,0.001358733902554464,0.012900216248039822,0.17227697591639654,14.0600004196167,1.9300003051757812,0.15910966916464342,0.1111998880305903,0.0,0.009999999776482582,0.0
2015-05-27,3.1480000019073486,0.017561187644303106,0.013276901058946071,0.7378845464750851,13.270000457763672,-0.7899999618530273,-0.056187762324018786,-0.5269448975099019,0.0,0.013000000268220901,0.0030000004917383194
2015-05-28,3.1379001140594482,-0.00321350844049636,0.013344537709944648,0.6019750790427072,13.3100004196167,0.039999961853027344,0.0030143150318902023,-0.4830228374215899,0.0,0.003000000026077032,-0.01000000024214387
2015-05-29,3.158400058746338,0.006511766136503499,0.012800605553801478,0.8018614921742946,13.84000015258789,0.5299997329711914,0.0398196631301424,-0.028665761956407153,0.0,0.003000000026077032,0.0
2015-06-01,3.175800085067749,0.005494007039045867,0.012805611470825934,0.9664507249154085,13.970000267028809,0.13000011444091797,0.009393071749107529,0.09523755197924783,0.0,0.00800000037997961,0.005000000353902578
2015-06-02,3.1695001125335693,-0.0019857136488697527,0.011846163927820438,0.8833467747657415,14.239999771118164,0.26999950408935547,0.019327093695666653,0.37387184156228986,0.0,0.009999999776482582,0.0019999993965029716
2015-06-03,3.1285998821258545,-0.012988299778023576,0.012027306753452023,0.4284739626641547,13.65999984741211,-0.5799999237060547,-0.04073033237559609,-0.0960160882468952,0.0,0.009999999776482582,0.0
2015-06-04,3.13319993019104,0.001469241761333989,0.011828921406569763,0.4775370625184941,14.710000038146973,1.0500001907348633,0.07686677909691086,0.9164037317097564,0.0,0.004999999888241291,-0.004999999888241291
2015-06-05,3.140199899673462,0.0022316359796490447,0.01178888369563753,0.5601003787394782,14.210000038146973,-0.5,-0.03399048257670745,0.4862949782887978,0.0,0.009999999776482582,0.004999999888241291
2015-06-08,3.1396000385284424,-0.00019104466790248792,0.010962960752382345,0.5861290025515323,15.289999961853027,1.0799999237060547,0.07600280934600834,1.5788541685076236,0.0,0.009999999776482582,0.0
2015-06-09,3.1098999977111816,-0.009504844944922626,0.009490977875036057,0.2842587482495166,14.470000267028809,-0.8199996948242188,-0.05362980358862224,0.7990667581663177,0.0,0.013000000268220901,0.0030000004917383194
2015-06-10,3.0954999923706055,-0.004641129084889753,0.009036334315485572,0.15147416099215036,13.220000267028809,-1.25,-0.08638562383777126,-0.47653179274640145,0.0,0.013000000268220901,0.0
2015-06-11,3.114000082015991,0.00595865823715554,0.009027341123977772,0.40100705269320563,12.850000381469727,-0.36999988555908203,-0.027987887903593744,-0.8328042976867647,0.0,0.00800000037997961,-0.004999999888241291
2015-06-12,3.087100028991699,-0.00867595145309605,0.008476088107963084,0.12190110808121958,13.779999732971191,0.9299993515014648,0.07237348824071366,0.10803947954379745,0.0,0.004999999888241291,-0.0030000004917383194
2015-06-15,3.11680006980896,0.009574708567180847,0.00865514033529375,0.5443567459494119,15.390000343322754,1.6100006103515625,0.11683604075109955,1.6887060900550646,0.0,0.003000000026077032,-0.001999999862164259
2015-06-16,3.123500108718872,0.0021473458945158786,0.00863108561431436,0.6349682268135773,14.8100004196167,-0.5799999237060547,-0.03768680381853917,1.0756651000671247,0.0,0.00800000037997961,0.005000000353902578
2015-06-17,3.086899995803833,-0.011786853032196593,0.008999208276845978,0.15973762391807364,14.5,-0.3100004196166992,-0.020931830576188637,0.7989787925215756,0.0,0.003000000026077032,-0.005000000353902578
2015-06-18,3.0504000186920166,-0.011894614037093361,0.009134537764948596,-0.30265381374263406,13.1899995803833,-1.3100004196166992,-0.09034485652528956,-0.5042485687807851,0.0,0.003000000026077032,0.0
2015-06-19,3.057800054550171,0.002422985295112022,0.008788123009364322,-0.17685527344976965,13.960000038146973,0.7700004577636719,0.058377595319172526,0.3323831589730373,0.0,0.003000000026077032,0.0
2015-06-22,3.0931999683380127,0.011510422532690575,0.008305343355218178,0.3692379003191554,12.739999771118164,-1.2200002670288086,-0.08739256903259651,-0.9444227016542739,0.0,0.003000000026077032,0.0
2015-06-23,3.084399938583374,-0.002849014452094784,0.008324197530367804,0.28827050166359747,12.109999656677246,-0.630000114440918,-0.049450559321762344,-1.5735513007447948,0.0,0.00800000037997961,0.005000000353902578
2015-06-24,3.0738000869750977,-0.00344251957795013,0.0072255645677687524,0.1596004630033113,13.260000228881836,1.1500005722045898,0.0949628905703972,-0.3059999209571237,0.0,0.004999999888241291,-0.0030000004917383194
2015-06-25,3.094899892807007,0.006840951314801253,0.007424592409495441,0.5232740954472536,14.010000228881836,0.75,0.05656108499654566,0.5411931255884224,0.0,0.004999999888241291,0.0
2015-06-26,3.1243999004364014,0.00948667208603257,0.007604095418101292,0.9998290603369939,14.020000457763672,0.010000228881835938,0.0007137921997475427,0.5709987589881751,0.0,0.004999999888241291,0.0
2015-06-29,3.125699996948242,0.0004160242402320993,0.007475668113914101,1.0186348264186522,18.850000381469727,4.829999923706055,0.344507829244143,4.740180020724506,0.0,0.004999999888241291,0.0
2015-06-30,3.115000009536743,-0.003429101826795638,0.007494710390707232,0.8488079708379394,18.229999542236328,-0.6200008392333984,-0.03289129054039086,3.6592742777041956,0.0,0.009999999776482582,0.004999999888241291
2015-07-01,3.1080000400543213,-0.002249709908079563,0.0069451542433180335,0.7431316006740449,16.09000015258789,-2.1399993896484375,-0.11738888883076282,1.86723783711259,0.0,0.003000000026077032,-0.00699999975040555
2015-07-02,3.1454999446868896,0.011993397050216707,0.007467704474584455,1.3070726112617093,16.790000915527344,0.7000007629394531,0.043505329788754876,2.258822520540005,0.0,0.003000000026077032,0.0
2015-07-03,3.0940001010894775,-0.016508057619488092,0.008325246320901434,0.4704284959032528,16.790000915527344,0.0,0.0,2.1321979475258956,0.0,0.003000000026077032,0.0
2015-07-06,3.129199981689453,0.011312590153657607,0.00875171150507495,1.0094835149996781,17.010000228881836,0.2199993133544922,0.013102995911753457,2.1605487565131156,0.0,0.004999999888241291,0.001999999862164259
2015-07-07,3.1350998878479004,0.00188366075245886,0.008478320901239228,1.0943114233744926,16.09000015258789,-0.9200000762939453,-0.054085835621086376,1.4738668043476073,0.0,0.009999999776482582,0.004999999888241291
2015-07-08,3.1786999702453613,0.013811263086713656,0.008894264893873769,1.7083225649567477,19.65999984741211,3.5699996948242188,0.2218769211291789,3.411915787423349,0.0,0.009999999776482582,0.0
2015-07-09,3.2316999435424805,0.01653599828209839,0.009479441769750645,2.3583725399382742,19.969999313354492,0.3099994659423828,0.01576802992616444,3.215721615763163,0.0,0.00800000037997961,-0.0019999993965029716
2015-07-10,3.221100091934204,-0.003285352431241853,0.009237810629752142,2.0818257446226873,16.829999923706055,-3.1399993896484375,-0.15723582862362107,1.4321573038683038,0.0,0.00800000037997961,0.0
2015-07-13,3.155600070953369,-0.020544269943603817,0.010347687353409659,1.1140471481772705,13.899999618530273,-2.9300003051757812,-0.1740938988982823,-0.16001217708381915,0.0,0.00800000037997961,0.0
2015-07-14,3.131200075149536,-0.007762333063793614,0.010506666418533407,0.7457040853993888,13.369999885559082,-0.5299997329711914,-0.03812947823859225,-0.44881394717836126,0.0,0.009999999776482582,0.0019999993965029716
2015-07-15,3.1364998817443848,0.0016911491917010197,0.01012796942293391,0.7937412990272545,13.229999542236328,-0.1400003433227539,-0.010471229956700912,-0.5311962875876469,0.0,0.013000000268220901,0.0030000004917383194
2015-07-16,3.1356000900268555,-0.0002869188079754972,0.009685312395800444,0.7540768048481963,12.109999656677246,-1.119999885559082,-0.08465607893511407,-1.1336036039517265,0.0,0.009999999776482582,-0.0030000004917383194
2015-07-17,3.150599956512451,0.004772325043154447,0.009712868793792696,0.9371737310396163,11.949999809265137,-0.15999984741210938,-0.013212209079121462,-1.213067679854807,0.0,0.013000000268220901,0.0030000004917383194
2015-07-20,3.1851999759674072,0.010922176769282033,0.009681784550233614,1.4006878065923432,12.25,0.3000001907348633,0.025104618872233475,-1.036356468404281,0.0,0.023000000044703484,0.009999999776482582
2015-07-21,3.194499969482422,0.002915497651026686,0.009632261264582057,1.5276819825976156,12.220000267028809,-0.029999732971191406,-0.002448957793566686,-1.0489560478150282,0.0,0.029999999329447746,0.006999999284744263
2015-07-22,3.1719000339508057,-0.00709978337902687,0.009769833192336675,1.171606828432524,12.119999885559082,-0.10000038146972656,-0.008183337093661147,-1.08182477371423,0.0,0.029999999329447746,0.0
2015-07-23,3.2197999954223633,0.014988456276270908,0.01016309872756862,1.8888281348277567,12.640000343322754,0.5200004577636719,0.04290432860343918,-0.7845691614258764,0.0,0.029999999329447746,0.0
2015-07-24,3.2841999530792236,0.0198038323844369,0.01080579058365677,2.714455736833692,13.739999771118164,1.0999994277954102,0.0870252688225992,-0.2128169934539509,0.0,0.029999999329447746,0.0
2015-07-27,3.3559999465942383,0.021626695902663768,0.01160259213840844,3.397712666452384,15.600000381469727,1.8600006103515625,0.13537122571583526,0.7505832794902714,0.0,0.02800000086426735,-0.001999998465180397
2015-07-28,3.3617000579833984,0.0016970429621093203,0.011496332480467414,3.118014947020858,13.4399995803833,-2.160000801086426,-0.13846158642740525,-0.38807525262106846,0.0,0.0430000014603138,0.015000000596046448
2015-07-29,3.3545000553131104,-0.0021440711435202924,0.011493425315096596,2.774637404635767,12.5,-0.9399995803833008,-0.06994044715263992,-0.8595971133057997,0.0,0.04500000178813934,0.0020000003278255463
2015-07-30,3.323899984359741,-0.009163956910624367,0.011673434622010755,2.268194016586249,12.130000114440918,-0.36999988555908203,-0.02959999084472653,-1.0217679019541912,0.0,0.05999999865889549,0.01499999687075615
2015-07-31,3.370800018310547,0.014011322748760742,0.010997557061627805,2.609610995633651,12.119999885559082,-0.010000228881835938,-0.0008244211696197823,-1.0150178506912582,0.0,0.057999998331069946,-0.0020000003278255463
2015-08-03,3.4193999767303467,0.014314979933517269,0.011118372959064812,2.9091089231947294,12.5600004196167,0.4400005340576172,0.03630367476998697,-0.7703345659705371,0.0,0.06300000101327896,0.005000002682209015
2015-08-04,3.4488000869750977,0.008561279388046907,0.011137990112629672,2.925564352373047,13.0,0.4399995803833008,0.03503181255440824,-0.5331975370499621,0.0,0.07500000298023224,0.012000001966953278
2015-08-05,3.4663000106811523,0.005061376066183519,0.01093406977365031,2.843129641242988,12.510000228881836,-0.48999977111816406,-0.0376922900860126,-0.7723170577809049,0.0,0.07500000298023224,0.0
2015-08-06,3.483799934387207,0.0050358874916227765,0.010554222837311977,2.762596903909102,13.770000457763672,1.260000228881836,0.10071944091358787,-0.1323083742387169,0.0,0.02800000086426735,-0.04700000211596489
2015-08-07,3.531599998474121,0.01362739238568716,0.010637595590239711,2.915062919654251,13.390000343322754,-0.38000011444091797,-0.027596231068145682,-0.3393278134202221,0.0,0.054999999701976776,0.026999998837709427
2015-08-10,3.531599998474121,0.0,0.008937723147784266,2.706419391934758,12.229999542236328,-1.1600008010864258,-0.08663187239310921,-0.9347600385286924,0.0,0.06499999761581421,0.009999997913837433
2015-08-11,3.435699939727783,-0.027530353672493547,0.011282114602786454,1.883123137547392,13.710000038146973,1.4800004959106445,0.12101394532350218,-0.17597598089748573,0.0,0.09799999743700027,0.032999999821186066
2015-08-12,3.4709999561309814,0.010222052300190717,0.011325930113024673,2.0429291227336077,13.609999656677246,-0.10000038146972656,-0.007293973828700451,-0.23489583264576136,0.0,0.09000000357627869,-0.007999993860721588
2015-08-13,3.475100040435791,0.0011805429760644688,0.011294130507413524,1.9805518151656532,13.489999771118164,-0.11999988555908203,-0.00881703810331902,-0.3119327073256477,0.0,0.08299999684095383,-0.00700000673532486
2015-08-14,3.5192999839782715,0.012638834428127167,0.011416957398863975,2.176880399804237,12.829999923706055,-0.6599998474121094,-0.04892511924463905,-0.6682808426018934,0.0,0.07999999821186066,-0.00299999862909317
2015-08-17,3.4779000282287598,-0.011833430166175638,0.011972053296057496,1.7987936902330348,13.020000457763672,0.1900005340576172,0.014809083023184844,-0.5795159634856897,0.0,0.05999999865889549,-0.019999999552965164
2015-08-18,3.476599931716919,-0.000373886414400424,0.01201597174637929,1.7118869443674514,13.789999961853027,0.7699995040893555,0.059139744778596626,-0.16782690879189166,0.0,0.08500000089406967,0.02500000223517418
2015-08-19,3.464900016784668,-0.0033710080237907944,0.011858807692294998,1.5664849879903258,15.25,1.4600000381469727,0.10587382466901651,0.5896806608666547,0.0,0.03999999910593033,-0.04500000178813934
2015-08-20,3.488300085067749,0.006730758868312284,0.011612593249527441,1.6481448872086117,19.139999389648438,3.8899993896484375,0.2550819271900615,2.4663872381558405,0.0,0.014999999664723873,-0.024999999441206455
2015-08-21,3.4577999114990234,-0.008782012815112586,0.011321213722133842,1.3966589524804225,28.030000686645508,8.89000129699707,0.4644723918750533,5.081273188998646,1.0,0.019999999552965164,0.004999999888241291
2015-08-24,3.497999906539917,0.01155882678431418,0.010632401225579994,1.5861496714255456,40.7400016784668,12.710000991821289,0.45344276419788976,5.986083466109882,1.0,0.014999999664723873,-0.004999999888241291
2015-08-25,3.548099994659424,0.014220897559589048,0.010972506209423551,1.8105750758627754,36.02000045776367,-4.720001220703125,-0.11585667712914927,4.066192687216924,1.0,0.05299999937415123,0.03799999970942736
2015-08-26,3.6115000247955322,0.017710957936629527,0.01140116179914833,2.0766096092622184,30.31999969482422,-5.700000762939453,-0.15824543838146699,2.707491398100373,1.0,0.054999999701976776,0.0020000003278255463
2015-08-27,3.594099998474121,-0.004829593673384988,0.011183056689335023,1.878177468404375,26.100000381469727,-4.219999313354492,-0.13918203680176378,1.8426065415005117,1.0,0.05000000074505806,-0.004999998956918716
2015-08-28,3.5501999855041504,-0.012289675855636622,0.011475009951768481,1.5604971973482262,26.049999237060547,-0.05000114440917969,-0.0019157526313554607,1.751512568581663,1.0,0.05000000074505806,0.0
2015-08-31,3.578700065612793,0.00799568846266756,0.011219402529946618,1.6483487953947797,28.43000030517578,2.3800010681152344,0.09136280759383975,2.0480648725004205,1.0,0.003000000026077032,-0.04700000071898103
2015-09-01,3.6191999912261963,0.011253380207299735,0.011314516071712081,1.788409706321653,31.399999618530273,2.969999313354492,0.10446708693189133,2.374157862631808,1.0,0.03799999877810478,0.03499999875202775
2015-09-02,3.692500114440918,0.02005076190077252,0.011976380003587373,2.0714736431507665,26.09000015258789,-5.309999465942383,-0.1691082653010212,1.472080803574428,1.0,0.02500000037252903,-0.012999998405575752
2015-09-03,3.7539000511169434,0.016491546757806567,0.012339220967655558,2.252791349452148,25.610000610351562,-0.4799995422363281,-0.01839783593058797,1.3465615839352965,1.0,0.014999999664723873,-0.010000000707805157
2015-09-04,3.734999895095825,-0.005047522676018537,0.012257444300975534,2.047411452034012,27.799999237060547,2.1899986267089844,0.08551341563903692,1.613885994951383,1.0,0.02500000037252903,0.010000000707805157
2015-09-07,3.8396999835968018,0.027646443777732232,0.013428077996073897,2.3990688774466866,27.799999237060547,0.0,0.0,1.5504293640362115,1.0,0.02500000037252903,0.0
2015-09-08,3.8350000381469727,-0.001224789509439951,0.011273874587758836,2.237340622942562,24.899999618530273,-2.8999996185302734,-0.10431653590350631,1.08678687846503,1.0,0.02500000037252903,0.0
2015-09-09,3.8159000873565674,-0.004992874081559473,0.01145024638610245,2.0425288314436467,26.229999542236328,1.3299999237060547,0.053413652372760856,1.2384014887421788,1.0,0.03500000014901161,0.009999999776482582
2015-09-10,3.778700113296509,-0.00979650556665048,0.011884526797291775,1.8004148656891958,24.3700008392334,-1.8599987030029297,-0.07091112220600326,0.9382898166752793,1.0,0.014999999664723873,-0.02000000048428774
2015-09-11,3.848099946975708,0.018199441094365047,0.012154611879666025,2.0077698997320557,23.200000762939453,-1.1700000762939453,-0.04800984965131205,0.7457564797337622,1.0,0.023000000044703484,0.00800000037997961
2015-09-14,3.8682000637054443,0.005209792819073415,0.01153329245898304,1.9944450716568785,24.25,1.0499992370605469,0.04525858631599067,0.8679579609736854,1.0,0.02500000037252903,0.0020000003278255463
2015-09-15,3.810699939727783,-0.014976415551095268,0.01234615819016808,1.6839902893770067,22.540000915527344,-1.7099990844726562,-0.0705154261638209,0.5993294306185741,1.0,0.057999998331069946,0.032999997958540916
2015-09-16,3.8596999645233154,0.012776567577136431,0.01232626103301607,1.8117121578311328,21.350000381469727,-1.1900005340576172,-0.05279505260524853,0.4095744580831997,1.0,0.05299999937415123,-0.004999998956918716
2015-09-17,3.8285999298095703,-0.008090268270513899,0.012682127884305328,1.620993088204772,21.139999389648438,-0.21000099182128906,-0.00983611185335409,0.3629099821173061,1.0,0.003000000026077032,-0.0499999993480742
2015-09-18,3.891400098800659,0.016269832657593044,0.01252135171028113,1.798908727007541,22.280000686645508,1.1400012969970703,0.05392626915378673,0.5091725967952382,1.0,0.009999999776482582,0.00699999975040555
2015-09-21,3.938999891281128,0.012157840943513035,0.012536290184300657,1.9023000612533827,20.139999389648438,-2.1400012969970703,-0.09605032455316631,0.1949873689090995,1.0,0.013000000268220901,0.0030000004917383194
2015-09-22,3.9814000129699707,0.010706663107195879,0.012438312028368658,1.9760455247486592,22.440000534057617,2.3000011444091797,0.11420065611279684,0.5177636048734539,1.0,0.003000000026077032,-0.01000000024214387
2015-09-23,4.047699928283691,0.016515281353766845,0.012380592322594232,2.1240904110618732,22.1299991607666,-0.3100013732910156,-0.013814677625364591,0.4580482334656224,1.0,0.003000000026077032,0.0
2015-09-24,4.175099849700928,0.030989473263760666,0.013331295620545061,2.4448504118354495,23.469999313354492,1.3400001525878906,0.06055129703590434,0.6344057974781265,1.0,0.004999999888241291,0.001999999862164259
2015-09-25,3.933000087738037,-0.059735758355020756,0.019725041249238337,1.5088016164513756,23.6200008392334,0.15000152587890625,0.006391202823493591,0.6379872706341086,1.0,0.019999999552965164,0.014999999664723873
2015-09-28,3.967600107192993,0.008758889148944633,0.019731634643143776,1.577831386546698,27.6299991607666,4.009998321533203,0.16977130309294908,1.1771775012298105,1.0,0.013000000268220901,-0.006999999284744263
2015-09-29,4.103700160980225,0.033727640102650995,0.02071259820570345,1.9814735314965701,26.829999923706055,-0.7999992370605469,-0.02895400873542231,1.030051923272251,1.0,0.003000000026077032,-0.01000000024214387
2015-09-30,4.0543999671936035,-0.012086341956310163,0.02083441933209955,1.7333619710919208,24.5,-2.3299999237060547,-0.08684308350099357,0.6861730148334466,1.0,0.004999999888241291,0.001999999862164259
2015-10-01,3.94569993019104,-0.027176342391073145,0.021796807966964045,1.302805629365357,22.549999237060547,-1.9500007629394531,-0.07959186787507977,0.4047697091494762,1.0,0.017999999225139618,0.012999999336898327
2015-10-02,3.998800039291382,0.013367965274625944,0.021850470437622265,1.4382467682225226,20.940000534057617,-1.6099987030029297,-0.07139684068622598,0.1687695828327649,1.0,0.00800000037997961,-0.009999998845160007
2015-10-05,3.927500009536743,-0.017991232360845714,0.02156763919796209,1.1525573332305676,19.540000915527344,-1.3999996185302734,-0.06685766871176824,-0.04194411460915305,0.0,0.00800000037997961,0.0
2015-10-06,3.909899950027466,-0.0044913081342154845,0.021598759234724766,1.0597842104390607,19.399999618530273,-0.1400012969970703,-0.007164856214813109,-0.07657621317577352,0.0,0.004999999888241291,-0.0030000004917383194
2015-10-07,3.8489999771118164,-0.01569841708653879,0.02188499811813093,0.8143297314099381,18.399999618530273,-1.0,-0.051546392766154026,-0.23334919522577502,0.0,0.004999999888241291,0.0
2015-10-08,3.8803000450134277,0.008099113479225942,0.021810505779353444,0.903329623508076,17.420000076293945,-0.9799995422363281,-0.05326084579096346,-0.39088224634801,0.0,0.003000000026077032,-0.001999999862164259
2015-10-09,3.781899929046631,-0.025685971745403276,0.0222272434853083,0.5080295385349839,17.079999923706055,-0.3400001525878906,-0.019517804311067755,-0.4574409229567281,0.0,0.003000000026077032,0.0
2015-10-12,3.7590999603271484,-0.006046953594629669,0.022207764014590636,0.3936092211691563,16.170000076293945,-0.9099998474121094,-0.05327867982886125,-0.605835143347572,0.0,0.009999999776482582,0.00699999975040555
2015-10-13,3.760499954223633,0.0003723586170990041,0.021979044685558696,0.3724099016762825,17.670000076293945,1.5,0.09276437804097948,-0.40158730343516846,0.0,0.004999999888241291,-0.004999999888241291
2015-10-14,3.8887999057769775,0.0335486874084038,0.02310927729240654,0.8740463948684001,18.030000686645508,0.3600006103515625,0.02037354888495657,-0.3668566611379881,0.0,0.009999999776482582,0.004999999888241291
2015-10-15,3.8071000576019287,-0.021232842932112563,0.023545422668705896,0.5042572520465355,16.049999237060547,-1.980001449584961,-0.10981704793009306,-0.6810237024143065,0.0,0.004999999888241291,-0.004999999888241291
2015-10-16,3.7925000190734863,-0.003842322317849847,0.02322867634027155,0.41469188882014973,15.050000190734863,-0.9999990463256836,-0.062305239492885245,-0.8397863483214209,0.0,0.004999999888241291,0.0
2015-10-19,3.9207000732421875,0.03324479070004344,0.02432381557632842,0.9569778279580378,14.979999542236328,-0.07000064849853516,-0.004651205821354698,-0.8478355161399218,0.0,0.004999999888241291,0.0
2015-10-20,3.8877999782562256,-0.008426788616805226,0.02424705736339037,0.781341608737922,15.75,0.7700004577636719,0.051401901287956964,-0.7399252661909601,0.0,0.009999999776482582,0.004999999888241291
2015-10-21,3.9022998809814453,0.003722653042288889,0.023921982095460006,0.8212842287841974,16.700000762939453,0.9500007629394531,0.06031750875806052,-0.61070431187483,0.0,0.004999999888241291,-0.004999999888241291
2015-10-22,3.9367001056671143,0.008776743352024614,0.022807797189485945,0.9569582622266735,14.449999809265137,-2.2500009536743164,-0.1347305898732356,-0.9733493727939864,0.0,0.004999999888241291,0.0
2015-10-23,3.9022998809814453,-0.008776743352024597,0.018584319564437207,0.7663984208509766,14.460000038146973,0.010000228881835938,0.0006920573711997058,-0.9849983856392278,0.0,0.003000000026077032,-0.001999999862164259
2015-10-26,3.8756000995635986,-0.006865577176776231,0.018507650708122943,0.6099352245881683,15.289999961853027,0.8299999237060547,0.05739971794719434,-0.8681026178883312,0.0,0.00800000037997961,0.005000000353902578
2015-10-27,3.903899908065796,0.007275514700794579,0.016743363462468755,0.7248808012843923,15.430000305175781,0.1400003433227539,0.009156333791500382,-0.8581619768957467,0.0,0.009999999776482582,0.0019999993965029716
2015-10-28,3.8833999633789062,-0.005264980771306895,0.016606633841366385,0.5953007410430312,14.329999923706055,-1.1000003814697266,-0.07128971871120093,-1.0451908378979553,0.0,0.03500000014901161,0.02500000037252903
2015-10-29,3.897200107574463,0.003547325024008388,0.015558127964905492,0.6407573607025873,14.609999656677246,0.2799997329711914,0.019539409243679584,-1.0048316281537664,0.0,0.05299999937415123,0.017999999225139618
2015-10-30,3.8447000980377197,-0.013562772166015421,0.01544894261801685,0.34261626369263715,15.069999694824219,0.46000003814697266,0.03148528740291501,-0.9397371792350628,0.0,0.06800000369548798,0.015000004321336746
2015-11-02,3.8513998985290527,0.0017410902110940871,0.01499500086443607,0.3548920595602441,14.149999618530273,-0.9200000762939453,-0.06104844690938638,-1.1014134826300341,0.0,0.05299999937415123,-0.015000004321336746
2015-11-03,3.8701999187469482,0.004869472081233652,0.015025636592378547,0.429894380632985,14.539999961853027,0.3900003433227539,0.02756186246196246,-1.0426520026541786,0.0,0.057999998331069946,0.004999998956918716
2015-11-04,3.7671000957489014,-0.02700066420034539,0.01581854213232885,-0.1748985748493932,15.510000228881836,0.9700002670288086,0.06671253573409142,-0.8939876658745468,0.0,0.054999999701976776,-0.00299999862909317
2015-11-05,3.795599937438965,0.007536984536922186,0.01580187348393351,-0.043939577425114576,15.050000190734863,-0.46000003814697266,-0.02965828699927331,-0.9786746042017401,0.0,0.03999999910593033,-0.015000000596046448
2015-11-06,3.780100107192993,-0.004091991969743526,0.014735569335895989,-0.1647283611814366,14.329999923706055,-0.7200002670288086,-0.04784054869793675,-1.1075983892857897,0.0,0.0729999989271164,0.032999999821186066
2015-11-09,3.7662999629974365,-0.003657415310756373,0.014693790954921961,-0.286689407092821,16.520000457763672,2.190000534057617,0.1528262767423123,-0.7610719014353093,0.0,0.07500000298023224,0.0020000040531158447
2015-11-10,3.799099922180176,0.008671098737352376,0.014818658627186456,-0.12008184792522934,15.289999961853027,-1.2300004959106445,-0.07445523376681251,-0.9764541958468491,0.0,0.125,0.04999999701976776
2015-11-11,3.7453999519348145,-0.014235768580657386,0.012945297721274365,-0.5221074320504097,16.059999465942383,0.7699995040893555,0.05035967992219903,-0.8505932874875916,0.0,0.12300000339746475,-0.001999996602535248
2015-11-12,3.7629001140594482,0.004661559517036152,0.012179999561063248,-0.45416310533911947,18.3700008392334,2.3100013732910156,0.14383570673148016,-0.4573562871704086,0.0,0.12300000339746475,0.0
2015-11-13,3.766900062561035,0.0010624316141231154,0.012160301148287032,-0.4913912337600766,20.079999923706055,1.7099990844726562,0.09308650007356323,-0.1477628195129163,1.0,0.11299999803304672,-0.01000000536441803
2015-11-16,3.84060001373291,0.019376209327290356,0.010414556650567184,0.02314546895746859,18.15999984741211,-1.9200000762939453,-0.09561753404327611,-0.45875188021697505,0.0,0.09799999743700027,-0.015000000596046448
2015-11-17,3.8255999088287354,-0.003913314079559138,0.010294091419814569,-0.14047951568321856,18.84000015258789,0.6800003051757812,0.03744495104016665,-0.2975567190418262,0.0,0.13500000536441803,0.037000007927417755
2015-11-18,3.808300018310547,-0.004532393743349878,0.010268401564211337,-0.32363655202825053,16.850000381469727,-1.989999771118164,-0.10562631395970634,-0.6851520361178123,0.0,0.12300000339746475,-0.012000001966953278
2015-11-19,3.7671000957489014,-0.01087740004865796,0.010201678416093617,-0.733455859762691,16.989999771118164,0.1399993896484375,0.008308568930502691,-0.6297841991137917,0.0,0.08799999952316284,-0.03500000387430191
2015-11-20,3.761199951171875,-0.0015674576593042574,0.010083820784392265,-0.8688707700710098,15.470000267028809,-1.5199995040893555,-0.08946436283496895,-0.9274144630354376,0.0,0.09300000220537186,0.005000002682209015
2015-11-23,3.6995999813079834,-0.016513341793199167,0.010556501847828212,-1.5406282511696006,15.619999885559082,0.14999961853027344,0.00969616134073159,-0.8700562395066987,0.0,0.10499999672174454,0.01199999451637268
2015-11-24,3.7288999557495117,0.007888571483702986,0.010586689207874467,-1.3112124473367321,15.930000305175781,0.3100004196166992,0.01984637784173726,-0.7886763578457747,0.0,0.15299999713897705,0.04800000041723251
2015-11-25,3.696199893951416,-0.008808035950956077,0.010668364852598589,-1.6513662200021695,15.1899995803833,-0.7400007247924805,-0.04645327750257788,-0.9354261184692291,0.0,0.17499999701976776,0.02199999988079071
2015-11-26,3.7393999099731445,0.0116199104955502,0.01105376787873683,-1.1987751521896612,15.1899995803833,0.0,0.0,-0.9068108942856026,0.0,0.17499999701976776,0.0
2015-11-27,3.7383999824523926,-0.00026743896362476304,0.01072078219293505,-1.2105512195914594,15.119999885559082,-0.06999969482421875,-0.004608274967605519,-0.903700878194971,0.0,0.1599999964237213,-0.015000000596046448
2015-11-30,3.841399908065796,0.027179151845942915,0.012478215470031986,-0.14816484390905665,16.1299991607666,1.0099992752075195,0.0667988943685216,-0.6262112815232448,0.0,0.17000000178813934,0.01000000536441803
2015-12-01,3.8666000366210938,0.006538717831259869,0.012518931126465616,0.1064433039535313,14.670000076293945,-1.4599990844726562,-0.09051451707597413,-0.9840114434580173,0.0,0.2029999941587448,0.03299999237060547
2015-12-02,3.850600004196167,-0.004146595984558669,0.010862583858092563,-0.06475500831152088,15.90999984741211,1.239999771118164,0.08452622799381904,-0.6268550038848096,0.0,0.20000000298023224,-0.0029999911785125732
2015-12-03,3.8322999477386475,-0.004763849895444719,0.010826889401925064,-0.2644713958103808,18.110000610351562,2.200000762939453,0.13827786197605163,0.017359074700898088,0.0,0.1979999989271164,-0.0020000040531158447
2015-12-04,3.7558999061584473,-0.020137219569069366,0.011739585869776394,-1.032648304907096,14.8100004196167,-3.3000001907348633,-0.18221977247469578,-0.9002411862910135,0.0,0.20499999821186066,0.006999999284744263
2015-12-07,3.750999927520752,-0.0013054601612242265,0.011716163303408363,-1.05291206549364,15.84000015258789,1.0299997329711914,0.06954758297014618,-0.5758660131901309,0.0,0.23499999940395355,0.030000001192092896
2015-12-08,3.759500026702881,0.0022635251616156763,0.011547101773741731,-0.9516622018540363,17.600000381469727,1.760000228881836,0.11111112449038019,-0.02648167915319287,0.0,0.2680000066757202,0.03300000727176666
2015-12-09,3.814500093460083,0.014523642110694611,0.011540396324665232,-0.38621609430447,19.610000610351562,2.010000228881836,0.11420455598387824,0.5975637179746145,0.0,0.24500000476837158,-0.023000001907348633
2015-12-10,3.7427000999450684,-0.019002316247882192,0.012322537260062081,-1.0876819003130431,19.34000015258789,-0.2700004577636719,-0.01376850838144017,0.5280220626640121,0.0,0.23000000417232513,-0.015000000596046448
2015-12-11,3.807800054550171,0.017244306065809855,0.012930804516384413,-0.42123309273685533,24.389999389648438,5.049999237060547,0.2611168147475327,2.035831845070998,1.0,0.21299999952316284,-0.017000004649162292
2015-12-14,3.812700033187866,0.0012859994112135477,0.012153184384995259,-0.3530991293036448,22.729999542236328,-1.6599998474121094,-0.06806067605383559,1.4979471139639398,1.0,0.1979999989271164,-0.015000000596046448
2015-12-15,3.884399890899658,0.01863089537271287,0.0128331787749887,0.3915541817631994,20.950000762939453,-1.779998779296875,-0.07831055060029035,0.9834533798048908,1.0,0.25,0.052000001072883606
2015-12-16,3.905900001525879,0.005519727227647115,0.012811711130623078,0.6577947136127882,17.860000610351562,-3.0900001525878906,-0.14749403532500582,0.07625857258433624,0.0,0.23499999940395355,-0.015000000596046448
2015-12-17,3.892899990081787,-0.003333852259033394,0.012543652590745087,0.6398224627329158,18.940000534057617,1.0799999237060547,0.06047031840973682,0.44107620811813614,0.0,0.21299999952316284,-0.02199999988079071
2015-12-18,3.876300096511841,-0.00427326330780588,0.012594583716209761,0.45794693737669945,20.700000762939453,1.760000228881836,0.09292503586349055,1.0325643996365041,1.0,0.17499999701976776,-0.03800000250339508
2015-12-21,3.9783999919891357,0.025998611092726668,0.012974828192733085,1.6739533983049513,18.700000762939453,-2.0,-0.09661835392686213,0.48338157125770237,0.0,0.15299999713897705,-0.02199999988079071
2015-12-22,4.01140022277832,0.008260636701307094,0.012981516337960864,2.197326990976374,16.600000381469727,-2.1000003814697266,-0.11229948105839693,-0.22417188262891524,0.0,0.19300000369548798,0.040000006556510925
2015-12-23,3.9851999282836914,-0.006552881913206563,0.01287697109364005,1.949856794740384,15.569999694824219,-1.0300006866455078,-0.062048232709396745,-0.6171250925725733,0.0,0.1899999976158142,-0.003000006079673767
2015-12-24,3.940999984741211,-0.01115298685184271,0.01314971951527037,1.376825960861853,15.739999771118164,0.1700000762939453,0.010918437997815555,-0.5207185439246786,0.0,0.18299999833106995,-0.006999999284744263
2015-12-25,3.9130001068115234,-0.007130123816203638,0.013317647914716457,1.0623993560186038,15.739999771118164,0.0,0.0,-0.4950389331798795,0.0,0.18299999833106995,0.0
2015-12-28,3.9082000255584717,-0.001227454041446384,0.011969160888560551,1.0071333338077568,16.90999984741211,1.1700000762939453,0.07433291571203293,0.06323238910403514,0.0,0.1899999976158142,0.006999999284744263
2015-12-29,3.85509991645813,-0.013679991137818662,0.012313364843355608,0.3036088561745123,16.079999923706055,-0.8299999237060547,-0.04908337854497835,-0.30105632976738755,0.0,0.2150000035762787,0.025000005960464478
2015-12-30,3.8640999794006348,0.0023318652560243313,0.012287851604515192,0.42250087219158283,17.290000915527344,1.210000991821289,0.07524881825636309,0.27921416313303166,0.0,0.19499999284744263,-0.02000001072883606
2015-12-31,3.956700086593628,0.023681575801511253,0.01329136035619768,1.6342136574354633,18.209999084472656,0.9199981689453125,0.053209839226735056,0.7062634351026348,0.0,0.14800000190734863,-0.046999990940093994
2016-01-01,3.950000047683716,-0.0016947754182698098,0.012307440166602667,1.4846672456892236,18.209999084472656,0.0,0.0,0.6946481373768657,0.0,0.14800000190734863,0.0
2016-01-04,3.9491000175476074,-0.00022788169097006506,0.012292163877188471,1.4190648406356574,20.700000762939453,2.490001678466797,0.13673815506064346,1.7801044972499829,1.0,0.1550000011920929,0.006999999284744263
2016-01-05,4.037300109863281,0.0220884696363115,0.013042328858820096,2.404006910065999,19.34000015258789,-1.3600006103515625,-0.06570051015584788,1.134123969971985,0.0,0.20499999821186066,0.04999999701976776
2016-01-06,4.026899814605713,-0.002579375789596387,0.012845158001297634,2.1587814687977356,20.59000015258789,1.25,0.06463288470205808,1.645350763148433,1.0,0.20499999821186066,0.0
2016-01-07,4.019899845123291,-0.0017398149684701523,0.011850965316747798,1.9670625422984898,24.989999771118164,4.399999618530273,0.21369594880635545,3.205675229780075,1.0,0.1899999976158142,-0.015000000596046448
2016-01-08,4.041500091552734,0.005358944672786772,0.011419447490053485,2.0947044328927342,27.010000228881836,2.020000457763672,0.08083235199138561,3.513763244505634,1.0,0.1899999976158142,0.0
2016-01-11,3.9932000637054443,-0.012023002411303932,0.011900880825963965,1.5151643938018542,24.299999237060547,-2.710000991821289,-0.1003332457925521,2.374226124900979,1.0,0.17499999701976776,-0.015000000596046448
2016-01-12,4.0503997802734375,0.01422265699183154,0.011620265542132397,2.0422476431020438,22.469999313354492,-1.8299999237060547,-0.07530864120008185,1.6706776916162436,1.0,0.20999999344348907,0.034999996423721313
2016-01-13,4.025199890136719,-0.0062410156422747715,0.011734706210914448,1.7101434573280145,25.219999313354492,2.75,0.12238540649912721,2.416269711397862,1.0,0.2150000035762787,0.005000010132789612
2016-01-14,4.014100074768066,-0.002761390287803775,0.011722976221869833,1.5561829656179558,23.950000762939453,-1.269998550415039,-0.05035680352864047,1.9152716255588844,1.0,0.23999999463558197,0.024999991059303284
2016-01-15,4.005899906158447,-0.0020449305453124336,0.011675381533884492,1.4306723476280896,27.020000457763672,3.0699996948242188,0.12818369924959572,2.654236254188077,1.0,0.22300000488758087,-0.0169999897480011
2016-01-18,4.004300117492676,-0.00039943788727337824,0.010172668980085273,1.37036746688446,27.020000457763672,0.0,0.0,2.469986314178614,1.0,0.22300000488758087,0.0
2016-01-19,4.052299976348877,0.011915802258883916,0.010353969576379702,1.77380367589722,26.049999237060547,-0.970001220703125,-0.0358993783963617,2.0780837171560385,1.0,0.23000000417232513,0.006999999284744263
2016-01-20,4.0584001541137695,0.001504229922697853,0.010220702133825178,1.7562248132685043,27.59000015258789,1.5400009155273438,0.05911711940998576,2.341684777044451,1.0,0.2529999911785126,0.02299998700618744
2016-01-21,4.101399898529053,0.010539508854604342,0.01002227230665363,2.0506894095298005,26.690000534057617,-0.8999996185302734,-0.03262050067244582,2.001378762738676,1.0,0.27300000190734863,0.02000001072883606
2016-01-22,4.153500080108643,0.01262301748504169,0.010048992020492541,2.355869931923588,22.34000015258789,-4.350000381469727,-0.16298240143978016,0.868498640648722,1.0,0.2879999876022339,0.014999985694885254
2016-01-25,4.0894999504089355,-0.015528670517555623,0.010841857882019867,1.725250995836863,24.149999618530273,1.8099994659423828,0.08102056640911481,1.2837167800527227,1.0,0.2750000059604645,-0.01299998164176941
2016-01-26,4.087900161743164,-0.0003912707374569037,0.010201378776378434,1.6420167943645585,22.5,-1.6499996185302734,-0.06832296664983095,0.8363845710018784,1.0,0.30000001192092896,0.025000005960464478
2016-01-27,4.06689977645874,-0.005150446820726029,0.010360493976993578,1.4159373243160507,23.110000610351562,0.6100006103515625,0.027111138237847276,0.9593727319083521,1.0,0.30000001192092896,0.0
2016-01-28,4.104899883270264,0.009300370126783013,0.009257596574560512,1.651609662553666,22.420000076293945,-0.6900005340576172,-0.029857226994124297,0.7563507613968553,1.0,0.3179999887943268,0.017999976873397827
2016-01-29,4.066999912261963,-0.009275748283126214,0.009560137807489356,1.3018946602164339,20.200000762939453,-2.219999313354492,-0.09901870231043552,0.16482720726318506,1.0,0.30000001192092896,-0.017999976873397827
2016-02-01,3.9971001148223877,-0.01733647844520972,0.010443670539065659,0.7221062542056658,19.979999542236328,-0.220001220703125,-0.010891149128407829,0.09309951717678668,0.0,0.29499998688697815,-0.005000025033950806
2016-02-02,3.959700107574463,-0.009400834918510913,0.009350695913680707,0.4050278824822453,21.979999542236328,2.0,0.10010010239350309,0.5917863791278534,1.0,0.33000001311302185,0.0350000262260437
2016-02-03,3.985300064086914,0.006444315809882792,0.009485702599336177,0.5848542975440768,21.649999618530273,-0.3299999237060547,-0.015013645613228266,0.4831733730235681,1.0,0.3330000042915344,0.0029999911785125732
2016-02-04,3.8922998905181885,-0.023612393380539255,0.010803209294814329,-0.18803113152906223,21.84000015258789,0.1900005340576172,0.008776006346669751,0.517705528530262,1.0,0.28299999237060547,-0.050000011920928955
2016-02-05,3.886199951171875,-0.0015684105472529323,0.010678246673544356,-0.2575156676067682,23.3799991607666,1.539999008178711,0.07051277460711147,0.9048196799090081,1.0,0.27799999713897705,-0.004999995231628418
2016-02-08,3.8984999656677246,0.0031600510906846916,0.010462651976627489,-0.16394679028891737,26.0,2.6200008392333984,0.11206163102135425,1.5309417983337057,1.0,0.25999999046325684,-0.018000006675720215
2016-02-09,3.8915998935699463,-0.001771498190509853,0.009812855511932247,-0.23166470247531804,26.540000915527344,0.5400009155273438,0.020769265981820828,1.6020353410828168,1.0,0.30000001192092896,0.04000002145767212
2016-02-10,3.881500005722046,-0.00259867843269089,0.009763675070266618,-0.32854120057774905,26.290000915527344,-0.25,-0.009419743458024432,1.4797099876228779,1.0,0.2980000078678131,-0.0020000040531158447
2016-02-11,3.926300048828125,0.011475840685852935,0.010200487157012298,0.026867363208633022,28.139999389648438,1.8499984741210938,0.07036890109153449,1.8493977925122005,1.0,0.27300000190734863,-0.025000005960464478
2016-02-12,3.987499952316284,0.015466937129029286,0.010846752144952577,0.5252358174573176,25.399999618530273,-2.739999771118164,-0.09737028537840331,1.1442138894211373,1.0,0.27000001072883606,-0.0029999911785125732
2016-02-15,3.9681999683380127,-0.004851872753360724,0.01089598842142467,0.3300041655875133,25.399999618530273,0.0,0.0,1.1075240987101105,1.0,0.27000001072883606,0.0
2016-02-16,3.994999885559082,0.006730967172897075,0.010645010331142164,0.5449479895870206,24.110000610351562,-1.289999008178711,-0.05078736328947053,0.7644969992407253,1.0,0.27300000190734863,0.0029999911785125732
2016-02-17,4.0625,0.01675499708365526,0.011335935628687614,1.1470472533784482,22.309999465942383,-1.8000011444091797,-0.07465786390881946,0.29664456831542374,1.0,0.2930000126361847,0.02000001072883606
2016-02-18,3.9809000492095947,-0.020290610908501195,0.011915891753889685,0.3431781737300539,21.639999389648438,-0.6700000762939453,-0.030031380203156988,0.10364430384180048,1.0,0.2879999876022339,-0.005000025033950806
2016-02-19,4.024600028991699,0.010917597506398606,0.011815251869343533,0.749495490375593,20.530000686645508,-1.1099987030029297,-0.05129384169640505,-0.20758521212712458,1.0,0.28299999237060547,-0.004999995231628418
2016-02-22,4.01639986038208,-0.0020395899925657658,0.01135283727218498,0.641266856527198,19.3799991607666,-1.1500015258789062,-0.05601565939678543,-0.5292779168042361,0.0,0.2930000126361847,0.010000020265579224
2016-02-23,3.9428000450134277,-0.018494802035426357,0.012012528956268358,-0.12477771493657663,20.979999542236328,1.6000003814697266,0.08255936278412279,-0.13725190203897356,1.0,0.3179999887943268,0.02499997615814209
2016-02-24,3.9535000324249268,0.0027101285046582466,0.012025964878909475,-0.032651629995957415,20.719999313354492,-0.26000022888183594,-0.012392766184689874,-0.2344481721660063,1.0,0.3149999976158142,-0.0029999911785125732
2016-02-25,3.954400062561035,0.0002276281008065475,0.011768903132519517,-0.04510072926623609,19.110000610351562,-1.6099987030029297,-0.0777026426813272,-0.6888000516958698,0.0,0.3100000023841858,-0.004999995231628418
2016-02-26,3.951900005340576,-0.0006324215580774858,0.011640547511464403,-0.11034312402315127,19.809999465942383,0.6999988555908203,0.036629975574759666,-0.5322383441140683,0.0,0.30300000309944153,-0.006999999284744263
2016-02-29,3.9646999835968018,0.003233708770959433,0.011055711913411514,-0.009284697173093794,20.549999237060547,0.7399997711181641,0.037354860730328676,-0.35055657392608514,1.0,0.30799999833106995,0.004999995231628418
2016-03-01,4.012899875640869,0.012083954927139927,0.011178926027681302,0.522834474164366,17.700000762939453,-2.8499984741210938,-0.13868606228370617,-1.189332383458991,0.0,0.3199999928474426,0.01199999451637268
2016-03-02,3.921999931335449,-0.02291243070462808,0.012255906787121617,-0.6168314664276232,17.09000015258789,-0.6100006103515625,-0.03446330983379342,-1.3397692625126159,0.0,0.30300000309944153,-0.0169999897480011
2016-03-03,3.8893001079559326,-0.008372489657910213,0.01119040696933536,-1.1247344703544337,16.700000762939453,-0.3899993896484375,-0.022820326867544316,-1.4207700083307113,0.0,0.2630000114440918,-0.03999999165534973
2016-03-04,3.796099901199341,-0.024255022715403838,0.012434336855302893,-2.3462160722344008,16.860000610351562,0.15999984741210938,0.009580828748653625,-1.3255497691641875,0.0,0.26499998569488525,0.001999974250793457
2016-03-07,3.7688000202178955,-0.00721754412506674,0.012460507867097974,-2.6353299809220556,17.350000381469727,0.48999977111816406,0.029062856072337162,-1.1489764837281462,0.0,0.26499998569488525,0.0
2016-03-08,3.781100034713745,0.0032583280012945396,0.012509476251983145,-2.360344684958895,18.670000076293945,1.3199996948242188,0.07608067238050409,-0.7640470081216062,0.0,0.3050000071525574,0.04000002145767212
2016-03-09,3.752700090408325,-0.0075393767713245715,0.012582129362373184,-2.5418522565897144,18.34000015258789,-0.3299999237060547,-0.017675410945770076,-0.8602678433083539,0.0,0.2879999876022339,-0.017000019550323486
2016-03-10,3.6768999099731445,-0.020405623617103227,0.012843543023913224,-3.1159629435257292,18.049999237060547,-0.29000091552734375,-0.0158124816311096,-0.9340828280458007,0.0,0.30300000309944153,0.015000015497207642
2016-03-11,3.614000082015991,-0.01725476651710362,0.012406272174080274,-3.385106191678862,16.5,-1.5499992370605469,-0.08587253753884172,-1.3267792089824928,0.0,0.30799999833106995,0.004999995231628418
2016-03-14,3.571700096130371,-0.011773515024510142,0.012500530303565814,-3.3519200505910174,16.920000076293945,0.4200000762939453,0.0254545500784209,-1.193729827474388,0.0,0.30799999833106995,0.0
2016-03-15,3.6549999713897705,0.023054385534553794,0.013791141399357786,-2.4394876333361424,16.84000015258789,-0.07999992370605469,-0.004728127857288822,-1.2183176953825998,0.0,0.32499998807907104,0.0169999897480011
2016-03-16,3.7623000144958496,0.02893439099485348,0.014993157800208615,-1.4874618479332664,14.989999771118164,-1.8500003814697266,-0.10985750384244664,-1.7131774456047355,0.0,0.30000001192092896,-0.02499997615814209
2016-03-17,3.736599922180176,-0.006854390151671951,0.014510423264176913,-1.6308956981143377,14.4399995803833,-0.5500001907348633,-0.036691140702655,-1.8383397122285179,0.0,0.2750000059604645,-0.025000005960464478
2016-03-18,3.6205999851226807,-0.03153633236659637,0.015418471841190521,-2.3914911498343843,14.020000457763672,-0.4199991226196289,-0.029085812660977983,-1.9179969141770048,0.0,0.2800000011920929,0.004999995231628418
2016-03-21,3.6210999488830566,0.00013807911560183476,0.015450285082377507,-2.247589767850214,13.789999961853027,-0.23000049591064453,-0.016405170356701415,-1.9236316056368417,0.0,0.2879999876022339,0.007999986410140991
2016-03-22,3.612600088119507,-0.0023500738576448625,0.01513660583035133,-2.189433267813824,14.170000076293945,0.38000011444091797,0.02755620852009466,-1.7930178367484784,0.0,0.29499998688697815,0.006999999284744263
2016-03-23,3.5778000354766846,-0.009679662817827608,0.015084900620699785,-2.291123432454138,14.9399995803833,0.7699995040893555,0.05434011996778643,-1.564948426922808,0.0,0.2930000126361847,-0.001999974250793457
2016-03-24,3.6800999641418457,0.028191819690119937,0.016793464769619112,-1.5481775192407745,14.739999771118164,-0.19999980926513672,-0.0133868684660301,-1.5737858035090482,0.0,0.2750000059604645,-0.018000006675720215
2016-03-25,3.6772000789642334,-0.0007883014994066891,0.016792053826699162,-1.5076069168132276,14.739999771118164,0.0,0.0,-1.5341113131837494,0.0,0.2750000059604645,0.0
2016-03-28,3.683500051498413,0.0017117866400947943,0.01676286815096156,-1.4147143735218781,15.239999771118164,0.5,0.03392130310474695,-1.3668843662171082,0.0,0.2549999952316284,-0.02000001072883606
2016-03-29,3.6772000789642334,-0.0017117866400948021,0.016359099369692664,-1.4003029693282238,13.819999694824219,-1.4200000762939453,-0.09317585942389806,-1.6488936735365276,0.0,0.22499999403953552,-0.030000001192092896
2016-03-30,3.6349000930786133,-0.011569988583849817,0.01587173183426648,-1.5944308802975253,13.5600004196167,-0.25999927520751953,-0.018813262007877807,-1.6429673400950968,0.0,0.1850000023841858,-0.03999999165534973
2016-03-31,3.596100091934204,-0.010731675433622733,0.01591619994558987,-1.7487795160412918,13.949999809265137,0.3899993896484375,0.028761016045710575,-1.4941669153243615,0.0,0.19300000369548798,0.008000001311302185
2016-04-01,3.5864999294281006,-0.00267317355674338,0.015179437045381251,-1.7272502547512274,13.100000381469727,-0.8499994277954102,-0.06093185945643298,-1.6278373917461064,0.0,0.21799999475479126,0.024999991059303284
2016-04-04,3.5485999584198,-0.010623629117268885,0.015250079669563795,-1.8550762150647733,14.119999885559082,1.0199995040893555,0.07786255529672892,-1.3466396586165772,0.0,0.18299999833106995,-0.034999996423721313
2016-04-05,3.6171998977661133,0.01914706983093281,0.01598973427399382,-1.4108919524189647,15.420000076293945,1.3000001907348633,0.09206800292289019,-1.0215811964785615,0.0,0.21799999475479126,0.034999996423721313
2016-04-06,3.6737000942230225,0.015499136613987963,0.01641035848791374,-1.055858608904721,14.09000015258789,-1.3299999237060547,-0.08625161589660046,-1.2737864997385124,0.0,0.2199999988079071,0.0020000040531158447
2016-04-07,3.636399984359741,-0.010205177270371516,0.015929043131147638,-1.2223162829534568,16.15999984741211,2.0699996948242188,0.14691268079539554,-0.7859414745263094,0.0,0.2199999988079071,0.0
2016-04-08,3.6826000213623047,0.012624853287320366,0.015679467529037275,-0.9324883917543414,15.359999656677246,-0.8000001907348633,-0.04950496276539118,-0.9357923690456319,0.0,0.21799999475479126,-0.0020000040531158447
2016-04-11,3.586199998855591,-0.026525884494846552,0.01662739289157634,-1.4162077411337408,16.260000228881836,0.9000005722045898,0.05859378856257624,-0.7062617198386489,0.0,0.20999999344348907,-0.008000001311302185
2016-04-12,3.4885001182556152,-0.027621267461158065,0.016821811175483224,-1.8676038878346963,14.850000381469727,-1.4099998474121094,-0.08671585655377767,-1.0019739426787049,0.0,0.23000000417232513,0.02000001072883606
2016-04-13,3.4825000762939453,-0.0017214297162210929,0.015135073123815285,-1.8181704498932827,13.84000015258789,-1.010000228881836,-0.06801348167924248,-1.2116994813954964,0.0,0.22300000488758087,-0.006999999284744263
2016-04-14,3.493499994277954,0.003153648792823618,0.015196321019034698,-1.6951041244162293,13.720000267028809,-0.11999988555908203,-0.008670511866767816,-1.2105049426316106,0.0,0.2150000035762787,-0.008000001311302185
2016-04-15,3.4725000858306885,-0.0060292770088338265,0.01370460495132973,-1.7491957214423959,13.619999885559082,-0.10000038146972656,-0.007288657399667997,-1.192871781361913,0.0,0.20999999344348907,-0.005000010132789612
2016-04-18,3.5309998989105225,0.016706267953491012,0.014332627022715025,-1.394100901973529,13.350000381469727,-0.26999950408935547,-0.019823752302349784,-1.2187356646591176,0.0,0.1979999989271164,-0.01199999451637268
2016-04-19,3.6098999977111816,0.02209898217893679,0.0152481539200378,-0.9446437480873827,13.239999771118164,-0.1100006103515625,-0.008239745858303338,-1.2033842384992484,0.0,0.2150000035762787,0.017000004649162292
2016-04-20,3.5253000259399414,-0.023714524111959946,0.016018742814574105,-1.3585240305426876,13.279999732971191,0.039999961853027344,0.0030211452072894662,-1.154801526303144,0.0,0.21799999475479126,0.0029999911785125732
2016-04-21,3.524399995803833,-0.00025533856425728654,0.014506213935078009,-1.3278311690576892,13.949999809265137,0.6700000762939453,0.050451813988406036,-0.9596440377547693,0.0,0.22499999403953552,0.006999999284744263
2016-04-22,3.524399995803833,0.0,0.014511211502316585,-1.2904243753707894,13.220000267028809,-0.7299995422363281,-0.05232971700483369,-1.1002628222687727,0.0,0.22499999403953552,0.0
2016-04-25,3.562299966812134,0.010696186531714976,0.01477284707571159,-1.046284575265147,14.079999923706055,0.8599996566772461,0.06505292279169761,-0.8654594673666068,0.0,0.23800000548362732,0.013000011444091797
2016-04-26,3.5504000186920166,-0.0033461158905918973,0.014777593197832941,-1.076626284294589,13.960000038146973,-0.11999988555908203,-0.008522719191002448,-0.8645962355514782,0.0,0.24500000476837158,0.006999999284744263
2016-04-27,3.52020001411438,-0.008542468273684599,0.014686984501786276,-1.206158525032212,13.770000457763672,-0.18999958038330078,-0.013610285090552288,-0.8803002737393119,0.0,0.24500000476837158,0.0
2016-04-28,3.5215001106262207,0.0003692564305728525,0.014532798736135468,-1.1584339252365117,15.220000267028809,1.4499998092651367,0.10530136245911392,-0.5074319446210849,0.0,0.20999999344348907,-0.03500001132488251
2016-04-29,3.4797000885009766,-0.011940958010533716,0.014733707547847646,-1.341651529231901,15.699999809265137,0.4799995422363281,0.03153742009296501,-0.3660285394112309,0.0,0.19300000369548798,-0.0169999897480011
2016-05-02,3.432800054550171,-0.013569838021264945,0.014843923155975188,-1.5386197394963357,14.680000305175781,-1.0199995040893555,-0.06496812206885616,-0.5952934744869134,0.0,0.1850000023841858,-0.008000001311302185
2016-05-03,3.496500015258789,0.01838620193975687,0.01478866548399313,-1.1508381327147896,15.600000381469727,0.9200000762939453,0.06267030362183146,-0.3284066220810181,0.0,0.2029999941587448,0.01799999177455902
2016-05-04,3.5548999309539795,0.016564441515770422,0.014855628132472218,-0.8050864763794884,16.049999237060547,0.4499988555908203,0.028846079781212453,-0.16942993020426267,0.0,0.1979999989271164,-0.004999995231628418
2016-05-05,3.5453999042510986,-0.002675952450542152,0.014722047686044832,-0.8281032396959913,15.90999984741211,-0.1399993896484375,-0.008722703819522226,-0.16779132331865249,0.0,0.18299999833106995,-0.015000000596046448
2016-05-06,3.533099889755249,-0.003475320260960916,0.014358130298546113,-0.8678728513391425,14.720000267028809,-1.1899995803833008,-0.07479570030145943,-0.5315549142928391,0.0,0.18000000715255737,-0.0029999911785125732
2016-05-09,3.499000072479248,-0.009698407230243993,0.01330409381243361,-1.0270789255844819,14.569999694824219,-0.15000057220458984,-0.010190256079042004,-0.571335683950211,0.0,0.2029999941587448,0.02299998700618744
2016-05-10,3.513000011444092,0.003993142441505052,0.011796159741023418,-0.921335595520614,13.630000114440918,-0.9399995803833008,-0.06451610158353138,-0.9340756553474302,0.0,0.24300000071525574,0.040000006556510925
2016-05-11,3.470400094985962,-0.012200488080537206,0.01212125174003795,-1.1485994524350027,14.6899995803833,1.0599994659423828,0.07776958598990169,-0.4738576538369335,0.0,0.24799999594688416,0.004999995231628418
2016-05-12,3.447000026702881,-0.006765593179363453,0.012180713533795458,-1.2578579794786116,14.40999984741211,-0.2799997329711914,-0.019060567799137118,-0.5759725711172458,0.0,0.257999986410141,0.009999990463256836
2016-05-13,3.477099895477295,0.008694287696064715,0.012284252727479362,-1.0568786068641807,15.039999961853027,0.630000114440918,0.043719647544205875,-0.2524321128787677,0.0,0.257999986410141,0.0
2016-05-16,3.5302000045776367,0.015155944883254197,0.01217815724466592,-0.7024027349652676,14.680000305175781,-0.3599996566772461,-0.023936147446166123,-0.40079180333747233,0.0,0.257999986410141,0.0
2016-05-17,3.494499921798706,-0.010164246304095553,0.011192132811280333,-0.9147556482560284,15.569999694824219,0.8899993896484375,0.06062666015985352,0.09590726548800077,0.0,0.2680000066757202,0.010000020265579224
2016-05-18,3.4860999584198,-0.0024066606244264083,0.009920615983558865,-0.9523003177710634,15.949999809265137,0.38000011444091797,0.024405916627425306,0.3688818459249995,0.0,0.27000001072883606,0.0020000040531158447
2016-05-19,3.558500051498413,0.02055550129690576,0.010988111320307189,-0.416169618910289,16.329999923706055,0.38000011444091797,0.023824458870537413,0.6402356603626307,0.0,0.28999999165534973,0.019999980926513672
2016-05-20,3.5608999729156494,0.0006741920667221254,0.01098759073200523,-0.37024195337362487,15.199999809265137,-1.130000114440918,-0.06919780279977295,0.007408696216126406,0.0,0.2980000078678131,0.008000016212463379
2016-05-23,3.557300090789795,-0.0010114586273331397,0.010725374629029758,-0.37049880775574656,15.819999694824219,0.619999885559082,0.040789466667043195,0.5122973789547932,0.0,0.31299999356269836,0.014999985694885254
2016-05-24,3.566499948501587,0.002582852627951814,0.010711993541552273,-0.2590828362529721,14.420000076293945,-1.3999996185302734,-0.08849555281523214,-0.47148978135860975,0.0,0.34299999475479126,0.030000001192092896
2016-05-25,3.5673000812530518,0.00022432161021691404,0.010511789271835718,-0.2143061382827378,13.899999618530273,-0.5200004577636719,-0.03606105790654868,-0.8297369589889927,0.0,0.3149999976158142,-0.02799999713897705
2016-05-26,3.576900005340576,0.0026874750844424465,0.010521138696620866,-0.06851362332658034,13.430000305175781,-0.4699993133544922,-0.033812901169287035,-1.1458901671672557,0.0,0.2750000059604645,-0.03999999165534973
2016-05-27,3.58270001411438,0.0016202050468813733,0.010086123727563748,0.038215892253412376,13.119999885559082,-0.3100004196166992,-0.023082681502041957,-1.3365006859957214,0.0,0.2980000078678131,0.023000001907348633
2016-05-30,3.6089000701904297,0.0072863261814965115,0.009512402778563208,0.39555313326539376,13.119999885559082,0.0,0.0,-1.3039332803487484,0.0,0.2980000078678131,0.0
2016-05-31,3.5673999786376953,-0.011566003065644818,0.00923361933862654,-0.07614505572907067,14.1899995803833,1.0699996948242188,0.08155485549980424,-0.4585497963291354,0.0,0.28299999237060547,-0.015000015497207642
2016-06-01,3.583199977874756,0.00441921658237083,0.008528865011142675,0.17543299753686,14.199999809265137,0.010000228881835938,0.0007047377855924353,-0.42658964619234735,0.0,0.29499998688697815,0.01199999451637268
2016-06-02,3.5910000801086426,0.002174487815879884,0.008505832331804315,0.3075031440590171,13.630000114440918,-0.5699996948242188,-0.04014082411834319,-0.949530529682027,0.0,0.27000001072883606,-0.02499997615814209
2016-06-03,3.5801000595092773,-0.00303998794649311,0.008495300077167157,0.16372060938672797,13.470000267028809,-0.15999984741210938,-0.011738800151776196,-1.079333920106412,0.0,0.27000001072883606,0.0
2016-06-06,3.5244998931884766,-0.015652197679270917,0.00896854195600663,-0.6021792521696866,13.649999618530273,0.17999935150146484,0.0133629805444071,-0.8827338183605329,0.0,0.25,-0.02000001072883606
2016-06-07,3.484499931335449,-0.011414009735627652,0.009296046667291434,-1.123287014334167,14.050000190734863,0.40000057220458984,0.02930407204272578,-0.43750484694180863,0.0,0.26499998569488525,0.014999985694885254
2016-06-08,3.4349000453948975,-0.014336715805906909,0.00944968501480457,-1.8144396433186363,14.079999923706055,0.029999732971191406,0.0021352122821303166,-0.38827276114415993,0.0,0.23499999940395355,-0.0299999862909317
2016-06-09,3.3575000762939453,-0.02279115424612414,0.010615230715590469,-2.8161146033835682,14.640000343322754,0.5600004196166992,0.0397727572905624,0.22828287814896644,0.0,0.23999999463558197,0.004999995231628418
2016-06-10,3.395900011062622,0.011372152726955364,0.01076397705118948,-2.1377996146339417,17.030000686645508,2.390000343322754,0.16325138574281683,2.6480587151192605,0.0,0.23999999463558197,0.0
2016-06-13,3.415800094604492,0.0058429290334495575,0.010207053668405849,-1.778058265820553,20.969999313354492,3.9399986267089844,0.2313563398619609,5.0100686605955325,1.0,0.24500000476837158,0.005000010132789612
2016-06-14,3.477299928665161,0.017844356167139707,0.010876454788824739,-0.9064302073388181,20.5,-0.4699993133544922,-0.02241293890053586,3.913566496742237,1.0,0.2630000114440918,0.018000006675720215
2016-06-15,3.475100040435791,-0.0006328428492510815,0.010865141004822613,-0.9083057353055227,20.139999389648438,-0.3600006103515625,-0.017561005383003092,3.2639732123397565,1.0,0.2549999952316284,-0.008000016212463379
2016-06-16,3.4693000316619873,-0.0016704135885677763,0.009710310310331156,-0.9616520510531948,19.3700008392334,-0.7699985504150391,-0.03823230256952259,2.583743866722323,0.0,0.24500000476837158,-0.009999990463256836
2016-06-17,3.461199998855591,-0.0023375042086121955,0.009701933345951189,-1.0489023443115728,19.40999984741211,0.03999900817871094,0.002064997751455744,2.4284286997941593,0.0,0.24799999594688416,0.0029999911785125732
2016-06-20,3.4128000736236572,-0.014082259112056891,0.01010484243192952,-1.6996847616156452,18.3700008392334,-1.039999008178711,-0.05358057786473247,1.7830742392411665,0.0,0.24799999594688416,0.0
2016-06-21,3.391700029373169,-0.006201811025359297,0.010082691975147983,-1.94921481367352,18.479999542236328,0.10999870300292969,0.005987953074449548,1.7575709370735275,0.0,0.26499998569488525,0.0169999897480011
2016-06-22,3.412100076675415,0.005996680712744895,0.010246449471310318,-1.5977334124774067,21.170000076293945,2.690000534057617,0.14556280306769365,2.8708042748989153,1.0,0.2680000066757202,0.003000020980834961
2016-06-23,3.374300003051758,-0.011140063685528964,0.010363440019930899,-2.0388067010901474,17.25,-3.9200000762939453,-0.1851676930640893,0.9524377998056266,0.0,0.2750000059604645,0.006999999284744263
2016-06-24,3.3369998931884766,-0.011115728548618548,0.010460903633130451,-2.4004621950667846,25.760000228881836,8.510000228881836,0.49333334660184547,4.16565218795698,1.0,0.23800000548362732,-0.03700000047683716
2016-06-27,3.3677000999450684,0.009157880695140407,0.010570756729314021,-1.8861101197473698,23.850000381469727,-1.9099998474121094,-0.07414595615067732,3.0551123271464675,1.0,0.23499999940395355,-0.003000006079673767
2016-06-28,3.3893001079559326,0.006393393790770093,0.010608545793373893,-1.5456509385643933,18.75,-5.100000381469727,-0.21383649056174336,1.1252350330665342,0.0,0.25999999046325684,0.024999991059303284
2016-06-29,3.302500009536743,-0.025943681944821027,0.011675963172404274,-2.5595433511640184,16.639999389648438,-2.1100006103515625,-0.11253336588541663,0.33408683341073764,0.0,0.2549999952316284,-0.004999995231628418
2016-06-30,3.237600088119507,-0.01984741850501962,0.01208637908727369,-3.106036520217964,15.630000114440918,-1.0099992752075195,-0.06069707405373037,-0.034963914597909464,0.0,0.24799999594688416,-0.006999999284744263
2016-07-01,3.205899953842163,-0.009839494009848385,0.01211860528907416,-3.222450535855871,14.770000457763672,-0.8599996566772461,-0.05502237046579883,-0.3481007015492312,0.0,0.24300000071525574,-0.004999995231628418
2016-07-04,3.230600118637085,0.007675067433236256,0.01221428564877103,-2.713199622702772,14.770000457763672,0.0,0.0,-0.3387354103878338,0.0,0.24300000071525574,0.0
2016-07-05,3.2885000705718994,0.01776363999903201,0.01304110683842252,-1.9779948802281204,15.579999923706055,0.8099994659423828,0.05484085584551335,-0.045070267532209475,0.0,0.23800000548362732,-0.004999995231628418
2016-07-06,3.299099922180176,0.0032181251951850687,0.012819342682737342,-1.7837749663467428,14.960000038146973,-0.619999885559082,-0.03979460132189794,-0.28132118961708696,0.0,0.2630000114440918,0.025000005960464478
2016-07-07,3.3269999027252197,0.008421287383689836,0.012032961607469266,-1.4447420196348708,14.760000228881836,-0.19999980926513672,-0.013368971173472688,-0.36296823420018115,0.0,0.27000001072883606,0.006999999284744263
2016-07-08,3.3610999584198,0.010197321180680424,0.011974906898911366,-1.0737615829976277,13.199999809265137,-1.5600004196166992,-0.10569108370094371,-0.9370098685871157,0.0,0.27300000190734863,0.0029999911785125732
2016-07-11,3.2976999282836914,-0.019043054947233948,0.012558218371180242,-1.6305738671277306,13.539999961853027,0.3400001525878906,0.025757587689451578,-0.8131473917433072,0.0,0.2750000059604645,0.0020000040531158447
2016-07-12,3.3071999549865723,0.0028766623028307187,0.011748358373022346,-1.4860496809736072,13.550000190734863,0.010000228881835938,0.0007385693434276419,-0.8127307114563009,0.0,0.29499998688697815,0.019999980926513672
2016-07-13,3.2934999465942383,-0.00415108345152351,0.011745147281343703,-1.55349698992031,13.039999961853027,-0.5100002288818359,-0.03763839274560021,-0.9990988409576251,0.0,0.2980000078678131,0.003000020980834961
2016-07-14,3.2616000175476074,-0.009732934980138911,0.011846467842755606,-1.7721971812015016,12.819999694824219,-0.2200002670288086,-0.016871186171195762,-1.0671047173129466,0.0,0.30300000309944153,0.004999995231628418
2016-07-15,3.2483999729156494,-0.004055318814600108,0.01184697701336995,-1.806348217279817,12.670000076293945,-0.14999961853027344,-0.011700438541416891,-1.1150867406421219,0.0,0.2980000078678131,-0.004999995231628418
2016-07-18,3.276599884033203,0.008643704923239697,0.011835382160655317,-1.4922255582892645,12.4399995803833,-0.23000049591064453,-0.018153156631860234,-1.178784765419438,0.0,0.2879999876022339,-0.010000020265579224
2016-07-19,3.2493999004364014,-0.008335930738704983,0.01188443279105955,-1.6639141341944568,11.970000267028809,-0.4699993133544922,-0.037781296560141064,-1.321869083172277,0.0,0.3100000023841858,0.022000014781951904
2016-07-20,3.2479000091552734,-0.0004616968059477481,0.011738468805119655,-1.6075545285189106,11.770000457763672,-0.19999980926513672,-0.016708421453927036,-1.3647867007829733,0.0,0.3149999976158142,0.004999995231628418
2016-07-21,3.252700090408325,0.0014768120025651884,0.011585807112359075,-1.5046005913132308,12.739999771118164,0.9699993133544922,0.08241285264476494,-0.997215769560107,0.0,0.30300000309944153,-0.01199999451637268
2016-07-22,3.2685999870300293,0.004876306239250032,0.011462786396023642,-1.3205798775332722,12.020000457763672,-0.7199993133544922,-0.05651486077627299,-1.2134310314943115,0.0,0.30300000309944153,0.0
2016-07-25,3.251499891281128,-0.005245359818229239,0.011238932837418716,-1.4142538754593947,12.869999885559082,0.8499994277954102,0.07071542391218455,-0.9017763476985594,0.0,0.2980000078678131,-0.004999995231628418
2016-07-26,3.282099962234497,0.009367055032756975,0.011371303515028647,-1.122551866553702,13.050000190734863,0.18000030517578125,0.013986037822560693,-0.8201460362035722,0.0,0.30799999833106995,0.009999990463256836
2016-07-27,3.2699999809265137,-0.0036934708470058417,0.0098519300532919,-1.1814765787542516,12.829999923706055,-0.2200002670288086,-0.01685825776347516,-0.8718263337972435,0.0,0.28299999237060547,-0.025000005960464478
2016-07-28,3.2585999965667725,-0.0034923248431637777,0.00878163956820331,-1.231960997703845,12.720000267028809,-0.1099996566772461,-0.008573628786544218,-0.8854234900730417,0.0,0.2199999988079071,-0.06299999356269836
2016-07-29,3.281899929046631,0.007124847124892071,0.008564974761742635,-1.0071856574487457,11.869999885559082,-0.8500003814697266,-0.06682392795800418,-1.1447689858000731,0.0,0.23999999463558197,0.019999995827674866
2016-08-01,3.2462000846862793,-0.010937393781367584,0.008828256517250156,-1.2539959595413621,12.4399995803833,0.5699996948242188,0.04802019379272915,-0.9350837866898994,0.0,0.23800000548362732,-0.001999989151954651
2016-08-02,3.2583999633789062,0.0037511585364332356,0.007868260805371627,-1.1164958520658612,13.369999885559082,0.9300003051757812,0.07475886949725496,-0.6234863405141312,0.0,0.2800000011920929,0.041999995708465576
2016-08-03,3.2527999877929688,-0.00172010597391664,0.007824130407486814,-1.1235173009550927,12.859999656677246,-0.5100002288818359,-0.0381451184178907,-0.7791108202412615,0.0,0.2680000066757202,-0.01199999451637268
2016-08-04,3.234600067138672,-0.005610866679221554,0.007588112652623441,-1.2268689996529207,12.420000076293945,-0.4399995803833008,-0.03421458725738313,-0.9078118924679709,0.0,0.24799999594688416,-0.02000001072883606
2016-08-05,3.1868999004364014,-0.014856667229526782,0.007639211368256777,-1.5407275026376828,11.390000343322754,-1.0299997329711914,-0.08293073483446689,-1.2109337867323504,0.0,0.25,0.0020000040531158447
2016-08-08,3.1607000827789307,-0.00825507798590371,0.006750813028211059,-1.6741945314327646,11.5,0.1099996566772461,0.009657563947461423,-1.1450552031038859,0.0,0.25,0.0
2016-08-09,3.168600082397461,0.0024963277186628714,0.0067365127004107685,-1.549481106159818,11.65999984741211,0.15999984741210938,0.013913030209748545,-1.062520459561215,0.0,0.2930000126361847,0.04300001263618469
2016-08-10,3.142899990081787,-0.008143938545266998,0.006857313963742225,-1.67022937087279,12.050000190734863,0.3900003433227539,0.03344771427328208,-0.9119604327070069,0.0,0.27300000190734863,-0.02000001072883606
2016-08-11,3.1247000694274902,-0.00580763661891309,0.0066886898750759816,-1.7364106161397044,11.680000305175781,-0.36999988555908203,-0.03070538420767588,-0.9973864935897919,0.0,0.2750000059604645,0.0020000040531158447
2016-08-12,3.1389999389648438,0.004565957616676621,0.006835228326779249,-1.574988968903844,11.550000190734863,-0.13000011444091797,-0.011130146493515958,-1.0101832010522247,0.0,0.2630000114440918,-0.01199999451637268
2016-08-15,3.190500020980835,0.016273392486622042,0.007612398660534617,-1.1602916822151843,11.8100004196167,0.26000022888183594,0.022510841955691197,-0.9029225590025691,0.0,0.2750000059604645,0.01199999451637268
2016-08-16,3.184799909591675,-0.0017881865857700366,0.007434010077660595,-1.1687842316052928,12.640000343322754,0.8299999237060547,0.07027941525957981,-0.6350648398924796,0.0,0.2879999876022339,0.01299998164176941
2016-08-17,3.201200008392334,0.00513627781584723,0.007559825082243332,-1.0166336735827897,12.1899995803833,-0.4500007629394531,-0.035601325214929425,-0.761459825574597,0.0,0.2879999876022339,0.0
2016-08-18,3.2047998905181885,0.0011239096352174802,0.0075548277266634396,-0.9631353342540239,11.430000305175781,-0.7599992752075195,-0.062346128086053776,-0.9773643632133386,0.0,0.2849999964237213,-0.0029999911785125732
2016-08-19,3.2379000186920166,0.010275325522562998,0.007856574097544708,-0.6808003946723379,11.34000015258789,-0.09000015258789062,-0.007874028887570272,-0.989130310002921,0.0,0.2930000126361847,0.008000016212463379
2016-08-22,3.2044999599456787,-0.010368917827409615,0.008100170569213852,-0.9326153347231123,12.270000457763672,0.9300003051757812,0.08201060781851455,-0.7017990506488466,0.0,0.2800000011920929,-0.013000011444091797
2016-08-23,3.198699951171875,-0.001811597463943074,0.007744804916034138,-0.9599253571451375,12.380000114440918,0.1099996566772461,0.008964926860100197,-0.6571372205528988,0.0,0.3050000071525574,0.025000005960464478
2016-08-24,3.2355000972747803,0.011439043581217188,0.008221819374412777,-0.6198409943268887,13.449999809265137,1.0699996948242188,0.08642969991382277,-0.33144548372985916,0.0,0.3050000071525574,0.0
2016-08-25,3.223299980163574,-0.0037778322521059065,0.008227478823392817,-0.715275588812275,13.630000114440918,0.18000030517578125,0.01338292250768558,-0.277380894299139,0.0,0.3050000071525574,0.0
2016-08-26,3.228300094604492,0.001550038869144483,0.008046411187863567,-0.6513914478951913,13.649999618530273,0.01999950408935547,0.0014673150345880792,-0.2723495431712272,0.0,0.3050000071525574,0.0
2016-08-29,3.2641000747680664,0.011028384596573732,0.008092213360300016,-0.25191058586545245,12.9399995803833,-0.7100000381469727,-0.05201465626292967,-0.48145098943253706,0.0,0.3050000071525574,0.0
2016-08-30,3.22760009765625,-0.011245239544803715,0.00844044321523332,-0.6228755873220528,13.119999885559082,0.18000030517578125,0.013910379521855365,-0.42222478004524494,0.0,0.32499998807907104,0.019999980926513672
2016-08-31,3.236799955368042,0.0028463163936006935,0.00846670759205587,-0.4941332018871413,13.420000076293945,0.3000001907348633,0.022865868395705258,-0.32878528972130877,0.0,0.3199999928474426,-0.004999995231628418
2016-09-01,3.2260000705718994,-0.0033421720634363343,0.008406035557973401,-0.5952667923038939,13.479999542236328,0.05999946594238281,0.00447089907610132,-0.3047926461941058,0.0,0.3149999976158142,-0.004999995231628418
2016-09-02,3.253200054168701,0.008396142382387829,0.007852246768162683,-0.25832392285995426,11.979999542236328,-1.5,-0.11127596817048191,-0.7286203561258696,0.0,0.30300000309944153,-0.01199999451637268
2016-09-05,3.2560999393463135,0.0008909976102953027,0.007543315594229283,-0.19780482066170216,11.979999542236328,0.0,0.0,-0.7046202512045249,0.0,0.30300000309944153,0.0
2016-09-06,3.267199993133545,0.0034032053149002347,0.007552423385519524,-0.024020849188234914,12.020000457763672,0.04000091552734375,0.00333897471250455,-0.6678311032356867,0.0,0.30300000309944153,0.0
2016-09-07,3.1963000297546387,-0.021939446744554853,0.008978092906246791,-0.9120618608453661,11.9399995803833,-0.0800008773803711,-0.006655646783166214,-0.6687001693577561,0.0,0.33000001311302185,0.027000010013580322
2016-09-08,3.190700054168701,-0.0017535547040324062,0.008865103443830838,-0.9830124821498871,12.510000228881836,0.5700006484985352,0.047738749458166696,-0.456667167365702,0.0,0.3330000042915344,0.0029999911785125732
2016-09-09,3.214900016784668,0.007555912789680068,0.008952383870139287,-0.6242692019493697,17.5,4.989999771118164,0.3988808696899744,1.2475337049815773,0.0,0.3330000042915344,0.0
2016-09-12,3.271699905395508,0.017513440351747935,0.009065887606753427,0.29565036027942293,15.15999984741211,-2.3400001525878906,-0.13371429443359373,0.4770100927749945,0.0,0.3499999940395355,0.0169999897480011
2016-09-13,3.2469000816345215,-0.007608978450047821,0.009260128868672418,-0.0680117044088416,17.850000381469727,2.690000534057617,0.1774406702594271,1.423402577064715,0.0,0.3449999988079071,-0.004999995231628418
2016-09-14,3.3141000270843506,0.020485381607293084,0.010211187002698168,1.1550126098140248,18.139999389648438,0.28999900817871094,0.016246442688021556,1.6028708598082888,0.0,0.3149999976158142,-0.030000001192092896
2016-09-15,3.3434998989105225,0.008832030540605773,0.010331741255494908,1.719849697630266,16.299999237060547,-1.8400001525878906,-0.10143330840671827,0.9465940536555143,0.0,0.27799999713897705,-0.03700000047683716
2016-09-16,3.299799919128418,-0.013156296210086751,0.010680731941777974,0.9514886419368593,15.369999885559082,-0.9299993515014648,-0.05705517760927059,0.816431578874347,0.0,0.27300000190734863,-0.004999995231628418
2016-09-19,3.265500068664551,-0.010448924679336613,0.01068520723455879,0.3660018122246086,15.529999732971191,0.15999984741210938,0.010409879544790224,1.1760534680137817,0.0,0.23800000548362732,-0.034999996423721313
2016-09-20,3.271199941635132,0.0017439608384146148,0.01066652947533226,0.5490610243978988,15.920000076293945,0.3900003433227539,0.02511270766442819,1.5070855018702116,0.0,0.2879999876022339,0.04999998211860657
2016-09-21,3.2560999393463135,-0.004626730654583276,0.010451338130395305,0.2574948772073102,13.300000190734863,-2.619999885559082,-0.1645728563444202,0.002628292695702164,0.0,0.22300000488758087,-0.06499998271465302
2016-09-22,3.2095999717712402,-0.014383831581298911,0.010928254978564398,-0.6975098126419654,12.020000457763672,-1.2799997329711914,-0.09624058004622238,-0.7466638000573771,0.0,0.1599999964237213,-0.06300000846385956
2016-09-23,3.2170000076293945,0.002302940638098875,0.010935941806976717,-0.54940888443252,12.289999961853027,0.26999950408935547,0.0224625202834301,-0.5582140408703901,0.0,0.16500000655651093,0.005000010132789612
2016-09-26,3.2432000637054443,0.00811126572989612,0.010797223449604921,-0.009423124394125551,14.5,2.2100000381469727,0.1798209963390236,0.8110170533440542,0.0,0.17299999296665192,0.007999986410140991
2016-09-27,3.240600109100342,-0.0008019848468989664,0.010489251761206332,-0.047232394569808676,13.100000381469727,-1.3999996185302734,-0.09655169782967399,-0.030495726642966493,0.0,0.2549999952316284,0.0820000022649765
2016-09-28,3.232599973678589,-0.002471772660391401,0.010486069420079945,-0.19386404459317402,12.390000343322754,-0.7100000381469727,-0.05419847461617522,-0.455798134866074,0.0,0.2630000114440918,0.008000016212463379
2016-09-29,3.2177999019622803,-0.004588893083597822,0.010510254690781073,-0.48179091757223846,14.020000457763672,1.630000114440918,0.1315577134200292,0.5943426518823007,0.0,0.23499999940395355,-0.028000012040138245
2016-09-30,3.2592999935150146,0.01281458063858248,0.010742709430822369,0.4880541568524062,13.289999961853027,-0.7300004959106445,-0.05206850728071133,0.12524781266470936,0.0,0.25999999046325684,0.024999991059303284
2016-10-03,3.2597999572753906,0.0001533842908163499,0.010741094073448263,0.5216611841832829,13.569999694824219,0.2799997329711914,0.021068452503753887,0.3044339181156232,0.0,0.2879999876022339,0.02799999713897705
2016-10-04,3.208699941635132,-0.015799978196542178,0.011271415201888985,-0.653314387090567,13.630000114440918,0.06000041961669922,0.004421549076348397,0.34195349707100076,0.0,0.3149999976158142,0.027000010013580322
2016-10-05,3.254499912261963,0.014172774570972697,0.010596475424872867,0.46689502306739217,12.989999771118164,-0.6400003433227539,-0.04695527057587301,-0.06772658921993994,0.0,0.31299999356269836,-0.0020000040531158447
2016-10-06,3.2184998989105225,-0.011123245969659476,0.010922188859766188,-0.3922331418577992,12.84000015258789,-0.14999961853027344,-0.011547314947901732,-0.16408771347940582,0.0,0.3100000023841858,-0.0029999911785125732
2016-10-07,3.2272000312805176,0.0026995168089294997,0.010808912659986104,-0.17163543345771193,13.479999542236328,0.6399993896484375,0.04984418863261819,0.23751553403495032,0.0,0.3100000023841858,0.0
2016-10-10,3.2193000316619873,-0.002450943456475699,0.010017880444981617,-0.34390934490797687,13.380000114440918,-0.09999942779541016,-0.007418355429618995,0.1635878846753607,0.0,0.30799999833106995,-0.0020000040531158447
2016-10-11,3.202699899673462,-0.005169781730971537,0.009945301758433169,-0.7307375282174182,15.359999656677246,1.9799995422363281,0.14798202730202759,1.3817232492823242,0.0,0.3199999928474426,0.01199999451637268
2016-10-12,3.1958999633789062,-0.0021254458787850123,0.008607169780520308,-0.8715375432496365,15.90999984741211,0.5500001907348633,0.035807304884656554,1.657877175387852,0.0,0.3400000035762787,0.02000001072883606
2016-10-13,3.200700044631958,0.0015008229834736146,0.008279713367788603,-0.7316073437011664,16.690000534057617,0.7800006866455078,0.04902581358430247,2.0288928209556993,0.0,0.2750000059604645,-0.06499999761581421
2016-10-14,3.177299976348877,-0.007337777736008794,0.007970268826645067,-1.2558486052281346,16.1200008392334,-0.5699996948242188,-0.03415216756051487,1.6160264972369147,0.0,0.28999999165534973,0.014999985694885254
2016-10-17,3.2019999027252197,0.007743812103324871,0.007980369247502901,-0.6381132362170363,16.209999084472656,0.08999824523925781,0.005583017404082069,1.601031681209895,0.0,0.29499998688697815,0.004999995231628418
2016-10-18,3.204200029373169,0.0006868742024194748,0.007964851281346354,-0.5602968450990229,15.279999732971191,-0.9299993515014648,-0.057371955831403976,1.0327504887454868,0.0,0.3330000042915344,0.038000017404556274
2016-10-19,3.1816999912261963,-0.007046816011056615,0.008040320027165577,-1.0737615057376118,14.40999984741211,-0.869999885559082,-0.056937166280297546,0.5185561691914686,0.0,0.3230000138282776,-0.009999990463256836
2016-10-20,3.166100025177002,-0.004915087877474848,0.007479640175787784,-1.400881925824005,13.75,-0.6599998474121094,-0.04580151661352294,0.1311829953729647,0.0,0.3199999928474426,-0.003000020980834961
2016-10-21,3.1391000747680664,-0.008564396058943621,0.007644283788086639,-1.961341666723789,13.34000015258789,-0.4099998474121094,-0.029818170720880666,-0.11880879572504996,0.0,0.3149999976158142,-0.004999995231628418
2016-10-24,3.148900032043457,0.0031170372275940313,0.007400925237606415,-1.654685156605107,13.020000457763672,-0.31999969482421875,-0.02398798284587278,-0.3100852466809334,0.0,0.31299999356269836,-0.0020000040531158447
2016-10-25,3.124500036239624,-0.007778913692144679,0.0075308054616720676,-2.1000911529030684,13.460000038146973,0.4399995803833008,0.03379412940964488,-0.05609359235412949,0.0,0.32499998807907104,0.01199999451637268
2016-10-26,3.1103999614715576,-0.004522959088525354,0.0075540199055180255,-2.2686420938216836,14.239999771118164,0.7799997329711914,0.057949459937637116,0.38247627334944756,0.0,0.31299999356269836,-0.01199999451637268
2016-10-27,3.1387999057769775,0.009089208355367152,0.007911056633031481,-1.5878774757982128,15.359999656677246,1.119999885559082,0.07865167862085842,0.9982161616730645,0.0,0.2750000059604645,-0.03799998760223389
2016-10-28,3.165299892425537,0.008407272596091617,0.007552112525263011,-1.013791310887315,16.190000534057617,0.8300008773803711,0.05403651666226161,1.426011630385166,0.0,0.27300000190734863,-0.0020000040531158447
2016-10-31,3.2030999660491943,0.011871276422402485,0.00811750508768238,-0.2367778802988454,17.059999465942383,0.8699989318847656,0.05373680686758586,1.8429051334082072,0.0,0.29499998688697815,0.021999984979629517
2016-11-01,3.198199987411499,-0.0015309326637865835,0.007325318699693663,-0.35377047756509855,18.559999465942383,1.5,0.08792497344413852,2.51132182829167,0.0,0.3449999988079071,0.050000011920928955
2016-11-02,3.235100030899048,0.011471701320286645,0.007067448944932963,0.41014760317831994,19.31999969482422,0.7600002288818359,0.04094828937233741,2.6957003978701586,0.0,0.3449999988079071,0.0
2016-11-03,3.2525999546051025,0.005394813628344141,0.0066910731461867125,0.7681815027474163,22.079999923706055,2.760000228881836,0.14285715696057877,3.5874753309289,1.0,0.3580000102519989,0.013000011444091797
2016-11-04,3.2583999633789062,0.0017816035573705992,0.006678523094346733,0.872461559644928,22.510000228881836,0.43000030517578125,0.01947465156981787,3.362975411729929,1.0,0.3580000102519989,0.0
2016-11-07,3.232300043106079,-0.008042294643694239,0.0069203688959671205,0.258046725682074,18.709999084472656,-3.8000011444091797,-0.16881390962997522,1.7132079034172256,0.0,0.38999998569488525,0.03199997544288635
2016-11-08,3.200900077819824,-0.00976192689522021,0.007179295646016184,-0.47364468128193626,18.739999771118164,0.030000686645507812,0.0016034574085257436,1.6521794339726101,0.0,0.41999998688697815,0.030000001192092896
2016-11-09,3.168100118637085,-0.01029996801621859,0.007529152468303191,-1.2066867836873922,14.380000114440918,-4.359999656677246,-0.2326574018104749,-0.10761598385496156,0.0,0.4180000126361847,-0.001999974250793457
2016-11-10,3.2330000400543213,0.020278434574555252,0.00884013707862936,0.2682183443344838,14.739999771118164,0.3599996566772461,0.025034746440350863,0.015552882027808036,0.0,0.4580000042915344,0.03999999165534973
2016-11-11,3.3956000804901123,0.0490699884534064,0.013809040914219986,3.497261431740663,14.170000076293945,-0.5699996948242188,-0.038670264835491186,-0.24089090659570614,0.0,0.4580000042915344,0.0
2016-11-14,3.390000104904175,-0.0016505472483712314,0.013810506892335617,3.0470711509872763,14.479999542236328,0.3099994659423828,0.021877167556336508,-0.12843806351739812,0.0,0.503000020980835,0.04500001668930054
2016-11-15,3.4402999877929688,0.014728720999333646,0.014049464861918876,3.4866263330766083,13.369999885559082,-1.109999656677246,-0.07665743727681185,-0.6047063445413474,0.0,0.4880000054836273,-0.015000015497207642
2016-11-16,3.441699981689453,0.0004068567050289537,0.013850895958299999,3.1448190669099305,13.720000267028809,0.35000038146972656,0.026178039227042982,-0.4593161395440737,0.0,0.453000009059906,-0.034999996423721313
2016-11-17,3.450700044631958,0.0026115919051357115,0.013699417680631005,2.9695255585353384,13.350000381469727,-0.36999988555908203,-0.026967921163110087,-0.6130066734167673,0.0,0.41999998688697815,-0.033000022172927856
2016-11-18,3.4323999881744385,-0.005317400441487086,0.013557395623654269,2.516836235773081,12.850000381469727,-0.5,-0.03745318245039286,-0.8153821460677555,0.0,0.4180000126361847,-0.001999974250793457
2016-11-21,3.3822999000549316,-0.014703799604314527,0.014220158598070144,1.7804105696908603,12.420000076293945,-0.43000030517578125,-0.03346305777514691,-0.9893202088198427,0.0,0.41999998688697815,0.001999974250793457
2016-11-22,3.387399911880493,0.001506717559737721,0.013979492607683278,1.763135111385811,12.40999984741211,-0.010000228881835938,-0.0008051714026091616,-0.9843788938410287,0.0,0.4749999940395355,0.05500000715255737
2016-11-23,3.363600015640259,-0.007050805834514267,0.014072102524973512,1.4144757621381994,12.430000305175781,0.020000457763671875,0.0016116404520216676,-0.9639869855447959,0.0,0.48500001430511475,0.010000020265579224
2016-11-24,3.4310998916625977,0.01986904427155801,0.014481292364133527,2.1160881819846606,12.430000305175781,0.0,0.0,-0.9515168852818974,0.0,0.48500001430511475,0.0
2016-11-25,3.390700101852417,-0.011844458107446831,0.014892373851821815,1.5772277196766735,12.34000015258789,-0.09000015258789062,-0.007240559161564519,-0.9938231161713001,0.0,0.47999998927116394,-0.005000025033950806
2016-11-28,3.4210000038146973,0.008896487319976214,0.014818399225715208,1.839309683093409,13.149999618530273,0.8099994659423828,0.06564015039922944,-0.671557748404549,0.0,0.44999998807907104,-0.030000001192092896
2016-11-29,3.4072000980377197,-0.004042038709992959,0.014871944172491268,1.6207228452383828,12.899999618530273,-0.25,-0.019011407395610358,-0.7866791168126858,0.0,0.46799999475479126,0.018000006675720215
2016-11-30,3.4537999629974365,0.013584195054295024,0.014941384383165454,2.017845361219182,13.329999923706055,0.43000030517578125,0.03333335797608128,-0.6215288114963622,0.0,0.46799999475479126,0.0
2016-12-01,3.4063000679016113,-0.013848385299961345,0.0154096567520695,1.4563608665768724,14.069999694824219,0.7399997711181641,0.05551386161691929,-0.32152442147262167,0.0,0.4580000042915344,-0.009999990463256836
2016-12-02,3.572999954223633,0.047778888074636025,0.018457881920106334,2.9076779833762934,14.119999885559082,0.05000019073486328,0.0035536739032948628,-0.2791377136534477,0.0,0.45500001311302185,-0.0029999911785125732
2016-12-05,3.4746999740600586,-0.027897429340128854,0.01966837539565642,1.8635481560633442,12.140000343322754,-1.9799995422363281,-0.14022659761218048,-1.0996501428582237,0.0,0.453000009059906,-0.0020000040531158447
2016-12-06,3.4200000762939453,-0.015867563506713468,0.019932554224033887,1.3036381567686208,11.789999961853027,-0.35000038146972656,-0.028830343622043952,-1.2093687013763577,0.0,0.48500001430511475,0.03200000524520874
2016-12-07,3.4063000679016113,-0.0040138952277937665,0.01975541865048942,1.150142529986432,12.220000267028809,0.43000030517578125,0.03647161209220218,-0.9944092339562148,0.0,0.4880000054836273,0.0029999911785125732
2016-12-08,3.3815999031066895,-0.007277736537544613,0.01949197612473062,0.9138199749078502,12.640000343322754,0.4200000762939453,0.034369890926038815,-0.7860663748500553,0.0,0.49000000953674316,0.0020000040531158447
2016-12-09,3.373699903488159,-0.0023389052880274687,0.016084140643908427,0.8257644243382194,11.75,-0.8900003433227539,-0.07041141765418613,-1.1338632401423574,0.0,0.5199999809265137,0.029999971389770508
2016-12-12,3.377000093460083,0.00097773274958741,0.01608346471256496,0.8339844805583543,12.640000343322754,0.8900003433227539,0.0757447100700217,-0.7299831563953636,0.0,0.5,-0.019999980926513672
2016-12-13,3.3373000621795654,-0.011825653610053876,0.015881684832359126,0.464966240142087,12.720000267028809,0.07999992370605469,0.00632910771622841,-0.6729888760566929,0.0,0.5230000019073486,0.023000001907348633
2016-12-14,3.334199905395508,-0.0009293733110298925,0.01587596262595314,0.42490975505408624,13.1899995803833,0.4699993133544922,0.036949630777348696,-0.4711664053870933,0.0,0.5230000019073486,0.0
2016-12-15,3.36899995803833,0.010383209811362986,0.016077951293995592,0.7140503878275417,12.789999961853027,-0.39999961853027344,-0.030325976592536774,-0.6504839241170737,0.0,0.4880000054836273,-0.034999996423721313
2016-12-16,3.3657000064849854,-0.0009799848055075415,0.016048688678691355,0.6619934012264698,12.199999809265137,-0.5900001525878906,-0.04612980096541075,-0.9025303648601947,0.0,0.48500001430511475,-0.0029999911785125732
2016-12-19,3.390399932861328,0.007311921565637784,0.01581118648539356,0.8580987826479566,11.710000038146973,-0.48999977111816406,-0.04016391629334615,-1.0817479686765967,0.0,0.4779999852180481,-0.00700002908706665
2016-12-20,3.3638999462127686,-0.007846889566053759,0.015906048295145567,0.6017186875922305,11.449999809265137,-0.26000022888183594,-0.02220326456318089,-1.1689212864366574,0.0,0.5130000114440918,0.0350000262260437
2016-12-21,3.353100061416626,-0.003215689769352197,0.015843986634237705,0.4875298718142767,11.270000457763672,-0.17999935150146484,-0.01572046764191315,-1.2269488248290819,0.0,0.503000020980835,-0.009999990463256836
2016-12-22,3.3254001140594482,-0.008295307470301378,0.015209367533029036,0.22442238319997954,11.430000305175781,0.15999984741210938,0.014196969025133344,-1.1296355418515203,0.0,0.49300000071525574,-0.010000020265579224
2016-12-23,3.28629994392395,-0.011827707130370091,0.015208772094260524,-0.13122292790248977,11.4399995803833,0.009999275207519531,0.0008748272038969773,-1.1023239656118928,0.0,0.5,0.006999999284744263
2016-12-26,3.2695000171661377,-0.005125221523658711,0.015023256618831596,-0.2839825587414657,11.4399995803833,0.0,0.0,-1.077379466548707,0.0,0.5,0.0
2016-12-27,3.2695999145507812,3.0553863893955616e-05,0.015025499821820148,-0.29375824541113826,11.989999771118164,0.5500001907348633,0.04807694151300268,-0.838849496916918,0.0,0.4950000047683716,-0.004999995231628418
2016-12-28,3.269399881362915,-6.118158561609564e-05,0.014580917883902655,-0.2980640241530506,12.949999809265137,0.9600000381469727,0.08006672697854822,-0.4522318173884168,0.0,0.4950000047683716,0.0
2016-12-29,3.2825000286102295,0.003998890362944161,0.014410655380832624,-0.189959206291629,13.369999885559082,0.4200000762939453,0.03243243880154001,-0.2872092390133297,0.0,0.4399999976158142,-0.05500000715255737
2016-12-30,3.2523000240325928,-0.009242890168168653,0.008505741770127037,-0.469638957310381,14.039999961853027,0.6700000762939453,0.05011219760873842,-0.021029199085060558,0.0,0.47999998927116394,0.03999999165534973
2017-01-02,3.253200054168701,0.0002766982187476596,0.006576210836422092,-0.46810326200353136,14.039999961853027,0.0,0.0,-0.025481433221409767,0.0,0.47999998927116394,0.0
2017-01-03,3.2839999198913574,0.009423023235182373,0.006461644261270139,-0.2001090631101904,12.850000381469727,-1.1899995803833008,-0.08475780510089415,-0.48872868476316117,0.0,0.4749999940395355,-0.004999995231628418
2017-01-04,3.2634999752044678,-0.006261935701262379,0.006517303665134343,-0.4024283072775746,11.850000381469727,-1.0,-0.07782100936292924,-0.8634657272972528,0.0,0.5180000066757202,0.04300001263618469
2017-01-05,3.214099884033203,-0.01525288686786179,0.0070687597242331136,-0.8648879526505655,11.670000076293945,-0.18000030517578125,-0.015189898681965852,-0.9051242246119561,0.0,0.5080000162124634,-0.009999990463256836
2017-01-06,3.197700023651123,-0.005115535850083146,0.007091829751580849,-1.0243047531134195,11.319999694824219,-0.35000038146972656,-0.029991463511701788,-1.0122093409172277,0.0,0.503000020980835,-0.004999995231628418
2017-01-09,3.2221999168395996,0.007632521488814942,0.007420906548785046,-0.8009773891458223,11.5600004196167,0.24000072479248047,0.021201478026736664,-0.8852349871462986,0.0,0.48500001430511475,-0.018000006675720215
2017-01-10,3.195499897003174,-0.008320792389806004,0.007224040786052211,-1.048172249357146,11.489999771118164,-0.07000064849853516,-0.006055419200482692,-0.8848869496646231,0.0,0.503000020980835,0.018000006675720215
2017-01-11,3.194499969482422,-0.000312966369266546,0.007230928115708994,-1.0619291247938107,11.260000228881836,-0.22999954223632812,-0.020017366998950403,-0.9495311221648429,0.0,0.49799999594688416,-0.005000025033950806
2017-01-12,3.1963000297546387,0.0005633286349234217,0.00664551163820267,-1.0558153525419092,11.539999961853027,0.2799997329711914,0.02486676085964845,-0.8182106149034755,0.0,0.503000020980835,0.005000025033950806
2017-01-13,3.186800003051758,-0.002976620660323164,0.006634390222218291,-1.165119148129307,11.229999542236328,-0.3100004196166992,-0.02686312137274227,-0.9206570805501136,0.0,0.5130000114440918,0.009999990463256836
2017-01-16,3.186800003051758,0.0,0.006241682363992971,-1.1809231173562824,11.229999542236328,0.0,0.0,-0.902845050342194,0.0,0.5130000114440918,0.0
2017-01-17,3.240499973297119,0.01671035116357682,0.0075386970828932405,-0.7001402626997376,11.869999885559082,0.6400003433227539,0.05699023770354539,-0.6395223194260592,0.0,0.5130000114440918,0.0
2017-01-18,3.2098000049591064,-0.009518999195367379,0.007727373181173894,-1.0447328980671944,12.479999542236328,0.6099996566772461,0.05139003054409175,-0.38974753820482827,0.0,0.5149999856948853,0.001999974250793457
2017-01-19,3.229599952697754,0.0061496444602139304,0.00780080140898631,-0.8782609756064986,12.779999732971191,0.3000001907348633,0.024038477703429928,-0.25700184519235786,0.0,0.503000020980835,-0.011999964714050293
2017-01-20,3.1949000358581543,-0.010802476251422291,0.007732163716120059,-1.2498817184475868,11.539999961853027,-1.239999771118164,-0.09702658818678078,-0.7163812794886166,0.0,0.47999998927116394,-0.02300003170967102
2017-01-23,3.1422998905181885,-0.016600818638935772,0.008417734846156166,-1.7577401472569196,11.770000457763672,0.23000049591064453,0.01993071894895504,-0.600315345904516,0.0,0.4729999899864197,-0.006999999284744263
2017-01-24,3.1617000102996826,0.006154879863740597,0.008604208853639415,-1.540012342999041,11.069999694824219,-0.7000007629394531,-0.059473299550954706,-0.8589464322027535,0.0,0.49300000071525574,0.02000001072883606
2017-01-25,3.1686999797821045,0.0022115418761569595,0.008641611243825708,-1.4395039918979309,10.8100004196167,-0.25999927520751953,-0.02348683670958751,-0.9560601103495209,0.0,0.4830000102519989,-0.009999990463256836
2017-01-26,3.1684999465942383,-6.312983344587376e-05,0.008551242649528086,-1.4072848520613688,10.630000114440918,-0.18000030517578125,-0.016651276428180206,-1.101496931509302,0.0,0.4880000054836273,0.004999995231628418
2017-01-27,3.176100015640259,0.002395761033451081,0.008410601774758697,-1.3024342519831222,10.579999923706055,-0.05000019073486328,-0.004703686754145675,-1.3190334012051443,0.0,0.49799999594688416,0.009999990463256836
2017-01-30,3.109600067138672,-0.02115991181301587,0.009508700497353854,-1.8797240641422552,11.880000114440918,1.3000001907348633,0.12287336484965561,-0.46967812384150187,0.0,0.4950000047683716,-0.0029999911785125732
2017-01-31,3.125499963760376,0.005100136648254986,0.009275492032374297,-1.6892723584344749,11.989999771118164,0.1099996566772461,0.009259230270842744,-0.3835142807329063,0.0,0.5,0.004999995231628418
2017-02-01,3.150099992752075,0.007839937269632306,0.009505480272626135,-1.4512540762819512,11.8100004196167,-0.17999935150146484,-0.015012456625316362,-0.5316619533084197,0.0,0.5,0.0
2017-02-02,3.128000020980835,-0.00704036667404496,0.00905921254789831,-1.609794796593813,11.930000305175781,0.11999988555908203,0.010160870558459933,-0.38466398727220974,0.0,0.4880000054836273,-0.01199999451637268
2017-02-03,3.122499942779541,-0.0017598846981042209,0.0090169272033651,-1.5921985779651913,10.970000267028809,-0.9600000381469727,-0.08046940600080965,-1.356141743381675,0.0,0.4880000054836273,0.0
2017-02-06,3.119499921798706,-0.0009612371922194686,0.008775921591332165,-1.5542242706550808,11.369999885559082,0.39999961853027344,0.03646304546887791,-0.914871031764297,0.0,0.503000020980835,0.015000015497207642
2017-02-07,3.1136999130249023,-0.001861005775990517,0.00863403548762736,-1.5469172498104289,11.289999961853027,-0.07999992370605469,-0.007036053167217893,-0.9718208902106538,0.0,0.5249999761581421,0.02199995517730713
2017-02-08,3.1166999340057373,0.0009630268638766496,0.008646391875506238,-1.4680403245822602,11.449999809265137,0.15999984741210938,0.014171820013527237,-0.7670622964475745,0.0,0.5249999761581421,0.0
2017-02-09,3.1159000396728516,-0.0002566807883244904,0.00863936790932821,-1.427182779735786,10.880000114440918,-0.5699996948242188,-0.04978163356500542,-1.3731905495721515,0.0,0.527999997138977,0.003000020980834961
2017-02-10,3.1287999153137207,0.00413146959274012,0.00871153460540477,-1.2720911137934015,10.850000381469727,-0.029999732971191406,-0.0027573283690845996,-1.356612940232469,0.0,0.5230000019073486,-0.004999995231628418
2017-02-13,3.107100009918213,-0.00695969891955229,0.008811350328572052,-1.4085710429859506,11.069999694824219,0.2199993133544922,0.0202764336976633,-1.0724385286285707,0.0,0.5230000019073486,0.0
2017-02-14,3.110100030899048,0.0009650714771862993,0.0077615077117673716,-1.333789557507872,10.739999771118164,-0.3299999237060547,-0.029810292032830477,-1.3908200369622428,0.0,0.5350000262260437,0.012000024318695068
2017-02-15,3.081199884414673,-0.00933579596651982,0.007752336033615899,-1.5209997849390335,11.970000267028809,1.2300004959106445,0.11452518827964431,-0.01997693863594923,0.0,0.5199999809265137,-0.01500004529953003
2017-02-16,3.0560998916625977,-0.008179536151152854,0.0076161346137767205,-1.671168021022734,11.760000228881836,-0.21000003814697266,-0.017543862444632907,-0.24103136535418943,0.0,0.5080000162124634,-0.011999964714050293
2017-02-17,3.0875000953674316,0.010222175009900133,0.007893693760323834,-1.3569239110090268,11.489999771118164,-0.2700004577636719,-0.022959222152102332,-0.5249044904088574,0.0,0.5080000162124634,0.0
2017-02-20,3.0954999923706055,0.0025877086701450373,0.007116363939279635,-1.2499243469417507,11.489999771118164,0.0,0.0,-0.5006702862459144,0.0,0.5080000162124634,0.0
2017-02-21,3.0855000019073486,-0.0032357221153273804,0.006944506177373429,-1.2920582880006408,11.569999694824219,0.07999992370605469,0.00696256965184161,-0.38919281224238333,0.0,0.5049999952316284,-0.003000020980834961
2017-02-22,3.093899965286255,0.0027187003907858157,0.0069586068624204744,-1.1904956572370835,11.739999771118164,0.1700000762939453,0.014693178978214982,-0.1699132839521726,0.0,0.5099999904632568,0.004999995231628418
2017-02-23,3.062299966812134,-0.010266163009638778,0.007239631404302362,-1.416841464292159,11.710000038146973,-0.029999732971191406,-0.0025553435737702968,-0.16865551805790327,0.0,0.49799999594688416,-0.01199999451637268
2017-02-24,3.06030011177063,-0.0006532698810824449,0.0071806043381053095,-1.4525684273349195,11.470000267028809,-0.23999977111816406,-0.020495283547082077,-0.4398082802300351,0.0,0.49799999594688416,0.0
2017-02-27,3.094599962234497,0.011145657972542649,0.006172724788915769,-1.1215077954852017,12.09000015258789,0.619999885559082,0.054054042818229675,0.3807418632444109,0.0,0.49000000953674316,-0.007999986410140991
2017-02-28,3.105299949645996,0.003451667990416514,0.0061083106779979985,-0.9950939797751699,12.920000076293945,0.8299999237060547,0.06865177115224363,1.4273799603548847,0.0,0.5230000019073486,0.03299999237060547
2017-03-01,3.1080000400543213,0.0008691325327184081,0.005809516078995426,-0.944623656634589,12.539999961853027,-0.38000011444091797,-0.02941177338985901,0.9223026390446456,0.0,0.6150000095367432,0.09200000762939453
2017-03-02,3.088200092315674,-0.0063910185952293554,0.005773761061694127,-1.1168559995429463,11.8100004196167,-0.7299995422363281,-0.05821367978126024,-0.003043356726780907,0.0,0.6449999809265137,0.029999971389770508
2017-03-03,3.154599905014038,0.021273248163270756,0.007559631381554086,-0.40377237035316027,10.960000038146973,-0.8500003814697266,-0.07197293406170036,-1.0836463627885373,0.0,0.6830000281333923,0.03800004720687866
2017-03-06,3.119999885559082,-0.011028709819324195,0.007986007527677938,-0.7481075008890863,11.239999771118164,0.2799997329711914,0.02554742080261274,-0.696154877566679,0.0,0.7049999833106995,0.02199995517730713
2017-03-07,3.137200117111206,0.005497754544614886,0.00806449813596577,-0.5341975511453161,11.449999809265137,0.21000003814697266,0.01868327779566159,-0.40050332714543796,0.0,0.7350000143051147,0.030000030994415283
2017-03-08,3.1159000396728516,-0.006812671886493273,0.008220625659092607,-0.7465328714203892,11.859999656677246,0.4099998474121094,0.03580784753204491,0.17295354083968942,0.0,0.7080000042915344,-0.027000010013580322
2017-03-09,3.1593000888824463,0.0138324644063816,0.008783065840198837,-0.21994611913284512,12.300000190734863,0.4400005340576172,0.03709954020191675,0.7908243316795529,0.0,0.7129999995231628,0.004999995231628418
2017-03-10,3.1912999153137207,0.010077818549850764,0.009003516365446407,0.20408116783431873,11.65999984741211,-0.6400003433227539,-0.0520325474307588,-0.07629199989824179,0.0,0.7250000238418579,0.012000024318695068
2017-03-13,3.1475000381469727,-0.013819831699828967,0.009442258395604695,-0.30980525561725664,11.350000381469727,-0.3099994659423828,-0.026586575471627127,-0.4943921297690213,0.0,0.7279999852180481,0.0029999613761901855
2017-03-14,3.152400016784668,0.0015555737656327044,0.009444231850488321,-0.21015064517846488,12.300000190734863,0.9499998092651367,0.08370042091065732,0.7897757203386552,0.0,0.753000020980835,0.025000035762786865
2017-03-15,3.1637001037597656,0.0035781886974841927,0.009160955045759797,-0.006874985371937213,11.630000114440918,-0.6700000762939453,-0.05447155007352211,-0.13674339230164612,0.0,0.7149999737739563,-0.03800004720687866
2017-03-16,3.099900007247925,-0.020372406274853396,0.010175960051299232,-0.9498259523387008,11.210000038146973,-0.4200000762939453,-0.03611350577481365,-0.706886749404627,0.0,0.7080000042915344,-0.006999969482421875
2017-03-17,3.11929988861084,0.0062387267207283555,0.010017766107440814,-0.6208242338605956,11.279999732971191,0.06999969482421875,0.006244397376093946,-0.6061821371896581,0.0,0.7080000042915344,0.0
2017-03-20,3.0866000652313232,-0.010538399346817457,0.01030062372095713,-1.1214722489984426,11.34000015258789,0.06000041961669922,0.005319186262151998,-0.521282266788345,0.0,0.7099999785423279,0.001999974250793457
2017-03-21,3.071000099182129,-0.005066908863261145,0.010337623903099497,-1.3458739981408898,12.470000267028809,1.130000114440918,0.09964727506489868,1.0041555086598877,0.0,0.753000020980835,0.04300004243850708
2017-03-22,3.0868000984191895,0.005131713730152438,0.01038787641136532,-1.0562892647432054,12.8100004196167,0.3400001525878906,0.02726544870146186,1.4758118425549105,0.0,0.7480000257492065,-0.004999995231628418
2017-03-23,3.0848000049591064,-0.0006481604435161779,0.010112165502238243,-1.074258249823358,13.119999885559082,0.3099994659423828,0.024199801388582465,1.9271888773539148,0.0,0.7480000257492065,0.0
2017-03-24,3.1380999088287354,0.017130665139871715,0.010777810017067128,-0.09077637278316006,12.960000038146973,-0.15999984741210938,-0.012195110427418387,1.8502363053837056,0.0,0.7480000257492065,0.0
2017-03-27,3.1096999645233154,-0.009091245074171696,0.010750311534225154,-0.590696294999895,12.5,-0.46000003814697266,-0.03549382999945916,1.3353241615500335,0.0,0.7580000162124634,0.009999990463256836
2017-03-28,3.125200033187866,0.004972044652506078,0.010779528218222062,-0.2614144516616912,11.529999732971191,-0.9700002670288086,-0.0776000213623047,-0.21390214891375664,0.0,0.7730000019073486,0.014999985694885254
2017-03-29,3.138400077819824,0.004214848949334275,0.01081441283984953,0.054469887014393925,11.420000076293945,-0.1099996566772461,-0.009540300019495351,-0.3864977612231545,0.0,0.7549999952316284,-0.018000006675720215
2017-03-30,3.1221001148223877,-0.005207251602144763,0.010777967338311547,-0.27311084525411333,11.539999961853027,0.11999988555908203,0.010507870819386644,-0.1813049626158131,0.0,0.7580000162124634,0.003000020980834961
2017-03-31,3.147700071334839,0.008166160967117753,0.00980596473366545,0.32101377102942397,12.369999885559082,0.8299999237060547,0.07192373712735933,1.1716678639088955,0.0,0.7379999756813049,-0.020000040531158447
2017-04-03,3.121799945831299,-0.00826230888377379,0.009662293342077246,-0.23593940226903676,12.380000114440918,0.010000228881835938,0.0008084259478053912,1.152457193193171,0.0,0.7400000095367432,0.0020000338554382324
2017-04-04,3.11299991607666,-0.002822876689943529,0.009593308897861773,-0.41768786510937317,11.789999961853027,-0.5900001525878906,-0.04765752400112433,0.17413306248521326,0.0,0.7799999713897705,0.039999961853027344
2017-04-05,3.095599889755249,-0.0056051516996840555,0.00955446256943929,-0.8060806965778224,12.890000343322754,1.1000003814697266,0.09329943893374204,1.886816284532621,0.0,0.7799999713897705,0.0
2017-04-06,3.1196000576019287,0.007723094137934216,0.00916778383083804,-0.1974332269286943,12.390000343322754,-0.5,-0.03878975847033306,1.0541821435709156,0.0,0.7879999876022339,0.008000016212463379
2017-04-07,3.1414999961853027,0.006995584707843288,0.009002689701433001,0.37163671371155965,12.869999885559082,0.4799995422363281,0.038740882077134886,1.7349789630096195,0.0,0.7979999780654907,0.009999990463256836
2017-04-10,3.144700050354004,0.001018120461147502,0.008467577905101487,0.4789144998383934,14.050000190734863,1.1800003051757812,0.09168611621355272,3.191234943719019,0.0,0.7879999876022339,-0.009999990463256836
2017-04-11,3.1317999362945557,-0.004110613319994478,0.008505927967156577,0.20972135300980335,15.069999694824219,1.0199995040893555,0.0725978284870048,3.914082859666495,0.0,0.800000011920929,0.012000024318695068
2017-04-12,3.1368000507354736,0.001595289382536102,0.008469481737518915,0.4029186984419214,15.770000457763672,0.7000007629394531,0.04644995203150981,4.013856326441689,0.0,0.7929999828338623,-0.00700002908706665
2017-04-13,3.123500108718872,-0.004248985412028906,0.007132943989049939,0.07083245571426129,15.960000038146973,0.18999958038330078,0.012048165812814648,3.6684921845878855,0.0,0.7900000214576721,-0.0029999613761901855
2017-04-14,3.142400026321411,0.006032644795989252,0.007124177431415706,0.7403364265767656,15.960000038146973,0.0,0.0,3.258876888561884,0.0,0.7900000214576721,0.0
2017-04-17,3.143699884414673,0.00041356584535626905,0.006646563914247795,0.7828636095692939,14.65999984741211,-1.3000001907348633,-0.08145364584133163,2.0606747928800706,0.0,0.7900000214576721,0.0
2017-04-18,3.1303000450134277,-0.004271552415237201,0.006611164734337573,0.35492235450279563,14.420000076293945,-0.23999977111816406,-0.016371062320340357,1.7835274165183599,0.0,0.8050000071525574,0.014999985694885254
2017-04-19,3.1064999103546143,-0.007632199320089431,0.006800248926655134,-0.4335133892368125,14.930000305175781,0.5100002288818359,0.03536756076168546,2.0679299520022774,0.0,0.7850000262260437,-0.019999980926513672
2017-04-20,3.1482999324798584,0.013365941506028347,0.007391736269514014,1.0589636549838717,14.149999618530273,-0.7800006866455078,-0.05224384934373416,1.4234500480645587,0.0,0.7699999809265137,-0.01500004529953003
2017-04-21,3.1470999717712402,-0.00038121826775141014,0.006345954759083907,1.0624982680643866,14.630000114440918,0.48000049591064453,0.03392229744529862,1.7147242576975164,0.0,0.7630000114440918,-0.006999969482421875
2017-04-24,3.1468000411987305,-9.530833731668587e-05,0.005964312098245999,1.0204032423674567,10.84000015258789,-3.7899999618530273,-0.25905672810706337,-1.091902515860816,0.0,0.7699999809265137,0.006999969482421875
2017-04-25,3.127000093460083,-0.0063119682014104285,0.006061193522166295,0.30076072491981665,10.760000228881836,-0.07999992370605469,-0.00738006665866664,-1.1240410348991356,0.0,0.8080000281333923,0.03800004720687866
2017-04-26,3.147200107574463,0.006439094469861268,0.006161616406682956,1.0375227789618804,10.850000381469727,0.09000015258789062,0.008364326270766664,-1.037825208670291,0.0,0.8029999732971191,-0.005000054836273193
2017-04-27,3.171099901199341,0.007565296861840158,0.006239643093904184,1.8272478438077084,10.359999656677246,-0.49000072479248047,-0.045161355535925374,-1.3534113014557592,0.0,0.7850000262260437,-0.01799994707107544
2017-04-28,3.1810998916625977,0.0031485151759367315,0.0060241255388664055,2.0658274303822357,10.819999694824219,0.46000003814697266,0.0444015495551191,-1.0210331951894847,0.0,0.7799999713897705,-0.005000054836273193
2017-05-01,3.176100015640259,-0.0015729809117737232,0.005686652354178193,1.810308498639399,10.109999656677246,-0.7100000381469727,-0.0656192290362636,-1.4885526573988386,0.0,0.7850000262260437,0.005000054836273193
2017-05-02,3.175100088119507,-0.00031487829470899494,0.005628468202504278,1.7003935316488694,10.59000015258789,0.48000049591064453,0.04747779547090514,-1.134837361119601,0.0,0.8429999947547913,0.05799996852874756
2017-05-03,3.1501998901367188,-0.007873247654477902,0.005788857405138464,0.8745560596786135,10.680000305175781,0.09000015258789062,0.008498597855628676,-1.0555231782509078,0.0,0.8479999899864197,0.004999995231628418
2017-05-04,3.162100076675415,0.003770480078427836,0.00560735671721231,1.2156418646156246,10.460000038146973,-0.2200002670288086,-0.020599275350412838,-1.1966704523647684,0.0,0.8550000190734863,0.00700002908706665
2017-05-05,3.1849000453948975,0.007184517521225905,0.005618710207799731,1.850288169006427,10.569999694824219,0.1099996566772461,0.010516219529262294,-1.1140250000320044,0.0,0.8679999709129333,0.012999951839447021
2017-05-08,3.1777000427246094,-0.002263227499415673,0.005656284948041776,1.5632673788641673,9.770000457763672,-0.7999992370605469,-0.07568583350596314,-1.6186685537234167,0.0,0.8700000047683716,0.0020000338554382324
2017-05-09,3.1963999271392822,0.005867475612834565,0.00566621265620914,2.0126774373975445,9.960000038146973,0.18999958038330078,0.019447243754458388,-1.4659881915523059,0.0,0.8899999856948853,0.019999980926513672
2017-05-10,3.186800003051758,-0.0030078742418537174,0.005734726403047932,1.6673865090489337,10.210000038146973,0.25,0.025100401510290693,-1.2622590658348694,0.0,0.875,-0.014999985694885254
2017-05-11,3.1656999588012695,-0.006643092317587902,0.00586887833394562,1.0372765265450272,10.600000381469727,0.3900003433227539,0.0381978787331656,-0.9852870088968976,0.0,0.8600000143051147,-0.014999985694885254
2017-05-12,3.1389999389648438,-0.00846992874843443,0.006064235162231289,0.22152665479429368,10.399999618530273,-0.20000076293945312,-0.018867995824705996,-1.0939961075409437,0.0,0.8550000190734863,-0.004999995231628418
2017-05-15,3.1777000427246094,0.012253419695041578,0.006660851590202109,1.3391900365193388,10.420000076293945,0.020000457763671875,0.0019231210093542117,-1.0605078823823775,0.0,0.8629999756813049,0.007999956607818604
2017-05-16,3.1082000732421875,-0.02211387404716239,0.008325690220129505,-0.7648591622427845,10.649999618530273,0.22999954223632812,0.022072892567399194,-0.8977668286643923,0.0,0.8899999856948853,0.027000010013580322
2017-05-17,3.0957999229431152,-0.0039974747966980565,0.008197140821730136,-1.1435443200125266,15.59000015258789,4.940000534057617,0.4638498320189939,2.1219054970317237,0.0,0.875,-0.014999985694885254
2017-05-18,3.1333999633789062,0.012072336023057868,0.008089083392342827,-0.03845565481917771,14.65999984741211,-0.9300003051757812,-0.05965364310925958,1.4938246796482295,0.0,0.8930000066757202,0.018000006675720215
2017-05-19,3.36899995803833,0.07249728667927058,0.01816293604075203,5.394020908976856,12.039999961853027,-2.619999885559082,-0.17871759296242995,-0.08540140245866364,0.0,0.8880000114440918,-0.004999995231628418
2017-05-22,3.2532999515533447,-0.03494610105796591,0.020086522113878378,2.490325498570527,10.930000305175781,-1.109999656677246,-0.09219266280682037,-0.7378804057840135,0.0,0.878000020980835,-0.009999990463256836
2017-05-23,3.265399932861328,0.003712395238079673,0.02000190875054401,2.5602667509300305,10.720000267028809,-0.21000003814697266,-0.019213177702065543,-0.8380149129504921,0.0,0.9129999876022339,0.034999966621398926
2017-05-24,3.2685999870300293,0.0009795085594702213,0.01997775383169097,2.4481283081025187,10.020000457763672,-0.6999998092651367,-0.06529848804370886,-1.215084665573647,0.0,0.9049999713897705,-0.008000016212463379
2017-05-25,3.274199962615967,0.0017117983115734346,0.019933099059200533,2.4016205053378257,9.989999771118164,-0.030000686645507812,-0.0029940803667591886,-1.199986505830072,0.0,0.9079999923706055,0.003000020980834961
2017-05-26,3.2734999656677246,-0.00021381460927526224,0.019933528250618997,2.2451327734101794,9.8100004196167,-0.17999935150146484,-0.018017953516060725,-1.279592262866713,0.0,0.9100000262260437,0.0020000338554382324
2017-05-29,3.1777000427246094,-0.029702060300350146,0.021114079237593814,0.44550206191548875,9.8100004196167,0.0,0.0,-1.2509476085425264,0.0,0.9100000262260437,0.0
2017-05-30,3.2553999423980713,0.024157460170272326,0.021791583273804486,1.8052223704883559,10.380000114440918,0.5699996948242188,0.05810394194116553,-0.9110162062593933,0.0,0.9100000262260437,0.0
2017-05-31,3.256200075149536,0.0002457561131935689,0.021688084743079948,1.7382820121859446,10.40999984741211,0.029999732971191406,0.0028901476532217085,-0.8746387498373513,0.0,0.949999988079071,0.039999961853027344
2017-06-01,3.225100040435791,-0.009596924337399256,0.021824993935038867,1.1542906283525767,9.890000343322754,-0.5199995040893555,-0.04995192235460266,-1.1315390639719662,0.0,0.9480000138282776,-0.001999974250793457
2017-06-02,3.249000072479248,0.007383308938349903,0.021828010325451754,1.5285686266069214,9.75,-0.1400003433227539,-0.01415574706398015,-1.1774821912826874,0.0,0.953000009059906,0.004999995231628418
2017-06-05,3.2492001056671143,6.156572049044743e-05,0.02181592555579805,1.475002300003551,10.069999694824219,0.31999969482421875,0.03282048152043271,-0.9827404203349683,0.0,0.9480000138282776,-0.004999995231628418
2017-06-06,3.296099901199341,0.014331076702164146,0.021994372380321637,2.137539881251194,10.449999809265137,0.38000011444091797,0.03773586156474562,-0.7557043890912489,0.0,0.9580000042915344,0.009999990463256836
2017-06-07,3.2760000228881836,-0.006116748440340719,0.022039114505625134,1.7345412836720688,10.390000343322754,-0.05999946594238281,-0.005741575793062337,-0.7730968353039095,0.0,0.9729999899864197,0.014999985694885254
2017-06-08,3.2672998905181885,-0.002659250718178949,0.021980707371054935,1.535793118657046,10.15999984741211,-0.23000049591064453,-0.022136716873013107,-0.8825282839863363,0.0,0.9729999899864197,0.0
2017-06-09,3.2595999240875244,-0.002359457084234707,0.021875889236085334,1.3638805580057862,10.699999809265137,0.5399999618530273,0.053149603342816265,-0.5865327345569734,0.0,0.9800000190734863,0.00700002908706665
2017-06-12,3.1777000427246094,-0.025446787064316793,0.022549354086535064,0.07729844154687004,11.460000038146973,0.7600002288818359,0.0710280600401274,-0.18117175186153225,0.0,0.9729999899864197,-0.00700002908706665
2017-06-13,3.316699981689453,0.04281262907171463,0.023835090525674604,2.149616025953786,10.420000076293945,-1.0399999618530273,-0.09075043266938687,-0.7168530833612735,0.0,0.9829999804496765,0.009999990463256836
2017-06-14,3.3143999576568604,-0.0006937081768839593,0.023793657655804604,2.0161970015950335,10.640000343322754,0.2200002670288086,0.02111326923397261,-0.5801415185308543,0.0,0.9829999804496765,0.0
2017-06-15,3.272599935531616,-0.012691842692329165,0.023962986539609463,1.3423019201912636,10.899999618530273,0.25999927520751953,0.024436021317488565,-0.42318482985393535,0.0,0.9929999709129333,0.009999990463256836
2017-06-16,3.2736001014709473,0.00030557145869668695,0.017332223611829553,1.308988537179329,10.380000114440918,-0.5199995040893555,-0.04770637819154999,-0.6782732451252311,0.0,0.9850000143051147,-0.007999956607818604
2017-06-19,3.288599967956543,0.004571604782274143,0.015462718739255659,1.477080100164891,10.369999885559082,-0.010000228881835938,-0.0009634131764529874,-0.6632985438710678,0.0,0.9850000143051147,0.0
2017-06-20,3.281100034713745,-0.0022831899471262834,0.015456087126035039,1.3174951846781575,10.859999656677246,0.48999977111816406,0.04725166601019182,-0.3952999352119034,0.0,0.9929999709129333,0.007999956607818604
2017-06-21,3.325500011444092,0.013441299576589912,0.01573612830664197,1.8759905635592236,10.75,-0.1099996566772461,-0.010128882150526874,-0.44723999995307895,0.0,0.9679999947547913,-0.02499997615814209
2017-06-22,3.333400011062622,0.0023727652610055394,0.01573869878503524,1.8956325378131809,10.479999542236328,-0.2700004577636719,-0.025116321652434603,-0.5798260651366118,0.0,0.9330000281333923,-0.034999966621398926
2017-06-23,3.3396999835968018,0.0018881702390002866,0.015737916170652594,1.8868753473884263,10.020000457763672,-0.45999908447265625,-0.04389304432874974,-0.7999009182830765,0.0,0.9330000281333923,0.0
2017-06-26,3.3415000438690186,0.0005388434138691417,0.01398827407218651,1.825891727507425,9.899999618530273,-0.12000083923339844,-0.01197613111289031,-0.8378126353910288,0.0,0.9330000281333923,0.0
2017-06-27,3.294800043106079,-0.01407433992950781,0.013477752184148161,1.1618287813703643,11.0600004196167,1.1600008010864258,0.1171718026044366,-0.2210257706139784,0.0,0.9900000095367432,0.05699998140335083
2017-06-28,3.312000036239624,0.005206766296908146,0.013516456728846053,1.3495948237061466,10.029999732971191,-1.0300006866455078,-0.09312844914712981,-0.7378125444393582,0.0,0.9850000143051147,-0.004999995231628418
2017-06-29,3.2795000076293945,-0.009861273386885937,0.013527334654823333,0.8820267231567369,11.4399995803833,1.4099998474121094,0.1405782537338538,0.012301637441818223,0.0,1.003000020980835,0.018000006675720215
2017-06-30,3.3027000427246094,0.007049354620554502,0.013519031523516193,1.156403473836955,11.180000305175781,-0.25999927520751953,-0.02272721020491575,-0.11047466211334084,0.0,0.9929999709129333,-0.010000050067901611
2017-07-03,3.1777000427246094,-0.03858265058787953,0.016140530990672246,-0.5430882360739672,11.220000267028809,0.039999961853027344,0.0035778140215712018,-0.06541756506278237,0.0,1.0,0.00700002908706665
2017-07-04,3.30049991607666,0.03791626860850809,0.01807404139977396,1.0891931934987946,11.220000267028809,0.0,0.0,-0.031954467323526844,0.0,1.0,0.0
2017-07-05,3.3092000484466553,0.0026325362546551993,0.018022309913424437,1.1678120493881037,11.069999694824219,-0.15000057220458984,-0.013369034637671362,-0.07627610319794818,0.0,1.0199999809265137,0.019999980926513672
2017-07-06,3.2869999408721924,-0.006731206280179329,0.01808282668753393,0.8371600990127422,12.539999961853027,1.4700002670288086,0.13279135569589107,0.8850156365317614,0.0,1.0080000162124634,-0.011999964714050293
2017-07-07,3.297300100326538,0.003128705494001299,0.01808197770110634,0.9467486273197334,11.1899995803833,-1.3500003814697266,-0.10765553314006848,0.0881825685123546,0.0,1.0080000162124634,0.0
2017-07-10,3.1777000427246094,-0.03694630407698523,0.019106767596451593,-0.7159583666528077,11.109999656677246,-0.07999992370605469,-0.007149233843252278,0.07805976294293296,0.0,1.0130000114440918,0.004999995231628418
2017-07-11,3.1777000427246094,0.0,0.016241168488034228,-0.7356172651344635,10.890000343322754,-0.2199993133544922,-0.019801919005665303,-0.04202024931125878,0.0,1.0329999923706055,0.019999980926513672
2017-07-12,3.2530999183654785,0.023450684668223698,0.017222093845227108,0.29794037066007945,10.300000190734863,-0.5900001525878906,-0.05417815739093634,-0.47872223499502076,0.0,1.0230000019073486,-0.009999990463256836
2017-07-13,3.2067999839782715,-0.014334812588455087,0.01728493668877508,-0.38878831241686007,9.899999618530273,-0.40000057220458984,-0.03883500629100978,-0.807630676425297,0.0,1.0130000114440918,-0.009999990463256836
2017-07-14,3.2100000381469727,0.0009973988352302218,0.017288411656478098,-0.3619601305402756,9.510000228881836,-0.3899993896484375,-0.03939387926020299,-1.199044921247689,0.0,1.0080000162124634,-0.004999995231628418
2017-07-17,3.1777000427246094,-0.010113270914998963,0.017351899577888137,-0.8543160416091153,9.819999694824219,0.3099994659423828,0.03259720909374075,-0.8670300828158946,0.0,1.0199999809265137,0.011999964714050293
2017-07-18,3.1812000274658203,0.0011008146239179309,0.017362565293424583,-0.829495354386955,9.890000343322754,0.07000064849853516,0.007128375832377021,-0.7791239797119117,0.0,1.0399999618530273,0.019999980926513672
2017-07-19,3.1526999473571777,-0.00899928087480691,0.017065612548912663,-1.2654351381352735,9.789999961853027,-0.10000038146972656,-0.010111261678291239,-0.8551448151748059,0.0,1.0850000381469727,0.04500007629394531
2017-07-20,3.147700071334839,-0.001587161785631628,0.01702697862161642,-1.326231467035516,9.579999923706055,-0.21000003814697266,-0.021450463632813332,-1.0393532182784138,0.0,1.1130000352859497,0.02799999713897705
2017-07-21,3.1184000968933105,-0.009351969231555764,0.01704728685434032,-1.7174549502541632,9.359999656677246,-0.2200002670288086,-0.022964537451029665,-1.2141898070400787,0.0,1.1380000114440918,0.02499997615814209
2017-07-24,3.1777000427246094,0.018837597268076402,0.017748046874455605,-0.8413212483622534,9.430000305175781,0.07000064849853516,0.007478702036981089,-1.1259807351023423,0.0,1.149999976158142,0.011999964714050293
2017-07-25,3.144399881362915,-0.010534622902895554,0.01764403331538737,-1.31518316316212,9.430000305175781,0.0,0.0,-1.0960591459265148,0.0,1.1430000066757202,-0.006999969482421875
2017-07-26,3.1712000370025635,0.008487021614025625,0.01773286212914345,-0.9325000931770432,9.600000381469727,0.1700000762939453,0.018027579087207313,-0.912440954314117,0.0,1.0950000286102295,-0.04799997806549072
2017-07-27,3.137500047683716,-0.01068375716594844,0.017752575304440195,-1.4127656892021287,10.109999656677246,0.5099992752075195,0.0531249223897885,-0.4294769814853426,0.0,1.0779999494552612,-0.01700007915496826
2017-07-28,3.152600049972534,0.004801205405618705,0.01769787197746444,-1.1749151379520344,10.289999961853027,0.18000030517578125,0.01780418509281545,-0.256917336789449,0.0,1.0529999732971191,-0.02499997615814209
2017-07-31,3.1777000427246094,0.00793015304919963,0.015616316069705843,-0.8102511260153457,10.260000228881836,-0.029999732971191406,-0.002915425955530182,-0.2937108123344737,0.0,1.0529999732971191,0.0
2017-08-01,3.1257998943328857,-0.016467461489584504,0.013217157075358745,-1.5198742845680644,10.09000015258789,-0.1700000762939453,-0.016569207846155454,-0.45549431727553713,0.0,1.0579999685287476,0.004999995231628418
2017-08-02,3.12280011177063,-0.0009601455653359252,0.013164904505896914,-1.5218027307415252,10.279999732971191,0.18999958038330078,0.01883048340039606,-0.2784890012848412,0.0,1.0499999523162842,-0.008000016212463379
2017-08-03,3.1122000217437744,-0.003400192465899756,0.01313490511136313,-1.63151714769184,10.4399995803833,0.15999984741210938,0.015564187895738879,-0.12585875255682535,0.0,1.0579999685287476,0.008000016212463379
2017-08-04,3.1115000247955322,-0.00022494559376556536,0.0130774257228521,-1.6198247906788352,10.029999732971191,-0.4099998474121094,-0.03927201761410959,-0.5036956401231164,0.0,1.0529999732971191,-0.004999995231628418
2017-08-07,3.129300117492676,0.005704441917758458,0.010446075678774034,-1.3495583738037944,9.930000305175781,-0.09999942779541016,-0.009970032946928886,-0.5880104237367076,0.0,1.0329999923706055,-0.019999980926513672
2017-08-08,3.1242001056671143,-0.0016310906769845107,0.010446136105551293,-1.4301938426094134,10.960000038146973,1.0299997329711914,0.10372605249914524,0.3683619639900832,0.0,1.0299999713897705,-0.003000020980834961
2017-08-09,3.1259000301361084,0.0005439671281980297,0.008761592671356802,-1.4300143360340611,11.109999656677246,0.14999961853027344,0.013686096533594094,0.7296520421080499,0.0,1.024999976158142,-0.004999995231628418
2017-08-10,3.1522998809814453,0.008410056010296096,0.008549055936523801,-1.0768365558494408,16.040000915527344,4.930001258850098,0.4437445014579371,5.67609049729642,0.0,1.0180000066757202,-0.006999969482421875
2017-08-11,3.1735999584198,0.00673426974068016,0.008709294794533832,-0.758007869689632,15.510000228881836,-0.5300006866455078,-0.03304243493729775,4.285247881612343,0.0,1.0130000114440918,-0.004999995231628418
2017-08-14,3.1777000427246094,0.0012911009946376282,0.008420139324558783,-0.6798799309307304,12.329999923706055,-3.1800003051757812,-0.2050290301900941,1.478428308653388,0.0,1.003000020980835,-0.009999990463256836
2017-08-15,3.1872000694274902,0.0029851320806477447,0.00844361442543678,-0.5268418545489547,12.039999961853027,-0.28999996185302734,-0.023519867286897922,1.1976766620673078,0.0,1.0080000162124634,0.004999995231628418
2017-08-16,3.16759991645813,-0.006168633211115176,0.008305764751324647,-0.7795961283500812,11.739999771118164,-0.3000001907348633,-0.02491695944230643,0.9164490406706082,0.0,0.9850000143051147,-0.023000001907348633
2017-08-17,3.151400089263916,-0.005127350109280294,0.008384013642422444,-0.9764362578282834,15.550000190734863,3.810000419616699,0.3245315582534989,3.5680684146602033,0.0,0.9779999852180481,-0.00700002908706665
2017-08-18,3.17330002784729,0.006925237782842932,0.00821065424116091,-0.6446638850965117,14.260000228881836,-1.2899999618530273,-0.08295819588617415,2.4326332296495594,0.0,0.9879999756813049,0.009999990463256836
2017-08-21,3.1777000427246094,0.001385613456904904,0.0070456237221747705,-0.5825046846604124,13.1899995803833,-1.0700006484985352,-0.07503510738600017,1.6080058990518218,0.0,0.9649999737739563,-0.023000001907348633
2017-08-22,3.1630001068115234,-0.004636700018150601,0.0066962554016930026,-0.7662719935382953,11.350000381469727,-1.8399991989135742,-0.13949956462850044,0.32243858064128395,0.0,0.9950000047683716,0.030000030994415283
2017-08-23,3.1605000495910645,-0.000790719471458615,0.0064142961596863534,-0.7769624526098804,12.25,0.8999996185302734,0.07929511791027188,0.9187058024780103,0.0,0.9800000190734863,-0.014999985694885254
2017-08-24,3.1393001079559326,-0.006730379101288116,0.0061277228316668955,-1.0449195307808232,12.229999542236328,-0.020000457763671875,-0.0016326904296875,0.8760380953254259,0.0,0.9980000257492065,0.018000006675720215
2017-08-25,3.1465001106262207,0.0022908796235303736,0.006050037870565484,-0.9160709702952696,11.279999732971191,-0.9499998092651367,-0.07767782868546402,0.20736972123600458,0.0,0.9950000047683716,-0.003000020980834961
2017-08-28,3.1586999893188477,0.0038697880238329637,0.005830651369991626,-0.7245694570163201,11.319999694824219,0.039999961853027344,0.0035460959929021207,0.2212640832370287,0.0,1.0049999952316284,0.009999990463256836
2017-08-29,3.165800094604492,0.0022452709855981384,0.004433789630833522,-0.6018091858138592,11.699999809265137,0.38000011444091797,0.033568915608245486,0.46969317457331955,0.0,1.0099999904632568,0.004999995231628418
2017-08-30,3.1642000675201416,-0.0005055377811838211,0.004426336335267656,-0.6008105656422581,11.220000267028809,-0.4799995422363281,-0.0410256025693454,0.12811297145521333,0.0,0.9980000257492065,-0.011999964714050293
2017-08-31,3.158799886703491,-0.0017081075972557624,0.0043603552952398384,-0.6527050163867151,10.59000015258789,-0.630000114440918,-0.05614974148371832,-0.31425502884742273,0.0,0.9779999852180481,-0.020000040531158447
2017-09-01,3.1459999084472656,-0.004060397239570832,0.004487657456785499,-0.8052932810567459,10.130000114440918,-0.46000003814697266,-0.043437207886589335,-0.6254234480131338,0.0,0.9850000143051147,0.00700002908706665
2017-09-04,3.1777000427246094,0.010025902575946013,0.00483910293272257,-0.36067331402526775,10.130000114440918,0.0,0.0,-0.6085768881335236,0.0,0.9850000143051147,0.0
2017-09-05,3.139400005340576,-0.012125977550602532,0.0056190514253233416,-0.8699506299457742,12.229999542236328,2.09999942779541,0.20730497572272832,0.8181838189579341,0.0,0.9829999804496765,-0.0020000338554382324
2017-09-06,3.115799903869629,-0.007545790316472957,0.005881273483914637,-1.1721575768511252,11.630000114440918,-0.5999994277954102,-0.0490596443379504,0.3937441741643708,0.0,1.0379999876022339,0.05500000715255737
2017-09-07,3.097899913787842,-0.005761475488772034,0.005643047559910605,-1.379293712595425,11.550000190734863,-0.07999992370605469,-0.0068787551950854064,0.33101103837220436,0.0,1.0230000019073486,-0.014999985694885254
2017-09-08,3.097599983215332,-9.682207335334301e-05,0.005358073331525663,-1.3357460253351672,12.119999885559082,0.5699996948242188,0.04935062211353536,0.7010373500344541,0.0,1.0199999809265137,-0.003000020980834961
2017-09-11,3.1777000427246094,0.02553006542920076,0.008029431767199191,-0.17039512712669352,10.729999542236328,-1.390000343322754,-0.11468649805673115,-0.25616843588049537,0.0,1.0199999809265137,0.0
2017-09-12,3.0996999740600586,-0.024852353864622794,0.009719610977335041,-1.2590697855294077,10.579999923706055,-0.14999961853027344,-0.013979461782811065,-0.35563254985949483,0.0,1.0180000066757202,-0.001999974250793457
2017-09-13,3.1219000816345215,0.007136492733616839,0.009830163603971284,-0.9138108035624687,10.5,-0.07999992370605469,-0.0075614295163465295,-0.4072630762979793,0.0,1.0180000066757202,0.0
2017-09-14,3.1315999031066895,0.003102208131396829,0.009808474848290548,-0.7484053091560391,10.4399995803833,-0.06000041961669922,-0.0057143256777808515,-0.4478307719714137,0.0,1.027999997138977,0.009999990463256836
2017-09-15,3.1180999279022217,-0.004320206271234124,0.009693220313737457,-0.9461140314686476,10.170000076293945,-0.26999950408935547,-0.02586202250397429,-0.6352800962972662,0.0,1.0099999904632568,-0.018000006675720215
2017-09-18,3.1096999645233154,-0.002697571732490926,0.009686045186537,-1.080396458307478,10.149999618530273,-0.020000457763671875,-0.001966613334673628,-0.6532561462515488,0.0,1.0,-0.009999990463256836
2017-09-19,3.1349000930786133,0.008071058233210414,0.009855875333755405,-0.620711613678882,10.180000305175781,0.030000686645507812,0.002955732785520304,-0.620486973409316,0.0,1.0180000066757202,0.018000006675720215
2017-09-20,3.1328001022338867,-0.0006700993531494668,0.009855690312393264,-0.639886258632798,9.779999732971191,-0.40000057220458984,-0.03929278587557794,-0.8895964535228696,0.0,1.0199999809265137,0.001999974250793457
2017-09-21,3.1305999755859375,-0.0007025343139841002,0.009744750674922219,-0.65890597389625,9.670000076293945,-0.1099996566772461,-0.01124740896529941,-0.937915933334859,0.0,1.0080000162124634,-0.011999964714050293
2017-09-22,3.134500026702881,0.0012450085774496967,0.00973382632141612,-0.5627765866792774,9.59000015258789,-0.07999992370605469,-0.008273001352106957,-0.9664139693446079,0.0,1.003000020980835,-0.004999995231628418
2017-09-25,3.123500108718872,-0.0035154774926769296,0.00971172478949516,-0.7725313471395803,10.210000038146973,0.619999885559082,0.06465066482733817,-0.5364263080879573,0.0,0.9980000257492065,-0.004999995231628418
2017-09-26,3.1572999954223633,0.010763027777286337,0.010023009257830824,-0.013514076262799242,10.170000076293945,-0.039999961853027344,-0.003917723967049813,-0.5501932424922947,0.0,1.0429999828338623,0.04499995708465576
2017-09-27,3.1638998985290527,0.002088181236364622,0.010034727816471344,0.2151622131527895,9.869999885559082,-0.3000001907348633,-0.029498543607109462,-0.7343777895420527,0.0,1.0379999876022339,-0.004999995231628418
2017-09-28,3.1919000148773193,0.008810943665094268,0.010214803118286184,1.0704266516686187,9.550000190734863,-0.31999969482421875,-0.03242144868637886,-0.9165965656755082,0.0,1.0299999713897705,-0.008000016212463379
2017-09-29,3.1809000968933105,-0.0034521493582804026,0.010201341022873485,0.9540135406259068,9.510000228881836,-0.039999961853027344,-0.004188477597292017,-0.918130745336351,0.0,1.027999997138977,-0.001999974250793457
2017-10-02,3.1633999347686768,-0.005516828152084096,0.010032224581001399,0.387149297394271,9.449999809265137,-0.06000041961669922,-0.006309192236870653,-0.9326864551644259,0.0,1.0130000114440918,-0.014999985694885254
2017-10-03,3.152899980545044,-0.0033247198633408266,0.009669202400062579,0.05348729899463819,9.510000228881836,0.06000041961669922,0.006349250881240609,-0.8722293517983081,0.0,1.034999966621399,0.02199995517730713
2017-10-04,3.1407999992370605,-0.003845113766126146,0.009547524560574953,-0.3206993945977241,9.630000114440918,0.11999988555908203,0.012618284192532636,-0.7830659562295778,0.0,1.0429999828338623,0.008000016212463379
2017-10-05,3.13319993019104,-0.0024227200666043975,0.009462943451704542,-0.5793050784946369,9.1899995803833,-0.4400005340576172,-0.045690605278166374,-1.0552348901414077,0.0,1.0429999828338623,0.0
2017-10-06,3.152400016784668,0.006109248591223952,0.009541473832527894,0.20995690557176577,9.649999618530273,0.46000003814697266,0.05005441340050498,-0.7598271223054889,0.0,1.0429999828338623,0.0
2017-10-09,3.1554999351501465,0.00098286866901841,0.007580637993410258,0.35540348665440963,10.329999923706055,0.6800003051757812,0.07046635565352988,-0.32537173055038554,0.0,1.0449999570846558,0.001999974250793457
2017-10-10,3.186800003051758,0.009870337990913233,0.005309868434521857,1.630387557047208,10.079999923706055,-0.25,-0.02420135545463864,-0.49051950609324957,0.0,1.0549999475479126,0.009999990463256836
2017-10-11,3.177799940109253,-0.0028281648561758643,0.00520838208753825,1.229220778281955,9.850000381469727,-0.22999954223632812,-0.022817415077099112,-0.6411443567050582,0.0,1.0679999589920044,0.013000011444091797
2017-10-12,3.1696999073028564,-0.002552197683461994,0.005235225226118968,0.8811589455558709,9.90999984741211,0.05999946594238281,0.0060913161034243934,-0.6072332765640034,0.0,1.0529999732971191,-0.014999985694885254
2017-10-13,3.1689999103546143,-0.00022086452150257404,0.005111036352483186,0.8243199008670141,9.609999656677246,-0.3000001907348633,-0.030272471781440546,-0.807782348184396,0.0,1.0499999523162842,-0.003000020980834961
2017-10-16,3.146199941635132,-0.007220695565199304,0.005368003283717812,-0.07616209079346856,9.90999984741211,0.3000001907348633,0.03121750275260582,-0.6192368821955374,0.0,1.0549999475479126,0.004999995231628418
2017-10-17,3.170300006866455,0.007630865945854889,0.0053364971591094304,0.8853598391691146,10.3100004196167,0.40000057220458984,0.04036332778643237,-0.36837751825530796,0.0,1.0729999542236328,0.018000006675720215
2017-10-18,3.156100034713745,-0.004489123642555852,0.005450003081196476,0.32108645829292226,10.069999694824219,-0.24000072479248047,-0.023278439866581846,-0.534216919539436,0.0,1.0679999589920044,-0.004999995231628418
2017-10-19,3.170099973678589,0.004426025671277498,0.005517097694101954,0.8668120540227403,10.050000190734863,-0.01999950408935547,-0.0019860481326166024,-0.5466335404156161,0.0,1.065000057220459,-0.00299990177154541
2017-10-20,3.164900064468384,-0.0016416449397648727,0.00553779693357815,0.6448055473264839,9.970000267028809,-0.07999992370605469,-0.0079601912624645,-0.5951243349896438,0.0,1.0750000476837158,0.009999990463256836
2017-10-23,3.1909000873565674,0.008181556153151363,0.005708374316651628,1.6682864324056867,11.069999694824219,1.0999994277954102,0.11033093263128113,0.12468024343301563,0.0,1.0700000524520874,-0.004999995231628418
2017-10-24,3.2344000339508057,0.013540413797888506,0.005983794604715279,3.075838801713203,11.15999984741211,0.09000015258789062,0.008130095308852558,0.17290797274716166,0.0,1.0980000495910645,0.02799999713897705
2017-10-25,3.2425999641418457,0.002532016234163845,0.005988058772373696,3.05575721248501,11.229999542236328,0.06999969482421875,0.006272374173952322,0.20913452859637233,0.0,1.0829999446868896,-0.015000104904174805
2017-10-26,3.2311999797821045,-0.0035218870653938804,0.005798130215779613,2.4976083109710916,11.300000190734863,0.07000064849853516,0.0062333616519982815,0.24625551511761898,0.0,1.0800000429153442,-0.00299990177154541
2017-10-27,3.2864999771118164,0.01696958274721003,0.006762724778419852,3.738209528880247,9.800000190734863,-1.5,-0.1327433605912578,-0.7482179865951437,0.0,1.0729999542236328,-0.007000088691711426
2017-10-30,3.234800100326538,-0.01585602850290313,0.0076720769320541725,2.111106205679762,10.5,0.6999998092651367,0.07142855057563491,-0.2903419960446584,0.0,1.0750000476837158,0.002000093460083008
2017-10-31,3.2873001098632812,0.01609945931760087,0.008285288557712189,3.2106210707458396,10.180000305175781,-0.31999969482421875,-0.030476161411830405,-0.4938958175313278,0.0,1.1230000257492065,0.04799997806549072
2017-11-01,3.2695999145507812,-0.005398965438414273,0.008350870476627442,2.5571862124274767,10.199999809265137,0.01999950408935547,0.00196458776913655,-0.4696767110009413,0.0,1.1380000114440918,0.014999985694885254
2017-11-02,3.266200065612793,-0.0010403773845494583,0.008317911361562418,2.3149255626473932,9.930000305175781,-0.26999950408935547,-0.026470540111589225,-0.6476169365367254,0.0,1.1380000114440918,0.0
2017-11-03,3.2646000385284424,-0.0004899942092391451,0.008280413375252385,2.151578072902536,9.140000343322754,-0.7899999618530273,-0.07955689200142912,-1.2781337116618268,0.0,1.1480000019073486,0.009999990463256836
2017-11-06,3.29259991645813,0.008540245319484408,0.008414971552612305,2.573973289896242,9.399999618530273,0.25999927520751953,0.028446309129240177,-1.0315769543356546,0.0,1.1579999923706055,0.009999990463256836
2017-11-07,3.2479000091552734,-0.013668864392215131,0.008906669003778265,1.5799874092185546,9.890000343322754,0.49000072479248047,0.05212773879549304,-0.6028440358284834,0.0,1.187999963760376,0.029999971389770508
2017-11-08,3.2701001167297363,0.0068119647104471675,0.008952200934247355,1.9360770047904388,9.779999732971191,-0.1100006103515625,-0.011122407131747947,-0.6696525439194896,0.0,1.1950000524520874,0.007000088691711426
2017-11-09,3.251300096511841,-0.005765655130351677,0.00905570331126582,1.501075477448486,10.5,0.7200002670288086,0.07361966121547847,0.0019905525289301866,0.0,1.2029999494552612,0.007999897003173828
2017-11-10,3.248699903488159,-0.0008000594345782578,0.009061649166483464,1.4013573791076352,11.289999961853027,0.7899999618530273,0.07523809160505013,0.9541518743796327,0.0,1.2000000476837158,-0.00299990177154541
2017-11-13,3.276400089263916,0.008490399291348842,0.008969944579135051,1.845316005502523,11.5,0.21000003814697266,0.018600534885431896,1.3206443050496208,0.0,1.184999942779541,-0.015000104904174805
2017-11-14,3.275899887084961,-0.00015267987782369933,0.008882461871794898,1.7536272811252278,11.59000015258789,0.09000015258789062,0.007826100225033938,1.4168337247186773,0.0,1.2400000095367432,0.05500006675720215
2017-11-15,3.3118999004364014,0.010929406742095235,0.00899109690730415,2.2574490129307474,13.130000114440918,1.5399999618530273,0.13287316148215633,3.1192871707129934,0.0,1.2300000190734863,-0.009999990463256836
2017-11-16,3.3118999004364014,0.0,0.008993313967930103,2.1295111034353864,11.760000228881836,-1.369999885559082,-0.10434119372568007,1.566705401658524,0.0,1.2300000190734863,0.0
2017-11-17,3.2706000804901123,-0.012548533841741734,0.00955114832309156,1.3850199852366538,11.430000305175781,-0.3299999237060547,-0.028061217456067378,1.1708739310610712,0.0,1.2400000095367432,0.009999990463256836
2017-11-20,3.254499912261963,-0.0049348518550371276,0.009528812726674501,1.0835782026246463,10.649999618530273,-0.7800006866455078,-0.06824152806822803,0.269719763586556,0.0,1.2400000095367432,0.0
2017-11-21,3.253999948501587,-0.0001536341006546065,0.009059736346609412,1.0426385016541,9.729999542236328,-0.9200000762939453,-0.08638498678377493,-0.7936820700101828,0.0,1.277999997138977,0.03799998760223389
2017-11-22,3.2572999000549316,0.001013607701266464,0.009046418308205734,1.0621644984278131,9.880000114440918,0.15000057220458984,0.015416297971388548,-0.5896718630872188,0.0,1.2649999856948853,-0.013000011444091797
2017-11-23,3.222899913787842,-0.010617052063326865,0.009335631448373672,0.4908550879102435,9.880000114440918,0.0,0.0,-0.5740763406053325,0.0,1.2649999856948853,0.0
2017-11-24,3.2202999591827393,-0.000807038365245889,0.008423770360566697,0.4303929010098126,9.670000076293945,-0.21000003814697266,-0.02125506434357527,-0.8141872297313935,0.0,1.2400000095367432,-0.02499997615814209
2017-11-27,3.2328999042510986,0.0039050273807208057,0.007721330506812823,0.6175634293241151,9.869999885559082,0.19999980926513672,0.02068250338026756,-0.567504233583405,0.0,1.2230000495910645,-0.01699995994567871
2017-11-28,3.2263998985290527,-0.0020126044972591257,0.00672838190417349,0.49171720390705226,10.029999732971191,0.15999984741210938,0.016210724343189487,-0.34709376937306147,0.0,1.2649999856948853,0.0419999361038208
2017-11-29,3.209700107574463,-0.005189424780855043,0.006721224348834713,0.19863109227174125,10.699999809265137,0.6700000762939453,0.06679961058139239,0.5237469091690821,0.0,1.2580000162124634,-0.006999969482421875
2017-11-30,3.244800090789795,0.010876234608802514,0.007220096396147611,0.7493583514714464,11.279999732971191,0.5799999237060547,0.05420560131261243,1.2837526577707306,0.0,1.2380000352859497,-0.019999980926513672
2017-12-01,3.271199941635132,0.008103129271497778,0.007461632614105369,1.1596165832796645,11.430000305175781,0.15000057220458984,0.0132979233825814,1.5380784248674768,0.0,1.2350000143051147,-0.003000020980834961
2017-12-04,3.2574000358581543,-0.004227530060722651,0.007244625162654378,0.8976817354101254,11.680000305175781,0.25,0.021872265382774758,1.8031255002167739,0.0,1.2450000047683716,0.009999990463256836
2017-12-05,3.2425999641418457,-0.004553876090162576,0.006636224348070303,0.6222471368569561,11.329999923706055,-0.35000038146972656,-0.02996578530178895,1.3141034315240805,0.0,1.2829999923706055,0.03799998760223389
2017-12-06,3.240299940109253,-0.0007095664480602566,0.0064350747508894945,0.557220724675408,11.020000457763672,-0.3099994659423828,-0.027360941573685515,0.9002273392066098,0.0,1.2630000114440918,-0.019999980926513672
2017-12-07,3.234299898147583,-0.001853409887602065,0.006323732091296315,0.4276529098314235,10.15999984741211,-0.8600006103515625,-0.0780399795487926,-0.18783336804566694,0.0,1.2599999904632568,-0.003000020980834961
2017-12-08,3.2871999740600586,0.016223640956154438,0.007315459032479283,1.3331956617636291,9.579999923706055,-0.5799999237060547,-0.05708660752133654,-0.9068351478794702,0.0,1.253000020980835,-0.006999969482421875
2017-12-11,3.2878000736236572,0.00018253979039168004,0.0070751082658447205,1.3111245373844254,9.34000015258789,-0.23999977111816406,-0.025052168374686046,-1.1789487678703034,0.0,1.2630000114440918,0.009999990463256836
2017-12-12,3.303299903869629,0.004703269217945503,0.007146282591718112,1.541073874395692,9.920000076293945,0.5799999237060547,0.06209849188764216,-0.4487254012235324,0.0,1.309999942779541,0.04699993133544922
2017-12-13,3.303100109100342,-6.048521704888675e-05,0.006704218746110659,1.4890389106454287,10.180000305175781,0.26000022888183594,0.026209700290543703,-0.13338219008604216,0.0,1.2730000019073486,-0.03699994087219238
2017-12-14,3.3085999488830566,0.0016636692539038248,0.006716266449670481,1.5411563998119486,10.489999771118164,0.3099994659423828,0.030451813030375918,0.23827870639377166,0.0,1.2829999923706055,0.009999990463256836
2017-12-15,3.340399980545044,0.00956543073173912,0.006361236946693839,2.0363763644964856,9.420000076293945,-1.0699996948242188,-0.10200187971121033,-1.0984479661588298,0.0,1.284999966621399,0.001999974250793457
2017-12-18,3.2920000553131104,-0.01459525485569298,0.007157049717475041,1.1305716611592207,9.529999732971191,0.1099996566772461,0.01167724583719143,-0.9394342987197309,0.0,1.315000057220459,0.03000009059906006
2017-12-19,3.2904999256134033,-0.0004557933095402648,0.0071589826001502745,1.068448180339633,10.029999732971191,0.5,0.05246589863692619,-0.31514017433697505,0.0,1.3530000448226929,0.03799998760223389
2017-12-20,3.2885000705718994,-0.0006079510880862869,0.0071627292164595695,0.9983405978599345,9.720000267028809,-0.3099994659423828,-0.030907225742323297,-0.6955799642189092,0.0,1.350000023841858,-0.003000020980834961
2017-12-21,3.2964999675750732,0.0024297345155714018,0.006676835634420659,1.1101678728458415,9.619999885559082,-0.10000038146972656,-0.010288104806842169,-0.8219861264132131,0.0,1.3200000524520874,-0.029999971389770508
2017-12-22,3.30679988861084,0.0031196309764536306,0.006674642036016315,1.2578917581578553,9.899999618530273,0.2799997329711914,0.029106001694605865,-0.48552359428613934,0.0,1.2979999780654907,-0.02200007438659668
2017-12-25,3.3380000591278076,0.009390922241683204,0.006895308746024625,1.765599185474961,9.899999618530273,0.0,0.0,-0.4985574995994925,0.0,1.2979999780654907,0.0
2017-12-26,3.3355000019073486,-0.0007492492139205802,0.006866200975005927,1.6624930942258338,10.25,0.35000038146972656,0.035353575248085356,-0.07460464223336168,0.0,1.3029999732971191,0.004999995231628418
2017-12-27,3.3097000122070312,-0.0077650392106720775,0.007023827834748229,1.1604552853879744,10.470000267028809,0.2200002670288086,0.021463440685737467,0.18776390583841895,0.0,1.4079999923706055,0.10500001907348633
2017-12-28,3.3132998943328857,0.0010870851671957176,0.006670753330151165,1.2061240782316647,10.180000305175781,-0.28999996185302734,-0.02769818094143406,-0.206971339252744,0.0,1.3700000047683716,-0.03799998760223389
2017-12-29,3.3111000061035156,-0.0006641773876287478,0.006467460593182014,1.1360966999018711,11.039999961853027,0.8599996566772461,0.08447933505856575,0.8802699304948547,0.0,1.3550000190734863,-0.014999985694885254
2018-01-01,3.3076000213623047,-0.0010576049837348342,0.0063810323095633255,1.0416002119605532,11.039999961853027,0.0,0.0,0.8593855629037748,0.0,1.3550000190734863,0.0
2018-01-02,3.311000108718872,0.0010274340763432256,0.006257031372751266,1.0761246623020007,9.770000457763672,-1.2699995040893555,-0.11503618736210486,-0.7705238684366705,0.0,1.378000020980835,0.023000001907348633
2018-01-03,3.2578001022338867,-0.016198139078136605,0.007348726872036792,-0.035092216890729035,9.149999618530273,-0.6200008392333984,-0.06345965303826762,-1.52718328799952,0.0,1.3700000047683716,-0.008000016212463379
2018-01-04,3.2355000972747803,-0.006868646742612354,0.007508797749751038,-0.5380654696304124,9.220000267028809,0.07000064849853516,0.007650344417148736,-1.4035975699020593,0.0,1.3700000047683716,0.0
2018-01-05,3.233099937438965,-0.0007420956414319666,0.00646789909004285,-0.6317477001163485,9.220000267028809,0.0,0.0,-1.3823844109574217,0.0,1.3700000047683716,0.0
2018-01-08,3.226599931716919,-0.002012479851231147,0.006468441320241717,-0.8494209475234195,9.520000457763672,0.3000001907348633,0.03253798069916325,-0.9976831433759525,0.0,1.3799999952316284,0.009999990463256836
2018-01-09,3.239000082015991,0.0038357354232275306,0.006431412834190745,-0.609930967193029,10.079999923706055,0.5599994659423828,0.05882347048478298,-0.3055242930043334,0.0,1.4149999618530273,0.034999966621398926
2018-01-10,3.246799945831299,0.002405213710579131,0.006473519553551245,-0.48610020965718165,9.819999694824219,-0.26000022888183594,-0.025793673695410413,-0.6177214765233292,0.0,1.3949999809265137,-0.019999980926513672
2018-01-11,3.2263998985290527,-0.006302946094349722,0.006554680016008923,-1.0842866636328987,9.880000114440918,0.06000041961669922,0.006110022554106864,-0.5400283953630052,0.0,1.402999997138977,0.008000016212463379
2018-01-12,3.214200019836426,-0.003788433822484383,0.006055251509231205,-1.5084861424958078,10.15999984741211,0.2799997329711914,0.0283400536161873,-0.20217711800685007,0.0,1.409999966621399,0.006999969482421875
2018-01-15,3.200700044631958,-0.004208949476505021,0.005311136100875951,-1.9142845211706183,10.15999984741211,0.0,0.0,-0.1849026658857683,0.0,1.409999966621399,0.0
2018-01-16,3.213200092315674,0.003897804219831602,0.005439801786543185,-1.5268462559839295,11.65999984741211,1.5,0.14763779749288775,1.6290348090048627,0.0,1.3949999809265137,-0.014999985694885254
2018-01-17,3.2227001190185547,0.0029522004042043496,0.005517497626754902,-1.2375127600981757,11.90999984741211,0.25,0.021440823608199766,1.879474134800121,0.0,1.4149999618530273,0.019999980926513672
2018-01-18,3.2221999168395996,-0.00015522418568994425,0.005462669901467408,-1.241377425969512,12.220000267028809,0.3100004196166992,0.026028583004898964,2.1631097803142745,0.0,1.4049999713897705,-0.009999990463256836
2018-01-19,3.2051000595092773,-0.005321020565178575,0.005442287154605276,-1.6448845235170928,11.270000457763672,-0.9499998092651367,-0.07774139022143589,1.032705334427524,0.0,1.402999997138977,-0.001999974250793457
2018-01-22,3.194700002670288,-0.0032501221578321456,0.004799384667436953,-1.8636041005587094,11.029999732971191,-0.24000072479248047,-0.021295538158310312,0.7438576459696205,0.0,1.3899999856948853,-0.013000011444091797
2018-01-23,3.200700044631958,0.0018763622846645195,0.004876275919425046,-1.6318851141908843,11.100000381469727,0.07000064849853516,0.006346387143536081,0.8021463859867394,0.0,1.4129999876022339,0.023000001907348633
2018-01-24,3.2355000972747803,0.0108139557521957,0.0054667133004833455,-0.7064779248440196,11.470000267028809,0.36999988555908203,0.03333332187778648,1.1843118827346124,0.0,1.409999966621399,-0.003000020980834961
2018-01-25,3.1451001167297363,-0.02833778231593721,0.00814232946891501,-2.79335877028593,11.579999923706055,0.1099996566772461,0.00959020524118448,1.2624903649950259,0.0,1.3930000066757202,-0.01699995994567871
2018-01-26,3.146899938583374,0.000572098501876975,0.008162506271593066,-2.5470707607019136,11.079999923706055,-0.5,-0.04317789320329979,0.6813547246860362,0.0,1.3880000114440918,-0.004999995231628418
2018-01-29,3.1510000228881836,0.0013020482729613778,0.00820206612869745,-2.2997511476653036,13.84000015258789,2.760000228881836,0.24909749529661251,3.3666611533759108,0.0,1.375,-0.013000011444091797
2018-01-30,3.153599977493286,0.0008247802405649504,0.008197700394507691,-2.1218818361881437,14.789999961853027,0.9499998092651367,0.06864160395890595,3.7257567687785893,0.0,1.4249999523162842,0.04999995231628418
2018-01-31,3.179500102996826,0.008179333839870915,0.007848514178254372,-1.5174211808380458,13.539999961853027,-1.25,-0.08451656546477693,2.4290139551134002,0.0,1.4299999475479126,0.004999995231628418
2018-02-01,3.1847000122070312,0.0016341127787301876,0.007755972734902884,-1.3651864711863797,13.470000267028809,-0.06999969482421875,-0.005169844536294876,2.2259836751003395,0.0,1.4529999494552612,0.023000001907348633
2018-02-02,3.1637001037597656,-0.006615835378836612,0.00786446118854574,-1.716238912071966,17.309999465942383,3.839999198913574,0.2850778858789582,4.34342006718879,0.0,1.4500000476837158,-0.00299990177154541
2018-02-05,3.215399980545044,0.01620949917691607,0.008756294431072533,-0.6757043571598859,37.31999969482422,20.010000228881836,1.1559792516603906,6.985474250155094,1.0,1.4579999446868896,0.007999897003173828
2018-02-06,3.2611000537872314,0.014112817574474405,0.009289304827635547,0.22902428808312525,29.979999542236328,-7.340000152587891,-0.196677390477199,4.141716973543972,1.0,1.4880000352859497,0.03000009059906006
2018-02-07,3.2334001064300537,-0.008530330169440214,0.009481202310164853,-0.2950203429881742,27.729999542236328,-2.25,-0.07505003450150693,3.2431240317268033,1.0,1.5149999856948853,0.026999950408935547
2018-02-08,3.26990008354187,0.011225180849349542,0.0096957275678521,0.4532672178582498,33.459999084472656,5.729999542236328,0.20663539981343337,3.7692882790125184,1.0,1.5149999856948853,0.0
2018-02-09,3.284600019454956,0.004485455893855162,0.00967198598824513,0.743535324851495,29.059999465942383,-4.399999618530273,-0.1315002910616373,2.7412663164267816,1.0,1.524999976158142,0.009999990463256836
2018-02-12,3.290800094604492,0.001885840216406463,0.009592150174431737,0.8510816818409721,25.610000610351562,-3.4499988555908203,-0.11871985268389751,2.0525211785653488,1.0,1.534999966621399,0.009999990463256836
2018-02-13,3.2939999103546143,0.0009718794798863554,0.009574153488920262,0.8956703636484618,24.969999313354492,-0.6400012969970703,-0.024990288236790614,1.8561489688303978,1.0,1.5700000524520874,0.03500008583068848
2018-02-14,3.2941999435424805,6.0724687278341765e-05,0.009568795520641422,0.8816574892236594,19.260000228881836,-5.709999084472656,-0.22867437891433284,0.9424339283661851,0.0,1.5499999523162842,-0.020000100135803223
2018-02-15,3.216200113296509,-0.023962755563366998,0.01109235737220311,-0.6570574271809634,19.1299991607666,-0.13000106811523438,-0.006749795772083567,0.8944105110514758,0.0,1.559999942779541,0.009999990463256836
2018-02-16,3.2263998985290527,0.003166359462204291,0.011044074576652739,-0.4582000997743043,19.459999084472656,0.3299999237060547,0.017250388822956486,0.9157340311104547,0.0,1.5700000524520874,0.010000109672546387
2018-02-19,3.2281999588012695,0.0005577604680910838,0.011011861279587256,-0.42083205522486045,19.459999084472656,0.0,0.0,0.8875755903205641,0.0,1.5700000524520874,0.0
2018-02-20,3.233099937438965,0.0015167163436832223,0.011009825943079718,-0.32655155621904175,20.600000381469727,1.1400012969970703,0.058581775469182196,1.0271323726737245,1.0,1.5729999542236328,0.00299990177154541
2018-02-21,3.254300117492676,0.006535824934950697,0.010839203215422784,0.07823484060019492,20.020000457763672,-0.5799999237060547,-0.02815533558085659,0.9113259284413118,1.0,1.6080000400543213,0.03500008583068848
2018-02-22,3.2676000595092773,0.004078553823960256,0.00850560436048191,0.3347025048364142,18.719999313354492,-1.3000011444091797,-0.06493512061359841,0.6956826736147402,0.0,1.6050000190734863,-0.003000020980834961
2018-02-23,3.248699903488159,-0.005800902085027557,0.008676054444114087,-0.033175023374121,16.489999771118164,-2.229999542236328,-0.11912391154018309,0.3494655234389562,0.0,1.6050000190734863,0.0
2018-02-26,3.2372000217437744,-0.0035461212562159124,0.00875197436752241,-0.2550425278343321,15.800000190734863,-0.6899995803833008,-0.04184351667437969,0.23607039779907663,0.0,1.6080000400543213,0.003000020980834961
2018-02-27,3.2225000858306885,-0.0045512828902367335,0.008850935908091398,-0.539305372781333,18.59000015258789,2.7899999618530273,0.17658227393497672,0.6346795544233799,0.0,1.6349999904632568,0.026999950408935547
2018-02-28,3.248500108718872,0.008035902339836056,0.00884493745879323,-0.02644576639927637,19.850000381469727,1.260000228881836,0.06777838722644836,0.7983516681665964,0.0,1.6180000305175781,-0.01699995994567871
2018-03-01,3.244800090789795,-0.0011396418510936145,0.008857421249237727,-0.10338464125432666,22.469999313354492,2.6199989318847656,0.13198986808738677,1.1490564864804163,1.0,1.590000033378601,-0.02799999713897705
2018-03-02,3.25,0.0016012533868845003,0.008677498552622204,0.012198686656459293,19.59000015258789,-2.8799991607666016,-0.12817086109366038,0.6991417515876572,0.0,1.6050000190734863,0.014999985694885254
2018-03-05,3.2495999336242676,-0.00012310492347932715,0.007942443410385976,0.01700366830196742,18.729999542236328,-0.8600006103515625,-0.04389997976788962,0.5505030129757151,0.0,1.625,0.019999980926513672
2018-03-06,3.240999937057495,-0.002649986679461648,0.007291315073182775,-0.1359612162724196,18.360000610351562,-0.3699989318847656,-0.01975434815416921,0.4761438624198018,0.0,1.6430000066757202,0.018000006675720215
2018-03-07,3.2079999446868896,-0.010234231976678663,0.0074015523793320975,-0.7766261989693022,17.760000228881836,-0.6000003814697266,-0.03267975825291858,0.3693454480203868,0.0,1.649999976158142,0.006999969482421875
2018-03-08,3.2428998947143555,0.01082028597520909,0.007368578231620606,-0.04407432473271462,16.540000915527344,-1.2199993133544922,-0.06869365414593254,0.1727466091332769,0.0,1.6349999904632568,-0.014999985694885254
2018-03-09,3.2660999298095703,0.007128632345276917,0.007483889030117116,0.47609078985220793,14.640000343322754,-1.9000005722045898,-0.114873063303214,-0.1261982924825721,0.0,1.6349999904632568,0.0
2018-03-12,3.2560999393463135,-0.003066449510836503,0.0074902974685264355,0.27777856741012413,15.779999732971191,1.1399993896484375,0.07786880894223391,0.03047166560199772,0.0,1.6430000066757202,0.008000016212463379
2018-03-13,3.2602999210357666,0.001289049892890295,0.007493979535765544,0.3819827916429127,16.350000381469727,0.5700006484985352,0.03612171471128467,0.10176773425059196,0.0,1.690000057220459,0.04700005054473877
2018-03-14,3.258699893951416,-0.0004908811664026383,0.007492767321902095,0.3607267505311527,17.229999542236328,0.8799991607666016,0.05382257738439855,0.21876997465599576,0.0,1.718000054359436,0.02799999713897705
2018-03-15,3.258500099182129,-6.13130698951492e-05,0.00507736512837122,0.37432866339216236,16.59000015258789,-0.6399993896484375,-0.03714448094322875,0.10306061999893075,0.0,1.7330000400543213,0.014999985694885254
2018-03-16,3.282099962234497,0.00721645269502869,0.005260339529865921,0.9150098961780472,15.800000190734863,-0.7899999618530273,-0.0476190448816719,-0.03515434879574684,0.0,1.7380000352859497,0.004999995231628418
2018-03-19,3.280100107192993,-0.0006095075073169912,0.00527028662231665,0.9233614842000444,19.020000457763672,3.2200002670288086,0.20379748279477994,0.4476950310023018,0.0,1.7280000448226929,-0.009999990463256836
2018-03-20,3.28410005569458,0.0012187163393600606,0.005268567112784076,1.0712904553008789,18.200000762939453,-0.8199996948242188,-0.04311249606145551,0.2997473582660919,0.0,1.7580000162124634,0.029999971389770508
2018-03-21,3.3087000846862793,0.00746272983776403,0.005325607642652701,1.6614638372427153,17.860000610351562,-0.3400001525878906,-0.018681326282152133,0.2279110695195666,0.0,1.7100000381469727,-0.04799997806549072
2018-03-22,3.272700071334839,-0.010940034506483159,0.00587389290371326,0.8336093511657535,23.34000015258789,5.479999542236328,0.30683087093850103,1.0663967780720978,1.0,1.6829999685287476,-0.027000069618225098
2018-03-23,3.3141000270843506,0.012570747650040815,0.006325312207465406,1.8413963440764667,24.8700008392334,1.5300006866455078,0.06555272821949254,1.2646688014626333,1.0,1.687999963760376,0.004999995231628418
2018-03-26,3.314500093460083,0.00012070915998625624,0.006239267795282936,1.8391079925160028,21.030000686645508,-3.8400001525878906,-0.15440289597940582,0.6328462519172695,1.0,1.7050000429153442,0.01700007915496826
2018-03-27,3.31030011177063,-0.0012679574091412637,0.0061226383722725155,1.7382269276652125,22.5,1.4699993133544922,0.06990010772029942,0.8374514662699344,1.0,1.7330000400543213,0.02799999713897705
2018-03-28,3.3229000568389893,0.0037990592481772245,0.005949772706902052,1.9541755701215617,22.8700008392334,0.37000083923339844,0.016444481743706607,0.867104917952339,1.0,1.6950000524520874,-0.03799998760223389
2018-03-29,3.3192999362945557,-0.0010840146038040065,0.005948667670953982,1.7855529755959851,19.969999313354492,-2.9000015258789062,-0.12680373500047992,0.3762264108307616,0.0,1.6699999570846558,-0.02500009536743164
2018-03-30,3.303499937057495,-0.004771404697355854,0.0060913401804870955,1.3746189318804851,19.969999313354492,0.0,0.0,0.35240678529654407,0.0,1.6699999570846558,0.0
2018-04-02,3.302000045776367,-0.00045413407336424553,0.006094476232240993,1.29487184076881,23.6200008392334,3.6500015258789062,0.18277424393490338,0.9280754886522292,1.0,1.6829999685287476,0.013000011444091797
2018-04-03,3.3094000816345215,0.0022385693819147205,0.006046678391295263,1.408586470000907,21.100000381469727,-2.520000457763672,-0.10668926199096018,0.48149323897772706,1.0,1.7130000591278076,0.03000009059906006
2018-04-04,3.339400053024292,0.009024237268033095,0.0056782856696452454,1.9613760699820504,20.059999465942383,-1.0400009155273438,-0.04928914202488288,0.28060578799983565,1.0,1.6679999828338623,-0.04500007629394531
2018-04-05,3.327699899673462,-0.0035098214950643773,0.005405233094742324,1.6420049774339247,18.940000534057617,-1.1199989318847656,-0.05583245073292675,0.062015307480561895,0.0,1.6749999523162842,0.006999969482421875
2018-04-06,3.341599941253662,0.004168372104482145,0.005275941199017037,1.8370754252182135,21.489999771118164,2.549999237060547,0.1346356475795858,0.48656908143161415,1.0,1.6799999475479126,0.004999995231628418
2018-04-09,3.367500066757202,0.007720932505820745,0.00537349401789723,2.2209603403002256,21.770000457763672,0.2800006866455078,0.013029348051544432,0.5115899349655105,1.0,1.6749999523162842,-0.004999995231628418
2018-04-10,3.4210000038146973,0.01576225798420331,0.006224903948297448,2.956589777679544,20.469999313354492,-1.3000011444091797,-0.05971525572226477,0.2509464885791178,1.0,1.6950000524520874,0.020000100135803223
2018-04-11,3.4072999954223633,-0.004012719645269058,0.006359513449511429,2.514278957173294,20.239999771118164,-0.22999954223632812,-0.011235933070416815,0.18534474382630495,1.0,1.6929999589920044,-0.002000093460083008
2018-04-12,3.3731000423431396,-0.010087972073715385,0.006920116733020162,1.8399559641821384,18.489999771118164,-1.75,-0.08646245157063659,-0.1665271913790364,0.0,1.7050000429153442,0.012000083923339844
2018-04-13,3.4110000133514404,0.011173291959173517,0.007138398132232291,2.3149219346395884,17.40999984741211,-1.0799999237060547,-0.05840994792185128,-0.4004735740199092,0.0,1.718000054359436,0.013000011444091797
2018-04-16,3.424299955368042,0.003891550879164173,0.007125190743669453,2.3693626297662376,16.559999465942383,-0.8500003814697266,-0.048822538134374205,-0.5965433380574284,0.0,1.7130000591278076,-0.004999995231628418
2018-04-17,3.416100025177002,-0.0023975013572705133,0.007195632836869484,2.122623974445794,15.25,-1.3099994659423828,-0.07910625049454578,-0.8872552583514638,0.0,1.7549999952316284,0.0419999361038208
2018-04-18,3.4058001041412354,-0.0030196656846528357,0.007156172856891691,1.8735998581977962,15.600000381469727,0.35000038146972656,0.022950844686539407,-0.8452660963812345,0.0,1.7699999809265137,0.014999985694885254
2018-04-19,3.3770999908447266,-0.008462540852235854,0.006948921559516021,1.4238174098233696,15.960000038146973,0.3599996566772461,0.02307690050475042,-0.8012618616419976,0.0,1.7829999923706055,0.013000011444091797
2018-04-20,3.382699966430664,0.0016568469192555567,0.006450215486901171,1.4693884136758941,16.8799991607666,0.9199991226196289,0.057644055164203234,-0.6445334531139201,0.0,1.7649999856948853,-0.018000006675720215
2018-04-23,3.4137001037597656,0.009122580189039092,0.006693329011533146,1.8701182150671742,16.34000015258789,-0.5399990081787109,-0.03199046416031859,-0.7776305939005859,0.0,1.7829999923706055,0.018000006675720215
2018-04-24,3.448899984359741,0.01025855764420046,0.0069365850047227,2.2929263117522223,18.020000457763672,1.6800003051757812,0.1028151951950691,-0.42680611564912907,0.0,1.8229999542236328,0.039999961853027344
2018-04-25,3.4714999198913574,0.006531419046862439,0.006999451612268524,2.4748301036973146,17.84000015258789,-0.18000030517578125,-0.009988917902509331,-0.48972720833639655,0.0,1.815000057220459,-0.007999897003173828
2018-04-26,3.4809000492095947,0.0027041410414024142,0.006957393558678034,2.4580780610074577,16.239999771118164,-1.6000003814697266,-0.08968611927044345,-0.8685071327867883,0.0,1.784999966621399,-0.03000009059906006
2018-04-27,3.4742000102996826,-0.0019266555261983937,0.006831502736049938,2.263470154479931,15.40999984741211,-0.8299999237060547,-0.05110837040663996,-1.042898945581801,0.0,1.7699999809265137,-0.014999985694885254
2018-04-30,3.4581000804901123,-0.004644911081546828,0.006989932083060181,1.94986729938069,15.930000305175781,0.5200004577636719,0.03374435190867309,-0.975289812871288,0.0,1.7630000114440918,-0.006999969482421875
2018-05-01,3.5058000087738037,0.013699413740204048,0.007439157795366226,2.410917405700626,15.489999771118164,-0.4400005340576172,-0.027620874176295995,-1.0852442936635829,0.0,1.809999942779541,0.04699993133544922
2018-05-02,3.5060999393463135,8.554901664643547e-05,0.0073182860994108635,2.271384808274418,15.970000267028809,0.48000049591064453,0.030987766494718016,-0.9356034818814457,0.0,1.784999966621399,-0.02499997615814209
2018-05-03,3.5495998859405518,0.012330597623909883,0.007495978332301759,2.591403874273682,15.899999618530273,-0.07000064849853516,-0.004383259068758805,-1.0206936191267344,0.0,1.7879999876022339,0.003000020980834961
2018-05-04,3.526599884033203,-0.006500687841290232,0.007799017717966135,2.1874062308526914,14.770000457763672,-1.1299991607666016,-0.07106913131303927,-1.4436687054494697,0.0,1.7929999828338623,0.004999995231628418
2018-05-07,3.5255000591278076,-0.0003119141598040243,0.007733085482449029,2.0559547607232367,14.75,-0.020000457763671875,-0.00135412709165883,-1.4408620602982192,0.0,1.7929999828338623,0.0
2018-05-08,3.5492000579833984,0.006699955367653522,0.007145473764159333,2.1729583750466883,14.710000038146973,-0.039999961853027344,-0.0027118618205442813,-1.442258769833401,0.0,1.8350000381469727,0.04200005531311035
2018-05-09,3.5618999004364014,0.0035718400892555528,0.007018677583040675,2.167768675607825,13.420000076293945,-1.2899999618530273,-0.08769544245463712,-1.8568235018523291,0.0,1.8450000286102295,0.009999990463256836
2018-05-10,3.5903000831604004,0.007941705225585826,0.006492992995711608,2.304839840630988,13.229999542236328,-0.1900005340576172,-0.014158012889526561,-1.8377400112341629,0.0,1.8450000286102295,0.0
2018-05-11,3.549499988555908,-0.01142904235775854,0.006967232038240828,1.831935735582376,12.649999618530273,-0.5799999237060547,-0.04383975387560857,-1.9481708033026788,0.0,1.8600000143051147,0.014999985694885254
2018-05-14,3.6029000282287598,0.01493233929373416,0.00753970562269986,2.2016634716501517,12.930000305175781,0.2800006866455078,0.02213444229953576,-1.7628926937244411,0.0,1.8550000190734863,-0.004999995231628418
2018-05-15,3.6215999126434326,0.005176808451728658,0.007468423194802934,2.235900880050852,14.630000114440918,1.6999998092651367,0.13147716698696743,-1.1269134121651665,0.0,1.875,0.019999980926513672
2018-05-16,3.648699998855591,0.007455046436967523,0.0073968467026677325,2.320037754695017,13.420000076293945,-1.2100000381469727,-0.08270676887778083,-1.4900749667250097,0.0,1.8650000095367432,-0.009999990463256836
2018-05-17,3.6744000911712646,0.007018939386413028,0.006876990783117108,2.371857657975127,13.430000305175781,0.010000228881835938,0.0007451735339034649,-1.431671224910407,0.0,1.8630000352859497,-0.001999974250793457
2018-05-18,3.6951000690460205,0.005617757477239079,0.006856335737767874,2.3774711187939785,13.420000076293945,-0.010000228881835938,-0.0007446186637822816,-1.3955806660418573,0.0,1.8550000190734863,-0.008000016212463379
2018-05-21,3.7383999824523926,0.011650071390953814,0.006969990333543004,2.52646889584217,13.079999923706055,-0.3400001525878906,-0.025335331643439485,-1.470425867730605,0.0,1.8630000352859497,0.008000016212463379
2018-05-22,3.6756999492645264,-0.016914130796149784,0.00831568011742784,1.9685479953409935,13.220000267028809,0.1400003433227539,0.010703390224721554,-1.3735227850253557,0.0,1.8930000066757202,0.029999971389770508
2018-05-23,3.6459999084472656,-0.008112925768036102,0.008643722169378044,1.6823979475313484,12.579999923706055,-0.6400003433227539,-0.04841152272280502,-1.5182305059545915,0.0,1.8730000257492065,-0.019999980926513672
2018-05-24,3.6256000995635986,-0.005610831833186948,0.008828949718817631,1.4812792630694687,12.529999732971191,-0.05000019073486328,-0.003974577983950622,-1.487443022146378,0.0,1.8600000143051147,-0.013000011444091797
2018-05-25,3.648099899291992,0.006186637198646866,0.008823662396292826,1.5775140673093329,13.220000267028809,0.6900005340576172,0.0550678809866183,-1.2230116153347865,0.0,1.8530000448226929,-0.006999969482421875
2018-05-28,3.626199960708618,-0.0060211993373152665,0.008886981532948904,1.375253458671497,13.220000267028809,0.0,0.0,-1.1822160860536035,0.0,1.8530000448226929,0.0
2018-05-29,3.7342000007629395,0.02934834857925342,0.010482362182594534,2.025710227448637,17.020000457763672,3.8000001907348633,0.28744327639782363,0.019257260584666185,0.0,1.840000033378601,-0.013000011444091797
2018-05-30,3.724100112915039,-0.002708363532631167,0.010543867710267964,1.8794240479092343,14.9399995803833,-2.080000877380371,-0.12220921395049544,-0.6190794924118037,0.0,1.878000020980835,0.03799998760223389
2018-05-31,3.722100019454956,-0.0005372118591038423,0.010336128672386705,1.7903592524852272,15.430000305175781,0.49000072479248047,0.03279790753380385,-0.4586501497608666,0.0,1.8700000047683716,-0.008000016212463379
2018-06-01,3.7219998836517334,-2.6903401225646602e-05,0.01014318985691285,1.7175214086402384,13.460000038146973,-1.9700002670288086,-0.12767337835813253,-1.06403289226245,0.0,1.8680000305175781,-0.001999974250793457
2018-06-04,3.7616000175476074,0.010583276508150871,0.010264964653167771,1.8924584526864334,12.739999771118164,-0.7200002670288086,-0.05349184732453616,-1.256486438230544,0.0,1.8650000095367432,-0.003000020980834961
2018-06-05,3.744499921798706,-0.004556327645624027,0.010373350523320866,1.712436417894602,12.399999618530273,-0.3400001525878906,-0.026687610572700193,-1.3207859852171062,0.0,1.902999997138977,0.03799998760223389
2018-06-06,3.80430006980896,0.015843948453865116,0.010783826774070662,2.0006031171041534,11.640000343322754,-0.7599992752075195,-0.061290266015153305,-1.4936198038334378,0.0,1.899999976158142,-0.003000020980834961
2018-06-07,3.843400001525879,0.010225367636361619,0.01084755373920279,2.136206930176221,12.130000114440918,0.48999977111816406,0.04209619902625272,-1.3062096915601,0.0,1.8849999904632568,-0.014999985694885254
2018-06-08,3.900700092315674,0.014798655962426304,0.010540733852592922,2.343375347667952,12.180000305175781,0.05000019073486328,0.004122027226969083,-1.2570065191548954,0.0,1.8799999952316284,-0.004999995231628418
2018-06-11,3.704900026321411,-0.05149977294065023,0.01613496898404259,1.1416290973310388,12.350000381469727,0.1700000762939453,0.013957312974918867,-1.1670857622744917,0.0,1.8680000305175781,-0.011999964714050293
2018-06-12,3.7088000774383545,0.0010521201079421812,0.01611043987679637,1.1287343824325782,12.34000015258789,-0.010000228881835938,-0.0008097351071211234,-1.1318102491972377,0.0,1.8880000114440918,0.019999980926513672
2018-06-13,3.7149999141693115,0.0016702600229823118,0.01604382403749228,1.1288086412171638,12.9399995803833,0.5999994277954102,0.04862231931736094,-0.9323791148088642,0.0,1.8949999809265137,0.006999969482421875
2018-06-14,3.7188000679016113,0.0010223987926740515,0.01597936460295057,1.1179140797229532,12.119999885559082,-0.8199996948242188,-0.06336937568895418,-1.1390793235503034,0.0,1.8830000162124634,-0.011999964714050293
2018-06-15,3.803999900817871,0.0226520647514516,0.016698644794974998,1.577276722565518,11.979999542236328,-0.1400003433227539,-0.011551183551541389,-1.1719944163505405,0.0,1.8880000114440918,0.004999995231628418
2018-06-18,3.7286999225616455,-0.019993491940781625,0.017173894018137854,1.0869448326375626,12.3100004196167,0.3300008773803711,0.027545984139392576,-1.040493113749266,0.0,1.8830000162124634,-0.004999995231628418
2018-06-19,3.7462000846862793,0.004682388816322743,0.01673640452405494,1.1574306742823348,13.350000381469727,1.0399999618530273,0.0844841532414351,-0.6976202974268009,0.0,1.8980000019073486,0.014999985694885254
2018-06-20,3.744999885559082,-0.00032042907470998544,0.016604501489414048,1.1150710237650643,12.789999961853027,-0.5600004196166992,-0.041947595776401614,-0.8587160148782346,0.0,1.8880000114440918,-0.009999990463256836
2018-06-21,3.7690999507904053,0.006414646702772753,0.016557234377803254,1.2262792051378046,14.640000343322754,1.8500003814697266,0.14464428357994286,-0.21796815114706902,0.0,1.8899999856948853,0.001999974250793457
2018-06-22,3.7651000022888184,-0.0010618111816269866,0.01653872653839532,1.1683251690644803,13.770000457763672,-0.869999885559082,-0.05942622029758937,-0.48805421542158517,0.0,1.8700000047683716,-0.019999980926513672
2018-06-25,3.78629994392395,0.005614852208301814,0.01646180463747428,1.2675349615006315,17.329999923706055,3.559999465942383,0.2585329954680733,0.8413958446313633,0.0,1.8530000448226929,-0.01699995994567871
2018-06-26,3.775099992752075,-0.0029624036438789824,0.01518946257115079,1.1651411363229107,15.920000076293945,-1.4099998474121094,-0.08136179189956849,0.363546734725211,0.0,1.8930000066757202,0.039999961853027344
2018-06-27,3.795799970626831,0.00546831408591959,0.015207326735697954,1.2632413101146438,17.90999984741211,1.989999771118164,0.1249999850239587,1.179882296464824,0.0,1.8799999952316284,-0.013000011444091797
2018-06-28,3.860100030899048,0.016797913299296315,0.015606663430348415,1.6354096780567402,16.850000381469727,-1.0599994659423828,-0.05918478363893154,0.7842057792830718,0.0,1.8799999952316284,0.0
2018-06-29,3.859499931335449,-0.00015547426492127216,0.01560749079628014,1.5841241303635285,16.09000015258789,-0.7600002288818359,-0.045103870129143964,0.5456238559824942,0.0,1.8799999952316284,0.0
2018-07-02,3.8756000995635986,0.004162891601842642,0.015483157870214028,1.6368192559031638,15.600000381469727,-0.48999977111816406,-0.03045368343513366,0.41104001257866546,0.0,1.8949999809265137,0.014999985694885254
2018-07-03,3.912600040435791,0.009501609761271082,0.015513157448234248,1.8059797335652865,16.139999389648438,0.5399990081787109,0.03461532019064184,0.7430606076698939,0.0,1.9329999685287476,0.03799998760223389
2018-07-04,3.8963000774383545,-0.004174720235822181,0.015229426740400117,1.6395010100034564,16.139999389648438,0.0,0.0,0.8302633310056248,0.0,1.9329999685287476,0.0
2018-07-05,3.9110000133514404,0.00376569444317993,0.015095738184387716,1.6821749336598328,14.970000267028809,-1.169999122619629,-0.0724906547003974,0.24674836216695248,0.0,1.909999966621399,-0.023000001907348633
2018-07-06,3.931299924850464,0.005177041683795819,0.014778529322068905,1.7502243887419604,13.369999885559082,-1.6000003814697266,-0.10688045109749944,-0.6145145489154951,0.0,1.9049999713897705,-0.004999995231628418
2018-07-09,3.8659000396728516,-0.016775616685852708,0.00943528155326274,1.2842995383342146,12.6899995803833,-0.6800003051757812,-0.050860157890520896,-0.966367172355222,0.0,1.9149999618530273,0.009999990463256836
2018-07-10,3.871299982070923,0.0013958391303446652,0.009433533702675322,1.2830625353938017,12.640000343322754,-0.049999237060546875,-0.00394005033206124,-0.9642184246969628,0.0,1.934999942779541,0.019999980926513672
2018-07-11,3.8150999546051025,-0.01462349850155268,0.010152762287899908,0.8840359505498357,13.630000114440918,0.9899997711181641,0.07832276457501397,-0.38846937668762144,0.0,1.9199999570846558,-0.014999985694885254
2018-07-12,3.8761000633239746,0.015862645012415633,0.010658828966000783,1.2730566530440262,12.579999923706055,-1.0500001907348633,-0.07703596345699171,-0.9502963946791899,0.0,1.9279999732971191,0.008000016212463379
2018-07-13,3.88070011138916,0.0011860686109832924,0.00949455146504266,1.2821963140589356,12.180000305175781,-0.39999961853027344,-0.03179647225406612,-1.1412271293546505,0.0,1.9279999732971191,0.0
2018-07-16,3.849400043487549,-0.00809827514121477,0.008422418065452573,1.0355052666508109,12.829999923706055,0.6499996185302734,0.05336614139936113,-0.7435911982898,0.0,1.937999963760376,0.009999990463256836
2018-07-17,3.8559999465942383,0.0017130596021429172,0.008391204513877176,1.0580380195038228,12.0600004196167,-0.7699995040893555,-0.06001555016899285,-1.1674167684404215,0.0,1.975000023841858,0.037000060081481934
2018-07-18,3.835900068283081,-0.005226257237493769,0.008516281032711414,0.8811494071165735,12.100000381469727,0.039999961853027344,0.0033167463069041503,-1.1259126701496966,0.0,1.9600000381469727,-0.014999985694885254
2018-07-19,3.8492000102996826,0.003461231515143557,0.00844640422344205,0.9578013219200314,12.869999885559082,0.7699995040893555,0.06363632064578728,-0.6261346103657354,0.0,1.9479999542236328,-0.012000083923339844
2018-07-20,3.8285000324249268,-0.005392247135510635,0.008558193713285278,0.7711855961862983,12.859999656677246,-0.010000228881835938,-0.0007770185680464614,-0.6087547191456204,0.0,1.9329999685287476,-0.014999985694885254
2018-07-23,3.7708001136779785,-0.015185879353625814,0.0091875092812581,0.2714801762323376,12.619999885559082,-0.23999977111816406,-0.01866250214039078,-0.7324669320295317,0.0,1.9199999570846558,-0.013000011444091797
2018-07-24,3.780400037765503,0.0025426234418101947,0.009183017043977464,0.3250981868918623,12.40999984741211,-0.21000003814697266,-0.016640256739405612,-0.8366578855160698,0.0,1.9600000381469727,0.040000081062316895
2018-07-25,3.7460999488830566,-0.009114548966884694,0.009309909011958101,-0.012319741267749252,12.289999961853027,-0.11999988555908203,-0.00966961217039064,-0.8838707189047645,0.0,1.9529999494552612,-0.007000088691711426
2018-07-26,3.6863999366760254,-0.01606493026004315,0.008960188502005778,-0.5945722447256229,12.140000343322754,-0.14999961853027344,-0.01220501375068006,-0.949965454171037,0.0,1.9450000524520874,-0.007999897003173828
2018-07-27,3.74429988861084,0.015584298959732953,0.009809619322818774,-0.08842254861267189,13.029999732971191,0.8899993896484375,0.0733113150312188,-0.353128440920749,0.0,1.9450000524520874,0.0
2018-07-30,3.7111001014709473,-0.008906297888856171,0.009846700645464928,-0.46216428930374265,14.260000228881836,1.2300004959106445,0.09439758412260324,0.4575868432647847,0.0,1.9450000524520874,0.0
2018-07-31,3.728100061416626,0.004570380999366905,0.009597688587092689,-0.33201459645087655,12.829999923706055,-1.4300003051757812,-0.10028052470009752,-0.4609676900657405,0.0,1.9850000143051147,0.039999961853027344
2018-08-01,3.753000020980835,0.00665678877140447,0.009796710577485112,-0.10596374391473576,13.149999618530273,0.31999969482421875,0.024941519620195196,-0.24741127692031428,0.0,1.9780000448226929,-0.006999969482421875
2018-08-02,3.746999979019165,-0.0016000115311193077,0.009707210988606456,-0.20734386423509404,12.1899995803833,-0.9600000381469727,-0.0730038073000544,-0.8618570693716939,0.0,1.965000033378601,-0.013000011444091797
2018-08-03,3.7483999729156494,0.00037356082977359835,0.009575121607377132,-0.24191299666629845,11.640000343322754,-0.5499992370605469,-0.04511888892478966,-1.1984212062815376,0.0,1.9600000381469727,-0.004999995231628418
2018-08-06,3.7023000717163086,-0.012374807526099948,0.00927273375936012,-0.839672838684605,11.270000457763672,-0.36999988555908203,-0.031786930811503855,-1.3974169580902713,0.0,1.968000054359436,0.008000016212463379
2018-08-07,3.734499931335449,0.008659654912584521,0.009557307117128362,-0.4779415161101869,10.930000305175781,-0.3400001525878906,-0.030168601488713476,-1.5491155096797218,0.0,2.007999897003174,0.03999984264373779
2018-08-08,3.750499963760376,0.004275232336502948,0.00914809147860155,-0.30228270894514225,10.850000381469727,-0.07999992370605469,-0.007319297481462206,-1.5399296842997063,0.0,2.007999897003174,0.0
2018-08-09,3.7701001167297363,0.005212402504102104,0.008403476883084283,-0.06946042052902561,11.270000457763672,0.4200000762939453,0.03870968309008038,-1.24328442263277,0.0,2.005000114440918,-0.0029997825622558594
2018-08-10,3.7995998859405518,0.0077942107460410815,0.00863661928622071,0.298961258497012,13.15999984741211,1.8899993896484375,0.16770180238515042,-0.09664127131928688,0.0,2.0,-0.005000114440917969
2018-08-13,3.8654000759124756,0.017169421193114615,0.009369271433753443,1.1354357721607364,14.779999732971191,1.619999885559082,0.12310029668257583,0.861340296780794,0.0,1.9950000047683716,-0.004999995231628418
2018-08-14,3.881999969482422,0.00428528767731523,0.009408599273065293,1.3105327250343068,13.3100004196167,-1.4699993133544922,-0.0994586833499882,-0.02375991996017299,0.0,2.0329999923706055,0.03799998760223389
2018-08-15,3.8643999099731445,-0.004544069520762307,0.009388588149878323,1.0503139692295524,14.640000343322754,1.3299999237060547,0.09992485963755926,0.7533005684015859,0.0,2.0199999809265137,-0.013000011444091797
2018-08-16,3.900599956512451,0.00932396894264933,0.009579759570443528,1.508338105921468,13.449999809265137,-1.1900005340576172,-0.08128418757861378,0.030552544030164365,0.0,2.015000104904175,-0.004999876022338867
2018-08-17,3.903899908065796,0.0008456536119577589,0.009473182941850167,1.5163983007391975,12.640000343322754,-0.8099994659423828,-0.060223009474275835,-0.44973579786497564,0.0,1.9950000047683716,-0.020000100135803223
2018-08-20,3.9098000526428223,0.0015102053388475318,0.008676199321216306,1.5768858200185891,12.489999771118164,-0.15000057220458984,-0.011867133554614995,-0.5311937508969081,0.0,1.9930000305175781,-0.001999974250793457
2018-08-21,3.9660000801086426,0.014271815038246682,0.009113710905268952,2.2418228692952202,12.859999656677246,0.36999988555908203,0.029623690339424025,-0.27971856146686824,0.0,2.0350000858306885,0.04200005531311035
2018-08-22,4.048500061035156,0.02058840692356957,0.009548954340953089,3.0604203070611957,12.25,-0.6099996566772461,-0.04743387814637445,-0.6361001271795547,0.0,2.0350000858306885,0.0
2018-08-23,4.036900043487549,-0.0028693757529705544,0.00849605052172509,2.6904958395141043,12.40999984741211,0.15999984741210938,0.013061212033641523,-0.5111282355077927,0.0,2.0329999923706055,-0.002000093460083008
2018-08-24,4.112299919128418,0.018505381557227696,0.008718086204116788,3.22668997672649,11.989999771118164,-0.4200000762939453,-0.03384368101999047,-0.7592874169220117,0.0,2.0480000972747803,0.015000104904174805
2018-08-27,4.102799892425537,-0.0023128217929308612,0.00829120150812757,2.847380408193166,12.15999984741211,0.1700000762939453,0.014178488702180525,-0.643586655472631,0.0,2.059999942779541,0.011999845504760742
2018-08-28,4.077499866485596,-0.006185618462502054,0.008662236324253014,2.413919037435643,12.5,0.3400001525878906,0.027960539214994196,-0.4300422058393836,0.0,2.078000068664551,0.018000125885009766
2018-08-29,4.133900165557861,0.013737288600152341,0.00889741284684879,2.7237805548387204,12.25,-0.25,-0.020000000000000018,-0.5975647932484222,0.0,2.0799999237060547,0.0019998550415039062
2018-08-30,4.105500221252441,-0.006893719310579728,0.00917332906352403,2.3086223263445573,13.529999732971191,1.2799997329711914,0.10448977412009719,0.20160239428997548,0.0,2.058000087738037,-0.021999835968017578
2018-08-31,4.148600101470947,0.01044336033056838,0.009207244544262479,2.5079874970799425,12.859999656677246,-0.6700000762939453,-0.04951959272114581,-0.2336145358363714,0.0,2.055000066757202,-0.003000020980834961
2018-09-03,4.053699970245361,-0.023140915424187822,0.010504329335407077,1.6526899099651071,12.859999656677246,0.0,0.0,-0.23958221690266115,0.0,2.055000066757202,0.0
2018-09-04,4.154799938201904,0.024634240532813628,0.011403424672138287,2.3316002203233803,13.15999984741211,0.3000001907348633,0.023328164754584213,-0.05615276428985009,0.0,2.068000078201294,0.013000011444091797
2018-09-05,4.15369987487793,-0.00026480432211618837,0.011470569563546994,2.193903121158834,13.90999984741211,0.75,0.05699088211976577,0.41520135088382587,0.0,2.0899999141693115,0.021999835968017578
2018-09-06,4.143099784851074,-0.0025552252022651607,0.011597558917222986,2.0082150393810965,14.649999618530273,0.7399997711181641,0.053199121440381525,0.861841136248515,0.0,2.0799999237060547,-0.009999990463256836
2018-09-07,4.057300090789795,-0.02092649784020102,0.012901341448497868,1.3198573311006079,14.880000114440918,0.23000049591064453,0.015699692962430234,0.9763328574738058,0.0,2.0880000591278076,0.00800013542175293
2018-09-10,4.043799877166748,-0.0033329365576690224,0.012549460579595143,1.1799096040402037,14.15999984741211,-0.7200002670288086,-0.04838711434753651,0.49680838711328384,0.0,2.0829999446868896,-0.005000114440917969
2018-09-11,4.08459997177124,0.010038983814534684,0.012663856670572335,1.4253895989056782,13.220000267028809,-0.9399995803833008,-0.06638415187236713,-0.10424445455590835,0.0,2.1080000400543213,0.02500009536743164
2018-09-12,4.151599884033203,0.01626997678606067,0.012903704966594685,1.8269337232233378,13.140000343322754,-0.07999992370605469,-0.006051431323006673,-0.15941396730300908,0.0,2.1050000190734863,-0.003000020980834961
2018-09-13,4.159800052642822,0.0019732346735362996,0.012836128099892706,1.7996213960634775,12.369999885559082,-0.7700004577636719,-0.05859972889231746,-0.6304566171318454,0.0,2.0929999351501465,-0.012000083923339844
2018-09-14,4.204999923706055,0.010807266431790136,0.012932187579398647,2.00710364620541,12.069999694824219,-0.3000001907348633,-0.024252238763970202,-0.8011434918738597,0.0,2.1029999256134033,0.009999990463256836
2018-09-17,4.171999931335449,-0.007878754601185183,0.013184386273125296,1.7054633909857382,13.680000305175781,1.6100006103515625,0.1333886206345103,0.28411499113409544,0.0,2.1080000400543213,0.005000114440917969
2018-09-18,4.1321001052856445,-0.009609742880344605,0.013214609709702896,1.3872427530390306,12.789999961853027,-0.8900003433227539,-0.06505850317752004,-0.29280884210096714,0.0,2.125,0.01699995994567871
2018-09-19,4.158400058746338,0.006344621232482104,0.01252903732388578,1.5001003479949198,11.75,-1.0399999618530273,-0.08131352345229803,-1.0399678614875134,0.0,2.119999885559082,-0.005000114440917969
2018-09-20,4.130300045013428,-0.00678034457387249,0.012628307459639991,1.2719532892330985,11.800000190734863,0.05000019073486328,0.004255335381690539,-1.0028492224208088,0.0,2.118000030517578,-0.0019998550415039062
2018-09-21,4.076000213623047,-0.013233886687916268,0.012322259558674302,0.8951835683761996,11.680000305175781,-0.11999988555908203,-0.010169481662661628,-1.091536258298249,0.0,2.122999906539917,0.004999876022338867
2018-09-24,4.050000190734863,-0.0063992395569745985,0.012388591048361668,0.7081456842940299,12.199999809265137,0.5199995040893555,0.04452050432386789,-0.622054226703288,0.0,2.122999906539917,0.0
2018-09-25,4.091300010681152,0.010145842359587636,0.012541637302704719,0.9453503761074232,12.420000076293945,0.2200002670288086,0.01803280905477811,-0.39858344703733756,0.0,2.1679999828338623,0.04500007629394531
2018-09-26,4.073599815368652,-0.004335686515990604,0.012157779659915085,0.8105946301669279,12.890000343322754,0.4700002670288086,0.03784221128354881,0.1219553215090584,0.0,2.1600000858306885,-0.007999897003173828
2018-09-27,4.030799865722656,-0.010562249945789175,0.012282625188172776,0.527454352111216,12.40999984741211,-0.48000049591064453,-0.03723820660402799,-0.36394519670761794,0.0,2.140000104904175,-0.019999980926513672
2018-09-28,4.01200008392334,-0.004674943093513021,0.012008761137574726,0.4003391209699213,12.119999885559082,-0.28999996185302734,-0.023368248623588994,-0.6671561120359732,0.0,2.1500000953674316,0.009999990463256836
2018-10-01,4.052700042724609,0.010093445186096815,0.011150686164033044,0.6354796316347081,12.0,-0.11999988555908203,-0.009900980750178201,-0.7850932839410618,0.0,2.1549999713897705,0.004999876022338867
2018-10-02,4.01639986038208,-0.008997391942678663,0.009676725908094643,0.3930987787346055,12.050000190734863,0.05000019073486328,0.004166682561238533,-0.7149564041911716,0.0,2.174999952316284,0.019999980926513672
2018-10-03,3.939500093460083,-0.019332108833738287,0.010437853221642342,-0.10303272280047712,11.609999656677246,-0.4400005340576172,-0.03651456656373575,-1.1652372712548307,0.0,2.1700000762939453,-0.004999876022338867
2018-10-04,3.900399923324585,-0.00997474310696925,0.010565478963533485,-0.35288518036228095,14.220000267028809,2.6100006103515625,0.22480626076939414,1.666026665132317,0.0,2.1700000762939453,0.0
2018-10-05,3.8738999366760254,-0.006817357128212732,0.009746071462646408,-0.5195035045119528,14.819999694824219,0.5999994277954102,0.042194051795244825,2.1801839197657853,0.0,2.1649999618530273,-0.005000114440917969
2018-10-08,3.8357999324798584,-0.009883734776291501,0.009891157633497764,-0.7580474559515189,15.6899995803833,0.869999885559082,0.05870444692808752,2.8217330247167776,0.0,2.1649999618530273,0.0
2018-10-09,3.7771999835968018,-0.01539501035188609,0.009809868592505579,-1.1115132509579488,15.949999809265137,0.26000022888183594,0.016571079403144617,2.8100717788131613,0.0,2.184999942779541,0.019999980926513672
2018-10-10,3.7147998809814453,-0.016658181183394946,0.008971809722596051,-1.4689554850761892,22.959999084472656,7.0099992752075195,0.439498392415999,5.819105240063111,1.0,2.2200000286102295,0.03500008583068848
2018-10-11,3.7548000812530518,0.010710234239786186,0.00955180073612642,-1.2011528396390765,24.979999542236328,2.020000457763672,0.0879791175222544,5.107316525258621,1.0,2.2149999141693115,-0.005000114440917969
2018-10-12,3.7815001010894775,0.007085739926105686,0.009256857872602615,-1.028415760154758,21.309999465942383,-3.6700000762939453,-0.14691753977371724,3.1444913311459577,1.0,2.2179999351501465,0.003000020980834961
2018-10-15,3.781599998474121,2.641704680213624e-05,0.009309916700311532,-1.030124796274297,21.299999237060547,-0.010000228881835938,-0.0004692740090311842,2.8598414664809955,1.0,2.2300000190734863,0.012000083923339844
2018-10-16,3.7339000701904297,-0.012693917466295262,0.009416747982611719,-1.3091444183416459,17.6200008392334,-3.6799983978271484,-0.1727698840206624,1.4519605825620654,0.0,2.259999990463257,0.029999971389770508
2018-10-17,3.723599910736084,-0.002762364339373043,0.009048913661150428,-1.3652745581857884,17.399999618530273,-0.220001220703125,-0.012485880262460669,1.3239442539226407,0.0,2.259999990463257,0.0
2018-10-18,3.686199903488159,-0.010094827334268199,0.009103360084006184,-1.5915144014610554,20.059999465942383,2.6599998474121094,0.1528735578005025,2.140075492191911,1.0,2.255000114440918,-0.004999876022338867
2018-10-19,3.7202999591827393,0.009208208269750006,0.009498788892350327,-1.3783155104067237,19.889999389648438,-0.1700000762939453,-0.008474580300092738,1.9740881399333914,0.0,2.259999990463257,0.004999876022338867
2018-10-22,3.710900068283081,-0.002529846021715292,0.009498881421852127,-1.434948627657273,19.639999389648438,-0.25,-0.0125691306018898,1.8085663692304512,0.0,2.257999897003174,-0.002000093460083008
2018-10-23,3.682300090789795,-0.007736871596075374,0.008881994892767572,-1.5919430725063721,20.709999084472656,1.0699996948242188,0.054480637885772065,2.0362688103732505,1.0,2.2899999618530273,0.032000064849853516
2018-10-24,3.6923999786376953,0.0027390657429683567,0.009060101927184082,-1.5129052036094344,25.229999542236328,4.520000457763672,0.21825208390050332,3.0890522587218308,1.0,2.2850000858306885,-0.004999876022338867
2018-10-25,3.731100082397461,0.010426471081247255,0.009572335267920113,-1.2788767296355463,24.219999313354492,-1.010000228881836,-0.04003171808192241,2.590156647723009,1.0,2.2799999713897705,-0.005000114440917969
2018-10-26,3.704900026321411,-0.007046843494648578,0.009597582898672548,-1.4218552841191012,24.15999984741211,-0.05999946594238281,-0.0024772695145908186,2.4022855297961527,1.0,2.2730000019073486,-0.006999969482421875
2018-10-29,3.6415998935699463,-0.01723315865133805,0.009432066475788866,-1.7718578778407066,24.700000762939453,0.5400009155273438,0.022351031412989997,2.375567178388014,1.0,2.259999990463257,-0.013000011444091797
2018-10-30,3.7158000469207764,0.020170894533661207,0.010968065591118471,-1.3336052347285623,23.350000381469727,-1.3500003814697266,-0.05465588420123868,1.9452799561461136,1.0,2.2829999923706055,0.023000001907348633
2018-10-31,3.6946001052856445,-0.005721688177732132,0.010365159234854803,-1.4414367722438512,21.229999542236328,-2.1200008392333984,-0.09079232567875262,1.3880626978503243,1.0,2.2780001163482666,-0.004999876022338867
2018-11-01,3.7207000255584717,0.007039506855622456,0.010478245496716906,-1.2786323701217517,19.34000015258789,-1.8899993896484375,-0.08902493784271404,0.9099258798129042,0.0,2.2699999809265137,-0.00800013542175293
2018-11-02,3.6949000358581543,-0.006958329355941582,0.010481449812436743,-1.4010675920976494,19.510000228881836,0.1700000762939453,0.008790076264358015,0.9207746954819701,0.0,2.2730000019073486,0.003000020980834961
2018-11-05,3.700000047683716,0.0013793323984189706,0.010358088898110499,-1.3374527365478648,19.959999084472656,0.4499988555908203,0.02306503589501041,0.9981441277823284,0.0,2.2679998874664307,-0.005000114440917969
2018-11-06,3.724600076675415,0.00662665156381349,0.010001436855746363,-1.1716851919541713,19.90999984741211,-0.049999237060546875,-0.002504971911518883,0.9557023768835977,0.0,2.309999942779541,0.04200005531311035
2018-11-07,3.7599000930786133,0.009432901957574878,0.009499535441380763,-0.9598332961114666,16.360000610351562,-3.549999237060547,-0.17830232366988052,0.12357917826693747,0.0,2.309999942779541,0.0
2018-11-08,3.7304000854492188,-0.007876896640902506,0.009367004727073195,-1.0955540475121386,16.719999313354492,0.3599987030029297,0.02200480987605502,0.1951070819795438,0.0,2.302999973297119,-0.006999969482421875
2018-11-09,3.759200096130371,0.007690704960342351,0.009393138921401164,-0.9187459689325731,17.360000610351562,0.6400012969970703,0.03827759110527551,0.3273245215821588,0.0,2.299999952316284,-0.003000020980834961
2018-11-12,3.7293999195098877,-0.007958853153232028,0.009547172568275974,-1.0537066713999588,20.450000762939453,3.0900001525878906,0.177995394236643,1.0164325513952965,1.0,2.299999952316284,0.0
2018-11-13,3.766400098800659,0.009872323090675424,0.009386591205529633,-0.832721105631606,20.020000457763672,-0.43000030517578125,-0.021026909004084215,0.8865586268773563,1.0,2.2950000762939453,-0.004999876022338867
2018-11-14,3.8013999462127686,0.009249741469337587,0.009554156360785573,-0.6244128227000912,21.25,1.2299995422363281,0.061438537168431395,1.133812546040668,1.0,2.325000047683716,0.029999971389770508
2018-11-15,3.782399892807007,-0.005010705335632492,0.009306907990330173,-0.7025979886744921,19.979999542236328,-1.2700004577636719,-0.059764727424172825,0.8111290050769979,0.0,2.309999942779541,-0.015000104904174805
2018-11-16,3.782399892807007,0.0,0.009120377079387825,-0.6771594584818456,18.139999389648438,-1.8400001525878906,-0.09209210183905447,0.36266867906783334,0.0,2.299999952316284,-0.009999990463256836
2018-11-19,3.742500066757202,-0.01060484530040382,0.009449629074911564,-0.8615062269592935,20.100000381469727,1.960000991821289,0.10804856988803202,0.7941540723378364,1.0,2.299999952316284,0.0
2018-11-20,3.7544000148773193,0.003174634311464558,0.009266885219706804,-0.7704849840781394,22.479999542236328,2.3799991607666016,0.1184079161988838,1.306722382332364,1.0,2.3350000381469727,0.03500008583068848
2018-11-21,3.75570011138916,0.00034622614957722933,0.009258279686660978,-0.7364726162269122,20.799999237060547,-1.6800003051757812,-0.07473311118264614,0.8836605275797768,1.0,2.3499999046325684,0.014999866485595703
2018-11-22,3.796099901199341,0.010699482283021934,0.009273331716125672,-0.49325895192051655,20.799999237060547,0.0,0.0,0.8548218431513421,1.0,2.3499999046325684,0.0
2018-11-23,3.803100109100342,0.0018423544245612569,0.009085360437976217,-0.4302492017873112,21.520000457763672,0.720001220703125,0.03461544457272181,0.9901240519061796,1.0,2.3480000495910645,-0.0019998550415039062
2018-11-26,3.6730000972747803,-0.03480775899659596,0.011501629984854555,-1.1190585379859401,18.899999618530273,-2.6200008392333984,-0.12174724830399308,0.3548343594245187,0.0,2.3429999351501465,-0.005000114440917969
2018-11-27,3.93969988822937,0.07009575658729193,0.01899102834219999,0.395821861021402,19.020000457763672,0.12000083923339844,0.006349250881240609,0.36286857497464087,0.0,2.3529999256134033,0.009999990463256836
2018-11-28,3.873500108718872,-0.016946030751395023,0.01942099945284011,0.046805821792830646,18.489999771118164,-0.5300006866455078,-0.027865440267598407,0.21963867294750036,0.0,2.3350000381469727,-0.017999887466430664
2018-11-29,3.8492000102996826,-0.006293181981260709,0.01948080815726061,-0.06768118895528938,18.790000915527344,0.3000011444091797,0.01622504857343432,0.27601935746563894,0.0,2.309999942779541,-0.02500009536743164
2018-11-30,3.8510000705718994,0.0004675359824682089,0.01937763970992748,-0.036915357284073975,18.06999969482422,-0.720001220703125,-0.03831831748917813,0.09029922577933593,0.0,2.308000087738037,-0.0019998550415039062
2018-12-03,3.8652000427246094,0.003680565038301683,0.01938016125482741,0.06737425833985332,16.440000534057617,-1.6299991607666016,-0.09020471434946853,-0.3143215710079401,0.0,2.2880001068115234,-0.019999980926513672
2018-12-04,3.8408000469207764,-0.00633274774567647,0.019440359101106808,-0.057570939746250105,20.739999771118164,4.299999237060547,0.26155712271131226,0.7039401558003097,1.0,2.365000009536743,0.07699990272521973
2018-12-05,3.851099967956543,0.0026781230052542486,0.01935443173101382,0.038543087651953946,20.739999771118164,0.0,0.0,0.6781320631317717,1.0,2.365000009536743,0.0
2018-12-06,3.8673999309539795,0.004223615324755898,0.019244627722067118,0.1803600734317278,21.190000534057617,0.4500007629394531,0.021697240496892922,0.7616330353680619,1.0,2.3529999256134033,-0.012000083923339844
2018-12-07,3.8777999877929688,0.0026855505858299315,0.019196522365477448,0.300841871561051,23.229999542236328,2.039999008178711,0.09627177710070955,1.2319339483064597,1.0,2.3399999141693115,-0.013000011444091797
2018-12-10,3.9058001041412354,0.007194675162931776,0.0191001404237936,0.5532626710225859,22.639999389648438,-0.5900001525878906,-0.025398199062172333,1.048810838556608,1.0,2.3299999237060547,-0.009999990463256836
2018-12-11,3.9166998863220215,0.0027867789704502694,0.019018040066097967,0.6863525019470488,21.760000228881836,-0.8799991607666016,-0.03886922192979203,0.7997794566556536,1.0,2.369999885559082,0.039999961853027344
2018-12-12,3.902600049972534,-0.0036064230165279015,0.018975776119640048,0.6457849487170382,21.459999084472656,-0.3000011444091797,-0.013786817153199848,0.6979847174397523,1.0,2.375,0.005000114440917969
2018-12-13,3.854099988937378,-0.012505496630509804,0.019180149701787594,0.30865028223623153,20.649999618530273,-0.8099994659423828,-0.03774461791699035,0.4611275793542043,1.0,2.36299991607666,-0.012000083923339844
2018-12-14,3.890700101852417,0.009451602352913003,0.01927201662223645,0.6727230180851733,21.6299991607666,0.9799995422363281,0.04745760582760128,0.6992586568025038,1.0,2.368000030517578,0.005000114440917969
2018-12-17,3.9154999256134033,0.006353900004775689,0.019087686820936624,0.9412170988552762,24.520000457763672,2.8900012969970703,0.13361079099064765,1.4587410813833759,1.0,2.3399999141693115,-0.0280001163482666
2018-12-18,3.897599935531616,-0.004582053658021222,0.019146823839677824,0.8510959709581862,25.579999923706055,1.0599994659423828,0.043229993725663274,1.705763683959615,1.0,2.328000068664551,-0.011999845504760742
2018-12-19,3.910900115966797,0.003406593637628528,0.019146220463425498,1.0565455770761345,25.579999923706055,0.0,0.0,1.6572550658719347,1.0,2.3380000591278076,0.009999990463256836
2018-12-20,3.896199941635132,-0.003765852005461078,0.019074358753896358,0.9668230788265041,28.3799991607666,2.799999237060547,0.10946048652899609,2.347983342905118,1.0,2.3350000381469727,-0.003000020980834961
2018-12-21,3.838900089263916,-0.014815813703271185,0.019410236678979,0.4107999841751771,30.110000610351562,1.730001449584961,0.06095847430385293,2.686896747021888,1.0,2.3299999237060547,-0.005000114440917969
2018-12-24,3.843400001525879,0.0011715014314536392,0.017546547501391674,0.5333679397317915,36.06999969482422,5.959999084472656,0.19794084900893893,3.8159837583284584,1.0,2.3329999446868896,0.003000020980834961
2018-12-25,3.902600049972534,0.015285618570492399,0.0081703218772811,1.3084370265129617,36.06999969482422,0.0,0.0,3.4527317705840015,1.0,2.3329999446868896,0.0
2018-12-26,3.9028000831604004,5.1255075844551854e-05,0.007192102260437205,1.334198508265727,30.40999984741211,-5.659999847412109,-0.15691710272524007,2.0839288124876885,1.0,2.380000114440918,0.04700016975402832
2018-12-27,3.920599937438965,0.004550421797642084,0.007070516659049645,1.5419189951527554,29.959999084472656,-0.4500007629394531,-0.014797789056146593,1.90410130993659,1.0,2.3480000495910645,-0.032000064849853516
2018-12-28,3.871500015258789,-0.012602654571228382,0.00769121470762041,0.9362408297687675,28.34000015258789,-1.6199989318847656,-0.05407206212914606,1.4838125402998286,1.0,2.328000068664551,-0.019999980926513672
2018-12-31,3.8742001056671143,0.0006971843669492972,0.007650315760066989,0.9561189717937891,25.420000076293945,-2.9200000762939453,-0.10303458223613671,0.7837277786244641,1.0,2.299999952316284,-0.0280001163482666
2019-01-01,3.880000114440918,0.0014959659773610078,0.007501818340452743,0.9981405171245724,25.420000076293945,0.0,0.0,0.756580601972071,1.0,2.299999952316284,0.0
2019-01-02,3.8798999786376953,-2.580852898288369e-05,0.007484991144067741,0.9642370994320552,23.219999313354492,-2.200000762939453,-0.08654605650419012,0.23570895701840805,1.0,2.365000009536743,0.06500005722045898
2019-01-03,3.78629994392395,-0.024420100460973343,0.009243197182989125,-0.18450129958334124,25.450000762939453,2.230001449584961,0.09603796363173966,0.7596229168428166,1.0,2.3550000190734863,-0.009999990463256836
2019-01-04,3.7551000118255615,-0.008274354971156712,0.009333912372931814,-0.5594466319584857,21.3799991607666,-4.070001602172852,-0.15992147269793522,-0.20080865290579009,1.0,2.3580000400543213,0.003000020980834961
2019-01-07,3.6612000465393066,-0.025323943929173642,0.010481625345661232,-1.642047054187521,21.399999618530273,0.020000457763671875,0.0009354751425985075,-0.19649967008838068,1.0,2.3529999256134033,-0.005000114440917969
2019-01-08,3.734100103378296,0.019715878137856926,0.011615616187377832,-0.7730435595215471,20.469999313354492,-0.9300003051757812,-0.043457958960452236,-0.43086941193860195,1.0,2.4000000953674316,0.04700016975402832
2019-01-09,3.712399959564209,-0.005828296530822123,0.011638494134801973,-1.0272829721665435,19.979999542236328,-0.48999977111816406,-0.0239374590891408,-0.5627841525305401,0.0,2.390000104904175,-0.009999990463256836
2019-01-10,3.680000066757202,-0.00876578652562824,0.011498452806354665,-1.409056462873913,19.5,-0.4799995422363281,-0.024024001663345507,-0.674883876639528,0.0,2.375,-0.015000104904174805
2019-01-11,3.707900047302246,0.00755292105942619,0.011403671837648928,-1.07259714444861,18.190000534057617,-1.3099994659423828,-0.06717945979191708,-0.9770027517754477,0.0,2.369999885559082,-0.005000114440917969
2019-01-14,3.659600019454956,-0.013111834241423845,0.011447264733700542,-1.612584433561861,19.06999969482422,0.8799991607666016,0.048378182239134926,-0.7635894535841335,0.0,2.359999895095825,-0.009999990463256836
2019-01-15,3.697499990463257,0.010303055884191035,0.011842039635781908,-1.1771157374137704,18.600000381469727,-0.4699993133544922,-0.024646005289767015,-0.8626065842984105,0.0,2.382999897003174,0.023000001907348633
2019-01-16,3.716399908065796,0.0050985200240079,0.011893404153161532,-0.9651717306438916,19.040000915527344,0.4400005340576172,0.023655942206107117,-0.7336871858065189,0.0,2.36299991607666,-0.019999980926513672
2019-01-17,3.734299898147583,0.0048049243657302294,0.012001233009195802,-0.7550856301664368,18.059999465942383,-0.9800014495849609,-0.051470661894021164,-0.9362984617325182,0.0,2.3550000190734863,-0.007999897003173828
2019-01-18,3.7488999366760254,0.0039020893136855255,0.011684906037528925,-0.5959358020432914,17.799999237060547,-0.26000022888183594,-0.01439646935605643,-0.9667942040395351,0.0,2.3480000495910645,-0.006999969482421875
2019-01-21,3.750200033187866,0.00034673401610604273,0.011677600504885637,-0.6189802462217124,17.799999237060547,0.0,0.0,-0.9361446226459054,0.0,2.3480000495910645,0.0
2019-01-22,3.7513999938964844,0.0003199212740003274,0.0110250342343153,-0.6153232359780163,20.799999237060547,3.0,0.1685393330665903,-0.22675309299646607,1.0,2.3450000286102295,-0.003000020980834961
2019-01-23,3.812000036239624,0.016024893281570484,0.011735306662979297,0.1074644737932676,19.520000457763672,-1.279998779296875,-0.06153840510802655,-0.517680704597464,0.0,2.3529999256134033,0.007999897003173828
2019-01-24,3.7623000144958496,-0.01312351892977852,0.011944891210099966,-0.5252376870889045,18.889999389648438,-0.6300010681152344,-0.03227464412607961,-0.6619166613503371,0.0,2.305000066757202,-0.04799985885620117
2019-01-25,3.7697999477386475,0.001991459422757069,0.01171046806553003,-0.4532825216081695,17.420000076293945,-1.4699993133544922,-0.0778189179910741,-0.989592387482669,0.0,2.328000068664551,0.023000001907348633
2019-01-28,3.7695999145507812,-5.306342456078318e-05,0.011704829464713032,-0.4771911142673612,18.8700008392334,1.4500007629394531,0.08323770129672337,-0.6487422402618127,0.0,2.3329999446868896,0.004999876022338867
2019-01-29,3.7595999240875244,-0.0026563237947223525,0.011688160292117564,-0.6180595628098006,19.1299991607666,0.2599983215332031,0.013778394804977001,-0.5848887939963346,0.0,2.365000009536743,0.032000064849853516
2019-01-30,3.7184998989105225,-0.010992214596708101,0.011867458249435078,-1.1350443974388031,17.65999984741211,-1.4699993133544922,-0.07684262299233602,-0.9335308160302107,0.0,2.365000009536743,0.0
2019-01-31,3.6814000606536865,-0.01002720288346817,0.01083584329372486,-1.5818564463332068,16.56999969482422,-1.0900001525878906,-0.06172141347711391,-1.1845474063904855,0.0,2.3399999141693115,-0.02500009536743164
2019-02-01,3.6428000926971436,-0.010540488933996554,0.010922954400952794,-1.9841251245489162,16.139999389648438,-0.43000030517578125,-0.02595053187056462,-1.272422777592313,0.0,2.3399999141693115,0.0
2019-02-04,3.6572999954223633,0.003972526847229395,0.009423998351360936,-1.7549760512823926,15.729999542236328,-0.4099998474121094,-0.025402717652831308,-1.3288975935604515,0.0,2.3350000381469727,-0.004999876022338867
2019-02-05,3.6670000553131104,0.0026487351677818203,0.008237717190327246,-1.584835027092817,15.569999694824219,-0.15999984741210938,-0.010171637130852895,-1.3291282630274925,0.0,2.365000009536743,0.029999971389770508
2019-02-06,3.668299913406372,0.0003544117111531507,0.00815893456746671,-1.5124275406582879,15.380000114440918,-0.18999958038330078,-0.012202927688332643,-1.329065769477656,0.0,2.365000009536743,0.0
2019-02-07,3.694700002670288,0.007171045144007974,0.0080971947545606,-1.1750368830728775,16.3700008392334,0.9900007247924805,0.06436935743992156,-1.0875894411653657,0.0,2.3550000190734863,-0.009999990463256836
2019-02-08,3.714900016784668,0.0054524033968548725,0.008009946326587074,-0.9236736640825879,15.720000267028809,-0.6500005722045898,-0.03970681361522943,-1.2101727417154042,0.0,2.365000009536743,0.009999990463256836
2019-02-11,3.728600025177002,0.0036810704063977026,0.007410477285213634,-0.7635292195540809,15.970000267028809,0.25,0.015903307617898044,-1.1293006491315258,0.0,2.375,0.009999990463256836
2019-02-12,3.755199909210205,0.007108687105910243,0.007230146409073372,-0.4611922663902819,15.430000305175781,-0.5399999618530273,-0.03381339717118825,-1.205051813894264,0.0,2.378000020980835,0.003000020980834961
2019-02-13,3.7079999446868896,-0.01264888915116246,0.007742423996768799,-0.9824922451205595,15.649999618530273,0.2199993133544922,0.014257894297040163,-1.1278818557678127,0.0,2.372999906539917,-0.005000114440917969
2019-02-14,3.753200054168701,0.012116191080055664,0.00814879360871681,-0.46283817400495564,16.219999313354492,0.5699996948242188,0.036421706627348005,-0.9844586683357817,0.0,2.372999906539917,0.0
2019-02-15,3.7219998836517334,-0.008347696905979557,0.008318631755065631,-0.795175564197456,14.90999984741211,-1.3099994659423828,-0.08076445877921923,-1.2174724049025678,0.0,2.369999885559082,-0.003000020980834961
2019-02-18,3.6468000411987305,-0.020411044934610628,0.009444550008396703,-1.6218466521826218,14.90999984741211,0.0,0.0,-1.19071166681046,0.0,2.369999885559082,0.0
2019-02-19,3.7316999435424805,0.023013796746884283,0.010911179430459092,-0.6507892342795982,14.880000114440918,-0.029999732971191406,-0.002012054545821984,-1.1700759944599057,0.0,2.372999906539917,0.003000020980834961
2019-02-20,3.7219998836517334,-0.002602751812273591,0.010220831869377655,-0.734750436180522,14.020000457763672,-0.8599996566772461,-0.05779567540746344,-1.3098548842296815,0.0,2.382999897003174,0.009999990463256836
2019-02-21,3.7239999771118164,0.0005372263082427582,0.009830706944810474,-0.6883911305404737,14.460000038146973,0.4399995803833008,0.03138370656326539,-1.195069330284723,0.0,2.3949999809265137,0.012000083923339844
2019-02-22,3.7664999961853027,0.011347834002124146,0.010172763113620016,-0.18860697523689596,13.510000228881836,-0.9499998092651367,-0.0656984651977136,-1.3470924892110148,0.0,2.3929998874664307,-0.002000093460083008
2019-02-25,3.746299982070923,-0.005377505816942116,0.010242450517436373,-0.39984221236618356,14.850000381469727,1.3400001525878906,0.0991857979190276,-1.0785494770836639,0.0,2.3929998874664307,0.0
2019-02-26,3.7504000663757324,0.0010938372049352156,0.010231557141377445,-0.33625676256743064,15.170000076293945,0.31999969482421875,0.021548800444713967,-0.990907114476714,0.0,2.4000000953674316,0.0070002079010009766
2019-02-27,3.7471001148223877,-0.000880280543297034,0.00991097603903302,-0.35609960833755866,14.699999809265137,-0.4700002670288086,-0.030982219160517688,-1.0510275756385135,0.0,2.3929998874664307,-0.0070002079010009766
2019-02-28,3.727299928665161,-0.00529814630164913,0.009703785139990772,-0.5628332832107097,14.779999732971191,0.07999992370605469,0.005442171751297131,-1.0071742934419312,0.0,2.382999897003174,-0.009999990463256836
2019-03-01,3.747499942779541,0.005404843911784409,0.009388530024184674,-0.30464240915319324,13.569999694824219,-1.2100000381469727,-0.08186739242272834,-1.191593655453834,0.0,2.378000020980835,-0.004999876022338867
2019-03-04,3.721400022506714,-0.006988988106327455,0.0095500441981526,-0.5881166216666154,14.630000114440918,1.0600004196166992,0.0781135183091417,-0.9649944098755721,0.0,2.375,-0.003000020980834961
2019-03-05,3.7741000652313232,0.014062013345259061,0.009992746044750951,0.07829933700970572,14.739999771118164,0.1099996566772461,0.007518773466629547,-0.917486719054264,0.0,2.4000000953674316,0.02500009536743164
2019-03-06,3.774399995803833,7.94675949505552e-05,0.009994506215101354,0.1112096681338106,15.739999771118164,1.0,0.0678426062094939,-0.7148100260682437,0.0,2.4049999713897705,0.004999876022338867
2019-03-07,3.8368000984191895,0.016397282942901742,0.010475025149206361,0.9112639063673721,16.59000015258789,0.8500003814697266,0.05400256631702249,-0.54650422386215,0.0,2.3949999809265137,-0.009999990463256836
2019-03-08,3.86929988861084,0.008434871837853224,0.01054941965900754,1.3394763975847936,16.049999237060547,-0.5400009155273438,-0.03254978363837502,-0.6262946871257494,0.0,2.3929998874664307,-0.002000093460083008
2019-03-11,3.8134000301361084,-0.014552395789389595,0.011169422116596646,0.662661623178032,14.329999923706055,-1.7199993133544922,-0.10716507134672604,-0.907220728697724,0.0,2.380000114440918,-0.012999773025512695
2019-03-12,3.8373000621795654,0.006247822944413948,0.011146782789255813,1.0111885280918407,13.770000457763672,-0.5599994659423828,-0.03907881848735939,-0.975839450194431,0.0,2.3949999809265137,0.014999866485595703
2019-03-13,3.8115999698638916,-0.006719969909831983,0.01083694411145965,0.7089974740936827,13.40999984741211,-0.3600006103515625,-0.026143834305291547,-1.0075439163758138,0.0,2.388000011444092,-0.006999969482421875
2019-03-14,3.8132998943328857,0.00044588769096912367,0.010538385700408378,0.7720431329578508,13.5,0.09000015258789062,0.006711420851004624,-0.9632567410092604,0.0,2.388000011444092,0.0
2019-03-15,3.8405001163482666,0.007107668475236619,0.010398463517556696,1.1597430409325151,12.880000114440918,-0.619999885559082,-0.04592591744882091,-1.0569061419011787,0.0,2.388000011444092,0.0
2019-03-18,3.812999963760376,-0.007186325380484309,0.009288568154741017,0.7799602240362143,13.100000381469727,0.2200002670288086,0.017080765921899888,-1.0409186557638017,0.0,2.384999990463257,-0.003000020980834961
2019-03-19,3.7899999618530273,-0.00605026234202734,0.00805747368712163,0.4936564977036421,13.5600004196167,0.46000003814697266,0.0351145057062483,-0.9904087535362804,0.0,2.4049999713897705,0.019999980926513672
2019-03-20,3.7876999378204346,-0.0006070507234850331,0.008025735095940985,0.5080527934785228,13.90999984741211,0.34999942779541016,0.025811166442818223,-0.911508347015716,0.0,2.4079999923706055,0.003000020980834961
2019-03-21,3.774199962615967,-0.0035705284979815986,0.008087157174141426,0.35688673134056154,13.630000114440918,-0.2799997329711914,-0.020129384330890843,-1.00607691084186,0.0,2.4079999923706055,0.0
2019-03-22,3.7909998893737793,0.004441377545216477,0.007747513866100737,0.6760591439666994,16.479999542236328,2.84999942779541,0.20909753513324247,-0.13446232457418097,0.0,2.3980000019073486,-0.009999990463256836
2019-03-25,3.9059998989105225,0.02988399922100378,0.010051342891523889,2.5659163907193383,16.329999923706055,-0.14999961853027344,-0.009101918852961188,-0.1435423781005617,0.0,2.390000104904175,-0.007999897003173828
2019-03-26,3.853600025177002,-0.013506023706678376,0.010640206978072836,1.7264858668812424,14.680000305175781,-1.6499996185302734,-0.10104100589339193,-0.7031355996904117,0.0,2.4049999713897705,0.014999866485595703
2019-03-27,3.875,0.005537879938064459,0.010665925580197168,2.0952644527272577,15.149999618530273,0.4699993133544922,0.032016301334052644,-0.5043943445814062,0.0,2.378000020980835,-0.026999950408935547
2019-03-28,3.9881999492645264,0.028794325766747245,0.012117797695580444,3.518010843106265,14.430000305175781,-0.7199993133544922,-0.04752470834876099,-0.8033358769915683,0.0,2.369999885559082,-0.00800013542175293
2019-03-29,3.897700071334839,-0.022953334691574345,0.013454158269903978,2.041859803546801,13.710000038146973,-0.7200002670288086,-0.049896067345927775,-1.1033674044652673,0.0,2.328000068664551,-0.04199981689453125
2019-04-01,3.922499895095825,0.006342525000354378,0.013316745537224433,2.2702475640603605,13.399999618530273,-0.3100004196166992,-0.022611263220579714,-1.232107590052925,0.0,2.322999954223633,-0.005000114440917969
2019-04-02,3.8485000133514404,-0.019045713419344124,0.013867445491923378,1.1879727819660908,13.359999656677246,-0.039999961853027344,-0.0029850718650553665,-1.2282413608154303,0.0,2.369999885559082,0.04699993133544922
2019-04-03,3.852299928665161,0.0009868885442401287,0.013865841948746575,1.1985565552585569,13.739999771118164,0.38000011444091797,0.028443123069318066,-1.0186621072694886,0.0,2.372999906539917,0.003000020980834961
2019-04-04,3.868299961090088,0.004144769981329697,0.013414058767972395,1.3703901639668143,13.579999923706055,-0.15999984741210938,-0.011644821694133722,-1.0721076422051747,0.0,2.369999885559082,-0.003000020980834961
2019-04-05,3.8559000492095947,-0.0032106684228492017,0.013299593884701505,1.15929702736316,12.819999694824219,-0.7600002288818359,-0.05596467107154646,-1.412446485391444,0.0,2.369999885559082,0.0
2019-04-08,3.874000072479248,0.004683128129740203,0.012894382698515344,1.3637156503303545,13.180000305175781,0.3600006103515625,0.02808117152271894,-1.1966374729108795,0.0,2.365000009536743,-0.004999876022338867
2019-04-09,3.8482000827789307,-0.006682055678097498,0.012930336108435057,0.9762801815545933,14.279999732971191,1.0999994277954102,0.08345974220982688,-0.598812810075819,0.0,2.365000009536743,0.0
2019-04-10,3.8480000495910645,-5.198232490603868e-05,0.012829670510916985,0.9418172365300796,13.300000190734863,-0.9799995422363281,-0.06862742020741086,-1.0928114832662137,0.0,2.36299991607666,-0.002000093460083008
2019-04-11,3.8239998817443848,-0.006256581426381959,0.012917712582358862,0.5918127951562874,13.020000457763672,-0.2799997329711914,-0.021052611199678495,-1.207481649782283,0.0,2.365000009536743,0.002000093460083008
2019-04-12,3.855799913406372,0.008281521460643853,0.012953653215710586,0.9972605532360779,12.010000228881836,-1.010000228881836,-0.07757297952163933,-1.6933569782904112,0.0,2.375,0.009999990463256836
2019-04-15,3.8803000450134277,0.006333996109095051,0.012900645130520357,1.2854547151099827,12.319999694824219,0.3099994659423828,0.025811778520777207,-1.4746103578864505,0.0,2.359999895095825,-0.015000104904174805
2019-04-16,3.8703999519348145,-0.0025546333793428667,0.012825344421534645,1.1152037232164902,12.180000305175781,-0.1399993896484375,-0.011363587103598194,-1.5793681983925658,0.0,2.378000020980835,0.018000125885009766
2019-04-17,3.9038000106811523,0.008592592011499624,0.012927368854192735,1.5114698258952572,12.600000381469727,0.4200000762939453,0.03448276402057804,-1.3343771239066655,0.0,2.380000114440918,0.002000093460083008
2019-04-18,3.9367001056671143,0.008392395280902385,0.012956669999204935,1.8491653024529409,12.09000015258789,-0.5100002288818359,-0.040476207415983234,-1.631770426082964,0.0,2.365000009536743,-0.015000104904174805
2019-04-19,3.9267001152038574,-0.002543427925126852,0.012984562696883202,1.6497140201331775,12.09000015258789,0.0,0.0,-1.5830833261190018,0.0,2.365000009536743,0.0
2019-04-22,3.934499979019165,0.0019843958381321656,0.011176727028999746,1.6720176900137302,12.420000076293945,0.3299999237060547,0.027295278704807746,-1.374665070021485,0.0,2.375,0.009999990463256836
2019-04-23,3.9340999126434326,-0.0001016868011044843,0.01069267879625076,1.5983392179563176,12.279999732971191,-0.1400003433227539,-0.011272169280415079,-1.4962072572915162,0.0,2.390000104904175,0.015000104904174805
2019-04-24,3.918299913406372,-0.004024252689614921,0.010694460114815167,1.35994811711743,13.140000343322754,0.8600006103515625,0.07003262451565884,-0.8603831729636428,0.0,2.375,-0.015000104904174805
2019-04-25,3.9895999431610107,0.01803309683333404,0.009390099328869394,2.094489854496382,13.25,0.1099996566772461,0.008371358736922963,-0.751751678278219,0.0,2.365000009536743,-0.009999990463256836
2019-04-26,3.952699899673462,-0.009292096677937107,0.008029491322056256,1.6239117255182833,12.729999542236328,-0.5200004577636719,-0.039245317567069615,-1.1172100551940225,0.0,2.359999895095825,-0.005000114440917969
2019-04-29,3.9291999340057373,-0.005963038302324512,0.008045867063272533,1.315985156833993,13.109999656677246,0.38000011444091797,0.029850756331933237,-0.79433831072755,0.0,2.359999895095825,0.0
2019-04-30,3.9442999362945557,0.0038356565823298547,0.00669592855018217,1.4534564907296297,13.119999885559082,0.010000228881835938,0.0007627939850283205,-0.7592284281592178,0.0,2.368000030517578,0.00800013542175293
2019-05-01,3.9168999195098877,-0.006970978538842748,0.006942981126079795,1.0986328781429944,14.800000190734863,1.6800003051757812,0.12804880486507653,0.5727479847794347,0.0,2.36299991607666,-0.005000114440917969
2019-05-02,3.919300079345703,0.0006125826066772963,0.006899050864936017,1.0955498597175375,14.420000076293945,-0.38000011444091797,-0.02567568307727497,0.3064279600723258,0.0,2.372999906539917,0.009999990463256836
2019-05-03,3.966200113296509,0.011895399362208089,0.007270480157723936,1.6124297230356321,12.869999885559082,-1.5500001907348633,-0.10748961043925498,-0.9246147832582703,0.0,2.368000030517578,-0.004999876022338867
2019-05-06,3.9365999698638916,-0.007491087093712638,0.007488405309178436,1.2100878811028402,15.4399995803833,2.5699996948242188,0.19968917775266748,1.205571067774573,0.0,2.36299991607666,-0.005000114440917969
2019-05-07,3.9681999683380127,0.007995184457918504,0.0074354158209360135,1.5357154465651872,19.31999969482422,3.880000114440918,0.2512953510290572,3.827125580235026,0.0,2.368000030517578,0.005000114440917969
2019-05-08,3.9686999320983887,0.0001259846457203311,0.007433522443239154,1.4942432218448292,19.399999618530273,0.07999992370605469,0.004140782865927672,3.4609864058330637,0.0,2.369999885559082,0.0019998550415039062
2019-05-09,3.926300048828125,-0.010741049021388931,0.007742425673945552,0.94678855629714,19.100000381469727,-0.2999992370605469,-0.015463878503069517,3.018295345440264,0.0,2.369999885559082,0.0
2019-05-10,3.9453999996185303,0.004852824207309076,0.007617115108044981,1.1452441705395295,16.040000915527344,-3.059999465942383,-0.16020939292289793,1.1257534193299727,0.0,2.369999885559082,0.0
2019-05-13,3.959700107574463,0.0036179487572635107,0.007543658455350805,1.3129497170917006,20.549999237060547,4.509998321533203,0.28117194913420174,3.4052122470140422,1.0,2.3499999046325684,-0.019999980926513672
2019-05-14,3.990499973297119,0.007748237654106058,0.0076384110790014255,1.6519951564174458,18.059999465942383,-2.489999771118164,-0.12116787657235606,1.9588499725853623,0.0,2.3529999256134033,0.003000020980834961
2019-05-15,3.975100040435791,-0.003866614447481823,0.007539340061714083,1.4155382310069853,16.440000534057617,-1.6199989318847656,-0.08970094018772068,1.076624459970697,0.0,2.3499999046325684,-0.003000020980834961
2019-05-16,3.9999001026153564,0.0062194712670337665,0.007440775445712287,1.6866593798929348,15.289999961853027,-1.1500005722045898,-0.06995137073275715,0.47080166135573087,0.0,2.3380000591278076,-0.011999845504760742
2019-05-17,4.046199798583984,0.011508732820253638,0.007765192730850419,2.172717223451078,15.960000038146973,0.6700000762939453,0.043819494961774064,0.7942644760941876,0.0,2.3299999237060547,-0.00800013542175293
2019-05-20,4.097400188446045,0.012574552922456567,0.008151500350910376,2.6411373927622677,16.309999465942383,0.34999942779541016,0.021929788656569915,0.9553914206041221,0.0,2.319999933242798,-0.009999990463256836
2019-05-21,4.094900131225586,-0.0006103431760345941,0.008159285975047222,2.4591770749805426,14.949999809265137,-1.359999656677246,-0.08338440841258887,0.25973850415170313,0.0,2.3299999237060547,0.009999990463256836
2019-05-22,4.094900131225586,0.0,0.008051738690877181,2.331544734477947,14.75,-0.19999980926513672,-0.013377913833897748,0.156637551641705,0.0,2.319999933242798,-0.009999990463256836
2019-05-23,4.036799907684326,-0.014290052992413307,0.007950663764518326,1.6168903405877788,16.920000076293945,2.1700000762939453,0.1471186492402674,1.2358818342569882,0.0,2.302999973297119,-0.01699995994567871
2019-05-24,4.038700103759766,0.00047060766709600886,0.007604287912930607,1.5902666967857526,15.850000381469727,-1.0699996948242188,-0.06323875236403576,0.6731511312036387,0.0,2.2880001068115234,-0.014999866485595703
2019-05-27,4.021200180053711,-0.004342473377982603,0.007533638700131961,1.3595663896581327,15.850000381469727,0.0,0.0,0.6603933791751508,0.0,2.2880001068115234,0.0
2019-05-28,4.042099952697754,0.005183936875369867,0.0075648356772449535,1.558557861514507,17.5,1.6499996185302734,0.10410091979930125,1.4418579026704452,0.0,2.2980000972747803,0.009999990463256836
2019-05-29,4.023600101470947,-0.004587297703620268,0.007446773876453074,1.298806736780505,17.899999618530273,0.39999961853027344,0.02285712105887283,1.5906164921606665,0.0,2.2980000972747803,0.0
2019-05-30,3.973400115966797,-0.012554868959380454,0.008070753996263022,0.6657117735375833,17.299999237060547,-0.6000003814697266,-0.03351957509812453,1.285425891049621,0.0,2.309999942779541,0.011999845504760742
2019-05-31,3.9800000190734863,0.0016596435510693155,0.0076352781664206,0.7225690450559364,18.709999084472656,1.4099998474121094,0.08150288494762292,1.8903688154886589,0.0,2.2929999828338623,-0.01699995994567871
2019-06-03,3.9242000579833984,-0.014119300508963544,0.008114301162777953,0.022325888582479435,18.860000610351562,0.15000152587890625,0.008017185099885582,1.8669839614774288,0.0,2.2799999713897705,-0.013000011444091797
2019-06-04,3.8840999603271484,-0.010271237043310328,0.008176105055495961,-0.48555599194457116,16.969999313354492,-1.8900012969970703,-0.1002121546040522,0.9772308278903608,0.0,2.2950000762939453,0.015000104904174805
2019-06-05,3.853600025177002,-0.007883503669159853,0.008309455564589051,-0.8821667226688503,16.09000015258789,-0.8799991607666016,-0.05185616949754901,0.5601029031617062,0.0,2.2850000858306885,-0.009999990463256836
2019-06-06,3.8794000148773193,0.006672723469762062,0.008198643066017728,-0.580158177214433,15.930000305175781,-0.15999984741210938,-0.009944055058717649,0.4701176161281922,0.0,2.255000114440918,-0.029999971389770508
2019-06-07,3.8784000873565674,-0.00025778636033722114,0.008098753709040648,-0.6050912602696296,16.299999237060547,0.3699989318847656,0.023226548951449155,0.6141468107030703,0.0,2.2149999141693115,-0.040000200271606445
2019-06-10,3.876499891281128,-0.000490063345421215,0.008031114471698464,-0.6524758234176207,15.9399995803833,-0.3599996566772461,-0.02208586954156,0.4310536004399197,0.0,2.2200000286102295,0.005000114440917969
2019-06-11,3.884500026702881,0.002061625651302003,0.007800133424568145,-0.5833389225549641,15.989999771118164,0.05000019073486328,0.003136774909103357,0.43628961573054614,0.0,2.2130000591278076,-0.006999969482421875
2019-06-12,3.85509991645813,-0.007597356936960009,0.007907454022804145,-1.0127973918243498,15.90999984741211,-0.07999992370605469,-0.00500312225460775,0.38485722087389196,0.0,2.1649999618530273,-0.04800009727478027
2019-06-13,3.8659000396728516,0.0027975988395463197,0.007766659402227687,-0.9159718432602162,15.819999694824219,-0.09000015258789062,-0.005656829255251683,0.32788228493200133,0.0,2.140000104904175,-0.02499985694885254
2019-06-14,3.8482000827789307,-0.00458899616928109,0.007133675837322735,-1.2051043966655357,15.279999732971191,-0.5399999618530273,-0.03413400583248416,0.08950115092266135,0.0,2.125,-0.015000104904174805
2019-06-17,3.8945000171661377,0.011959777769799212,0.0070662683054273515,-0.5345746579816362,15.350000381469727,0.07000064849853516,0.0045811943535238875,0.12961137964908376,0.0,2.138000011444092,0.013000011444091797
2019-06-18,3.88700008392334,-0.0019276323247958635,0.007053469202067084,-0.6552569266699384,15.149999618530273,-0.20000076293945312,-0.013029365340009424,0.03364315877606481,0.0,2.1679999828338623,0.029999971389770508
2019-06-19,3.859499931335449,-0.007100049844137112,0.007094003157379238,-1.046381994201216,14.329999923706055,-0.8199996948242188,-0.05412539376048964,-0.33848816641345675,0.0,2.125,-0.042999982833862305
2019-06-20,3.835400104522705,-0.006263864507345078,0.0066312694132283885,-1.3440409124544046,14.75,0.4200000762939453,0.029309147140966996,-0.1472129333472278,0.0,2.078000068664551,-0.04699993133544922
2019-06-21,3.8376998901367188,0.0005994410823471698,0.0066344290399253745,-1.2806676493756182,15.399999618530273,0.6499996185302734,0.044067770747815205,0.14035540967575946,0.0,2.055000066757202,-0.023000001907348633
2019-06-24,3.820499897003174,-0.004491923045232576,0.006636635046445831,-1.4713649207699409,15.260000228881836,-0.1399993896484375,-0.009090869682878533,0.06147137815280245,0.0,2.058000087738037,0.003000020980834961
2019-06-25,3.8255999088287354,0.001334016743543766,0.006453508297581127,-1.3862109572940264,16.280000686645508,1.0200004577636719,0.06684144446034601,0.5156555832108008,0.0,2.0829999446868896,0.02499985694885254
2019-06-26,3.8454999923706055,0.005188337640955106,0.006673667655913974,-1.1088949904694234,16.209999084472656,-0.07000160217285156,-0.004299852531964188,0.46464511951822096,0.0,2.0929999351501465,0.009999990463256836
2019-06-27,3.842900037765503,-0.0006763317969976434,0.006222940856999186,-1.1323415032148907,15.819999694824219,-0.3899993896484375,-0.024059186408098787,0.2657088854751112,0.0,2.0850000381469727,-0.007999897003173828
2019-06-28,3.815999984741211,-0.0070245501465882884,0.006281104625361486,-1.474200291323287,15.079999923706055,-0.7399997711181641,-0.04677621905139906,-0.10126405335525583,0.0,2.0350000858306885,-0.04999995231628418
2019-07-01,3.8494999408721924,0.008740504788694616,0.006055438695859429,-1.0112659143755032,14.0600004196167,-1.0199995040893555,-0.06763922475131423,-0.5969443888053608,0.0,2.065000057220459,0.029999971389770508
2019-07-02,3.839600086212158,-0.002575037415433806,0.005664575444172055,-1.140027950720997,12.930000305175781,-1.130000114440918,-0.08036984926859081,-1.117042786143975,0.0,2.1480000019073486,0.08299994468688965
2019-07-03,3.843899965286255,0.001119250209970932,0.005405092298176468,-1.0803564344168353,12.569999694824219,-0.3600006103515625,-0.027842273925349992,-1.273746160079575,0.0,2.1500000953674316,0.002000093460083008
2019-07-04,3.825000047683716,-0.004928987425807277,0.005257581636532126,-1.3343245795312888,12.569999694824219,0.0,0.0,-1.264921637422603,0.0,2.1500000953674316,0.0
2019-07-05,3.800800085067749,-0.006346886472717912,0.005404504662736707,-1.6207096440905806,13.279999732971191,0.7100000381469727,0.056483695734640404,-0.9536210798257266,0.0,2.1630001068115234,0.013000011444091797
2019-07-08,3.8190999031066895,0.0048031741228786165,0.005558740737194657,-1.3479663036609575,13.960000038146973,0.6800003051757812,0.0512048432868184,-0.652339174679995,0.0,2.177999973297119,0.014999866485595703
2019-07-09,3.799099922180176,-0.005250591303187353,0.00560464596605384,-1.5652623146055535,14.09000015258789,0.13000011444091797,0.009312329089232074,-0.6152726611290367,0.0,2.194999933242798,0.01699995994567871
2019-07-10,3.7990000247955322,-2.6295359457343822e-05,0.0053952924525560815,-1.5140323803188884,13.029999732971191,-1.0600004196166992,-0.0752306890090424,-1.14326239509448,0.0,2.130000114440918,-0.06499981880187988
2019-07-11,3.7502999305725098,-0.012902062462372585,0.005966454104521997,-2.0128464550483582,12.930000305175781,-0.09999942779541016,-0.007674553326533884,-1.2113362639511163,0.0,2.0980000495910645,-0.032000064849853516
2019-07-12,3.7548000812530518,0.0011992248505074566,0.005950007900431977,-1.865333884143288,12.390000343322754,-0.5399999618530273,-0.041763337131312306,-1.4881153776420113,0.0,2.0899999141693115,-0.00800013542175293
2019-07-15,3.7344000339508057,-0.005447870919013022,0.005136912604274844,-1.9946383488912376,12.680000305175781,0.28999996185302734,0.023405968831091695,-1.3497404516907472,0.0,2.0850000381469727,-0.004999876022338867
2019-07-16,3.753700017929077,0.005154852788277346,0.0053873592921619305,-1.6989263866438329,12.859999656677246,0.17999935150146484,0.014195532111145992,-1.273318375828345,0.0,2.1029999256134033,0.017999887466430664
2019-07-17,3.767199993133545,0.0035899931347678597,0.005358300265064579,-1.4924766870954487,13.970000267028809,1.1100006103515625,0.0863142021761425,-0.7255030787811095,0.0,2.072999954223633,-0.029999971389770508
2019-07-18,3.7618000507354736,-0.001434438382925677,0.005225754129948742,-1.4915434867553792,13.529999732971191,-0.4400005340576172,-0.03149610061898722,-0.9535027964295064,0.0,2.013000011444092,-0.059999942779541016
2019-07-19,3.717400074005127,-0.011873060641706805,0.005746975175449533,-1.8711801356573492,14.449999809265137,0.9200000762939453,0.0679970505876657,-0.5071127372627929,0.0,2.013000011444092,0.0
2019-07-22,3.7458999156951904,0.0076373669183208885,0.006056544765871814,-1.5133003533243683,13.529999732971191,-0.9200000762939453,-0.06366782618945466,-0.9893109077042129,0.0,2.0250000953674316,0.012000083923339844
2019-07-23,3.739799976348877,-0.001629758281646711,0.006033005207714611,-1.5135142334367413,12.609999656677246,-0.9200000762939453,-0.0679970505876657,-1.4527993025447328,0.0,2.0329999923706055,0.007999897003173828
2019-07-24,3.77239990234375,0.008679250064002568,0.006271344984012652,-1.1495966610390262,12.069999694824219,-0.5399999618530273,-0.04282315436599449,-1.6675200490939444,0.0,2.0399999618530273,0.006999969482421875
2019-07-25,3.7713000774383545,-0.00029158766020274875,0.006272849592667684,-1.1245040761794867,12.739999771118164,0.6700000762939453,0.05550953547921389,-1.2998502991390666,0.0,2.059999942779541,0.019999980926513672
2019-07-26,3.7751998901367188,0.0010335421883713185,0.006118379236759059,-1.0505027375387617,12.15999984741211,-0.5799999237060547,-0.04552589749812441,-1.5687993583357727,0.0,2.062999963760376,0.003000020980834961
2019-07-29,3.7734999656677246,-0.0004503886841977731,0.005716825813165445,-1.0334091182336775,12.829999923706055,0.6700000762939453,0.05509869117609689,-1.2022479118224998,0.0,2.049999952316284,-0.013000011444091797
2019-07-30,3.780100107192993,0.0017475490206791814,0.0057357057752631165,-0.9376486460784161,13.9399995803833,1.109999656677246,0.08651595193124617,-0.6381150024547534,0.0,2.0399999618530273,-0.009999990463256836
2019-07-31,3.789299964904785,0.0024308035390329928,0.005765991575393473,-0.8202376210076597,16.1200008392334,2.1800012588500977,0.15638460003383692,0.5003835361157648,0.0,2.0299999713897705,-0.009999990463256836
2019-08-01,3.8117001056671143,0.005894015366829301,0.005856879542640295,-0.5836564290978973,17.8700008392334,1.75,0.10856078839281391,1.449182685439563,0.0,2.0299999713897705,0.0
2019-08-02,3.8373000621795654,0.006693698924238769,0.00585940436518925,-0.3187552130942432,17.610000610351562,-0.26000022888183594,-0.014549536467340696,1.2814346001669887,0.0,2.0,-0.029999971389770508
2019-08-05,3.8838999271392822,0.012070774189704713,0.006346843515206111,0.14852429215213728,24.59000015258789,6.979999542236328,0.39636566157376074,4.338509791987296,1.0,1.9529999494552612,-0.04700005054473877
2019-08-06,3.973099946975708,0.02270684838167168,0.007838094967340782,1.0293545488870075,20.170000076293945,-4.420000076293945,-0.17974786697302148,2.2084991357872235,1.0,1.9950000047683716,0.04200005531311035
2019-08-07,3.958699941635132,-0.003630959268625397,0.007933788455698473,0.8927549342636503,19.489999771118164,-0.6800003051757812,-0.03371345079839605,1.8287734613707955,0.0,1.968000054359436,-0.026999950408935547
2019-08-08,3.967400074005127,0.0021953131671176075,0.007110951418906517,0.9900723616999697,16.90999984741211,-2.5799999237060547,-0.13237557485912876,0.683424920758109,0.0,1.9700000286102295,0.001999974250793457
2019-08-09,3.91759991645813,-0.012631786883964335,0.007904496650897883,0.5303608902537589,17.969999313354492,1.0599994659423828,0.0626847708756546,1.1198998157202535,0.0,1.9500000476837158,-0.019999980926513672
2019-08-12,3.940200090408325,0.005752306306742554,0.0077348820375559525,0.8230429318246683,21.09000015258789,3.1200008392333984,0.17362275784366643,2.320947057905485,1.0,1.9279999732971191,-0.02200007438659668
2019-08-13,3.9839000701904297,0.01102975023629152,0.00794249486313263,1.3604135091308975,17.520000457763672,-3.5699996948242188,-0.16927452200071014,0.827615593458095,0.0,1.9550000429153442,0.027000069618225098
2019-08-14,3.962399959564209,-0.005411364537229546,0.008157980435866014,1.2041044417491606,22.100000381469727,4.579999923706055,0.26141551392919693,2.5082118585415,1.0,1.9079999923706055,-0.04700005054473877
2019-08-15,4.050300121307373,0.02194109031237472,0.009172169327677025,2.210797012763689,21.18000030517578,-0.9200000762939453,-0.041628962009672255,2.0504932852862776,1.0,1.843000054359436,-0.06499993801116943
2019-08-16,3.9900999069213867,-0.014974712482430243,0.009470607458135787,1.551081540974589,18.469999313354492,-2.710000991821289,-0.12795094205730695,1.0122614258711424,0.0,1.8229999542236328,-0.020000100135803223
2019-08-19,4.0046000480651855,0.003627442461943919,0.009421609134127783,1.7353952022935908,16.8799991607666,-1.5900001525878906,-0.08608555558733899,0.4162655685857061,0.0,1.8530000448226929,0.03000009059906006
2019-08-20,4.073200225830078,0.01698527437938041,0.009816126711210465,2.504521486266141,17.5,0.6200008392333984,0.036729909363647284,0.6456066601947752,0.0,1.899999976158142,0.04699993133544922
2019-08-21,4.051700115203857,-0.005292412191639008,0.009981572530940553,2.222651652356101,15.800000190734863,-1.6999998092651367,-0.09714284624372205,0.029878130594241152,0.0,1.9279999732971191,0.02799999713897705
2019-08-22,4.02400016784668,-0.006860100057808238,0.010220563441950442,1.8641215378020433,16.68000030517578,0.880000114440918,0.05569620910238671,0.3616872481164125,0.0,1.937999963760376,0.009999990463256836
2019-08-23,4.067999839782715,0.010874964292694087,0.010344752504206611,2.276527702783369,19.8700008392334,3.190000534057617,0.19124703091688589,1.5283061833572615,0.0,1.909999966621399,-0.02799999713897705
2019-08-26,4.126200199127197,0.01420549602939549,0.010549734391894683,2.703951559577704,19.31999969482422,-0.5500011444091797,-0.02767997590232607,1.3178163589755258,0.0,1.9329999685287476,0.023000001907348633
2019-08-27,4.151500225067139,0.006112834102468842,0.010535642468034807,2.7268694509074165,20.309999465942383,0.9899997711181641,0.051242224987373186,1.62598724538513,1.0,1.9429999589920044,0.009999990463256836
2019-08-28,4.122799873352051,-0.006937255471813408,0.010844889493209593,2.2950374893193115,19.350000381469727,-0.9599990844726562,-0.04726731214751967,1.244127215700107,0.0,1.940000057220459,-0.00299990177154541
2019-08-29,4.167699813842773,0.010831766764987451,0.010940843527681314,2.5149045899988325,17.8799991607666,-1.470001220703125,-0.07596905383582586,0.7075327452190029,0.0,1.940000057220459,0.0
2019-08-30,4.168099880218506,9.598752146717015e-05,0.010969518744035404,2.355068034968237,18.979999542236328,1.1000003814697266,0.06152127701904009,1.0701425014365706,0.0,1.9329999685287476,-0.007000088691711426
2019-09-02,4.143899917602539,-0.005822914240188651,0.011017773162589409,2.0407893579359007,18.979999542236328,0.0,0.0,1.0424996284622037,0.0,1.9329999685287476,0.0
2019-09-03,4.1844000816345215,0.009725990488872736,0.010159560654176175,2.2224455833249857,19.65999984741211,0.6800003051757812,0.035827203455014445,1.2403472929052513,0.0,1.909999966621399,-0.023000001907348633
2019-09-04,4.16510009765625,-0.004623035615985133,0.010193901109268268,1.968294845004509,17.329999923706055,-2.3299999237060547,-0.11851474780213478,0.43423095590723676,0.0,1.9049999713897705,-0.004999995231628418
2019-09-05,4.093200206756592,-0.01741319763806173,0.011128984640885603,1.3879402895110184,16.270000457763672,-1.0599994659423828,-0.061165578223251416,0.06952605199673818,0.0,1.9199999570846558,0.014999985694885254
2019-09-06,4.105999946594238,0.003122194847305137,0.010617340639866602,1.4257610051951646,15.0,-1.2700004577636719,-0.07805780098535009,-0.3625903360269184,0.0,1.909999966621399,-0.009999990463256836
2019-09-09,4.061299800872803,-0.010946235214547071,0.010985762848209103,1.0765781712630453,15.270000457763672,0.2700004577636719,0.018000030517578036,-0.2699043697267516,0.0,1.9079999923706055,-0.001999974250793457
2019-09-10,4.093400001525879,0.007872850560544204,0.010863839671453598,1.2613608367463918,15.199999809265137,-0.07000064849853516,-0.004584194263265062,-0.2941153299196715,0.0,1.9129999876022339,0.004999995231628418
2019-09-11,4.079500198364258,-0.0034014404246112883,0.010807094003072903,1.1278709430594043,14.609999656677246,-0.5900001525878906,-0.038815799999435296,-0.4976123082249651,0.0,1.9129999876022339,0.0
2019-09-12,4.064199924468994,-0.003757577432131364,0.009715981178655225,0.9903483187490969,14.220000267028809,-0.3899993896484375,-0.02669400402553701,-0.6268460445803047,0.0,1.8949999809265137,-0.018000006675720215
2019-09-13,4.058899879455566,-0.0013049318347570825,0.009052594988843999,0.9244396613321739,13.739999771118164,-0.48000049591064453,-0.03375530850189912,-0.7774406765662804,0.0,1.899999976158142,0.004999995231628418
2019-09-16,4.0854997634887695,0.006532090707745225,0.009122448787843043,1.0695490917104113,14.670000076293945,0.9300003051757812,0.06768561285791774,-0.457744466027739,0.0,1.9450000524520874,0.04500007629394531
2019-09-17,4.0792999267578125,-0.0015186748377814404,0.008318837000639871,0.9944268237477732,14.4399995803833,-0.23000049591064453,-0.015678288664927487,-0.5241391903359919,0.0,1.937999963760376,-0.007000088691711426
2019-09-18,4.076000213623047,-0.0008092193439923313,0.008226489066676187,0.9417394982239352,13.949999809265137,-0.48999977111816406,-0.033933503141082344,-0.6745678533955505,0.0,1.8799999952316284,-0.05799996852874756
2019-09-19,4.1072998046875,0.007649663002704096,0.008201671161250135,1.1140361669137042,14.050000190734863,0.10000038146972656,0.0071684862248750925,-0.6287757847573638,0.0,1.8830000162124634,0.003000020980834961
2019-09-20,4.166600227355957,0.014334579305292324,0.008452994259731079,1.4520483201496348,15.319999694824219,1.2699995040893555,0.09039142255149901,-0.2035759091899893,0.0,1.850000023841858,-0.03299999237060547
2019-09-23,4.1483001708984375,-0.004401757117626614,0.007955267831210137,1.2846618849337452,14.90999984741211,-0.4099998474121094,-0.026762392661836998,-0.3469250240811071,0.0,1.8450000286102295,-0.004999995231628418
2019-09-24,4.161499977111816,0.0031769277432097546,0.007868333834514324,1.3214335381771831,17.049999237060547,2.1399993896484375,0.1435277942018136,0.3535095507305682,0.0,1.8799999952316284,0.034999966621398926
2019-09-25,4.1616997718811035,4.8009125180518675e-05,0.007691620325623843,1.2761712118630788,15.960000038146973,-1.0899991989135742,-0.0639295746444557,-0.03612815632938856,0.0,1.8450000286102295,-0.034999966621398926
2019-09-26,4.14709997177124,-0.003514301845348412,0.007335080116548229,1.143274880172621,16.06999969482422,0.1099996566772461,0.00689220904851684,-0.018611732683248304,0.0,1.7699999809265137,-0.07500004768371582
2019-09-27,4.1691999435424805,0.005314869357597884,0.007440031636222665,1.2399763674880762,17.219999313354492,1.1499996185302734,0.0715618942357954,0.3612632486083221,0.0,1.7300000190734863,-0.039999961853027344
2019-09-30,4.157100200653076,-0.0029063932832572347,0.007347630721613226,1.1246830908930292,16.239999771118164,-0.9799995422363281,-0.056910544791736295,0.0045213253410916554,0.0,1.7699999809265137,0.039999961853027344
2019-10-01,4.154799938201904,-0.0005534865605861581,0.006994220309020962,1.0740193709190606,18.559999465942383,2.3199996948242188,0.14285712607891754,0.7951931084059877,0.0,1.753000020980835,-0.01699995994567871
2019-10-02,4.154600143432617,-4.808885535960448e-05,0.00692172160421119,1.0380522762908377,20.559999465942383,2.0,0.10775862379037249,1.4454178624397354,1.0,1.7350000143051147,-0.018000006675720215
2019-10-03,4.1244001388549805,-0.007295600313894404,0.005883680441634909,0.8191718665088036,19.1200008392334,-1.4399986267089844,-0.07003884553082507,0.9110313563873979,0.0,1.6649999618530273,-0.0700000524520874
2019-10-04,4.082900047302246,-0.010113056500647193,0.006289312534182997,0.5272583872464818,17.040000915527344,-2.0799999237060547,-0.10878660211342595,0.1548606749110341,0.0,1.6549999713897705,-0.009999990463256836
2019-10-07,4.054599761962891,-0.006955551483673784,0.0059893255819898515,0.3152225964382699,17.860000610351562,0.8199996948242188,0.04812204523281527,0.4244186598010342,0.0,1.6729999780654907,0.018000006675720215
2019-10-08,4.105100154876709,0.012378160527446447,0.006376496546948311,0.6292842714513195,20.280000686645508,2.4200000762939453,0.13549831990998507,1.2643181594422106,1.0,1.6549999713897705,-0.018000006675720215
2019-10-09,4.09089994430542,-0.003465159738489994,0.006378376195721349,0.5061447081108288,18.639999389648438,-1.6400012969970703,-0.08086791131506321,0.6407400151071264,0.0,1.628000020980835,-0.026999950408935547
2019-10-10,4.10830020904541,0.004244387388144046,0.006372023103920982,0.6033666063278943,17.56999969482422,-1.0699996948242188,-0.05740341898393164,0.22586419663302992,0.0,1.6330000162124634,0.004999995231628418
2019-10-11,4.108399868011475,2.425766186794477e-05,0.0063586897493249995,0.5806000102886222,15.579999923706055,-1.989999771118164,-0.11326122969167607,-0.5243501030102302,0.0,1.6230000257492065,-0.009999990463256836
2019-10-14,4.108500003814697,2.4373134585953664e-05,0.006204111826489066,0.5570365177047362,14.569999694824219,-1.010000228881836,-0.06482671590678579,-0.9152818561783237,0.0,1.6180000305175781,-0.004999995231628418
2019-10-15,4.123700141906738,0.003692853695701541,0.00623393152011316,0.6549048904740176,13.539999961853027,-1.0299997329711914,-0.07069318836959781,-1.3208880058890258,0.0,1.6180000305175781,0.0
2019-10-16,4.178599834442139,0.013225369572302956,0.006834856967104659,1.0853581799513796,13.680000305175781,0.1400003433227539,0.01033975950643895,-1.2993247802914447,0.0,1.6150000095367432,-0.003000020980834961
2019-10-17,4.148600101470947,-0.007205270196609247,0.006908746147758679,0.8137315853080307,13.789999961853027,0.1099996566772461,0.008040910396444056,-1.2764835181225584,0.0,1.625,0.009999990463256836
2019-10-18,4.161099910736084,0.003008488555485119,0.006136059972913984,0.9115336001232558,14.25,0.46000003814697266,0.03335750829727768,-1.1344389008023799,0.0,1.625,0.0
2019-10-21,4.111100196838379,-0.012088760463090842,0.006641837654743049,0.4202928796114292,14.0,-0.25,-0.01754385964912286,-1.2566591146359958,0.0,1.625,0.0
2019-10-22,4.1247639656066895,0.003318117209123126,0.006645969730415025,0.5373600176241498,14.460000038146973,0.46000003814697266,0.03285714558192665,-1.0790140249176765,0.0,1.6150000095367432,-0.009999990463256836
2019-10-23,4.078400135040283,-0.011304009939700271,0.007072849085396796,-0.011421602172662018,14.010000228881836,-0.4499998092651367,-0.031120318677592684,-1.2324806522946967,0.0,1.6150000095367432,0.0
2019-10-24,4.033100128173828,-0.011169444948864857,0.007414342535322372,-0.637979799875218,13.710000038146973,-0.3000001907348633,-0.02141328949562815,-1.306355717546549,0.0,1.6230000257492065,0.008000016212463379
2019-10-25,4.039299964904785,0.0015360581434270151,0.007281344798250191,-0.6579878864942029,12.649999618530273,-1.0600004196166992,-0.07731585825436416,-1.6528264548683704,0.0,1.625,0.001999974250793457
2019-10-28,4.002900123596191,-0.009052271634359425,0.007467459827073911,-1.267731581249103,13.109999656677246,0.46000003814697266,0.03636364047577878,-1.4910738983326954,0.0,1.6050000190734863,-0.019999980926513672
2019-10-29,3.988800048828125,-0.003528683282546211,0.0074690695547138175,-1.4900383822921586,13.199999809265137,0.09000015258789062,0.0068650003771777435,-1.4064578790606785,0.0,1.5950000286102295,-0.009999990463256836
2019-10-30,3.9967000484466553,0.0019785867133036714,0.007511127377742753,-1.4042152797757748,12.329999923706055,-0.869999885559082,-0.06590908319168498,-1.6919162038882745,0.0,1.5950000286102295,0.0
2019-10-31,3.9862000942230225,-0.002630612957962708,0.007407696529844811,-1.5812742081596514,13.220000267028809,0.8900003433227539,0.07218169901295868,-1.2880741020726265,0.0,1.4980000257492065,-0.09700000286102295
2019-11-01,4.015999794006348,0.007447911312382448,0.00739927118663319,-1.21057463421248,12.300000190734863,-0.9200000762939453,-0.06959153235332838,-1.5871864617395386,0.0,1.4850000143051147,-0.013000011444091797
2019-11-04,3.9893999099731445,-0.006645510008374766,0.007386066519794894,-1.6987416400739317,12.829999923706055,0.5299997329711914,0.04308940851646659,-1.3453627192493187,0.0,1.503000020980835,0.018000006675720215
2019-11-05,4.010799884796143,0.005349872856409773,0.006875066947600026,-1.368449246781269,13.100000381469727,0.2700004577636719,0.021044462928233587,-1.196520031742932,0.0,1.5180000066757202,0.014999985694885254
2019-11-06,3.992000102996826,-0.004698309694196263,0.006902285441029196,-1.719649416734571,12.619999885559082,-0.48000049591064453,-0.036641258162833146,-1.3681629792140764,0.0,1.5149999856948853,-0.003000020980834961
2019-11-07,4.082300186157227,0.02236821642378019,0.008631160441619944,-0.19249651350945549,12.729999542236328,0.1099996566772461,0.008716296170740545,-1.2986190832851836,0.0,1.5180000066757202,0.003000020980834961
2019-11-08,4.0995001792907715,0.004204458115078823,0.008690281228717614,0.07232935286827703,12.069999694824219,-0.6599998474121094,-0.051846022870803976,-1.51476875497734,0.0,1.5099999904632568,-0.008000016212463379
2019-11-11,4.133399963378906,0.008235245196384664,0.008888570722198647,0.6423549050114102,12.6899995803833,0.619999885559082,0.05136701750083272,-1.2162403569068645,0.0,1.5130000114440918,0.003000020980834961
2019-11-12,4.151299953460693,0.004321223005126325,0.008902286748650009,0.9340428160646811,12.680000305175781,-0.009999275207519531,-0.0007879649754265472,-1.1789082835582436,0.0,1.5329999923706055,0.019999980926513672
2019-11-13,4.167900085449219,0.003990805352137158,0.008425137271065877,1.1876982002507046,13.0,0.31999969482421875,0.025236568385065494,-1.020880328432075,0.0,1.534999966621399,0.001999974250793457
2019-11-14,4.168600082397461,0.00016793544911976278,0.008258839944426694,1.1625158820728172,13.050000190734863,0.05000019073486328,0.0038461685180664062,-0.9702490102452264,0.0,1.527999997138977,-0.006999969482421875
2019-11-15,4.194300174713135,0.006146234542995613,0.008343557834734668,1.5537780199189324,12.050000190734863,-1.0,-0.07662835137044455,-1.3333376161553951,0.0,1.527999997138977,0.0
2019-11-18,4.194799900054932,0.00011913681752129519,0.007811620644651248,1.5135235614952056,12.460000038146973,0.4099998474121094,0.03402488306409768,-1.1343300719487448,0.0,1.5230000019073486,-0.004999995231628418
2019-11-19,4.216400146484375,0.005136078988301931,0.007850400548545675,1.8202741725213467,12.859999656677246,0.39999961853027344,0.032102698018110276,-0.948701627954834,0.0,1.524999976158142,0.001999974250793457
2019-11-20,4.191699981689453,-0.005875342936401347,0.007484313815504498,1.3664265980953516,12.779999732971191,-0.07999992370605469,-0.006220834046796964,-0.9555917067754752,0.0,1.5199999809265137,-0.004999995231628418
2019-11-21,4.195000171661377,0.0007870056355703129,0.006883376549545676,1.4005848456427348,13.130000114440918,0.35000038146972656,0.02738657189223237,-0.7771644484506318,0.0,1.5299999713897705,0.009999990463256836
2019-11-22,4.191699981689453,-0.0007870056355702903,0.006910593610636443,1.3304012957327305,12.34000015258789,-0.7899999618530273,-0.06016755178731126,-1.0906002536429342,0.0,1.5429999828338623,0.013000011444091797
2019-11-25,4.195000171661377,0.0007870056355703129,0.006426774693269238,1.3518971337907337,11.869999885559082,-0.4700002670288086,-0.0380875414276427,-1.2660543826153798,0.0,1.5449999570846558,0.001999974250793457
2019-11-26,4.225399971008301,0.007220543183066256,0.006358940562056955,1.7967664122908058,11.539999961853027,-0.3299999237060547,-0.027801173284553227,-1.3916039675369944,0.0,1.565000057220459,0.020000100135803223
2019-11-27,4.231800079345703,0.001513529187215981,0.006363263606825769,1.8358843669018503,11.75,0.21000003814697266,0.018197577022630362,-1.252563605084091,0.0,1.565000057220459,0.0
2019-11-28,4.262700080871582,0.007275328091995003,0.006298765323499172,2.1739713564315544,11.75,0.0,0.0,-1.209606730367656,0.0,1.565000057220459,0.0
2019-11-29,4.188000202178955,-0.017679440017850597,0.007772595082298853,1.0447207439826405,12.619999885559082,0.869999885559082,0.0740425434518368,-0.7886937075266036,0.0,1.5399999618530273,-0.02500009536743164
2019-12-02,4.236100196838379,0.011419739819915882,0.007752830339063695,1.6713167335072197,14.90999984741211,2.2899999618530273,0.1814580017923335,0.2595936216517213,0.0,1.5379999876022339,-0.001999974250793457
2019-12-03,4.222300052642822,-0.0032630653630427654,0.007853990215035645,1.4195779985541281,15.960000038146973,1.0500001907348633,0.07042254872437903,0.731130388399309,0.0,1.5379999876022339,0.0
2019-12-04,4.203999996185303,-0.004343563633631992,0.007837095348512502,1.1238731175378815,14.800000190734863,-1.1599998474121094,-0.07268169452628592,0.20138783151300302,0.0,1.4980000257492065,-0.039999961853027344
2019-12-05,4.206099987030029,0.0004993973656823459,0.006308471337311455,1.1147103582085711,14.520000457763672,-0.2799997329711914,-0.0189189006326147,0.07163098963342057,0.0,1.4930000305175781,-0.004999995231628418
2019-12-06,4.184599876403809,-0.005124759085939768,0.006441006145358652,0.7886481676031899,13.619999885559082,-0.9000005722045898,-0.061983508528291376,-0.33711408079943994,0.0,1.4800000190734863,-0.013000011444091797
2019-12-09,4.118899822235107,-0.015824996123472716,0.007223300635017355,-0.1339791836697591,15.859999656677246,2.239999771118164,0.16446400807192196,0.6708909555935243,0.0,1.4980000257492065,0.018000006675720215
2019-12-10,4.14109992980957,0.005375341814908745,0.007261584507797224,0.16216144986422204,15.680000305175781,-0.17999935150146484,-0.011349265788015539,0.5782275953445591,0.0,1.5149999856948853,0.01699995994567871
2019-12-11,4.144599914550781,0.000844825425763728,0.007201607953519289,0.1960737931206802,14.989999771118164,-0.6900005340576172,-0.04400513524415284,0.25834894641940837,0.0,1.5199999809265137,0.004999995231628418
2019-12-12,4.123700141906738,-0.005055408490953876,0.007278795910375558,-0.10206286762869608,13.9399995803833,-1.0500001907348633,-0.07004671159221365,-0.21544470019515402,0.0,1.5299999713897705,0.009999990463256836
2019-12-13,4.087247848510742,-0.008879007130473099,0.007327445684650524,-0.5964617454992838,12.630000114440918,-1.3099994659423828,-0.09397413955347922,-0.7842200562526229,0.0,1.5230000019073486,-0.006999969482421875
2019-12-16,4.0858001708984375,-0.00035425648399632555,0.007323408402136201,-0.6006594265371192,12.140000343322754,-0.48999977111816406,-0.03879649775758176,-0.9764208034310299,0.0,1.524999976158142,0.001999974250793457
2019-12-17,4.0619001388549805,-0.00586671077351008,0.007225800341890595,-0.9080861457345216,12.289999961853027,0.14999961853027344,0.012355816662952268,-0.8794232977948908,0.0,1.5299999713897705,0.004999995231628418
2019-12-18,4.070199966430664,0.0020412514234057592,0.007211461498096589,-0.7685009070818551,12.579999923706055,0.28999996185302734,0.023596416822877053,-0.7241720378345095,0.0,1.5180000066757202,-0.011999964714050293
2019-12-19,4.059662818908691,-0.0025922094137629846,0.007195348910378395,-0.889499759529075,12.5,-0.07999992370605469,-0.00635929445081318,-0.7345154188831972,0.0,1.5329999923706055,0.014999985694885254
2019-12-20,4.06879997253418,0.0022481883004099013,0.00724610848992363,-0.7389070828405047,12.510000228881836,0.010000228881835938,0.0008000183105467684,-0.7035221528888136,0.0,1.527999997138977,-0.004999995231628418
2019-12-23,4.079899787902832,0.00272431739053416,0.0072909303757774215,-0.5672774909713151,12.609999656677246,0.09999942779541016,0.00799355922988254,-0.6335763772724428,0.0,1.5199999809265137,-0.008000016212463379
2019-12-24,4.081999778747559,0.0005145838597784156,0.007023341116672727,-0.5212796332376614,12.670000076293945,0.06000041961669922,0.004758161875518141,-0.5818446545878573,0.0,1.5379999876022339,0.018000006675720215
2019-12-25,4.082799911499023,0.0001959956849847689,0.006997484137333249,-0.49366377226312075,12.670000076293945,0.0,0.0,-0.569542491533627,0.0,1.5379999876022339,0.0
2019-12-26,4.083000183105469,4.9051312587845794e-05,0.00668419094984186,-0.4804446801011256,12.649999618530273,-0.020000457763671875,-0.0015785680854961681,-0.5614688409722717,0.0,1.534999966621399,-0.003000020980834961
2019-12-27,4.054699897766113,-0.00695538030377192,0.005736051774111604,-0.8600083960637298,13.430000305175781,0.7800006866455078,0.061660135191065724,-0.09458288289955984,0.0,1.5180000066757202,-0.01699995994567871
2019-12-30,4.022299766540527,-0.008022856595649063,0.005012133896017448,-1.2865936969047596,14.819999694824219,1.3899993896484375,0.10349957990043723,0.7749370377786046,0.0,1.4900000095367432,-0.02799999713897705
2019-12-31,4.015710830688477,-0.0016394447974782639,0.005013797935530534,-1.3352627856114847,13.779999732971191,-1.0399999618530273,-0.07017543746753518,0.24816297804167783,0.0,1.5049999952316284,0.014999985694885254
2020-01-01,4.016786098480225,0.00026772940161769496,0.005030956823298539,-1.286755783346292,13.779999732971191,0.0,0.0,0.35141307097445795,0.0,1.5049999952316284,0.0
2020-01-02,4.016300201416016,-0.0001209739436778823,0.005014819813811659,-1.255563700270308,12.470000267028809,-1.3099994659423828,-0.09506527513262342,-0.7368547845793518,0.0,1.4950000047683716,-0.009999990463256836
2020-01-03,4.023399829864502,0.0017661430815402476,0.005047773680157056,-1.1318626494634654,14.020000457763672,1.5500001907348633,0.12429832859211132,0.7431509599450934,0.0,1.4730000495910645,-0.02199995517730713
2020-01-06,4.057000160217285,0.008316549690040828,0.004404252450833146,-0.6848385811674371,13.850000381469727,-0.1700000762939453,-0.01212553999595678,0.5986023964429736,0.0,1.4880000352859497,0.014999985694885254
2020-01-07,4.060400009155273,0.0008376694670344835,0.004183036885476957,-0.6256756885059206,13.789999961853027,-0.06000041961669922,-0.004332160141813035,0.5356506630663829,0.0,1.5,0.011999964714050293
2020-01-08,4.066199779510498,0.0014273549801210321,0.004198440902109424,-0.5297898472294943,13.449999809265137,-0.3400001525878906,-0.024655558631502927,0.21145886234149402,0.0,1.4930000305175781,-0.006999969482421875
2020-01-09,4.06279993057251,-0.0008364741684041974,0.0040860536301863416,-0.5549826407728365,12.539999961853027,-0.9099998474121094,-0.0676579821796911,-0.6470310769523544,0.0,1.5,0.006999969482421875
2020-01-10,4.092100143432617,0.007185946774917528,0.003980346356907461,-0.16426861854355101,12.5600004196167,0.020000457763671875,0.0015949328408704222,-0.6039121508513718,0.0,1.4980000257492065,-0.001999974250793457
2020-01-13,4.070499897003174,-0.005292504040886465,0.004156616050845228,-0.433635654952971,12.319999694824219,-0.24000072479248047,-0.01910833732279482,-0.8095155159337881,0.0,1.5099999904632568,0.011999964714050293
2020-01-14,4.1458001136779785,0.018329984274649797,0.005664505173975715,0.5312032056708875,12.390000343322754,0.07000064849853516,0.005681870960430491,-0.7149411588937201,0.0,1.5299999713897705,0.019999980926513672
2020-01-15,4.13129997253418,-0.003503680232482014,0.005747100333523125,0.333357902339432,12.420000076293945,0.029999732971191406,0.0024212858869983034,-0.6614424458348772,0.0,1.5080000162124634,-0.02199995517730713
2020-01-16,4.174200057983398,0.010330616295588584,0.0060695581929605035,0.8559086636498179,12.319999694824219,-0.10000038146972656,-0.008051560455349493,-0.7358244283312295,0.0,1.5180000066757202,0.009999990463256836
2020-01-17,4.183599948883057,0.0022493706131507685,0.006069566985427437,0.945023625378009,12.100000381469727,-0.2199993133544922,-0.017857087565263163,-0.9368858961693893,0.0,1.5230000019073486,0.004999995231628418
2020-01-20,4.161600112915039,-0.00527246483471296,0.006238180504684664,0.636309291881604,12.100000381469727,0.0,0.0,-0.9138414526141799,0.0,1.5230000019073486,0.0
2020-01-21,4.188499927520752,0.006443014462529874,0.006354107336364324,0.9578863322586141,12.850000381469727,0.75,0.06198346912026298,-0.1821386243450318,0.0,1.503000020980835,-0.019999980926513672
2020-01-22,4.210899829864502,0.005333703858414912,0.0064112425973638235,1.218028108225513,12.90999984741211,0.05999946594238281,0.004669219000873026,-0.1339410496068425,0.0,1.5130000114440918,0.009999990463256836
2020-01-23,4.181300163269043,-0.007054119148971416,0.006689174748440077,0.7972133028044386,12.979999542236328,0.06999969482421875,0.005422129794854458,-0.06204402259622355,0.0,1.5149999856948853,0.001999974250793457
2020-01-24,4.169099807739258,-0.0029221029539643986,0.006488487295603477,0.6050608072389053,14.5600004196167,1.580000877380371,0.12172580378289855,1.4183165544214928,0.0,1.4900000095367432,-0.02499997615814209
2020-01-27,4.1595001220703125,-0.0023052349737039245,0.0061700200370752535,0.44571743391159907,18.229999542236328,3.669999122619629,0.25206037203646203,4.094066035405702,0.0,1.5049999952316284,0.014999985694885254
2020-01-28,4.206099987030029,0.011140945383832392,0.006463309198972445,1.081206145628651,16.280000686645508,-1.9499988555908203,-0.10696647858234709,2.3521516968846345,0.0,1.5299999713897705,0.02499997615814209
2020-01-29,4.193399906158447,-0.0030240111223816648,0.006559412537825095,0.874103326531769,16.389999389648438,0.10999870300292969,0.006756676803653994,2.2829210359659124,0.0,1.5199999809265137,-0.009999990463256836
2020-01-30,4.228899955749512,0.008430063144267839,0.006681050963146857,1.3537764416160099,15.489999771118164,-0.8999996185302734,-0.054911510191921864,1.555667464260551,0.0,1.527999997138977,0.008000016212463379
2020-01-31,4.242199897766113,0.003140077008841206,0.006679315982630807,1.49008202915197,18.84000015258789,3.3500003814697266,0.216268588183969,3.4847080376180934,0.0,1.5099999904632568,-0.018000006675720215
2020-02-03,4.282599925994873,0.009478306005841968,0.006736021525271349,1.9720727558448308,17.969999313354492,-0.8700008392333984,-0.046178388120336256,2.6870693281590667,0.0,1.5180000066757202,0.008000016212463379
2020-02-04,4.246799945831299,-0.00839453910745889,0.007172946586995931,1.4214909738107537,16.049999237060547,-1.9200000762939453,-0.106844749563629,1.4655239502262585,0.0,1.5379999876022339,0.019999980926513672
2020-02-05,4.253699779510498,0.0016233951926272155,0.007171905451675326,1.4702504710524185,15.149999618530273,-0.8999996185302734,-0.05607474525307843,0.9025006731612266,0.0,1.5199999809265137,-0.018000006675720215
2020-02-06,4.23360013961792,-0.0047364126776948375,0.0073120045678117165,1.1700074793733621,14.960000038146973,-0.18999958038330078,-0.012541226743722711,0.7679602747077344,0.0,1.5299999713897705,0.009999990463256836
2020-02-07,4.280799865722656,0.011087148730576602,0.007505449194298218,1.742512100829618,15.470000267028809,0.5100002288818359,0.03409092430356764,1.0336230048556894,0.0,1.5180000066757202,-0.011999964714050293
2020-02-10,4.320400238037109,0.009208169010652575,0.007438161189964383,2.150066694053803,15.039999961853027,-0.43000030517578125,-0.02779575292524339,0.7548907103937474,0.0,1.5199999809265137,0.001999974250793457
2020-02-11,4.320974826812744,0.0001329854964445983,0.006517560061621721,2.0677231411497763,15.180000305175781,0.1400003433227539,0.009308533489218451,0.8118781410014165,0.0,1.5379999876022339,0.018000006675720215
2020-02-12,4.327530860900879,0.0015161082343387756,0.006386999868454739,2.0464056713018084,13.739999771118164,-1.4400005340576172,-0.09486169335363148,-0.04277896344795406,0.0,1.534999966621399,-0.003000020980834961
2020-02-13,4.354499816894531,0.006212611711899643,0.0061781371752135765,2.234766674861644,14.149999618530273,0.4099998474121094,0.02983987294337087,0.18878491462320426,0.0,1.5449999570846558,0.009999990463256836
2020-02-14,4.346766948699951,-0.0017774125167521113,0.006238821757911557,2.043414521689499,13.680000305175781,-0.4699993133544922,-0.03321550007245233,-0.10203717001583537,0.0,1.534999966621399,-0.009999990463256836
2020-02-17,4.296999931335449,-0.011515249770983556,0.006752284426671006,1.4574396034785404,13.680000305175781,0.0,0.0,-0.12137288525283497,0.0,1.534999966621399,0.0
2020-02-18,4.326499938964844,0.006841798144165074,0.006767906331614033,1.7170535969256813,14.829999923706055,1.1499996185302734,0.08406429772484536,0.5441052312349188,0.0,1.534999966621399,0.0
2020-02-19,4.354800224304199,0.006519849574860399,0.006807237725232588,1.9353437022938471,14.380000114440918,-0.4499998092651367,-0.030343884799743148,0.246892253181945,0.0,1.5429999828338623,0.008000016212463379
2020-02-20,4.363999843597412,0.00211029559931599,0.0064893842005105135,1.9608700184122063,15.5600004196167,1.1800003051757812,0.08205843503372323,0.9458618828023962,0.0,1.5379999876022339,-0.004999995231628418
2020-02-21,4.392300128936768,0.006464005109040434,0.006443390708110877,2.1212436890015116,17.079999923706055,1.5199995040893555,0.09768634081610128,1.8075961403435987,0.0,1.5180000066757202,-0.019999980926513672
2020-02-24,4.389800071716309,-0.0005693529408395087,0.006385158180478189,2.0067217838629996,25.030000686645508,7.950000762939453,0.46545672122078363,4.975212624395797,1.0,1.503000020980835,-0.014999985694885254
2020-02-25,4.386600017547607,-0.000729240754288169,0.006104216411951927,1.894121296424052,27.850000381469727,2.8199996948242188,0.11266478695419302,4.818522656961287,1.0,1.4900000095367432,-0.013000011444091797
2020-02-26,4.3867998123168945,4.554557485046435e-05,0.0060063833526717856,1.8158237986540025,27.559999465942383,-0.29000091552734375,-0.010412959122266252,3.96126902555712,1.0,1.4780000448226929,-0.011999964714050293
2020-02-27,4.449100017547607,0.014101843356182878,0.006432118163684573,2.222492037864142,39.15999984741211,11.600000381469727,0.4208998768597427,5.310414339988886,1.0,1.3949999809265137,-0.0830000638961792
2020-02-28,4.484799861907959,0.007992038160763677,0.006546504611869612,2.3564124359014333,40.11000061035156,0.9500007629394531,0.024259467993900774,4.420269754063958,1.0,1.2300000190734863,-0.16499996185302734
2020-03-02,4.441299915313721,-0.009746763323682699,0.006912509347948253,1.9113896737973657,33.41999816894531,-6.69000244140625,-0.16679138218910172,2.921625076094451,1.0,1.1349999904632568,-0.09500002861022949
2020-03-03,4.472400188446045,0.006978112112826215,0.006562840255565732,2.034022871124371,36.81999969482422,3.4000015258789062,0.10173553896356191,3.126175429294584,1.0,0.9179999828338623,-0.21700000762939453
2020-03-04,4.513199806213379,0.009081173918006199,0.006715249285499687,2.1965141991140675,31.989999771118164,-4.829999923706055,-0.13117870623950623,2.2471248475426373,1.0,0.675000011920929,-0.24299997091293335
2020-03-05,4.583399772644043,0.015434637844605983,0.00700676493804441,2.5014841182028844,39.619998931884766,7.629999160766602,0.23851201048320303,3.0236367227112155,1.0,0.5950000286102295,-0.07999998331069946
2020-03-06,4.606200218200684,0.0049622382618366555,0.006810395240113198,2.471266908929462,41.939998626708984,2.3199996948242188,0.05855627858074386,3.009929547643009,1.0,0.41499999165534973,-0.18000003695487976
2020-03-09,4.589799880981445,-0.003566845243577252,0.006861848112821238,2.2257793817692804,54.459999084472656,12.520000457763672,0.29852171835290564,3.858250194480644,1.0,0.33000001311302185,-0.08499997854232788
2020-03-10,4.722899913787842,0.028586575245207777,0.008882855576875997,2.7961923415658667,47.29999923706055,-7.159999847412109,-0.13147263987842284,2.8286796990767327,1.0,0.38999998569488525,0.0599999725818634
2020-03-11,4.642099857330322,-0.017256180127535214,0.010115176186325176,2.195180691447284,53.900001525878906,6.600002288818359,0.13953493436099507,3.1227969134868894,1.0,0.36800000071525574,-0.021999984979629517
2020-03-12,4.813799858093262,0.03631994420142845,0.012498370497802558,2.88316897456343,75.47000122070312,21.56999969482422,0.40018551176604067,4.177201821207422,1.0,0.27300000190734863,-0.0949999988079071
2020-03-13,4.790200233459473,-0.004914550584874151,0.01260729916116658,2.562440391044945,57.83000183105469,-17.639999389648438,-0.2337352471753954,2.6197714821986553,1.0,0.24300000071525574,-0.030000001192092896
2020-03-16,4.85260009765625,0.012942450965760603,0.012112088690375358,2.6536115631421815,82.69000244140625,24.860000610351562,0.4298806817087415,3.7624234678853887,1.0,0.1850000023841858,-0.057999998331069946
2020-03-17,4.999000072479248,0.02972324302291947,0.013218012596858385,3.0240802992960276,75.91000366210938,-6.779998779296875,-0.08199296866753814,3.0158820571056535,1.0,0.16500000655651093,-0.019999995827674866
2020-03-18,5.009699821472168,0.002138090497744346,0.013266521994523902,2.8131638778921175,76.44999694824219,0.5399932861328125,0.00711359847295534,2.7878045054949676,1.0,0.003000000026077032,-0.1620000065304339
2020-03-19,5.103961944580078,0.018641092587564606,0.013459086533157156,2.9124057839007103,72.0,-4.4499969482421875,-0.05820794147650399,2.3794509543418236,1.0,-0.02800000086426735,-0.03100000089034438
2020-03-20,5.094200134277344,-0.0019144259933686395,0.013633153657727956,2.65894984141686,66.04000091552734,-5.959999084472656,-0.0827777650621202,1.967489341516519,1.0,-0.032999999821186066,-0.004999998956918716
2020-03-23,5.045499801635742,-0.009605946414761658,0.014054834152645662,2.334960486814736,61.59000015258789,-4.450000762939453,-0.06738341461611286,1.6714452567842948,1.0,-0.03999999910593033,-0.006999999284744263
2020-03-24,5.14169979095459,0.018887005820270662,0.014173905823596027,2.4912081248234204,61.66999816894531,0.07999801635742188,0.0012988799506288284,1.6056427154113262,1.0,-0.032999999821186066,0.006999999284744263
2020-03-25,5.098100185394287,-0.008515765765217967,0.014549231487574976,2.2174156219931387,63.95000076293945,2.2800025939941406,0.03697101770212585,1.641364247754494,1.0,-0.07000000029802322,-0.03700000047683716
2020-03-26,5.033699989318848,-0.012712659602717998,0.015133889365292664,1.9196019238190354,61.0,-2.950000762939453,-0.0461298002774857,1.4466362471709204,1.0,-0.10499999672174454,-0.034999996423721313
2020-03-27,5.022600173950195,-0.002207535514272218,0.015240827758962591,1.8048697451325888,65.54000091552734,4.540000915527344,0.07442624451684177,1.5874880195013155,1.0,-0.057999998331069946,0.04699999839067459
2020-03-30,5.104629039764404,0.016200020371037023,0.014961874085268936,1.9609098232998805,57.08000183105469,-8.459999084472656,-0.1290814611885116,1.1644813420747162,1.0,0.013000000268220901,0.07099999859929085
2020-03-31,5.192699909210205,0.017105992717743917,0.01513293255120204,2.111665828884436,53.540000915527344,-3.5400009155273438,-0.06201823409195106,0.9729914159913554,1.0,0.029999999329447746,0.016999999061226845
2020-04-01,5.203499794006348,0.0020776608740532515,0.015174574040218915,2.037284472408489,57.060001373291016,3.520000457763672,0.06574524463152964,1.0929609633583706,1.0,0.06300000101327896,0.033000001683831215
2020-04-02,5.248199939727783,0.008553712679109622,0.015053570383457098,2.0580358671211525,50.90999984741211,-6.150001525878906,-0.10778130700777788,0.7917136790018855,1.0,0.06499999761581421,0.001999996602535248
2020-04-03,5.255300045013428,0.0013519505645557942,0.015097997637698427,1.9782005709245893,46.79999923706055,-4.1100006103515625,-0.0807307134682792,0.5854990467741088,1.0,0.057999998331069946,-0.006999999284744263
2020-04-06,5.348499774932861,0.017579005931702047,0.015089572870046607,2.11911891082178,45.2400016784668,-1.55999755859375,-0.033333281709936435,0.49393580091185957,1.0,0.05999999865889549,0.0020000003278255463
2020-04-07,5.285299777984619,-0.011886765551041319,0.014845816710428117,1.861275001291948,46.70000076293945,1.4599990844726562,0.032272303941305536,0.5371504964662374,1.0,0.12800000607967377,0.06800000742077827
2020-04-08,5.221700191497803,-0.012106284085619416,0.014467909856395025,1.6281524834930399,43.349998474121094,-3.3500022888183594,-0.07173452321390283,0.3647750318988395,1.0,0.1850000023841858,0.056999996304512024
2020-04-09,5.123499870300293,-0.01898528210399844,0.013603709949470393,1.3262874726503366,41.66999816894531,-1.6800003051757812,-0.03875433366344183,0.2680806714322924,1.0,0.20999999344348907,0.024999991059303284
2020-04-10,5.105800151824951,-0.0034605957594294355,0.013562349634340054,1.2374920727706704,41.66999816894531,0.0,0.0,0.24780511603853866,1.0,0.20999999344348907,0.0
2020-04-13,5.105500221252441,-5.87448339854542e-05,0.0133806776801704,1.1960804505583051,41.16999816894531,-0.5,-0.011999040604053213,0.20414835583065233,1.0,0.20000000298023224,-0.009999990463256836
2020-04-14,5.198500156402588,0.01805171917243545,0.012347354446956884,1.3842998246297202,37.7599983215332,-3.4099998474121094,-0.08282730141057637,0.024389425897771832,1.0,0.16500000655651093,-0.034999996423721313
2020-04-15,5.1620001792907715,-0.0070460164927541235,0.012509960398661002,1.2477668695647655,40.84000015258789,3.0800018310546875,0.08156784872784995,0.15053307191085405,1.0,0.11500000208616257,-0.05000000447034836
2020-04-16,5.236999988555908,0.014424677082879877,0.012238426373819385,1.389319730773833,40.11000061035156,-0.7299995422363281,-0.01787462143753371,0.09478176020267387,1.0,0.10999999940395355,-0.005000002682209015
2020-04-17,5.230899810791016,-0.0011655018814396379,0.012229258992568404,1.3286772140345047,38.150001525878906,-1.9599990844726562,-0.048865595977249154,-0.0201309693462433,1.0,0.10300000011920929,-0.006999999284744263
2020-04-20,5.232699871063232,0.00034406138321517454,0.011960651515809514,1.2908924977789542,43.83000183105469,5.680000305175781,0.14888597845331075,0.24083545958350497,1.0,0.07000000029802322,-0.032999999821186066
2020-04-21,5.315400123596191,0.015680918302488554,0.011739328313731527,1.4495134343091955,45.40999984741211,1.5799980163574219,0.03604832193362939,0.2983071981749647,1.0,0.09799999743700027,0.02799999713897705
2020-04-22,5.315000057220459,-7.526835662182929e-05,0.011503562073611378,1.4008905602648305,41.97999954223633,-3.4300003051757812,-0.07553403031714068,0.10583996683678128,1.0,0.09300000220537186,-0.004999995231628418
2020-04-23,5.456900119781494,0.026347862339854592,0.012156594195105721,1.6927656150829908,41.380001068115234,-0.5999984741210938,-0.014292484055828392,0.05414935987228034,1.0,0.09300000220537186,0.0
2020-04-24,5.533100128173828,0.013867375395877483,0.012253072554922964,1.806738383239798,35.93000030517578,-5.450000762939453,-0.13170615326877966,-0.24364010754325124,1.0,0.10000000149011612,0.006999999284744263
2020-04-27,5.5725998878479,0.007113450962688725,0.011974992880430161,1.8239581216676644,33.290000915527344,-2.6399993896484375,-0.07347618611815432,-0.39851804011164027,1.0,0.09300000220537186,-0.006999999284744263
2020-04-28,5.652599811553955,0.014253871704422922,0.011831663252414219,1.931527608155951,33.56999969482422,0.279998779296875,0.00841089731440281,-0.40456841483662104,1.0,0.08500000089406967,-0.008000001311302185
2020-04-29,5.497399806976318,-0.027840364879477695,0.013840599039043174,1.5056576216692878,31.229999542236328,-2.3400001525878906,-0.06970509901281496,-0.5513531015674393,1.0,0.09000000357627869,0.005000002682209015
2020-04-30,5.334799766540527,-0.030023866078636056,0.015569025109082467,1.0825859267256226,34.150001525878906,2.920001983642578,0.0934999047852525,-0.4176021152143495,1.0,0.09000000357627869,0.0
2020-05-01,5.486000061035156,0.02794805163654761,0.016710958878291812,1.4029237378437704,37.189998626708984,3.039997100830078,0.08901894480228245,-0.2752397257574483,1.0,0.09300000220537186,0.00299999862909317
2020-05-04,5.4770002365112305,-0.0016418546568252447,0.016325063382560654,1.3372325858250567,35.970001220703125,-1.2199974060058594,-0.03280444880494526,-0.369951908089731,1.0,0.09000000357627869,-0.00299999862909317
2020-05-05,5.540599822998047,0.011545217213357743,0.016177566077832904,1.4437810849724317,33.61000061035156,-2.3600006103515625,-0.06561024548960048,-0.531936141422437,1.0,0.10999999940395355,0.019999995827674866
2020-05-06,5.578100204467773,0.006745487075092871,0.015835999950595078,1.485386819448301,34.119998931884766,0.5099983215332031,0.015174005125609291,-0.5340069714249651,1.0,0.1080000028014183,-0.001999996602535248
2020-05-07,5.715199947357178,0.024281029776310418,0.015584508333599457,1.7512090551571076,31.440000534057617,-2.6799983978271484,-0.07854626265309517,-0.7259244907446768,1.0,0.0949999988079071,-0.0130000039935112
2020-05-08,5.828719139099121,0.019667991477215468,0.015744661364381327,1.9422759584280072,27.979999542236328,-3.460000991821289,-0.11005092026233321,-0.9703815934786902,1.0,0.0949999988079071,0.0
2020-05-11,5.4770002365112305,-0.062239725541976265,0.02202134165829961,1.0717426402571435,27.56999969482422,-0.4099998474121094,-0.01465331858898733,-1.0319731854765566,1.0,0.10499999672174454,0.009999997913837433
2020-05-12,5.8171000480651855,0.06024431505131415,0.025269073454453735,1.831097493376738,33.040000915527344,5.470001220703125,0.1984041088593127,-0.7229609937092649,1.0,0.12300000339746475,0.018000006675720215
2020-05-13,5.884799957275391,0.011570884132180239,0.02512033350578074,1.9197529510964964,35.279998779296875,2.2399978637695312,0.0677965436349861,-0.6183724251283428,1.0,0.11500000208616257,-0.008000001311302185
2020-05-14,5.88640022277832,0.00027189504694685073,0.025086219485863516,1.8553265804865786,32.61000061035156,-2.6699981689453125,-0.07568022282676867,-0.838821892897901,1.0,0.10499999672174454,-0.01000000536441803
2020-05-15,5.8094000816345215,-0.01316733385517408,0.025404272591932682,1.6194333481287086,31.889999389648438,-0.720001220703125,-0.022079153855476208,-0.9281797311259433,1.0,0.10300000011920929,-0.001999996602535248
2020-05-18,5.855199813842773,0.007852814151918358,0.02538351224728605,1.6767499854313719,29.299999237060547,-2.5900001525878906,-0.08121668868481102,-1.1231878144752,1.0,0.10499999672174454,0.001999996602535248
2020-05-19,5.718999862670898,-0.023536182590995904,0.026070858737035203,1.3154379970746715,30.530000686645508,1.230001449584961,0.04197957275129127,-1.0428381777662021,1.0,0.11800000071525574,0.0130000039935112
2020-05-20,5.755199909210205,0.006309837263562446,0.026061813082912576,1.371731438145656,27.989999771118164,-2.5400009155273438,-0.08319688366854172,-1.225156154823181,1.0,0.11800000071525574,0.0
2020-05-21,5.690499782562256,-0.011305698654809508,0.02571859412508679,1.1816158363465055,29.530000686645508,1.5400009155273438,0.055019683033953104,-1.0941728635915067,1.0,0.10999999940395355,-0.008000001311302185
2020-05-22,5.5524001121521,-0.024567792611481773,0.02622372796562733,0.8062334391674005,28.15999984741211,-1.3700008392333984,-0.04639352547841158,-1.1643064278973223,1.0,0.10999999940395355,0.0
2020-05-25,5.52869987487793,-0.004277603025076705,0.02618875768511853,0.7217862731715513,28.15999984741211,0.0,0.0,-1.1511834164229224,1.0,0.10999999940395355,0.0
2020-05-26,5.443399906158447,-0.015548835495408619,0.026159210784913574,0.46569894039238974,28.010000228881836,-0.14999961853027344,-0.005326691027807584,-1.141374570276948,1.0,0.11800000071525574,0.008000001311302185
2020-05-27,5.343999862670898,-0.018429437860649125,0.025749197323151726,0.15429613937831457,27.6200008392334,-0.3899993896484375,-0.013923576810481397,-1.1572471456504532,1.0,0.13500000536441803,0.017000004649162292
2020-05-28,5.27269983291626,-0.013431876904114565,0.025036370217630482,-0.09102622066810136,28.59000015258789,0.9699993133544922,0.03511945271111783,-1.0685280580756797,1.0,0.1379999965429306,0.0029999911785125732
2020-05-29,5.403600215911865,0.024522904438010397,0.024841877913691572,0.27672292121762354,27.510000228881836,-1.0799999237060547,-0.037775443089960836,-1.1137116841153547,1.0,0.12800000607967377,-0.009999990463256836
2020-06-01,5.334799766540527,-0.012814086065944407,0.024988013155790783,0.021226188766049297,28.229999542236328,0.7199993133544922,0.02617227580385806,-1.0307351114944343,1.0,0.12800000607967377,0.0
2020-06-02,5.366499900817871,0.005924556453241023,0.024867076251213135,0.09399070456014849,26.84000015258789,-1.3899993896484375,-0.0492383780442075,-1.090122516799419,1.0,0.14499999582767487,0.0169999897480011
2020-06-03,5.1992998123168945,-0.031651943414188526,0.025658786334380505,-0.5377266418255161,25.65999984741211,-1.1800003051757812,-0.04396424360906748,-1.1293373445704562,1.0,0.14800000190734863,0.003000006079673767
2020-06-04,5.061600208282471,-0.026841285043468725,0.025287598987856184,-1.0737091160416752,25.809999465942383,0.14999961853027344,0.005845659369534406,-1.0984344974085005,1.0,0.14000000059604645,-0.008000001311302185
2020-06-05,5.117199897766113,0.010924714482192292,0.02489166391102047,-0.9168555062299757,24.520000457763672,-1.289999008178711,-0.049980590270097824,-1.146647494251666,1.0,0.14499999582767487,0.004999995231628418
2020-06-08,4.959499835968018,-0.03130249835264839,0.02204455114542345,-1.5425910501691744,25.809999465942383,1.289999008178711,0.0526100727608374,-1.0592004314578323,1.0,0.15299999713897705,0.008000001311302185
2020-06-09,4.821599960327148,-0.028199081171066006,0.0164319285870838,-2.022583471818567,27.56999969482422,1.760000228881836,0.06819063406817372,-0.9210771692957203,1.0,0.16500000655651093,0.012000009417533875
2020-06-10,4.898399829864502,0.015802771490189056,0.0167403309124266,-1.706962236921257,27.56999969482422,0.0,0.0,-0.9167760298845115,1.0,0.16500000655651093,0.0
2020-06-11,4.9721999168396,0.014953794927107569,0.0174818090327448,-1.409006140004677,40.790000915527344,13.220001220703125,0.47950675977645907,0.21055965293310192,1.0,0.15299999713897705,-0.012000009417533875
2020-06-12,4.974999904632568,0.0005629700653797877,0.017555797754869425,-1.3792212548220804,36.09000015258789,-4.700000762939453,-0.11522433580407998,-0.16138421704123274,1.0,0.15000000596046448,-0.0029999911785125732
2020-06-15,5.047800064086914,0.014527166057471912,0.017927553491110113,-1.1123355438075275,34.400001525878906,-1.6899986267089844,-0.046827337754605125,-0.285787181742428,1.0,0.1550000011920929,0.004999995231628418
2020-06-16,5.153206825256348,0.020666687905184115,0.018549908965126892,-0.7264836444017523,33.66999816894531,-0.7300033569335938,-0.021221026876537152,-0.3258381598855858,1.0,0.1599999964237213,0.004999995231628418
2020-06-17,5.243599891662598,0.017389059276755756,0.019070131937538964,-0.4058392876231821,33.470001220703125,-0.1999969482421875,-0.005939915625735037,-0.3152319065899075,1.0,0.16500000655651093,0.005000010132789612
2020-06-18,5.22790002822876,-0.0029985914754879655,0.019008012823301938,-0.4806847983630812,32.939998626708984,-0.5300025939941406,-0.01583515311216377,-0.34235273409197897,1.0,0.14000000059604645,-0.025000005960464478
2020-06-19,5.377200126647949,0.0281581429455827,0.019684544631221768,0.05535183126690378,35.119998931884766,2.1800003051757812,0.06618094705711841,-0.04245815706054757,1.0,0.14300000667572021,0.003000006079673767
2020-06-22,5.309999942779541,-0.01257599167286284,0.019830800712790357,-0.21356862479080363,31.770000457763672,-3.3499984741210938,-0.095387203189226,-0.4400032034567351,1.0,0.14000000059604645,-0.003000006079673767
2020-06-23,5.2519001960754395,-0.011001871249971169,0.01969309999561737,-0.4398529499999683,31.3700008392334,-0.39999961853027344,-0.0125904819882533,-0.46912664710420354,1.0,0.14000000059604645,0.0
2020-06-24,5.151000022888184,-0.019399078201002444,0.01973736230794914,-0.8201422806206828,33.84000015258789,2.469999313354492,0.07873762343880286,-0.06872888228784216,1.0,0.13500000536441803,-0.004999995231628418
2020-06-25,5.34660005569458,0.03726998025452103,0.021359464188514317,-0.08076388373456271,32.220001220703125,-1.6199989318847656,-0.04787230864598202,-0.29120258948787103,1.0,0.12999999523162842,-0.005000010132789612
2020-06-26,5.359499931335449,0.002409819056277436,0.02062072304623468,-0.03819006692316422,34.72999954223633,2.509998321533203,0.07790186922526843,0.1674129353044958,1.0,0.13300000131130219,0.003000006079673767
2020-06-29,5.480899810791016,0.02239861219249972,0.021005546203468985,0.4171436380427495,31.780000686645508,-2.9499988555908203,-0.0849409413899711,-0.31661630452909695,1.0,0.125,-0.008000001311302185
2020-06-30,5.402100086212158,-0.014481503709750624,0.02126567858819955,0.1088102700398842,30.43000030517578,-1.3500003814697266,-0.04247955797046343,-0.5357467058250487,1.0,0.13500000536441803,0.01000000536441803
2020-07-01,5.461699962615967,0.010972306941960944,0.019989305921854186,0.32201155563228023,28.6200008392334,-1.8099994659423828,-0.05948075740355885,-0.8526105838069099,1.0,0.12999999523162842,-0.005000010132789612
2020-07-02,5.316199779510498,-0.027001368821738203,0.020001685347570682,-0.24955826991026883,27.68000030517578,-0.9400005340576172,-0.03284418261683031,-1.0053324568685045,1.0,0.13300000131130219,0.003000006079673767
2020-07-03,5.35890007019043,0.008000022298065512,0.019947110895528156,-0.10199675942981612,27.68000030517578,0.0,0.0,-0.9775738599178614,1.0,0.13300000131130219,0.0
2020-07-06,5.311399936676025,-0.008903301173636385,0.018539883437097133,-0.3034071777288403,27.940000534057617,0.26000022888183594,0.009393071749107529,-0.8984977598469805,1.0,0.12800000607967377,-0.004999995231628418
2020-07-07,5.354300022125244,0.008044538468142742,0.01699258771860115,-0.1454772026542799,29.43000030517578,1.489999771118164,0.0533285519913258,-0.5702065948737164,1.0,0.14000000059604645,0.01199999451637268
2020-07-08,5.377799987792969,0.004379385806105899,0.01680984967125884,-0.06726056051724298,28.079999923706055,-1.3500003814697266,-0.04587157211929438,-0.8224487995406461,1.0,0.13500000536441803,-0.004999995231628418
2020-07-09,5.342599868774414,-0.006566965036740705,0.016805611185746243,-0.21507413107626774,29.260000228881836,1.1800003051757812,0.042022803005052234,-0.5485633707456126,1.0,0.12300000339746475,-0.012000001966953278
2020-07-10,5.337800025939941,-0.0008988133786982015,0.016822650435483533,-0.24215131827560962,27.290000915527344,-1.9699993133544922,-0.06732738543897732,-0.9422004412246444,1.0,0.11999999731779099,-0.003000006079673767
2020-07-13,5.326900005340576,-0.0020441314547709976,0.016659250237927286,-0.29301417992867124,32.189998626708984,4.899997711181641,0.1795528599045837,0.17603020646863804,1.0,0.125,0.005000002682209015
2020-07-14,5.401500225067139,0.013907277973296264,0.016340899184514177,0.0010519888559829603,29.520000457763672,-2.6699981689453125,-0.08294496063538004,-0.4209601018189645,1.0,0.13300000131130219,0.008000001311302185
2020-07-15,5.366799831390381,-0.0064449381254089635,0.0160531789158768,-0.1421502609337782,27.760000228881836,-1.760000228881836,-0.05962060303488104,-0.8642673287593597,1.0,0.125,-0.008000001311302185
2020-07-16,5.366948127746582,2.7631793996871496e-05,0.016026146177795707,-0.13555177604137245,28.0,0.23999977111816406,0.008645524824904882,-0.7915072017325847,1.0,0.10300000011920929,-0.02199999988079071
2020-07-17,5.330699920654297,-0.006776881358681913,0.014803334898347446,-0.2684556660553476,25.68000030517578,-2.3199996948242188,-0.08285713195800781,-1.4240917870853549,1.0,0.10499999672174454,0.001999996602535248
2020-07-20,5.385300159454346,0.010190502219848935,0.014695477603921838,-0.03569426349795471,24.459999084472656,-1.220001220703125,-0.04750783513258894,-1.7043137260995536,1.0,0.10499999672174454,0.0
2020-07-21,5.327700138092041,-0.010753397706024861,0.014685161865374202,-0.24941760618540423,24.84000015258789,0.3800010681152344,0.015535612524060216,-1.5325575708254333,1.0,0.10999999940395355,0.005000002682209015
2020-07-22,5.1697998046875,-0.030085685993136824,0.015620252162577966,-0.8685790172093972,24.31999969482422,-0.5200004577636719,-0.020933995755611834,-1.611213966972247,1.0,0.10000000149011612,-0.009999997913837433
2020-07-23,5.118100166320801,-0.01005065634733864,0.013084934571789114,-1.0543828544157063,26.079999923706055,1.760000228881836,0.07236843137199545,-1.0862100048123906,1.0,0.10300000011920929,0.00299999862909317
2020-07-24,5.210599899291992,0.01791168402909401,0.013810386805817032,-0.6614878129792043,25.84000015258789,-0.23999977111816406,-0.009202445238506662,-1.127687493038664,1.0,0.09799999743700027,-0.005000002682209015
2020-07-27,5.229100227355957,0.0035442296628474764,0.012698476352947557,-0.56967103789603,24.739999771118164,-1.1000003814697266,-0.04256967395410638,-1.4014043599900436,1.0,0.09300000220537186,-0.004999995231628418
2020-07-28,5.141421794891357,-0.016909567608997773,0.012831458637019415,-0.8926011358175634,25.440000534057617,0.7000007629394531,0.02829429140725548,-1.1607904697879023,1.0,0.10300000011920929,0.009999997913837433
2020-07-29,5.152299880981445,0.0021135388117193704,0.012491298263220473,-0.8210252266604486,24.100000381469727,-1.3400001525878906,-0.052672960867039875,-1.491824714919913,1.0,0.09000000357627869,-0.012999996542930603
2020-07-30,5.168799877166748,0.0031973356771082795,0.011183348839404798,-0.7281450698580743,24.760000228881836,0.6599998474121094,0.02738588535125408,-1.2576707332449855,1.0,0.08500000089406967,-0.005000002682209015
2020-07-31,5.153900146484375,-0.0028867914393630495,0.010964233371578121,-0.764787212215779,24.459999084472656,-0.3000011444091797,-0.012116362747817577,-1.3076647208788728,1.0,0.08299999684095383,-0.0020000040531158447
2020-08-03,5.221199989318848,0.012973520428680241,0.011319564115304912,-0.46605329210167556,24.280000686645508,-0.17999839782714844,-0.007358888166983268,-1.3243677403179477,1.0,0.07800000160932541,-0.004999995231628418
2020-08-04,5.318699836730957,0.01850162340636586,0.011974879691157807,-0.02400087877404042,23.760000228881836,-0.5200004577636719,-0.021416822201726027,-1.4147154418604988,1.0,0.09000000357627869,0.012000001966953278
2020-08-05,5.290200233459473,-0.005372785423680674,0.011971421935722605,-0.11052080779352241,22.989999771118164,-0.7700004577636719,-0.03240742636137206,-1.576735132655186,1.0,0.0949999988079071,0.004999995231628418
2020-08-06,5.290900230407715,0.00013231080295544994,0.011895675426322189,-0.06584926499341784,22.649999618530273,-0.3400001525878906,-0.014789045496860997,-1.6039115196910243,1.0,0.08799999952316284,-0.006999999284744263
2020-08-07,5.331299781799316,0.007606662676769481,0.012031410203910253,0.17986406071013683,22.209999084472656,-0.4400005340576172,-0.019426072470996703,-1.6511965864300628,1.0,0.08799999952316284,0.0
2020-08-10,5.43720006942749,0.019669165298753795,0.012798256110622852,0.8183484976068643,22.1299991607666,-0.07999992370605469,-0.0036019778029610094,-1.604636064419033,1.0,0.08799999952316284,0.0
2020-08-11,5.480500221252441,0.007932142796555589,0.012549017856411762,1.1246383458170546,24.030000686645508,1.9000015258789062,0.08585637586680717,-1.073201611034577,1.0,0.10000000149011612,0.012000001966953278
2020-08-12,5.38040018081665,-0.018433623585656745,0.013180050914701553,0.62212403452347,22.280000686645508,-1.75,-0.07282563254243057,-1.4734610773836558,1.0,0.10000000149011612,0.0
2020-08-13,5.434999942779541,0.010096755586196285,0.01336705887077064,1.033614329057832,22.1299991607666,-0.15000152587890625,-0.006732563790665225,-1.4546978779216244,1.0,0.09000000357627869,-0.009999997913837433
2020-08-14,5.367000102996826,-0.012590397659574553,0.013597821451087485,0.6299284248208582,22.049999237060547,-0.07999992370605469,-0.0036149989489328016,-1.4237352010052433,1.0,0.08799999952316284,-0.0020000040531158447
2020-08-17,5.42080020904541,0.009974332213659672,0.01358966238772201,1.0148768390961218,21.350000381469727,-0.6999988555908203,-0.0317459809438132,-1.5355117634923363,1.0,0.08500000089406967,-0.00299999862909317
2020-08-18,5.508299827575684,0.01601256971236164,0.01375779057552984,1.58070549295691,21.510000228881836,0.15999984741210938,0.007494137918188315,-1.4443912085544186,1.0,0.10000000149011612,0.015000000596046448
2020-08-19,5.465400218963623,-0.007818662251190642,0.011817072908891155,1.2660024197447295,22.540000915527344,1.0300006866455078,0.04788473620109546,-1.1674228320736382,1.0,0.0949999988079071,-0.005000002682209015
2020-08-20,5.556399822235107,0.016513032487993237,0.011791837039991041,1.7832634988969878,22.719999313354492,0.17999839782714844,0.00798573161117977,-1.091812104108577,1.0,0.08799999952316284,-0.006999999284744263
2020-08-21,5.5559000968933105,-8.99409385582371e-05,0.011361967542550817,1.7275160319446194,22.540000915527344,-0.17999839782714844,-0.007922464932529683,-1.102512734870542,1.0,0.08799999952316284,0.0
2020-08-24,5.618599891662598,0.011222059660543331,0.011502750896574529,2.018362416547104,22.3700008392334,-0.1700000762939453,-0.007542150372178313,-1.1075161262859932,1.0,0.08500000089406967,-0.00299999862909317
2020-08-25,5.610599994659424,-0.0014248385348174747,0.010530189077913655,1.8885121067200699,22.030000686645508,-0.3400001525878906,-0.015198933385446534,-1.152918365874576,1.0,0.0949999988079071,0.009999997913837433
2020-08-26,5.507400035858154,-0.01856501575357894,0.011711908227849066,1.238168484151444,23.270000457763672,1.239999771118164,0.0562868693812546,-0.8621642293346068,1.0,0.09300000220537186,-0.001999996602535248
2020-08-27,5.6072001457214355,0.017958863210381478,0.012159520838227468,1.7461875042642812,24.469999313354492,1.1999988555908203,0.05156849299461275,-0.589128944422872,1.0,0.0949999988079071,0.001999996602535248
2020-08-28,5.568699836730957,-0.0068899079902798414,0.012312062503495886,1.4683657409736393,22.959999084472656,-1.510000228881836,-0.061708225224908486,-0.9142725234958803,1.0,0.0949999988079071,0.0
2020-08-31,5.389999866485596,-0.03261624405182524,0.014554140719937356,0.423481114764181,26.40999984741211,3.450000762939453,0.15026136326253647,-0.1546941014231507,1.0,0.0949999988079071,0.0
2020-09-01,5.490900039672852,0.018546823586945194,0.014556908119092665,1.0226768904716468,26.1200008392334,-0.28999900817871094,-0.010980651641583683,-0.2133620400094145,1.0,0.10000000149011612,0.005000002682209015
2020-09-02,5.397299766540527,-0.017193398463406815,0.015085008355760234,0.4038005692210693,26.56999969482422,0.4499988555908203,0.01722813327459405,-0.11028806468085961,1.0,0.10000000149011612,0.0
2020-09-03,5.338699817657471,-0.0109166417870322,0.015319043413006796,-0.03625561362175517,33.599998474121094,7.029998779296875,0.2645840745216983,1.5668366673633625,1.0,0.10000000149011612,0.0
2020-09-04,5.289899826049805,-0.009182834270256507,0.015366158183597408,-0.4503208710708916,30.75,-2.8499984741210938,-0.0848213870103649,0.9479037477594293,1.0,0.10300000011920929,0.00299999862909317
2020-09-07,5.301000118255615,0.002096195097446351,0.014644265211823203,-0.416668344898181,30.75,0.0,0.0,0.9837184879046299,1.0,0.10300000011920929,0.0
2020-09-08,5.298299789428711,-0.0005095296687224134,0.014485923759195664,-0.4670010629815933,31.459999084472656,0.7099990844726562,0.02308940112106206,1.185734212330213,1.0,0.1080000028014183,0.005000002682209015
2020-09-09,5.360599994659424,0.011689933474988357,0.014216986410340787,0.02459585523447741,28.809999465942383,-2.6499996185302734,-0.08423393819608227,0.5487191106563832,1.0,0.10499999672174454,-0.003000006079673767
2020-09-10,5.308499813079834,-0.00976663386010026,0.014154640255247722,-0.41720602760533493,29.709999084472656,0.8999996185302734,0.03123914041005804,0.8089400386602756,1.0,0.10300000011920929,-0.001999996602535248
2020-09-11,5.320499897003174,0.002257990281157287,0.013911842652402567,-0.3099468546066206,26.8700008392334,-2.839998245239258,-0.09559065408128964,0.10336238368140842,1.0,0.10300000011920929,0.0
2020-09-14,5.316199779510498,-0.0008085436004995071,0.013694443318670585,-0.3464546621528855,25.850000381469727,-1.0200004577636719,-0.03796056665075909,-0.1525583879193795,1.0,0.10000000149011612,-0.00299999862909317
2020-09-15,5.2683000564575195,-0.00905098035642296,0.013195874401483721,-0.7461425319447093,25.59000015258789,-0.26000022888183594,-0.010058035785106334,-0.20168642675098356,1.0,0.10000000149011612,0.0
2020-09-16,5.2743000984191895,0.001138247210618699,0.01314803412277477,-0.7289691020880061,26.040000915527344,0.4500007629394531,0.017585023847447978,-0.03820384104376379,1.0,0.10000000149011612,0.0
2020-09-17,5.236000061035156,-0.007288128090376517,0.012464571801793453,-1.0281459402893596,26.459999084472656,0.4199981689453125,0.01612896137399411,0.1181205053833542,1.0,0.08500000089406967,-0.015000000596046448
2020-09-18,5.237800121307373,0.0003437262996432486,0.012470220882047614,-0.98762917075454,25.829999923706055,-0.6299991607666016,-0.02380949291628287,-0.0307379879565188,1.0,0.08299999684095383,-0.0020000040531158447
2020-09-21,5.389800071716309,0.02860670578288463,0.014019567814314182,0.29155005615165025,27.780000686645508,1.9500007629394531,0.0754936418389145,0.6434276281764103,1.0,0.07999999821186066,-0.00299999862909317
2020-09-22,5.412600040435791,0.004221284592178716,0.014090096946804714,0.48100889831746757,26.860000610351562,-0.9200000762939453,-0.03311735253974313,0.3623714963937568,1.0,0.08799999952316284,0.008000001311302185
2020-09-23,5.469900131225586,0.01053078234243325,0.013765958665044507,0.9591352686820631,28.579999923706055,1.7199993133544922,0.0640357138596499,0.9498846990977644,1.0,0.08799999952316284,0.0
2020-09-24,5.592400074005127,0.022148187643070718,0.01408720385303398,1.8873670267307785,28.510000228881836,-0.06999969482421875,-0.0024492545490231166,0.917823810405219,1.0,0.09300000220537186,0.005000002682209015
2020-09-25,5.508399963378906,-0.01513435314208617,0.01441223388576749,1.170994872591177,26.3799991607666,-2.1300010681152344,-0.0747106647146728,0.20136133841041554,1.0,0.09000000357627869,-0.00299999862909317
2020-09-28,5.561100006103516,0.009521738295946894,0.012419166480761605,1.530801415579116,26.190000534057617,-0.18999862670898438,-0.007202374251457866,0.14714311710599917,1.0,0.08799999952316284,-0.0020000040531158447
2020-09-29,5.660200119018555,0.017663316788563043,0.012356988860519459,2.1762002167813645,26.270000457763672,0.07999992370605469,0.0030545980173624088,0.1952271326475342,1.0,0.08500000089406967,-0.00299999862909317
2020-09-30,5.630499839782715,-0.00526102860742394,0.011675254070175145,1.862150074289158,26.3700008392334,0.10000038146972656,0.0038066379797176975,0.24116045826174215,1.0,0.08500000089406967,0.0
2020-10-01,5.608399868011475,-0.003932769368932061,0.011365305220682066,1.6302727900751426,26.700000762939453,0.3299999237060547,0.012514217413868156,0.3759647297496529,1.0,0.08299999684095383,-0.0020000040531158447
2020-10-02,5.642000198364258,0.005973197407543242,0.011048716366685819,1.7845973052528852,27.6299991607666,0.9299983978271484,0.03483139967239324,0.70191325636995,1.0,0.08500000089406967,0.0020000040531158447
2020-10-05,5.681600093841553,0.0069942519851297754,0.011076698534288413,1.9541287724361514,27.959999084472656,0.3299999237060547,0.011943537232336876,0.8792121982482596,1.0,0.08500000089406967,0.0
2020-10-06,5.573400020599365,-0.019227615388026614,0.01216743134556226,1.1916171608194241,29.479999542236328,1.5200004577636719,0.05436339440396454,1.4396104326101369,1.0,0.08799999952316284,0.00299999862909317
2020-10-07,5.593800067901611,0.0036535693518857356,0.011980303380762343,1.283847458335022,28.059999465942383,-1.4200000762939453,-0.048168252996730776,0.913294665009519,1.0,0.08799999952316284,0.0
2020-10-08,5.611299991607666,0.0031235665619268943,0.011648801859053788,1.3506227606509846,26.360000610351562,-1.6999988555908203,-0.06058442223615079,0.30005102586387994,1.0,0.08799999952316284,0.0
2020-10-09,5.598599910736084,-0.002265869707296727,0.011703136702333762,1.2259076851329729,25.0,-1.3600006103515625,-0.051593345176839334,-0.1988601407700331,1.0,0.09300000220537186,0.005000002682209015
2020-10-12,5.5289998054504395,-0.012509618373243178,0.012163171238266351,0.7626905587622195,25.06999969482422,0.06999969482421875,0.00279998779296875,-0.1769251616688974,1.0,0.09000000357627869,-0.00299999862909317
2020-10-13,5.529699802398682,0.00012659661153654333,0.011895987811588939,0.7438966607598773,26.06999969482422,1.0,0.03988831320993014,0.18580435604487988,1.0,0.09300000220537186,0.00299999862909317
2020-10-14,5.56850004196167,0.006992196606344036,0.011934711765077585,0.9597784535110641,26.399999618530273,0.3299999237060547,0.012658225069775098,0.29551089593858415,1.0,0.10000000149011612,0.006999999284744263
2020-10-15,5.5904998779296875,0.003942981383412869,0.01170126125907991,1.075001392283298,26.969999313354492,0.5699996948242188,0.02159089784320045,0.5004068348446564,1.0,0.0949999988079071,-0.005000002682209015
2020-10-16,5.611199855804443,0.0036958679359919318,0.011681046437346118,1.1737186399536237,27.40999984741211,0.4400005340576172,0.016314443650717658,0.6512026419718765,1.0,0.09000000357627869,-0.004999995231628418
2020-10-19,5.644800186157227,0.00597022566284806,0.010104847992654462,1.3498576475725066,29.18000030517578,1.7700004577636719,0.06457498969781228,1.260207110435208,1.0,0.09000000357627869,0.0
2020-10-20,5.605599880218506,-0.0069687236628110105,0.010301409354382172,1.066091679699851,29.350000381469727,0.1700000762939453,0.005825910709938986,1.280015816700741,1.0,0.0949999988079071,0.004999995231628418
2020-10-21,5.6041998863220215,-0.0002497803587789722,0.010097907455927669,1.0326795794726313,28.649999618530273,-0.7000007629394531,-0.02385011086341937,0.9961301810500538,1.0,0.09000000357627869,-0.004999995231628418
2020-10-22,5.607800006866455,0.0006421906354722637,0.008814750122008282,1.0335914951212415,28.110000610351562,-0.5399990081787109,-0.018848133171682435,0.780385360212714,1.0,0.08500000089406967,-0.005000002682209015
2020-10-23,5.591300010681152,-0.0029466668032889624,0.008095327594849775,0.8962052749671148,27.549999237060547,-0.5600013732910156,-0.01992178445861703,0.5627557913431668,1.0,0.08299999684095383,-0.0020000040531158447
2020-10-26,5.616199970245361,0.004443453147602485,0.007882456630489644,1.0532793002737615,32.459999084472656,4.909999847412109,0.17822141500487332,2.1720145288854287,1.0,0.07999999821186066,-0.00299999862909317
2020-10-27,5.622700214385986,0.0011567403853835298,0.006776607057806833,1.0668497768722491,33.349998474121094,0.8899993896484375,0.02741834302990398,2.319330087641058,1.0,0.09000000357627869,0.01000000536441803
2020-10-28,5.7052001953125,0.014566060188856676,0.007435835022195392,1.6315594521942016,40.279998779296875,6.930000305175781,0.2077961206071215,3.8984701505660726,1.0,0.09000000357627869,0.0
2020-10-29,5.744900226593018,0.006934470250057237,0.0074795640936402225,1.8534924353686875,37.59000015258789,-2.6899986267089844,-0.06678249027384753,2.868802101119947,1.0,0.08299999684095383,-0.00700000673532486
2020-10-30,5.7778000831604,0.005710457633441903,0.007470969435758793,1.9981152175727022,38.02000045776367,0.43000030517578125,0.011439220628632452,2.7518511353675046,1.0,0.08299999684095383,0.0
2020-11-02,5.741399765014648,-0.006319959681846273,0.007519512205055113,1.6583453254525424,37.130001068115234,-0.8899993896484375,-0.023408715910909428,2.3743119211858583,1.0,0.08299999684095383,0.0
2020-11-03,5.741099834442139,-5.224133821738514e-05,0.005921229023115018,1.589983210651125,35.54999923706055,-1.5800018310546875,-0.04255323957993329,1.8948872693190213,1.0,0.09000000357627869,0.00700000673532486
2020-11-04,5.754899978637695,0.002400861351559822,0.00590365154465553,1.617301172573895,29.56999969482422,-5.979999542236328,-0.1682137741370816,0.46297182999133274,1.0,0.08299999684095383,-0.00700000673532486
2020-11-05,5.663000106811523,-0.016097856123280137,0.007062484638283165,0.9549874304082302,27.579999923706055,-1.989999771118164,-0.0672979300526162,-0.03325223684893712,1.0,0.08500000089406967,0.0020000040531158447
2020-11-06,5.523399829864502,-0.02496022409208558,0.009063042068086209,-0.017354559221838678,24.860000610351562,-2.719999313354492,-0.09862216536906332,-0.7109058178809343,1.0,0.08299999684095383,-0.0020000040531158447
2020-11-09,5.36269998550415,-0.029526005008015395,0.010854155745319708,-1.113267461935345,25.75,0.8899993896484375,0.03580045727262959,-0.5209988207245582,1.0,0.08799999952316284,0.005000002682209015
2020-11-10,5.384699821472168,0.004093988702556636,0.010922008462834903,-0.941019306291916,24.799999237060547,-0.9500007629394531,-0.03689323351221174,-0.7847083718181922,1.0,0.09000000357627869,0.0020000040531158447
2020-11-11,5.413899898529053,0.005408136051738148,0.010864082804042791,-0.7338704392458727,23.450000762939453,-1.3499984741210938,-0.054435424018226874,-1.1366634111230338,1.0,0.09000000357627869,0.0
2020-11-12,5.389999866485596,-0.004424341497014261,0.010808149082024827,-0.8719027120731665,25.350000381469727,1.8999996185302734,0.08102343525434108,-0.67097538946526,1.0,0.08500000089406967,-0.005000002682209015
2020-11-13,5.456699848175049,0.012298823458038862,0.01120344776378395,-0.4104322886548392,23.100000381469727,-2.25,-0.08875739511407266,-1.2577852790000406,1.0,0.08299999684095383,-0.0020000040531158447
2020-11-16,5.456999778747559,5.496405120874092e-05,0.011076104822976014,-0.39130968526481613,22.450000762939453,-0.6499996185302734,-0.028138511160012314,-1.4270431049491368,1.0,0.07500000298023224,-0.007999993860721588
2020-11-17,5.414899826049805,-0.0077447667220023894,0.011096903931765429,-0.6537100586471386,22.709999084472656,0.2599983215332031,0.011581216601222133,-1.3685972224465561,1.0,0.07999999821186066,0.004999995231628418
2020-11-18,5.327199935913086,-0.016328621153244714,0.011556879219141477,-1.2104361933209111,23.84000015258789,1.1300010681152344,0.04975786497886037,-1.0803742764473527,1.0,0.07500000298023224,-0.004999995231628418
2020-11-19,5.361700057983398,0.006455340006112906,0.011713025194661065,-0.9490977630312982,23.110000610351562,-0.7299995422363281,-0.03062078597164286,-1.2566162429384027,1.0,0.05999999865889549,-0.015000004321336746
2020-11-20,5.304500102996826,-0.010725563456190945,0.011865748748412615,-1.283308106536738,23.700000762939453,0.5900001525878906,0.025530079489639368,-1.1113015314708226,1.0,0.057999998331069946,-0.0020000003278255463
2020-11-23,5.3780999183654785,0.013779600433635566,0.01233322317953585,-0.7984391699295643,22.65999984741211,-1.0400009155273438,-0.043881893757304447,-1.3459732910518096,1.0,0.07000000029802322,0.012000001966953278
2020-11-24,5.4405999183654785,0.011554197131156343,0.012694502494813376,-0.3829271506989658,21.639999389648438,-1.0200004577636719,-0.04501325969250447,-1.557592009962649,1.0,0.07999999821186066,0.009999997913837433
2020-11-25,5.372600078582764,-0.012577356602459802,0.012315321249616252,-0.8235862263258595,21.25,-0.3899993896484375,-0.01802215344955116,-1.5983763780569569,1.0,0.07999999821186066,0.0
2020-11-26,5.3225998878479,-0.009350092594863387,0.012161065145900207,-1.1461621453230229,21.25,0.0,0.0,-1.5434613784927005,1.0,0.07999999821186066,0.0
2020-11-27,5.335299968719482,0.002383225035629297,0.012046077927394348,-1.0748724877989273,20.84000015258789,-0.4099998474121094,-0.01929411046645224,-1.5772234285526845,1.0,0.0729999989271164,-0.006999999284744263
2020-11-30,5.34250020980835,0.0013486377455680422,0.01208977429393056,-1.0377826144612476,20.56999969482422,-0.2700004577636719,-0.01295587599744541,-1.5758191151888332,1.0,0.07500000298023224,0.0020000040531158447
2020-12-01,5.331099987030029,-0.002136154044214235,0.01206654223575843,-1.1216024009500194,20.770000457763672,0.20000076293945312,0.009722934657591553,-1.47103587767697,1.0,0.07999999821186066,0.004999995231628418
2020-12-02,5.204899787902832,-0.023957144601533045,0.012782751304577752,-1.8934978541377865,21.170000076293945,0.39999961853027344,0.019258527188946495,-1.3284427723204912,1.0,0.07500000298023224,-0.004999995231628418
2020-12-03,5.216300010681152,0.00218789151849553,0.01260155777797753,-1.7827641731066501,21.280000686645508,0.1100006103515625,0.005196060933166491,-1.257544820935729,1.0,0.07500000298023224,0.0
2020-12-04,5.151000022888184,-0.01259746532858783,0.011802779665924159,-2.117579268575567,20.790000915527344,-0.48999977111816406,-0.023026304290754473,-1.3261705125704228,1.0,0.07500000298023224,0.0
2020-12-07,5.154399871826172,0.0006598189485260358,0.010106285074302297,-2.0260421758302294,21.299999237060547,0.5099983215332031,0.024530942716423976,-1.1797250295232056,1.0,0.07000000029802322,-0.005000002682209015
2020-12-08,5.098299980163574,-0.010943547037168619,0.010189579395749491,-2.2752161934563855,20.68000030517578,-0.6199989318847656,-0.029107932117012014,-1.2819023554834614,1.0,0.06800000369548798,-0.001999996602535248
2020-12-09,5.119699954986572,0.004188687854285121,0.010141838905826922,-2.0820080251335678,22.270000457763672,1.5900001525878906,0.07688588632128535,-0.9114112631493448,1.0,0.07000000029802322,0.001999996602535248
2020-12-10,5.1697001457214355,0.009718853152462377,0.010508603843592593,-1.7729061932517942,22.520000457763672,0.25,0.011225864160808507,-0.8372855138008847,1.0,0.07000000029802322,0.0
2020-12-11,5.024199962615967,-0.028548458095049745,0.011489249595376736,-2.474817163159697,23.309999465942383,0.7899990081787109,0.03507988419717645,-0.6541234591897664,1.0,0.06499999761581421,-0.005000002682209015
2020-12-14,5.064199924468994,0.007929933768118635,0.011771652454459767,-2.1430120353816804,24.719999313354492,1.4099998474121094,0.06048905532890392,-0.33769960947198563,1.0,0.05999999865889549,-0.004999998956918716
2020-12-15,5.117700099945068,0.010508975283673833,0.012146089523428771,-1.7887122982703496,22.889999389648438,-1.8299999237060547,-0.07402912518356886,-0.7165118154367132,1.0,0.07000000029802322,0.010000001639127731
2020-12-16,5.078884124755859,-0.007613561921376862,0.011787064756264206,-1.8913826307152344,22.5,-0.3899993896484375,-0.017037981653455492,-0.7764323970804248,1.0,0.07500000298023224,0.005000002682209015
2020-12-17,5.083199977874756,0.0008494032001299378,0.011631360239498765,-1.783777185294897,21.93000030517578,-0.5699996948242188,-0.025333319769965224,-0.8716279462165604,1.0,0.07999999821186066,0.004999995231628418
2020-12-18,5.0569000244140625,-0.005187328020198601,0.011494530395861473,-1.8204775658365207,21.56999969482422,-0.3600006103515625,-0.016415896276417152,-0.9246824459045929,1.0,0.07999999821186066,0.0
2020-12-21,5.100599765777588,0.008604481788374455,0.011164895491263408,-1.5517962860342582,25.15999984741211,3.5900001525878906,0.16643487266480217,-0.1582859001326219,1.0,0.07800000160932541,-0.001999996602535248
2020-12-22,5.118937969207764,0.003588855697498448,0.010766549132898932,-1.4143302113083176,24.229999542236328,-0.9300003051757812,-0.03696344637583293,-0.34826479946966443,1.0,0.07800000160932541,0.0
2020-12-23,5.1566548347473145,0.007341091778210016,0.010759830800633155,-1.2010487213276069,23.309999465942383,-0.9200000762939453,-0.03796946321399031,-0.5314247319929625,1.0,0.07500000298023224,-0.00299999862909317
2020-12-24,5.2153000831604,0.01130854768549939,0.01101093967353368,-0.9063154590329524,21.530000686645508,-1.779998779296875,-0.07636202574339757,-0.8842704175077314,1.0,0.07500000298023224,0.0
2020-12-25,5.2153000831604,0.0,0.010985056378272032,-0.8763045152690613,21.530000686645508,0.0,0.0,-0.8585642231045872,1.0,0.07500000298023224,0.0
2020-12-28,5.2153000831604,0.0,0.010973125299956704,-0.8470942047445505,21.700000762939453,0.1700000762939453,0.007895962418588809,-0.7983713355816,1.0,0.07999999821186066,0.004999995231628418
2020-12-29,5.2459001541137695,0.005850219388481172,0.011082223227176941,-0.684142395321108,23.079999923706055,1.3799991607666016,0.06359442913584812,-0.4901769934948979,1.0,0.09000000357627869,0.01000000536441803
2020-12-30,5.208600044250488,-0.007135734359019295,0.009796412452187446,-0.8254736042801284,22.770000457763672,-0.3099994659423828,-0.013431519365993294,-0.5366991067279462,1.0,0.07000000029802322,-0.020000003278255463
2020-12-31,5.190838813781738,-0.0034158088682823187,0.009811736488039402,-0.8763288657686046,22.75,-0.020000457763671875,-0.0008783687905835613,-0.5272317261901198,1.0,0.06499999761581421,-0.005000002682209015
2021-01-01,5.1921000480651855,0.0002429436032383734,0.009371106844294512,-0.8415760505798842,22.75,0.0,0.0,-0.5182064404674627,1.0,0.06499999761581421,0.0
2021-01-04,5.19189977645874,-3.8573114378699754e-05,0.00937137860948718,-0.8155461240574648,26.969999313354492,4.219999313354492,0.18549447531228536,0.35464530114453885,1.0,0.06800000369548798,0.003000006079673767
2021-01-05,5.295300006866455,0.019719960208997196,0.009916777804134783,-0.326790537976416,25.34000015258789,-1.6299991607666016,-0.06043749359531836,0.01770702085118111,1.0,0.07800000160932541,0.009999997913837433
2021-01-06,5.28410005569458,-0.002117313891104557,0.009940254179179339,-0.35865375370972247,25.06999969482422,-0.2700004577636719,-0.010655108766291721,-0.03393739958476492,1.0,0.07800000160932541,0.0
2021-01-07,5.312900066375732,0.0054355159492284885,0.009800842907433948,-0.2064148292533178,22.3700008392334,-2.6999988555908203,-0.10769840001825937,-0.5796573563596387,1.0,0.07999999821186066,0.001999996602535248
2021-01-08,5.40880012512207,0.017889441900349037,0.007592879923852777,0.2586624322944144,21.559999465942383,-0.8100013732910156,-0.03620926879315989,-0.725955504906124,1.0,0.07999999821186066,0.0
2021-01-11,5.4121880531311035,0.0006261772148576214,0.007553664032002261,0.2975014871352943,24.079999923706055,2.520000457763672,0.11688314101048247,-0.18655511830053945,1.0,0.07999999821186066,0.0
2021-01-12,5.48769998550415,0.013855764422621148,0.007755611575827738,0.6742348066215922,23.329999923706055,-0.75,-0.03114617950067544,-0.3242231528104724,1.0,0.07999999821186066,0.0
2021-01-13,5.321400165557861,-0.03077276382482964,0.010678755664853249,-0.1072106619726078,22.209999084472656,-1.1200008392333984,-0.048006894251865995,-0.5385498754827006,1.0,0.07999999821186066,0.0
2021-01-14,5.297500133514404,-0.004501421376433445,0.010784367898189264,-0.2016865554206883,23.25,1.0400009155273438,0.046825797316417894,-0.30341570108584914,1.0,0.07500000298023224,-0.004999995231628418
2021-01-15,5.195799827575684,-0.019384462628414936,0.011714017791496825,-0.6802539126828051,24.34000015258789,1.0900001525878906,0.046881726993027506,-0.06182840021617766,1.0,0.07500000298023224,0.0
2021-01-18,5.291299819946289,0.018213354607863358,0.012213412846089705,-0.17766968191644575,24.34000015258789,0.0,0.0,-0.03393954881271536,1.0,0.07500000298023224,0.0
2021-01-19,5.2947998046875,0.0006612416268205078,0.01220883300322099,-0.1346096704655177,23.239999771118164,-1.1000003814697266,-0.04519311317065755,-0.24418035689271136,1.0,0.0729999989271164,-0.0020000040531158447
2021-01-20,5.3566999435424805,0.011622933327828324,0.012349893294673073,0.2254703164595648,21.579999923706055,-1.6599998474121094,-0.07142856556629995,-0.6176036805775255,1.0,0.07500000298023224,0.0020000040531158447
2021-01-21,5.290500164031982,-0.012435312930615089,0.012537967223652462,-0.09499598500424039,21.31999969482422,-0.26000022888183594,-0.012048203419881442,-0.6863189321712162,1.0,0.0729999989271164,-0.0020000040531158447
2021-01-22,5.3495001792907715,0.011090341744865125,0.012748128043924487,0.2977321853571563,21.90999984741211,0.5900001525878906,0.02767355351938039,-0.5217449088456813,1.0,0.07000000029802322,-0.00299999862909317
2021-01-25,5.4654998779296875,0.021452454305101537,0.013515049750318295,1.083255681874211,23.190000534057617,1.2800006866455078,0.05842084416064908,-0.02242316764777776,1.0,0.07000000029802322,0.0
2021-01-26,5.4654998779296875,0.0,0.013498444399918649,1.184409026969755,23.020000457763672,-0.1700000762939453,-0.007330749132337333,-0.008492547017126963,1.0,0.06800000369548798,-0.001999996602535248
2021-01-27,5.353799819946289,-0.020649030896039804,0.014297039921247,0.516914834202757,37.209999084472656,14.189998626708984,0.6164204319953999,5.805728970940111,1.0,0.05999999865889549,-0.008000005036592484
2021-01-28,5.412600040435791,0.01092302085817756,0.014403290828304403,1.050120177619916,30.209999084472656,-7.0,-0.1881214773509905,2.7763612589878255,1.0,0.054999999701976776,-0.004999998956918716
2021-01-29,5.437989234924316,0.004679790227129259,0.014407485001196088,1.2863953511521729,33.09000015258789,2.8800010681152344,0.0953327095463401,3.4559084924998156,1.0,0.04800000041723251,-0.006999999284744263
2021-02-01,5.4608001708984375,0.00418596385948157,0.014402152474875331,1.4369302207466237,30.239999771118164,-2.8500003814697266,-0.08612875093162653,2.3186258588265516,1.0,0.04800000041723251,0.0
2021-02-02,5.430500030517578,-0.005564114108183419,0.013914796791772337,1.1822596021385363,25.559999465942383,-4.680000305175781,-0.15476191602506528,0.721745771308964,1.0,0.05000000074505806,0.0020000003278255463
2021-02-03,5.3668999671936035,-0.011780761832318727,0.014203052164126291,0.6890195938987387,22.90999984741211,-2.6499996185302734,-0.1036776085250426,-0.1735266597912997,1.0,0.03999999910593033,-0.010000001639127731
2021-02-04,5.3520002365112305,-0.002780087508184705,0.014180026909150703,0.5776653270569335,21.770000457763672,-1.1399993896484375,-0.049759903851645415,-0.5403045241247351,1.0,0.029999999329447746,-0.009999999776482582
2021-02-05,5.4257001876831055,0.01367659093502924,0.013935204920517127,1.176723406938656,20.8700008392334,-0.8999996185302734,-0.0413412769685686,-0.8281951709552426,1.0,0.023000000044703484,-0.006999999284744263
2021-02-08,5.369200229644775,-0.010467993550037085,0.01413488139924604,0.7445057515865875,21.239999771118164,0.3699989318847656,0.017728745424351322,-0.6942040289388066,1.0,0.019999999552965164,-0.0030000004917383194
2021-02-09,5.364299774169922,-0.0009131142336800798,0.013731007401061604,0.7160814090991513,21.6299991607666,0.3899993896484375,0.01836155338281853,-0.5557512605837734,1.0,0.032999999821186066,0.013000000268220901
2021-02-10,5.376699924468994,0.002308938861550219,0.011834734600876733,0.8074665004452092,21.989999771118164,0.3600006103515625,0.016643579487721327,-0.42413403966578156,1.0,0.03500000014901161,0.0020000003278255463
2021-02-11,5.384900093078613,0.0015239685889290116,0.011776812834570058,0.8690062572044326,21.25,-0.7399997711181641,-0.033651649787194926,-0.6591625534340468,1.0,0.03500000014901161,0.0
2021-02-12,5.3653998374938965,-0.003627857287353841,0.010844304464380776,0.6994690428381259,19.969999313354492,-1.2800006866455078,-0.06023532643037688,-1.0555314091166568,0.0,0.03500000014901161,0.0
2021-02-15,5.368599891662598,0.0005962463842464035,0.010115328838115499,0.72740388287042,19.969999313354492,0.0,0.0,-1.0313715669532253,0.0,0.03500000014901161,0.0
2021-02-16,5.368000030517578,-0.0001117413613232162,0.010117062495388535,0.7399361580995988,21.459999084472656,1.489999771118164,0.07461190898097625,-0.5419717252258066,1.0,0.03500000014901161,0.0
2021-02-17,5.3694000244140625,0.00026076962714545747,0.009784157761247107,0.7521002156236928,21.5,0.04000091552734375,0.0018639756399749796,-0.5306582779659125,1.0,0.03500000014901161,0.0
2021-02-18,5.409800052642822,0.0074959583477175185,0.009447458182407593,1.0621103983099518,22.489999771118164,0.9899997711181641,0.04604650098224017,-0.21361434193160914,1.0,0.023000000044703484,-0.012000000104308128
2021-02-19,5.42579984664917,0.0029531923997493372,0.009166285966046406,1.1680162961353109,22.049999237060547,-0.4400005340576172,-0.019564274723678277,-0.36622823118246145,1.0,0.023000000044703484,0.0
2021-02-22,5.38070011138916,-0.008346827793388252,0.007959302296549267,0.7974003527199076,23.450000762939453,1.4000015258789062,0.0634921348897759,0.08027991226191211,1.0,0.02500000037252903,0.0020000003278255463
2021-02-23,5.463399887084961,0.015252787972478173,0.008731447855181254,1.419442646507321,23.110000610351562,-0.3400001525878906,-0.014498939937146127,-0.045792431466054266,1.0,0.023000000044703484,-0.0020000003278255463
2021-02-24,5.439599990844727,-0.004365758838587253,0.007357671771792697,1.1900543023244392,21.34000015258789,-1.7700004577636719,-0.07659023846891821,-0.6380559975604893,1.0,0.02800000086426735,0.005000000819563866
2021-02-25,5.402964115142822,-0.006757813883829578,0.007135556338508996,0.8758565397509377,28.889999389648438,7.549999237060547,0.3537956505658677,1.796491137945966,1.0,0.032999999821186066,0.004999998956918716
2021-02-26,5.528025150299072,0.02288292288920835,0.008753377368037375,1.769439929640982,27.950000762939453,-0.9399986267089844,-0.03253716325953937,1.4341541487445209,1.0,0.03500000014901161,0.0020000003278255463
2021-03-01,5.597599983215332,0.012507295376035527,0.009112148990167133,2.17416643959951,23.350000381469727,-4.600000381469727,-0.1645796155959014,-0.0583181696434523,1.0,0.02800000086426735,-0.006999999284744263
2021-03-02,5.640699863433838,0.0076702156218480845,0.009072701155508072,2.355275753075929,24.100000381469727,0.75,0.03211991382215107,0.1669797186836203,1.0,0.03500000014901161,0.006999999284744263
2021-03-03,5.675099849700928,0.006080010800787733,0.008517364024034699,2.443189077846538,26.670000076293945,2.5699996948242188,0.10663898979853403,0.9736684236816453,1.0,0.03500000014901161,0.0
2021-03-04,5.617499828338623,-0.010201463354614422,0.00892480485938847,1.9452329866650855,28.56999969482422,1.8999996185302734,0.0712410803560184,1.5260358284527185,1.0,0.02800000086426735,-0.006999999284744263
2021-03-05,5.668300151824951,0.009002581416305722,0.008672174333220824,2.2041646698067674,24.65999984741211,-3.9099998474121094,-0.1368568389631607,0.2778733326698604,1.0,0.02800000086426735,0.0
2021-03-08,5.689499855041504,0.0037330694013475115,0.008146940702083508,2.243551896452604,25.469999313354492,0.8099994659423828,0.03284669387487393,0.5299620674096244,1.0,0.03500000014901161,0.006999999284744263
2021-03-09,5.874599933624268,0.03201561597050013,0.010362459681070914,3.1494943900401533,24.030000686645508,-1.4399986267089844,-0.05653705007969756,0.06797346368196777,1.0,0.03500000014901161,0.0
2021-03-10,5.801499843597412,-0.012521483460705835,0.011039301319478093,2.5425525952557413,22.559999465942383,-1.470001220703125,-0.06117358213477153,-0.3982266241162836,1.0,0.029999999329447746,-0.005000000819563866
2021-03-11,5.67110013961792,-0.022733350776529323,0.012534113308177117,1.707470085197034,21.90999984741211,-0.6499996185302734,-0.028812040510530323,-0.6040883847166035,1.0,0.02800000086426735,-0.001999998465180397
2021-03-12,5.534800052642822,-0.024327685745607817,0.013859102060981537,0.8688223272658899,20.690000534057617,-1.2199993133544922,-0.05568230588091916,-0.9821402465335627,1.0,0.02500000037252903,-0.0030000004917383194
2021-03-15,5.4951558113098145,-0.007188498764321325,0.013996065055369876,0.5998537961976013,20.030000686645508,-0.6599998474121094,-0.0318994601438356,-1.1519249218059162,1.0,0.014999999664723873,-0.010000000707805157
2021-03-16,5.614500045776367,0.021485602623683632,0.014707466603013957,1.3171164156289155,19.790000915527344,-0.23999977111816406,-0.011982015121855594,-1.1893017975200664,0.0,0.00800000037997961,-0.006999999284744263
2021-03-17,5.6234002113342285,0.0015839555815674493,0.014701046419338766,1.333860920308888,19.229999542236328,-0.5600013732910156,-0.028297187841544558,-1.32100183003171,0.0,0.00800000037997961,0.0
2021-03-18,5.583099842071533,-0.007192351367222547,0.014794980658808516,1.0404910938133372,21.579999923706055,2.3500003814697266,0.12220491094179375,-0.6067208585827412,1.0,0.003000000026077032,-0.005000000353902578
2021-03-19,5.558700084686279,-0.0043798661887928065,0.014849833258658341,0.8536185617524479,20.950000762939453,-0.6299991607666016,-0.029193659082201173,-0.7937126238513657,1.0,0.004999999888241291,0.001999999862164259
2021-03-22,5.493563175201416,-0.011787208125418388,0.014985669822347985,0.4043106504360459,18.8799991607666,-2.0700016021728516,-0.09880675545533557,-1.3879707695872685,0.0,0.004999999888241291,0.0
2021-03-23,5.505499839782715,0.0021704883863638406,0.014613438018637157,0.460051815224017,20.299999237060547,1.4200000762939453,0.07521187179100952,-0.9420232425063,1.0,0.009999999776482582,0.004999999888241291
2021-03-24,5.520400047302246,0.002702766530180157,0.014577956938714876,0.5347598198450497,21.200000762939453,0.9000015258789062,0.04433505220216083,-0.6646594224210259,1.0,0.014999999664723873,0.004999999888241291
2021-03-25,5.61959981918335,0.017810124818913017,0.014943662830684446,1.179805328625371,19.809999465942383,-1.3900012969970703,-0.06556609655538248,-1.0517763454970943,0.0,0.014999999664723873,0.0
2021-03-26,5.648399829864502,0.005111834272664452,0.014141248453830245,1.3430458953312936,18.860000610351562,-0.9499988555908203,-0.04795552151447913,-1.2927241377442737,0.0,0.014999999664723873,0.0
2021-03-29,5.752399921417236,0.018244856277269822,0.014440367317307358,1.9968871111077822,20.739999771118164,1.8799991607666016,0.09968181865989645,-0.7229127401960687,1.0,0.00800000037997961,-0.006999999284744263
2021-03-30,5.780799865722656,0.00492491281385723,0.01439022813786537,2.0827590330697707,19.610000610351562,-1.1299991607666016,-0.054484048854243516,-1.017629039809768,0.0,0.013000000268220901,0.004999999888241291
2021-03-31,5.771599769592285,-0.0015927596630592783,0.014356267180621449,1.9289451891751555,19.399999618530273,-0.21000099182128906,-0.01070887227359063,-1.043901768231189,0.0,0.013000000268220901,0.0
2021-04-01,5.63129997253418,-0.02460898203896948,0.015271907081896258,0.9607001550219371,17.329999923706055,-2.0699996948242188,-0.10670101729522818,-1.5792066259547521,0.0,0.00800000037997961,-0.004999999888241291
2021-04-02,5.707399845123291,0.01342323484519159,0.015438275680788458,1.4149970006903219,17.329999923706055,0.0,0.0,-1.5296617570542543,0.0,0.00800000037997961,0.0
2021-04-05,5.710599899291992,0.0005605279951160926,0.015417902768475855,1.3833322640662806,17.90999984741211,0.5799999237060547,0.033467970355421706,-1.3224448127272719,0.0,0.014999999664723873,0.006999999284744263
2021-04-06,5.662700176239014,-0.008423237924857135,0.013564036046824698,1.043301848658113,18.1200008392334,0.21000099182128906,0.011725348610297948,-1.2258962385127248,0.0,0.014999999664723873,0.0
2021-04-07,5.593200206756592,-0.012349230246236177,0.013556947468229717,0.5718555554330117,17.15999984741211,-0.9600009918212891,-0.05298018473281174,-1.434703640563933,0.0,0.009999999776482582,-0.004999999888241291
2021-04-08,5.612100124359131,0.0033733920496747,0.012665703921976192,0.6685228546724888,16.950000762939453,-0.20999908447265625,-0.012237708994171426,-1.436457818685691,0.0,0.004999999888241291,-0.004999999888241291
2021-04-09,5.5665998458862305,-0.008140576250397555,0.011530831217641343,0.34140786557945063,16.690000534057617,-0.26000022888183594,-0.015339245851263672,-1.4467604181458973,0.0,0.003000000026077032,-0.001999999862164259
2021-04-12,5.679299831390381,0.0200435290638438,0.012190655370954888,1.0773896659221742,16.90999984741211,0.2199993133544922,0.01318150427290643,-1.340946755685212,0.0,0.009999999776482582,0.00699999975040555
2021-04-13,5.7322001457214355,0.00927147060069873,0.011426557942909178,1.3983013467726086,16.649999618530273,-0.26000022888183594,-0.015375531119335095,-1.3572849018589577,0.0,0.014999999664723873,0.004999999888241291
2021-04-14,5.716300010681152,-0.0027776818004470595,0.011457157602538714,1.2455077668362629,16.989999771118164,0.3400001525878906,0.020420430052712657,-1.2379094767142655,0.0,0.014999999664723873,0.0
2021-04-15,5.652900218963623,-0.011153018264478645,0.011635761458660295,0.7807184705358068,16.56999969482422,-0.4200000762939453,-0.024720428602236777,-1.301945182864977,0.0,0.009999999776482582,-0.004999999888241291
2021-04-16,5.614999771118164,-0.006727179121323935,0.011700518665956049,0.4887359040278431,16.25,-0.31999969482421875,-0.019311991594313294,-1.3351800173739239,0.0,0.00800000037997961,-0.0019999993965029716
2021-04-19,5.5858001708984375,-0.0052138537458649315,0.011426197984429416,0.2658684852361057,17.290000915527344,1.0400009155273438,0.06400005634014416,-1.0564202236338442,0.0,0.014999999664723873,0.006999999284744263
2021-04-20,5.545300006866455,-0.007276970309584051,0.01156244638932808,-0.034514455103149023,18.68000030517578,1.3899993896484375,0.08039325136184017,-0.7109075765854418,0.0,0.014999999664723873,0.0
2021-04-21,5.56790018081665,0.004067272203176792,0.011581007480108199,0.10432868469763118,17.5,-1.1800003051757812,-0.06316918018726325,-1.0245621634776412,0.0,0.013000000268220901,-0.0019999993965029716
2021-04-22,5.56790018081665,0.0,0.010834820807771083,0.08615489125643704,18.709999084472656,1.2099990844726562,0.06914280482700885,-0.6856960180751763,0.0,0.014999999664723873,0.0019999993965029716
2021-04-23,5.44320011138916,-0.022650851892246086,0.01181703910709767,-0.8371278511891213,17.329999923706055,-1.3799991607666016,-0.07375730776554967,-1.0882621628244316,0.0,0.014999999664723873,0.0
2021-04-26,5.477200031280518,0.006226883503666954,0.01102010335949492,-0.5883597705322421,17.639999389648438,0.3099994659423828,0.017888024657076285,-0.9932810407293575,0.0,0.00800000037997961,-0.006999999284744263
2021-04-27,5.435299873352051,-0.007679333646068885,0.010936166422104116,-0.8998936769339239,17.559999465942383,-0.07999992370605469,-0.004535143224154603,-0.9886363359666188,0.0,0.009999999776482582,0.0019999993965029716
2021-04-28,5.451000213623047,0.0028844237309271744,0.011013789070128592,-0.80329016556102,17.280000686645508,-0.279998779296875,-0.015945261264952326,-1.044452597801072,0.0,0.00800000037997961,-0.0019999993965029716
2021-04-29,5.341400146484375,-0.02031129895190116,0.010601271385533882,-1.6206132638899418,17.610000610351562,0.3299999237060547,0.019097217048208215,-0.9098092370058759,0.0,0.00800000037997961,0.0
2021-04-30,5.336400032043457,-0.0009365439927309859,0.009920316327909523,-1.6228407398924198,18.610000610351562,1.0,0.05678591512439679,-0.5739065607064349,0.0,0.003000000026077032,-0.005000000353902578
2021-05-03,5.439700126647949,0.01917266124332004,0.01110925030093449,-0.8783560858784498,18.309999465942383,-0.3000011444091797,-0.016120426360561657,-0.6526301520141058,0.0,0.004999999888241291,0.001999999862164259
2021-05-04,5.4380998611450195,-0.00029422594941438685,0.011026838330491258,-0.9094090894160598,19.479999542236328,1.1700000762939453,0.06389951449590203,-0.26652114116381376,0.0,0.009999999776482582,0.004999999888241291
2021-05-05,5.442599773406982,0.0008271366124705012,0.010768028189815005,-0.8922942996166283,19.149999618530273,-0.3299999237060547,-0.016940448226939298,-0.35766113375371306,0.0,0.00800000037997961,-0.0019999993965029716
2021-05-06,5.352700233459473,-0.016655696117738785,0.011225824283739728,-1.5625116010966995,18.389999389648438,-0.7600002288818359,-0.03968669681572368,-0.5851701368777857,0.0,0.00800000037997961,0.0
2021-05-07,5.273430824279785,-0.01491998907808722,0.011508165894749659,-2.105762856326673,16.690000534057617,-1.6999988555908203,-0.09244148515566208,-1.1007754564269459,0.0,0.00800000037997961,0.0
2021-05-10,5.235499858856201,-0.007218837251371427,0.010213582753579826,-2.2988649514372854,19.65999984741211,2.969999313354492,0.1779508219483823,-0.1573534735095821,0.0,0.004999999888241291,-0.0030000004917383194
2021-05-11,5.2221999168396,-0.002543570665151523,0.009731728290832372,-2.3020664626246314,21.84000015258789,2.1800003051757812,0.11088506216152072,0.5312555925054212,1.0,0.009999999776482582,0.004999999888241291
2021-05-12,5.221199989318848,-0.00019149463446627496,0.009775127343370927,-2.2235522205825986,27.59000015258789,5.75,0.26327838643896095,2.2227311824575513,1.0,0.009999999776482582,0.0
2021-05-13,5.303100109100342,0.015564317313976627,0.010612110416382235,-1.6331386298134334,23.1299991607666,-4.460000991821289,-0.1616528077982975,0.8640965085718229,1.0,0.00800000037997961,-0.0019999993965029716
2021-05-14,5.307700157165527,0.0008670502201410452,0.010614894839789207,-1.5646618045642724,18.809999465942383,-4.319999694824219,-0.18677042159827906,-0.42737104879394805,0.0,0.004999999888241291,-0.0030000004917383194
2021-05-17,5.269499778747559,-0.007223186616403447,0.01064825912980858,-1.7710621871415286,19.719999313354492,0.9099998474121094,0.048378515324243754,-0.13397029431951904,0.0,0.004999999888241291,0.0
2021-05-18,5.271500110626221,0.0003795336161021386,0.010620767047945396,-1.6979747492616433,21.34000015258789,1.6200008392333984,0.08215014683780053,0.3719644307768339,1.0,0.009999999776482582,0.004999999888241291
2021-05-19,5.259500026702881,-0.002279002746319008,0.010507430232442641,-1.7155083939908253,22.18000030517578,0.8400001525878906,0.0393627060253805,0.6243485270833926,1.0,0.004999999888241291,-0.004999999888241291
2021-05-20,5.308000087738037,0.009179162725089871,0.010833827668064107,-1.3927001968875992,20.670000076293945,-1.510000228881836,-0.06807936014903804,0.21730935715102082,1.0,0.003000000026077032,-0.001999999862164259
2021-05-21,5.281300067901611,-0.005042840608217297,0.009763258187113343,-1.4999421312112708,20.149999618530273,-0.5200004577636719,-0.02515725475782904,0.09536351643319407,1.0,0.003000000026077032,0.0
2021-05-24,5.361800193786621,0.015127483353959317,0.010321372480126852,-0.9900883481965502,18.399999618530273,-1.75,-0.08684863687990696,-0.49057013451963505,0.0,0.003000000026077032,0.0
2021-05-25,5.31850004196167,-0.008108459145760449,0.010336282071075549,-1.2035191563077816,18.84000015258789,0.4400005340576172,0.023913072998898333,-0.3107942942625126,0.0,0.009999999776482582,0.00699999975040555
2021-05-26,5.330699920654297,0.002291230152994018,0.010325133970477985,-1.0944487105134202,17.360000610351562,-1.4799995422363281,-0.07855623833596592,-0.8274140395141777,0.0,0.004999999888241291,-0.004999999888241291
2021-05-27,5.310500144958496,-0.0037965266762947014,0.009320725664071751,-1.17180588806519,16.739999771118164,-0.6200008392333984,-0.035714332801561,-1.0922062297069721,0.0,0.004999999888241291,0.0
2021-05-28,5.2382001876831055,-0.013708056377348633,0.009792883979129278,-1.5277152481044776,16.760000228881836,0.020000457763671875,0.0011947704920629576,-1.064845948641655,0.0,0.00800000037997961,0.0030000004917383194
2021-05-31,5.23799991607666,-3.823363518950426e-05,0.008585138820261646,-1.4718967865232215,16.760000228881836,0.0,0.0,-1.0613250028599228,0.0,0.00800000037997961,0.0
2021-06-01,5.216599941253662,-0.004093892641245348,0.008590025852194892,-1.5604465361929347,17.899999618530273,1.1399993896484375,0.06801905573270361,-0.5145330886559821,0.0,0.009999999776482582,0.0019999993965029716
2021-06-02,5.149700164794922,-0.012907344869655573,0.008889238449260794,-1.8789073954776887,17.479999542236328,-0.4200000762939453,-0.023463691913108042,-0.6900618481741243,0.0,0.014999999664723873,0.004999999888241291
2021-06-03,5.07450008392334,-0.014710478107615561,0.008738631800255832,-2.1831066270054458,18.040000915527344,0.5600013732910156,0.03203669267484277,-0.3913583194504772,0.0,0.014999999664723873,0.0
2021-06-04,5.076300144195557,0.00035466372121069036,0.008266258626885369,-2.0541534855686794,16.420000076293945,-1.6200008392333984,-0.089800485422317,-1.1581546702841488,0.0,0.014999999664723873,0.0
2021-06-07,5.044600009918213,-0.006264311960051927,0.008236665893351295,-2.100037723137618,16.420000076293945,0.0,0.0,-1.1199140090728297,0.0,0.017999999225139618,0.0029999995604157448
2021-06-08,5.045199871063232,0.0001189044684338756,0.008246498682628937,-1.9890796593816842,17.06999969482422,0.6499996185302734,0.039585847473210256,-0.7754063278050028,0.0,0.019999999552965164,0.0020000003278255463
2021-06-09,5.034900188446045,-0.0020435682465090987,0.008238778134066097,-1.9397557927687281,17.889999389648438,0.8199996948242188,0.048037475658119,-0.3615608238480511,0.0,0.019999999552965164,0.0
2021-06-10,5.061500072479248,0.0052691939483191395,0.007371648914557198,-1.7293857655903788,16.100000381469727,-1.789999008178711,-0.10005584512285925,-1.2024612501559147,0.0,0.019999999552965164,0.0
2021-06-11,5.054500102996826,-0.0013839403871580976,0.007337348731352445,-1.6860223889712742,15.649999618530273,-0.4500007629394531,-0.02795035728430051,-1.3753074353616113,0.0,0.017999999225139618,-0.0020000003278255463
2021-06-14,5.117000102996826,0.012289393962087888,0.00794087238590982,-1.3445694135424235,16.389999389648438,0.7399997711181641,0.047284331575444316,-0.983109961707992,0.0,0.014999999664723873,-0.0029999995604157448
2021-06-15,5.058599948883057,-0.011478594881726846,0.008232960370627096,-1.5489938142053392,17.020000457763672,0.6300010681152344,0.0384381385952417,-0.651554081118728,0.0,0.019999999552965164,0.004999999888241291
2021-06-16,5.043799877166748,-0.0029300131769352286,0.008235153215278748,-1.550761460678269,18.149999618530273,1.1299991607666016,0.06639242834163106,-0.07462430903209673,0.0,0.02800000086426735,0.008000001311302185
2021-06-17,5.054299831390381,0.0020795908756632885,0.007868506063447129,-1.4483343933827189,17.75,-0.39999961853027344,-0.022038546938694892,-0.2578566064799155,0.0,0.02800000086426735,0.0
2021-06-18,5.007400035858154,-0.00932250729378526,0.007999860127627939,-1.5905981996362537,20.700000762939453,2.950000762939453,0.166197226081096,1.1885903842528973,1.0,0.02800000086426735,0.0
2021-06-21,5.0960001945495605,0.01753913097224457,0.008294863285542948,-1.1718661354766162,17.889999389648438,-2.8100013732910156,-0.13574885360979994,-0.17957000153262798,0.0,0.029999999329447746,0.001999998465180397
2021-06-22,5.0131001472473145,-0.01640144085701599,0.00878080193681692,-1.4958075138731521,16.65999984741211,-1.2299995422363281,-0.06875347032979973,-0.7699055545540532,0.0,0.03799999877810478,0.007999999448657036
2021-06-23,4.957099914550781,-0.01123364050051837,0.008875644524967212,-1.6944103005756344,16.31999969482422,-0.3400001525878906,-0.020408172611160347,-0.910544822893273,0.0,0.03999999910593033,0.0020000003278255463
2021-06-24,4.965199947357178,0.001632692968056343,0.008953070971763602,-1.5969743276065569,15.970000267028809,-0.34999942779541016,-0.021446043770847023,-1.0645648576506257,0.0,0.0430000014603138,0.0030000023543834686
2021-06-25,4.912700176239014,-0.010629843348290787,0.008790834604570186,-1.7674029152634176,15.619999885559082,-0.35000038146972656,-0.021916116193956947,-1.2094381942781938,0.0,0.0430000014603138,0.0
2021-06-28,4.91540002822876,0.0005494148414223015,0.008802959521047525,-1.7003193773163339,15.760000228881836,0.1400003433227539,0.008962890163154658,-1.1116338952465168,0.0,0.03999999910593033,-0.0030000023543834686
2021-06-29,4.924799919128418,0.0019105086907000015,0.008872207365109788,-1.6045840945532768,16.020000457763672,0.26000022888183594,0.01649747621230091,-0.9613830923556469,0.0,0.03999999910593033,0.0
2021-06-30,4.955100059509277,0.006133712981589637,0.008760270644811106,-1.4207764846235107,15.829999923706055,-0.1900005340576172,-0.011860207779553322,-1.033708823489093,0.0,0.03999999910593033,0.0
2021-07-01,4.969200134277344,0.00284152715658838,0.00827802820919463,-1.3165338418270935,15.479999542236328,-0.35000038146972656,-0.02210994208190664,-1.176760760526199,0.0,0.03999999910593033,0.0
2021-07-02,5.045102119445801,0.015159006935139887,0.009037186216534628,-0.947289480664476,15.069999694824219,-0.4099998474121094,-0.026485779039815083,-1.340169091773256,0.0,0.03799999877810478,-0.0020000003278255463
2021-07-05,5.059199810028076,0.002790435168771879,0.008949482538221606,-0.8594099972026692,15.069999694824219,0.0,0.0,-1.3088419178775514,0.0,0.03799999877810478,0.0
2021-07-06,5.088459014892578,0.005766706676606812,0.009037306322614085,-0.7034247683168101,16.440000534057617,1.3700008392333984,0.09090914843906228,-0.6777787643446479,0.0,0.03999999910593033,0.0020000003278255463
2021-07-07,5.195300102233887,0.020779353236626868,0.010088713315530103,-0.1561875454250454,16.200000762939453,-0.23999977111816406,-0.014598525749495717,-0.7788948233942209,0.0,0.0430000014603138,0.0030000023543834686
2021-07-08,5.231200218200684,0.006886348579876107,0.01012634842264654,0.06256983541623264,19.0,2.799999237060547,0.17283945093793274,0.482186263837476,0.0,0.0430000014603138,0.0
2021-07-09,5.257999897003174,0.005109967742765722,0.010128095743342865,0.24361310505298722,16.18000030517578,-2.8199996948242188,-0.14842103656969574,-0.8066257643618469,0.0,0.0430000014603138,0.0
2021-07-12,5.257900238037109,-1.8953958251394622e-05,0.009838077829780661,0.28293395480879363,16.170000076293945,-0.010000228881835938,-0.000618061105884915,-0.7988537767728703,0.0,0.0430000014603138,0.0
2021-07-13,5.172699928283691,-0.016336970712947423,0.010224127848824312,-0.16909783770345296,17.1200008392334,0.9500007629394531,0.058750819941689736,-0.3547764957768647,0.0,0.04500000178813934,0.0020000003278255463
2021-07-14,5.162399768829346,-0.001993239188091468,0.01020675134195174,-0.19766951441749006,16.329999923706055,-0.7900009155273438,-0.04614491102809537,-0.7025018593289465,0.0,0.04500000178813934,0.0
2021-07-15,5.069900035858154,-0.01808044224435546,0.011070324439381603,-0.7400407343946731,17.010000228881836,0.6800003051757812,0.041641170137951544,-0.3815210474967701,0.0,0.03799999877810478,-0.007000003010034561
2021-07-16,5.110000133514404,0.007878329728226396,0.010962986001646125,-0.46033390290154536,18.450000762939453,1.4400005340576172,0.08465611491366087,0.26247449711588744,0.0,0.03799999877810478,0.0
2021-07-19,5.1153998374938965,0.0010561356028544653,0.010251818421292563,-0.39860291667595266,22.5,4.049999237060547,0.21951214469301195,1.9893424084498577,1.0,0.03999999910593033,0.0020000003278255463
2021-07-20,5.250899791717529,0.026143884870179282,0.011013676885909051,0.5409123831721857,19.729999542236328,-2.770000457763672,-0.12311113145616315,0.7583911238419357,0.0,0.04500000178813934,0.005000002682209015
2021-07-21,5.219900131225586,-0.005921181054302249,0.010730072174227336,0.3662446022486868,17.90999984741211,-1.8199996948242188,-0.09224529838067741,-0.03848390240728307,0.0,0.04500000178813934,0.0
2021-07-22,5.187300205230713,-0.006264899601619844,0.010910680707026669,0.15595063738273837,17.690000534057617,-0.2199993133544922,-0.012283602190330645,-0.13492315175497044,0.0,0.0430000014603138,-0.0020000003278255463
2021-07-23,5.1996002197265625,0.002368371649296859,0.010485840376751446,0.26362178348905346,17.200000762939453,-0.48999977111816406,-0.027699251346815612,-0.33805240205228987,0.0,0.04500000178813934,0.0020000003278255463
2021-07-26,5.19789981842041,-0.0003270788776288168,0.010497733179218503,0.29055023214893716,17.579999923706055,0.37999916076660156,0.02209297348319761,-0.16723809618889518,0.0,0.03999999910593033,-0.005000002682209015
2021-07-27,5.1753997802734375,-0.0043380745380716575,0.010617711813018228,0.16061272774957852,19.360000610351562,1.7800006866455078,0.10125146156828113,0.6091938335995237,0.0,0.04500000178813934,0.005000002682209015
2021-07-28,5.169099807739258,-0.001218033460095021,0.010611879935739055,0.15382933284373526,18.309999465942383,-1.0500011444091797,-0.05423559459227267,0.15807671316324762,0.0,0.04500000178813934,0.0
2021-07-29,5.114799976348877,-0.010560261603469484,0.01098026155799688,-0.26362299518117627,17.700000762939453,-0.6099987030029297,-0.0333150584814359,-0.1032973889387477,0.0,0.03999999910593033,-0.005000002682209015
2021-07-30,5.080399990081787,-0.0067482966350429436,0.010627103486164795,-0.5284221132636048,18.239999771118164,0.5399990081787109,0.03050841722613762,0.12157375466310459,0.0,0.03999999910593033,0.0
2021-08-02,5.208700180053711,0.024940342348493145,0.011964929740899284,0.5581837620805656,19.459999084472656,1.2199993133544922,0.0668859281065497,0.6578831308262763,0.0,0.03799999877810478,-0.0020000003278255463
2021-08-03,5.174600124359131,-0.006568273533608687,0.012048657917827365,0.27762822718230107,18.040000915527344,-1.4199981689453125,-0.07297010461209863,0.06489798238956142,0.0,0.04500000178813934,0.007000003010034561
2021-08-04,5.196800231933594,0.004281030664583464,0.011142296715681614,0.4702277437412879,17.969999313354492,-0.07000160217285156,-0.003880354690702914,0.12864793526485147,0.0,0.04500000178813934,0.0
2021-08-05,5.1682000160217285,-0.00551862765329571,0.011084750471713273,0.25034041809927166,17.280000686645508,-0.6899986267089844,-0.03839725392733928,-0.21278821602713507,0.0,0.0430000014603138,-0.0020000003278255463
2021-08-06,5.245200157165527,0.014788934116868834,0.01154899436791151,0.9341915294939932,16.149999618530273,-1.1300010681152344,-0.06539357773223542,-0.8565390440164423,0.0,0.0430000014603138,0.0
2021-08-09,5.23199987411499,-0.0025198125445112284,0.011561353484165876,0.8289883721135151,16.719999313354492,0.5699996948242188,0.035294099584386895,-0.49444708644461743,0.0,0.04500000178813934,0.0020000003278255463
2021-08-10,5.231800079345703,-3.818780370416487e-05,0.01092439069112544,0.8380259612324373,16.790000915527344,0.07000160217285156,0.004186698866484928,-0.4257618802988323,0.0,0.05000000074505806,0.004999998956918716
2021-08-11,5.188300132751465,-0.00834928616981708,0.011093958530132973,0.46836984188205594,16.170000076293945,-0.6200008392333984,-0.03692679007897037,-0.811919895559945,0.0,0.04500000178813934,-0.004999998956918716
2021-08-12,5.218200206756592,0.0057464383430564205,0.010270681867648929,0.7596797391431694,15.59000015258789,-0.5799999237060547,-0.0358688881242718,-1.1861706642026544,0.0,0.0430000014603138,-0.0020000003278255463
2021-08-13,5.252200126647949,0.006494506096119177,0.0102296158310193,1.0772872844372523,15.449999809265137,-0.1400003433227539,-0.0089801373927193,-1.2570374343461883,0.0,0.04500000178813934,0.0020000003278255463
2021-08-16,5.247499942779541,-0.000895298751637805,0.010242089934884516,1.0820805160457663,16.1200008392334,0.6700010299682617,0.04336576299285588,-0.7508902486942373,0.0,0.057999998331069946,0.012999996542930603
2021-08-17,5.259699821472168,0.0023221951516608124,0.00842102692293195,1.222269560483718,17.90999984741211,1.789999008178711,0.1110421163144204,0.5500582407865509,0.0,0.06300000101327896,0.005000002682209015
2021-08-18,5.294300079345703,0.006556828152318261,0.008414953227640283,1.5721102786458574,21.56999969482422,3.6599998474121094,0.20435510209906327,2.9127007784253456,1.0,0.054999999701976776,-0.008000001311302185
2021-08-19,5.378600120544434,0.015797354561031363,0.008885718792554507,2.316996750730815,21.670000076293945,0.10000038146972656,0.004636086364605774,2.732427386830928,1.0,0.0430000014603138,-0.011999998241662979
2021-08-20,5.414100170135498,0.006578553404411417,0.008949268695982563,2.498759863868208,18.559999465942383,-3.1100006103515625,-0.1435164097555205,0.7644684518554832,0.0,0.0430000014603138,0.0
2021-08-23,5.379000186920166,-0.006504175036656031,0.00913915567116161,2.0963136752813103,17.149999618530273,-1.4099998474121094,-0.07596982155088206,-0.11842203306666625,0.0,0.03999999910593033,-0.0030000023543834686
2021-08-24,5.379899978637695,0.0001672646284994145,0.009037126708200586,2.014774925027993,17.219999313354492,0.06999969482421875,0.004081614949343004,-0.06775354691675298,0.0,0.04800000041723251,0.008000001311302185
2021-08-25,5.245800018310547,-0.02524202274630983,0.010886115395848557,0.8724657894764775,16.790000915527344,-0.42999839782714844,-0.024970871949668183,-0.3288045367047316,0.0,0.04500000178813934,-0.00299999862909317
2021-08-26,5.210999965667725,-0.006655990584624878,0.010706399704272918,0.5639030976775862,18.84000015258789,2.049999237060547,0.12209643390577263,0.9364076325538444,0.0,0.0430000014603138,-0.0020000003278255463
2021-08-27,5.2515997886657715,0.007760982497288866,0.010650041883453148,0.8739350832738291,16.389999389648438,-2.450000762939453,-0.13004250228750225,-0.5828494675388513,0.0,0.0430000014603138,0.0
2021-08-30,5.2027997970581055,-0.009335848634778925,0.009389354892395875,0.4496321586760251,16.190000534057617,-0.1999988555908203,-0.012202493168921968,-0.7034259245904754,0.0,0.03799999877810478,-0.005000002682209015
2021-08-31,5.1828999519348145,-0.003832167298787837,0.009309075412924238,0.2664351787006257,16.479999542236328,0.28999900817871094,0.01791222968576589,-0.5166850533826478,0.0,0.03999999910593033,0.0020000003278255463
2021-09-01,5.1493000984191895,-0.006503933681985414,0.009365124123494791,-0.03110137823183271,16.110000610351562,-0.3699989318847656,-0.022451392121492608,-0.7244729942067032,0.0,0.03999999910593033,0.0
2021-09-02,5.184599876403809,0.006831867033781951,0.009420968925563026,0.25072459895217175,16.40999984741211,0.2999992370605469,0.018621925865588196,-0.5440409738941336,0.0,0.03999999910593033,0.0
2021-09-03,5.18179988861084,-0.0005402044923078094,0.008769039908150866,0.21022677324180278,16.40999984741211,0.0,0.0,-0.5553215323832726,0.0,0.03999999910593033,0.0
2021-09-06,5.189799785614014,0.0015426547188389917,0.008769476503653768,0.2682293159854669,16.40999984741211,0.0,0.0,-0.5555942004941704,0.0,0.03999999910593033,0.0
2021-09-07,5.169300079345703,-0.0039578212962676,0.008804577326051697,0.0780129304916002,18.139999389648438,1.7299995422363281,0.1054234953274027,0.5061704118703072,0.0,0.03500000014901161,-0.004999998956918716
2021-09-08,5.169600009918213,5.80198222255744e-05,0.00861380071023302,0.06312672098431608,17.959999084472656,-0.18000030517578125,-0.009922839648963677,0.39692897251612685,0.0,0.03999999910593033,0.004999998956918716
2021-09-09,5.3206000328063965,0.028790767108292595,0.010729715735094273,1.3224989940083685,18.799999237060547,0.8400001525878906,0.04677061221646239,0.9013566786881316,0.0,0.03799999877810478,-0.0020000003278255463
2021-09-10,5.196499824523926,-0.023600796836742894,0.011954800034710432,0.2323123041279477,20.950000762939453,2.1500015258789062,0.11436178793244811,2.2116380536627442,1.0,0.03799999877810478,0.0
2021-09-13,5.247000217437744,0.009671237866756048,0.012169509204882864,0.651382487658283,19.3700008392334,-1.5799999237060547,-0.07541765470963968,1.2135470548629927,0.0,0.03799999877810478,0.0
2021-09-14,5.213200092315674,-0.0064626377624767885,0.012239437767849103,0.3323287328901735,19.459999084472656,0.08999824523925781,0.004646269558077121,1.2255751803820432,0.0,0.03500000014901161,-0.00299999862909317
2021-09-15,5.238900184631348,0.004917699491669329,0.012195501281921442,0.5351088612048773,18.18000030517578,-1.279998779296875,-0.06577589103373593,0.4414851254571591,0.0,0.03500000014901161,0.0
2021-09-16,5.221700191497803,-0.003288531827195173,0.011582296917873078,0.35006405655648903,18.690000534057617,0.5100002288818359,0.0280528173993837,0.7219169683144065,0.0,0.029999999329447746,-0.005000000819563866
2021-09-17,5.256800174713135,0.006699453790200332,0.011586755024441573,0.6648486127064788,20.809999465942383,2.1199989318847656,0.11342958112931156,1.9038749434182167,1.0,0.02800000086426735,-0.001999998465180397
2021-09-20,5.289700031280518,0.006239029563355746,0.011645823691672734,0.9913223426337336,25.709999084472656,4.899999618530273,0.2354637070774368,4.023040360912447,1.0,0.02500000037252903,-0.0030000004917383194
2021-09-21,5.323200225830078,0.006313129305298519,0.011754297758601453,1.3593755332707829,24.360000610351562,-1.3499984741210938,-0.05250869397877245,3.022444243925862,1.0,0.019999999552965164,-0.005000000819563866
2021-09-22,5.268899917602539,-0.010253072230612678,0.010507441247975166,0.7329563090510697,20.8700008392334,-3.489999771118164,-0.14326763890289562,1.3445866909617228,1.0,0.02500000037252903,0.005000000819563866
2021-09-23,5.287700176239014,0.003561805570936473,0.010403427212978808,0.9625996162314456,18.6299991607666,-2.240001678466797,-0.10733117337761822,0.28664285725540184,0.0,0.02500000037252903,0.0
2021-09-24,5.3018999099731445,0.002681827855469181,0.010284084772823191,1.1280157769136836,17.75,-0.8799991607666016,-0.04723559851896364,-0.1483972678477518,0.0,0.02500000037252903,0.0
2021-09-27,5.336999893188477,0.0065984474367942175,0.010099459623840363,1.568725429270068,18.760000228881836,1.010000228881836,0.056901421345455505,0.307914447195579,0.0,0.02500000037252903,0.0
2021-09-28,5.390399932861328,0.009955903876515135,0.01020267717754005,2.2032193259948465,23.25,4.489999771118164,0.23933900406917985,2.3228896848693372,1.0,0.029999999329447746,0.004999998956918716
2021-09-29,5.427599906921387,0.006877448925610198,0.01005593430483526,2.5107026917660455,22.559999465942383,-0.6900005340576172,-0.029677442325058756,1.9065370237869712,1.0,0.029999999329447746,0.0
2021-09-30,5.414299964904785,-0.0024534350704662417,0.010066157220650178,2.2028136799486617,23.139999389648438,0.5799999237060547,0.02570921708494045,2.0595093548327257,1.0,0.02800000086426735,-0.001999998465180397
2021-10-01,5.441699981689453,0.005047913614973437,0.010064597021885193,2.378033226090272,21.100000381469727,-2.039999008178711,-0.0881589914428128,1.1318258042786085,1.0,0.02800000086426735,0.0
2021-10-04,5.3678998947143555,-0.013654757715185515,0.010690688008860222,1.468546880954379,22.959999084472656,1.8599987030029297,0.08815159570501252,1.850196823162074,1.0,0.02800000086426735,0.0
2021-10-05,5.453199863433838,0.01576581631667714,0.01104636196706383,2.2924170823583845,21.299999237060547,-1.6599998474121094,-0.07229964780507026,1.106972787602147,1.0,0.03500000014901161,0.006999999284744263
2021-10-06,5.475500106811523,0.004081047954318972,0.011032853478325597,2.3730419486636554,21.0,-0.2999992370605469,-0.014084471727988102,0.9482064586204924,1.0,0.03999999910593033,0.004999998956918716
2021-10-07,5.4918999671936035,0.0029906582225193313,0.009199047946831207,2.4188358387875435,19.540000915527344,-1.4599990844726562,-0.06952376592726939,0.31504917599145815,0.0,0.03999999910593033,0.0
2021-10-08,5.517000198364258,0.004559996782019444,0.007043979029047507,2.5109640343539783,18.770000457763672,-0.7700004577636719,-0.039406367537669684,-0.013638646852128521,0.0,0.03999999910593033,0.0
2021-10-11,5.506899833679199,-0.0018324490392706862,0.006938799580223164,2.281246403526739,20.0,1.2299995422363281,0.06553007523916032,0.535726593744542,0.0,0.03999999910593033,0.0
2021-10-12,5.535999774932861,0.005270356454059233,0.006637993350008035,2.389302168562546,19.850000381469727,-0.14999961853027344,-0.007499980926513716,0.46984698235144035,0.0,0.03999999910593033,0.0
2021-10-13,5.531499862670898,-0.0008131759940862597,0.00667462444565575,2.2067825120054145,18.639999389648438,-1.210000991821289,-0.060957227635665134,-0.05824848836164073,0.0,0.04500000178813934,0.005000002682209015
2021-10-14,5.512499809265137,-0.003440795493555038,0.006681918274863979,1.9381008660724826,16.860000610351562,-1.779998779296875,-0.09549349987025113,-0.8189680703916887,0.0,0.03999999910593033,-0.005000002682209015
2021-10-15,5.512199878692627,-5.4410656266964473e-05,0.006640207747828421,1.8433875698426072,16.299999237060547,-0.5600013732910156,-0.033214789621489715,-1.0478528663922286,0.0,0.03799999877810478,-0.0020000003278255463
2021-10-18,5.458399772644043,-0.009808130649683257,0.007101826971599727,1.3455551020474983,16.309999465942383,0.010000228881835938,0.0006135110030618396,-1.027259795726561,0.0,0.0430000014603138,0.005000002682209015
2021-10-19,5.511300086975098,0.009644880915509784,0.007256345083182649,1.7047942816161992,15.699999809265137,-0.6099996566772461,-0.037400348047283094,-1.2446547364939062,0.0,0.05000000074505806,0.006999999284744263
2021-10-20,5.5833001136779785,0.012979474014152025,0.007093781472896646,2.1604181750419924,15.489999771118164,-0.21000003814697266,-0.013375798770586256,-1.2942606537982404,0.0,0.05000000074505806,0.0
2021-10-21,5.59630012512207,0.002325667649266292,0.007093077818532426,2.152259838017791,15.010000228881836,-0.4799995422363281,-0.03098770492762115,-1.4492594587166245,0.0,0.05000000074505806,0.0
2021-10-22,5.657800197601318,0.01092947155500021,0.007319766865611347,2.4808182964636263,15.430000305175781,0.4200000762939453,0.02798135042568428,-1.2426351815179244,0.0,0.05000000074505806,0.0
2021-10-25,5.649199962615967,-0.0015212234053217468,0.0073493012757982635,2.2694509756928025,15.239999771118164,-0.1900005340576172,-0.012313709027853004,-1.2740461258474518,0.0,0.05000000074505806,0.0
2021-10-26,5.5543999671936035,-0.016923535044644937,0.008367240205978095,1.5306492392503186,15.979999542236328,0.7399997711181641,0.04855641615694517,-0.9596763241148941,0.0,0.05000000074505806,0.0
2021-10-27,5.564799785614014,0.0018706061019082253,0.008272197641269765,1.5420945396022028,16.979999542236328,1.0,0.0625782245710913,-0.5585747678204913,0.0,0.05000000074505806,0.0
2021-10-28,5.534999847412109,-0.00536946805967617,0.00836604063301718,1.2889285875112104,16.530000686645508,-0.4499988555908203,-0.026501700101433157,-0.7280840898159239,0.0,0.04800000041723251,-0.0020000003278255463
2021-10-29,5.644899845123291,0.019660916623513748,0.009313252111220154,1.9535094137305782,16.260000228881836,-0.2700004577636719,-0.01633396530841069,-0.8349364941956237,0.0,0.04800000041723251,0.0
2021-11-01,5.633699893951416,-0.001986054140126434,0.008632564209224593,1.7917390121896302,16.40999984741211,0.14999961853027344,0.009225068660444258,-0.7730681235986906,0.0,0.03999999910593033,-0.008000001311302185
2021-11-02,5.678899765014648,0.007991109551487243,0.008162015946584961,1.9854094195558036,16.030000686645508,-0.37999916076660156,-0.023156560895795986,-0.91309832114501,0.0,0.04500000178813934,0.005000002682209015
2021-11-03,5.678599834442139,-5.281630343953998e-05,0.008159624089898366,1.8931298951006663,15.100000381469727,-0.9300003051757812,-0.05801623614093532,-1.2588119855469104,0.0,0.04500000178813934,0.0
2021-11-04,5.5524001121521,-0.022474407406545754,0.009791209351387643,1.0575152763736215,15.4399995803833,0.3399991989135742,0.022516502670477445,-1.125245133717147,0.0,0.03500000014901161,-0.010000001639127731
2021-11-05,5.6016998291015625,0.008839805675206957,0.009929307024701753,1.3207639620534921,16.479999542236328,1.0399999618530273,0.06735751231330078,-0.7350127695772543,0.0,0.03999999910593033,0.004999998956918716
2021-11-08,5.541100025177002,-0.010877051042945729,0.01025432885585731,0.9096570657576964,17.219999313354492,0.7399997711181641,0.044902899980162614,-0.4568862210110874,0.0,0.03500000014901161,-0.004999998956918716
2021-11-09,5.543099880218506,0.00036084788803408455,0.010187871841857023,0.8920771320111485,17.780000686645508,0.5600013732910156,0.03252040624976815,-0.23740952082517713,0.0,0.03999999910593033,0.004999998956918716
2021-11-10,5.479100227355957,-0.011612994047364487,0.010517691156741112,0.47232116074288266,18.729999542236328,0.9499988555908203,0.05343075471894454,0.153838968321112,0.0,0.04500000178813934,0.005000002682209015
2021-11-11,5.4899001121521,0.001969165457504442,0.010506987979252612,0.5273718203185516,17.65999984741211,-1.0699996948242188,-0.057127587879079234,-0.24646891788358372,0.0,0.03999999910593033,-0.005000002682209015
2021-11-12,5.3979997634887695,-0.016881590066894568,0.011148409624616015,-0.04712833380218164,16.290000915527344,-1.3699989318847656,-0.07757638412921752,-0.7770878245938164,0.0,0.0430000014603138,0.0030000023543834686
2021-11-15,5.457600116729736,0.01098068328950973,0.011257145105237563,0.31813093285638866,16.489999771118164,0.1999988555908203,0.012277399898743102,-0.6911084466461083,0.0,0.03799999877810478,-0.005000002682209015
2021-11-16,5.456299781799316,-0.0002382896945478078,0.011025681514696108,0.3018419720000543,16.3700008392334,-0.11999893188476562,-0.007277072986680122,-0.7308837721323793,0.0,0.03999999910593033,0.0020000003278255463
2021-11-17,5.502200126647949,0.008377170901274425,0.010774684335195706,0.5660294953582459,17.110000610351562,0.7399997711181641,0.04520462633970257,-0.43971999179783045,0.0,0.04500000178813934,0.005000002682209015
2021-11-18,5.52869987487793,0.004804648615146344,0.01082584266811149,0.7065046015739175,17.59000015258789,0.4799995422363281,0.028053741970408108,-0.24069747892875504,0.0,0.04500000178813934,0.0
2021-11-19,5.556399822235107,0.004997700655687751,0.010571396374452903,0.8533355200319593,17.90999984741211,0.31999969482421875,0.01819213712611245,-0.12413001527132977,0.0,0.04500000178813934,0.0
2021-11-22,5.611599922180176,0.009885485446529911,0.010840629793357653,1.1685475832004504,19.170000076293945,1.260000228881836,0.07035177217290145,0.3605980158258669,0.0,0.03999999910593033,-0.005000002682209015
2021-11-23,5.585599899291992,-0.004644030656109918,0.010179152680399704,0.971959769246324,19.3799991607666,0.20999908447265625,0.010954568786483598,0.4266515671445294,0.0,0.04500000178813934,0.005000002682209015
2021-11-24,5.570400238037109,-0.00272493196000141,0.010193217914342901,0.8480963247333737,18.579999923706055,-0.7999992370605469,-0.04127963218285824,0.0890011701706911,0.0,0.05000000074505806,0.004999998956918716
2021-11-25,5.605199813842773,0.00622779772370487,0.010198542249520732,1.0509690391994657,18.579999923706055,0.0,0.0,0.07475795225237658,0.0,0.05000000074505806,0.0
2021-11-26,5.565100193023682,-0.00717971639973743,0.009287791701336704,0.7538200761125629,28.6200008392334,10.040000915527344,0.540366036423789,3.6113583994804,1.0,0.0430000014603138,-0.006999999284744263
2021-11-29,5.607800006866455,0.007643498280030765,0.009466146614986461,1.0240470586401995,22.959999084472656,-5.660001754760742,-0.19776385705068866,1.5098242870870162,1.0,0.03799999877810478,-0.005000002682209015
2021-11-30,5.6006999015808105,-0.0012669146261001085,0.009267221167573515,0.9518708866747596,27.190000534057617,4.230001449584961,0.1842335199588756,2.758718324799631,1.0,0.04800000041723251,0.010000001639127731
2021-12-01,5.620871067047119,0.0035950736751518514,0.009316258925677565,1.080439575983314,31.1200008392334,3.9300003051757812,0.14453844163236207,3.534874046256295,1.0,0.05000000074505806,0.0020000003278255463
2021-12-02,5.6915669441223145,0.012498949805083473,0.008191024756116222,1.5557831737385874,27.950000762939453,-3.1700000762939453,-0.10186375291794603,2.4262894088373472,1.0,0.0430000014603138,-0.006999999284744263
2021-12-03,5.643321990966797,-0.0085126982319466,0.008262119968951199,1.1720307431605967,30.670000076293945,2.719999313354492,0.09731660962818656,2.906457987547376,1.0,0.0430000014603138,0.0
2021-12-06,5.65009880065918,0.0012001342429048252,0.007826697088735865,1.1956451077414636,27.18000030517578,-3.489999771118164,-0.11379197138690988,1.910296205549576,1.0,0.0430000014603138,0.0
2021-12-07,5.688000202178955,0.006685696197973147,0.007927745739962922,1.4714773861033799,21.889999389648438,-5.290000915527344,-0.1946284347362568,0.578603363471578,1.0,0.057999998331069946,0.01499999687075615
2021-12-08,5.611800193786621,-0.013487169827349835,0.008097552166354967,0.832598951378349,19.899999618530273,-1.989999771118164,-0.0909090829878787,0.07645290316800103,0.0,0.05999999865889549,0.0020000003278255463
2021-12-09,5.531599998474121,-0.014394453885893957,0.008810669920578156,0.12075076555370484,21.579999923706055,1.6800003051757812,0.08442212750654599,0.48207476047238174,1.0,0.05299999937415123,-0.006999999284744263
2021-12-10,5.571100234985352,0.007115458823128892,0.00792604058119035,0.4456215022175868,18.690000534057617,-2.8899993896484375,-0.13392026876115581,-0.22777822407981319,0.0,0.05000000074505806,-0.00299999862909317
2021-12-13,5.60866117477417,0.006719478124693757,0.00771443780137574,0.7742687550379287,20.309999465942383,1.6199989318847656,0.08667730795045947,0.20149214496182952,1.0,0.0430000014603138,-0.006999999284744263
2021-12-14,5.679699897766113,0.012586355156574212,0.008097626216231724,1.4280000916889444,21.889999389648438,1.5799999237060547,0.07779418834331042,0.6188907391251462,1.0,0.04800000041723251,0.004999998956918716
2021-12-15,5.680600166320801,0.00015849379884213952,0.007964757156307732,1.4317943052176323,19.290000915527344,-2.5999984741210938,-0.11877563027025972,-0.04061436267480692,0.0,0.04500000178813934,-0.00299999862909317
2021-12-16,5.6793999671936035,-0.00021130266154172233,0.007937310670550863,1.4143283562135596,20.56999969482422,1.279998779296875,0.0663555582450257,0.2793464815884071,1.0,0.03500000014901161,-0.010000001639127731
2021-12-17,5.687399864196777,0.0014075902527882114,0.007890806829882082,1.496546693692269,21.56999969482422,1.0,0.04861448783840361,0.5191320965740688,1.0,0.029999999329447746,-0.005000000819563866
2021-12-20,5.693059921264648,0.0009946975150836941,0.007619449249884588,1.5440896147694239,22.8700008392334,1.3000011444091797,0.06026894588789067,0.8300554597231815,1.0,0.03799999877810478,0.007999999448657036
2021-12-21,5.741300106048584,0.008437808653890983,0.00769580694072437,2.032607132008049,21.010000228881836,-1.8600006103515625,-0.08132927599900819,0.3678749066225968,1.0,0.06499999761581421,0.026999998837709427
2021-12-22,5.74399995803833,0.00047014044463969574,0.007639179881376197,1.9785331910727304,18.6299991607666,-2.3800010681152344,-0.11327944037066295,-0.22672208249560927,0.0,0.06499999761581421,0.0
2021-12-23,5.6529998779296875,-0.015969468341364142,0.008486856231683196,0.9093353601672605,17.959999084472656,-0.6700000762939453,-0.035963505446898525,-0.3795002599316764,0.0,0.057999998331069946,-0.006999999284744263
2021-12-24,5.671795845031738,0.0033194390116593735,0.00831470182853127,1.0966566377355804,17.959999084472656,0.0,0.0,-0.36610484508408664,0.0,0.057999998331069946,0.0
2021-12-27,5.67110013961792,-0.0001226680409715582,0.008165640317461989,1.0780478103213464,17.68000030517578,-0.279998779296875,-0.015590133272275541,-0.4184186942937259,0.0,0.0430000014603138,-0.01499999687075615
2021-12-28,5.624100208282471,-0.008322154746904216,0.00839786806749205,0.4692963942131288,17.540000915527344,-0.1399993896484375,-0.007918517377369816,-0.43892022910792794,0.0,0.05000000074505806,0.006999999284744263
2021-12-29,5.627500057220459,0.0006043316437192806,0.008360936640379917,0.4877900167406723,16.950000762939453,-0.5900001525878906,-0.03363740717171748,-0.5748056031659976,0.0,0.04500000178813934,-0.004999998956918716
2021-12-30,5.702700138092041,0.013274467146526532,0.00842323297744665,1.4061046244995756,17.329999923706055,0.37999916076660156,0.02241882853465449,-0.4652247848752132,0.0,0.02500000037252903,-0.020000001415610313
2021-12-31,5.570199966430664,-0.02350881720258456,0.00978707795329971,-0.3080566375770037,17.219999313354492,-0.1100006103515625,-0.006347409742402221,-0.4861856265770834,0.0,0.032999999821186066,0.007999999448657036
2022-01-03,5.569300174713135,-0.0001615497478496317,0.009778246987378005,-0.33651419775421565,16.600000381469727,-0.6199989318847656,-0.03600458516882421,-0.6307396413831071,0.0,0.05299999937415123,0.019999999552965164
2022-01-04,5.68120002746582,0.01989307869649688,0.010706628270541514,1.0878098511532013,16.90999984741211,0.3099994659423828,0.018674666193889244,-0.536574250172759,0.0,0.07999999821186066,0.026999998837709427
2022-01-05,5.676199913024902,-0.0008805034233469117,0.010235230926825684,0.98938850373832,19.729999542236328,2.8199996948242188,0.16676521113368237,0.18796552477421663,0.0,0.08500000089406967,0.005000002682209015
2022-01-06,5.705635070800781,0.005172315964964942,0.009647803697284577,1.323822386065041,19.610000610351562,-0.11999893188476562,-0.0060820544687738565,0.14544851565902167,0.0,0.09000000357627869,0.005000002682209015
2022-01-07,5.682400226593018,-0.004080576823214096,0.009632615027861856,0.9906179349885209,18.760000228881836,-0.8500003814697266,-0.04334525012819401,-0.08586020166843854,0.0,0.08799999952316284,-0.0020000040531158447
2022-01-10,5.632199764251709,-0.00887363084611693,0.009774391433977094,0.3123311176627466,19.399999618530273,0.6399993896484375,0.03411510564179698,0.06763774126660084,0.0,0.09000000357627869,0.0020000040531158447
2022-01-11,5.662199974060059,0.005312416960324214,0.00941846483825994,0.6873405523153716,18.40999984741211,-0.9899997711181641,-0.05103091704045948,-0.20440266810542354,0.0,0.11800000071525574,0.02799999713897705
2022-01-12,5.567299842834473,-0.01690233618397964,0.010134068604276536,-0.5911106931962755,17.6200008392334,-0.7899990081787109,-0.04291140764402346,-0.4245264647393045,0.0,0.11500000208616257,-0.00299999862909317
2022-01-13,5.533199787139893,-0.0061438969590765155,0.010196176754259354,-1.0280153366935099,20.309999465942383,2.6899986267089844,0.15266733817170586,0.2676350259566411,1.0,0.10999999940395355,-0.005000002682209015
2022-01-14,5.526700019836426,-0.0011753755757637069,0.010176362707833033,-1.0785966186914402,19.190000534057617,-1.1199989318847656,-0.05514519750543956,-0.0494545395091111,0.0,0.11800000071525574,0.008000001311302185
2022-01-17,5.533299922943115,0.0011934726806927458,0.010178955366118111,-0.9600176290314643,19.190000534057617,0.0,0.0,-0.06797775661833226,0.0,0.11800000071525574,0.0
2022-01-18,5.5157999992370605,-0.0031676676765223406,0.009914586300880063,-1.1734117475052177,22.790000915527344,3.6000003814697266,0.18759772179685963,0.8853305794330626,1.0,0.12999999523162842,0.01199999451637268
2022-01-19,5.565700054168701,0.009006071735900524,0.01020611067566419,-0.5193276958008802,23.850000381469727,1.0599994659423828,0.04651160260463971,1.1359366010739385,1.0,0.16500000655651093,0.03500001132488251
2022-01-20,5.43720006942749,-0.02335853746527425,0.010866889967499177,-2.1129894735359045,25.59000015258789,1.739999771118164,0.07295596407914773,1.5445526890198749,1.0,0.1679999977350235,0.0029999911785125732
2022-01-21,5.418099880218506,-0.003519056867814727,0.010799869911582136,-2.213128809917407,28.850000381469727,3.260000228881836,0.12739352127562054,2.271158849639777,1.0,0.15800000727176666,-0.009999990463256836
2022-01-24,5.457099914550781,0.00717231908476043,0.010998218024976946,-1.6638235041785654,29.899999618530273,1.0499992370605469,0.03639512038741466,2.377350567608299,1.0,0.1550000011920929,-0.003000006079673767
2022-01-25,5.486100196838379,0.0053001589811527885,0.011002892768495406,-1.2730247848964504,31.15999984741211,1.260000228881836,0.04214047641997154,2.503313310248778,1.0,0.1850000023841858,0.030000001192092896
2022-01-26,5.440703868865967,-0.008309216288857548,0.011104220201299182,-1.7319721146065845,31.959999084472656,0.7999992370605469,0.025673916591080648,2.513372860523285,1.0,0.17800000309944153,-0.006999999284744263
2022-01-27,5.429166793823242,-0.002122762953310016,0.010531244513705885,-1.79328887780357,30.489999771118164,-1.4699993133544922,-0.04599497357522364,2.0721035278460405,1.0,0.1850000023841858,0.006999999284744263
2022-01-28,5.40348482131958,-0.004741594492793672,0.009323686563487418,-1.976717029928291,27.65999984741211,-2.8299999237060547,-0.09281731534766324,1.3990304902229735,1.0,0.17299999296665192,-0.012000009417533875
2022-01-31,5.362599849700928,-0.00759517863943694,0.009414436611425834,-2.285179221353825,24.829999923706055,-2.8299999237060547,-0.10231380836290327,0.7576098671096532,1.0,0.17299999296665192,0.0
2022-02-01,5.303100109100342,-0.011157328270887733,0.008101694205611847,-2.6846071152049173,21.959999084472656,-2.8700008392333984,-0.11558601885025821,0.1182968230748744,1.0,0.2029999941587448,0.030000001192092896
2022-02-02,5.264500141143799,-0.007305374675585062,0.008122069104663874,-2.832870708617763,22.09000015258789,0.13000106811523438,0.0059199031664420865,0.13487010659093604,1.0,0.1850000023841858,-0.01799999177455902
2022-02-03,5.260900020599365,-0.0006840824347779689,0.007885016313244111,-2.6655024875255404,24.350000381469727,2.260000228881836,0.10230874663969036,0.6080425487942162,1.0,0.19300000369548798,0.008000001311302185
2022-02-04,5.282899856567383,0.004173043523258637,0.008096890765251752,-2.3815710756257635,23.219999313354492,-1.1300010681152344,-0.04640661397998014,0.3376147660581526,1.0,0.22300000488758087,0.030000001192092896
2022-02-07,5.326900005340576,0.008294294255488664,0.008417094032165912,-1.9441960191234724,22.860000610351562,-0.3599987030029297,-0.015503820570566651,0.23655744117364744,1.0,0.2029999941587448,-0.02000001072883606
2022-02-08,5.262599945068359,-0.012144265703995308,0.008438132119210311,-2.3390460773326405,21.440000534057617,-1.4200000762939453,-0.062117237024522876,-0.10324318281395249,1.0,0.2750000059604645,0.07200001180171967
2022-02-09,5.258399963378906,-0.0007983997622098496,0.007856212492736993,-2.2408502201319607,19.959999084472656,-1.480001449584961,-0.06902991663801339,-0.45525572001199105,0.0,0.27000001072883606,-0.004999995231628418
2022-02-10,5.234499931335449,-0.004555475343343791,0.007829187625267194,-2.2748610655323525,23.90999984741211,3.950000762939453,0.19789583888369267,0.43156148002004646,1.0,0.3700000047683716,0.09999999403953552
2022-02-11,5.248700141906738,0.002709138270222471,0.007918625415824346,-2.0576787063127453,27.360000610351562,3.450000762939453,0.14429112442310887,1.1885912178681735,1.0,0.33799999952316284,-0.03200000524520874
2022-02-14,5.249956130981445,0.0002392666352821844,0.007897536549591654,-1.9443266356797546,28.329999923706055,0.9699993133544922,0.03545319048668061,1.3605809887396836,1.0,0.36000001430511475,0.022000014781951904
2022-02-15,5.214000225067139,-0.006872361887851411,0.007954098560159271,-2.0634259462893803,25.700000762939453,-2.6299991607666016,-0.09283442173841527,0.7370701972647621,1.0,0.4000000059604645,0.03999999165534973
2022-02-16,5.157899856567383,-0.010817866573797649,0.00763236005347729,-2.2712050422817307,24.290000915527344,-1.4099998474121094,-0.05486380566359328,0.3966588331741287,1.0,0.37299999594688416,-0.027000010013580322
2022-02-17,5.135799884796143,-0.00429388971549075,0.006097962625718282,-2.2567282528052512,28.110000610351562,3.8199996948242188,0.15726634626770597,1.2270685211482968,1.0,0.3449999988079071,-0.02799999713897705
2022-02-18,5.170599937438965,0.006753121457859067,0.006460583524065725,-1.9487930209264888,27.75,-0.3600006103515625,-0.012806851744392778,1.1533102397819721,1.0,0.3179999887943268,-0.027000010013580322
2022-02-21,5.137499809265137,-0.0064221811494609765,0.006113153698022652,-2.0214688989631693,27.75,0.0,0.0,1.1227108132399986,1.0,0.3179999887943268,0.0
2022-02-22,5.102700233459473,-0.006796685538181739,0.0058391747328199834,-2.088038297567132,28.809999465942383,1.0599994659423828,0.03819817895287869,1.3463069179230567,1.0,0.33000001311302185,0.012000024318695068
2022-02-23,5.05709981918335,-0.008976696440936726,0.0058692026267765565,-2.1903421399666394,31.020000457763672,2.210000991821289,0.07670951172469942,1.843677480275218,1.0,0.3400000035762787,0.009999990463256836
2022-02-24,5.008699893951416,-0.00961678150228253,0.006003853465117689,-2.2886733334784117,30.31999969482422,-0.7000007629394531,-0.02256611065794678,1.6566728675880125,1.0,0.28299999237060547,-0.05700001120567322
2022-02-25,5.122200012207031,0.022407657430396702,0.008418317700458675,-1.6615978468798243,27.59000015258789,-2.729999542236328,-0.09003956364492816,1.0805951021623428,1.0,0.2980000078678131,0.015000015497207642
2022-02-28,5.15939998626709,0.0072362543557020625,0.008612904524534979,-1.428107537375372,30.149999618530273,2.559999465942383,0.09278722188416721,1.6222015335906157,1.0,0.2879999876022339,-0.010000020265579224
2022-03-01,5.158400058746338,-0.00019382572244470162,0.00833935668120376,-1.3817614835819678,33.31999969482422,3.1700000762939453,0.10514096571814391,2.188297947210172,1.0,0.31299999356269836,0.025000005960464478
2022-03-02,5.158999919891357,0.000116281455974885,0.008226323583228622,-1.3293019197938107,30.739999771118164,-2.5799999237060547,-0.07743097080840666,1.5725165985408005,1.0,0.32499998807907104,0.01199999451637268
2022-03-03,5.096502780914307,-0.012188171456609206,0.008596063038724651,-1.5548744519929398,30.479999542236328,-0.26000022888183594,-0.008458042642086161,1.461042431060021,1.0,0.33500000834465027,0.010000020265579224
2022-03-04,5.030900001525879,-0.012955680427088957,0.008841707112796405,-1.7688660348273222,31.979999542236328,1.5,0.04921259916429599,1.6938434365069222,1.0,0.3050000071525574,-0.030000001192092896
2022-03-07,5.06056022644043,0.005878299007691493,0.008702687594883036,-1.570744341036749,36.45000076293945,4.470001220703125,0.1397748994586303,2.4189865409753653,1.0,0.3050000071525574,0.0
2022-03-08,5.110499858856201,0.009820025310034307,0.008815317643607235,-1.3060005931933416,35.130001068115234,-1.3199996948242188,-0.036213982639098585,2.047484714371616,1.0,0.36000001430511475,0.05500000715255737
2022-03-09,5.058800220489502,-0.01016787455958015,0.009024431129186355,-1.475819682086076,32.45000076293945,-2.6800003051757812,-0.07628807923971881,1.4914203405221702,1.0,0.3700000047683716,0.009999990463256836
2022-03-10,5.011499881744385,-0.009394096723086857,0.009162189587052862,-1.6157712914591882,30.229999542236328,-2.220001220703125,-0.0684129789987108,1.0501631083426382,1.0,0.36000001430511475,-0.009999990463256836
2022-03-11,5.009699821472168,-0.0003592504580063393,0.00910155846933893,-1.5637833130156789,30.75,0.5200004577636719,0.01720147091094537,1.10765377955732,1.0,0.36500000953674316,0.004999995231628418
2022-03-14,5.073500156402588,0.012654948136428448,0.009690403772336298,-1.251105254960463,31.770000457763672,1.0200004577636719,0.03317074659394059,1.2487846869345653,1.0,0.3779999911785126,0.01299998164176941
2022-03-15,5.121399879455566,0.009396870072442073,0.00991446180573895,-1.0164531411316726,29.829999923706055,-1.9400005340576172,-0.06106391268822087,0.8747671608517313,1.0,0.4480000138282776,0.07000002264976501
2022-03-16,5.1631999015808105,0.00812870761709742,0.009821262961064434,-0.809306502156932,26.670000076293945,-3.1599998474121094,-0.10593361902427767,0.29286529813826995,1.0,0.43299999833106995,-0.015000015497207642
2022-03-17,5.0738749504089355,-0.017451707550203355,0.010541912501899587,-1.1649063146899727,25.670000076293945,-1.0,-0.03749531297860276,0.09175419445385428,1.0,0.36000001430511475,-0.0729999840259552
2022-03-18,5.039400100708008,-0.006817768342065772,0.010479837210145814,-1.277060426829954,23.8700008392334,-1.7999992370605469,-0.07012073360774285,-0.2572197591566164,1.0,0.382999986410141,0.022999972105026245
2022-03-21,5.0177998542785645,-0.004295485769129732,0.010435666020030624,-1.3314084436880635,23.530000686645508,-0.3400001525878906,-0.014243826587096553,-0.3434494355687083,1.0,0.45500001311302185,0.07200002670288086
2022-03-22,4.935200214385986,-0.016598319239023194,0.01093174448812102,-1.637460434723016,22.940000534057617,-0.5900001525878906,-0.025074378893781613,-0.4789978462498342,1.0,0.5199999809265137,0.06499996781349182
2022-03-23,4.909999847412109,-0.005119331624007602,0.010829576474200535,-1.6842737655102487,23.56999969482422,0.6299991607666016,0.02746290959458708,-0.388291937061312,1.0,0.47999998927116394,-0.03999999165534973
2022-03-24,4.82420015335083,-0.017628961006353812,0.011285182369882137,-1.9852551234627125,21.670000076293945,-1.8999996185302734,-0.08061093097712246,-0.7863023089743115,1.0,0.4830000102519989,0.003000020980834961
2022-03-25,4.826300144195557,0.0004352087069323231,0.009763607536100649,-1.8886323345982579,20.809999465942383,-0.8600006103515625,-0.03968623014876527,-0.9845521919671937,1.0,0.5199999809265137,0.03699997067451477
2022-03-28,4.7368998527526855,-0.018697276203852423,0.010053842956875395,-2.155002978688482,19.6299991607666,-1.1800003051757812,-0.056703524048953846,-1.2526449310302066,0.0,0.5080000162124634,-0.011999964714050293
2022-03-29,4.764100074768066,0.005725775504681993,0.01026513208466379,-1.965749688129999,18.899999618530273,-0.7299995422363281,-0.03718795585561396,-1.424926300504545,0.0,0.5550000071525574,0.046999990940093994
2022-03-30,4.756199836730957,-0.0016596619694693173,0.010235508735891347,-1.9283576918470586,19.329999923706055,0.43000030517578125,0.02275133935739304,-1.3320385770111396,0.0,0.5249999761581421,-0.030000030994415283
2022-03-31,4.769700050354004,0.0028344246362909803,0.01015892136067945,-1.8198537454907082,20.559999465942383,1.2299995422363281,0.06363163720077791,-1.0852050938369464,1.0,0.49300000071525574,-0.03199997544288635
2022-04-01,4.737800121307373,-0.006710501851649311,0.009940582868910553,-1.8940568838158893,19.6299991607666,-0.9300003051757812,-0.04523347905316466,-1.2867127087787502,0.0,0.5,0.006999999284744263
2022-04-04,4.657199859619141,-0.01715853950808166,0.010189091116425929,-2.141106405664741,18.56999969482422,-1.0599994659423828,-0.05399895625369899,-1.4986088697230489,0.0,0.5379999876022339,0.03799998760223389
2022-04-05,4.593800067901611,-0.013706795983304702,0.009843195273858652,-2.304236606945624,21.030000686645508,2.460000991821289,0.13247178418139316,-1.008721205024649,1.0,0.6679999828338623,0.12999999523162842
2022-04-06,4.650700092315674,0.012310182699206338,0.010521571668882554,-1.988054037765963,22.100000381469727,1.0699996948242188,0.05087967950013872,-0.816209206264696,1.0,0.6629999876022339,-0.004999995231628418
2022-04-07,4.715199947357178,0.013773556082933614,0.011175295851431555,-1.6672386601870792,21.549999237060547,-0.5500011444091797,-0.02488692918169999,-0.9431530956859308,1.0,0.6600000262260437,-0.0029999613761901855
2022-04-08,4.752099990844727,0.007795301846597108,0.011424505948222731,-1.4715022719492705,21.15999984741211,-0.3899993896484375,-0.018097420113952323,-1.043652000528533,1.0,0.6679999828338623,0.007999956607818604
2022-04-11,4.6981000900268555,-0.011428432857345584,0.010988495491725899,-1.638047781922606,24.3700008392334,3.210000991821289,0.15170137121782057,-0.3709473881527243,1.0,0.6800000071525574,0.012000024318695068
2022-04-12,4.693600177764893,-0.0009582743226477886,0.010567692708570008,-1.6049003702808078,24.260000228881836,-0.1100006103515625,-0.0045137712992801005,-0.4019672927823966,1.0,0.7379999756813049,0.05799996852874756
2022-04-13,4.673099994659424,-0.0043772546277037975,0.010151546651969193,-1.6449457601600868,21.81999969482422,-2.440000534057617,-0.10057710268084685,-0.9312122815159632,1.0,0.7400000095367432,0.0020000338554382324
2022-04-14,4.690199851989746,0.003652532039159169,0.009880907339361209,-1.5224264219256085,22.700000762939453,0.8800010681152344,0.04033002201755176,-0.7230002730970415,1.0,0.7480000257492065,0.008000016212463379
2022-04-15,4.701000213623047,0.002300103569177692,0.009950825093997268,-1.4304527666580058,22.700000762939453,0.0,0.0,-0.6998917569567391,1.0,0.7480000257492065,0.0
2022-04-18,4.7006001472473145,-8.51060161287421e-05,0.009977069097003277,-1.391712962350528,22.170000076293945,-0.5300006866455078,-0.023348047085126056,-0.7890957236528979,1.0,0.7549999952316284,0.006999969482421875
2022-04-19,4.6519999504089355,-0.010392967471649379,0.009631096282877352,-1.552527332795627,21.3700008392334,-0.7999992370605469,-0.03608476474097866,-0.9336299822230174,1.0,0.8330000042915344,0.078000009059906
2022-04-20,4.664999961853027,0.0027906021257773895,0.00969969724690502,-1.456568218092353,20.31999969482422,-1.0500011444091797,-0.04913435204370564,-1.1298756887681212,1.0,0.7950000166893005,-0.03799998760223389
2022-04-21,4.620800018310547,-0.009519971883084384,0.009192866114393922,-1.5969730770013368,22.68000030517578,2.3600006103515625,0.1161417640647251,-0.5807607951835979,1.0,0.800000011920929,0.004999995231628418
2022-04-22,4.620800018310547,0.0,0.009186928158772065,-1.5505017577358382,28.209999084472656,5.529998779296875,0.2438271033900683,0.6566066739064954,1.0,0.7799999713897705,-0.020000040531158447
2022-04-25,4.795199871063232,0.03704753645259515,0.011951017283920413,-0.7730395293203969,27.020000457763672,-1.1899986267089844,-0.042183575516809735,0.3814299927494049,1.0,0.7979999780654907,0.018000006675720215
2022-04-26,4.876200199127197,0.016750878150082738,0.012443456896991497,-0.39315227864528707,33.52000045776367,6.5,0.2405625421864992,1.7530102768487723,1.0,0.8330000042915344,0.0350000262260437
2022-04-27,4.997799873352051,0.02463152142332748,0.013475517396696151,0.17215621714458146,31.600000381469727,-1.9200000762939453,-0.05727923777069188,1.2858274018587217,1.0,0.8080000281333923,-0.02499997615814209
2022-04-28,4.963600158691406,-0.0068664743755988905,0.013635630056040168,0.04022259259434492,29.989999771118164,-1.6100006103515625,-0.050949385788478296,0.910634734321435,1.0,0.7850000262260437,-0.023000001907348633
2022-04-29,4.93779993057251,-0.00521144207463912,0.013589315133455918,-0.05322133084076919,33.400001525878906,3.410001754760742,0.11370462756871169,1.5774727448294743,1.0,0.8080000281333923,0.023000001907348633
2022-05-02,4.97130012512207,0.006761526675885677,0.012840135115914624,0.13587038255613929,32.34000015258789,-1.0600013732910156,-0.031736566612720285,1.3054635429224968,1.0,0.7649999856948853,-0.04300004243850708
2022-05-03,5.084700107574463,0.022554651375878688,0.012877839133391581,0.7100867642401919,29.25,-3.0900001525878906,-0.09554731410044925,0.6360424246811394,1.0,0.8949999809265137,0.12999999523162842
2022-05-04,4.958099842071533,-0.025213480886348255,0.01441067922509694,0.11487411624913065,25.420000076293945,-3.8299999237060547,-0.13094016833183098,-0.18931237999577707,1.0,0.8330000042915344,-0.06199997663497925
2022-05-05,4.918799877166748,-0.00795799763617841,0.01439075741945272,-0.05717028240467957,31.200000762939453,5.780000686645508,0.2273800420652159,1.0087645635699671,1.0,0.8029999732971191,-0.030000030994415283
2022-05-06,5.0279998779296875,0.021957693105939553,0.015019741289358889,0.5320866269599374,30.190000534057617,-1.010000228881836,-0.032371801416157364,0.7812814663305111,1.0,0.8149999976158142,0.012000024318695068
2022-05-09,5.080399990081787,0.010367730245881416,0.014719087158309194,0.8369465474719109,34.75,4.559999465942383,0.15104337148978209,1.6784397750649411,1.0,0.800000011920929,-0.014999985694885254
2022-05-10,5.160900115966797,0.015721008663455223,0.014900045682577637,1.2796489700626235,32.9900016784668,-1.7599983215332031,-0.0506474337131857,1.273848538492832,1.0,0.878000020980835,0.078000009059906
2022-05-11,5.13129997253418,-0.005751972326337346,0.014947440893465815,1.126356264484236,32.560001373291016,-0.43000030517578125,-0.01303426139127628,1.1478777511400722,1.0,0.8830000162124634,0.004999995231628418
2022-05-12,5.134252071380615,0.0005751466487500628,0.014974354973446683,1.1425768794850875,31.770000457763672,-0.7900009155273438,-0.02426292635771765,0.9695688667019409,1.0,0.9049999713897705,0.02199995517730713
2022-05-13,5.133399963378906,-0.00016597913540123836,0.015003746477781785,1.1461625281933072,28.8700008392334,-2.8999996185302734,-0.09128106946002879,0.3874666641527012,1.0,0.9430000185966492,0.03800004720687866
2022-05-16,5.058300018310547,-0.014737738456434663,0.01558090470233017,0.7523698286669777,27.469999313354492,-1.4000015258789062,-0.04849329702742333,0.1096806384507494,1.0,0.9800000190734863,0.03700000047683716
2022-05-17,5.059700012207031,0.0002767333269809728,0.015253379338823751,0.7665779506089266,26.100000381469727,-1.3699989318847656,-0.04987255064177387,-0.15427422055484755,1.0,1.0379999876022339,0.05799996852874756
2022-05-18,4.9380998611450195,-0.02432658170415287,0.016536539226057686,0.11333490140323604,30.959999084472656,4.85999870300293,0.18620684413680677,0.8147592291296663,1.0,1.003000020980835,-0.034999966621398926
2022-05-19,4.96750020980835,0.005936123967402409,0.016287571274244753,0.27898749137606493,29.350000381469727,-1.6099987030029297,-0.05200254362444057,0.49798991664943343,1.0,1.0,-0.003000020980834961
2022-05-20,4.929999828338623,-0.007577784445192988,0.016463341546820522,0.09135307187762885,29.43000030517578,0.07999992370605469,0.002725721385562929,0.50681207418816,1.0,0.9779999852180481,-0.022000014781951904
2022-05-23,4.880199909210205,-0.010152769206741992,0.014644340693412616,-0.1623188969969295,28.479999542236328,-0.9500007629394531,-0.03228001199756625,0.3238813684517994,1.0,0.9929999709129333,0.014999985694885254
2022-05-24,4.813499927520752,-0.013761728849714284,0.014492344524579929,-0.5145399382984863,29.450000762939453,0.970001220703125,0.03405903217324835,0.5371176010645649,1.0,1.0429999828338623,0.050000011920928955
2022-05-25,4.817800045013428,0.0008929464954190733,0.013230189627602265,-0.4651013627875711,28.3700008392334,-1.0799999237060547,-0.03667232243556173,0.32810993085674356,1.0,1.0449999570846558,0.001999974250793457
2022-05-26,4.822800159454346,0.0010373036498170496,0.013189940030493804,-0.4135248215662255,27.5,-0.8700008392333984,-0.030666225361201227,0.16214487855658635,1.0,1.027999997138977,-0.01699995994567871
2022-05-27,4.768199920654297,-0.011385846772173311,0.01335412456048192,-0.710661116693944,25.719999313354492,-1.7800006866455078,-0.06472729769620034,-0.18182328198792058,1.0,1.024999976158142,-0.003000020980834961
2022-05-30,4.729599952697754,-0.008128236221082514,0.013269560951078254,-0.9076802518970561,25.719999313354492,0.0,0.0,-0.15035854440435384,1.0,1.024999976158142,0.0
2022-05-31,4.752399921417236,0.004809114736239914,0.012043274287426634,-0.7456753881714397,26.190000534057617,0.470001220703125,0.018273764900883505,-0.018496103410644563,1.0,1.0299999713897705,0.004999995231628418
2022-06-01,4.730400085449219,-0.004639953478280903,0.010905005113659893,-0.8479622379008688,25.690000534057617,-0.5,-0.019091255815355868,-0.10564799917370293,1.0,1.1030000448226929,0.07300007343292236
2022-06-02,4.815499782562256,0.017830053276730446,0.011702519531934966,-0.31890674361776217,24.719999313354492,-0.970001220703125,-0.03775792917626375,-0.3045069631488738,1.0,1.1130000352859497,0.009999990463256836
2022-06-03,4.7957000732421875,-0.004120138510559616,0.01038093744836785,-0.4189221605843254,24.790000915527344,0.07000160217285156,0.0028317801018318267,-0.26872358623884207,1.0,1.1349999904632568,0.02199995517730713
2022-06-06,4.775000095367432,-0.004325704449569848,0.00994309255525267,-0.5203603300505104,25.06999969482422,0.279998779296875,0.011294827307630095,-0.1822384204794705,1.0,1.159999966621399,0.02499997615814209
2022-06-07,4.7941999435424805,0.004012848276029397,0.00908425350809028,-0.37706455926579996,24.020000457763672,-1.0499992370605469,-0.041882698438058696,-0.4049642826891611,1.0,1.225000023841858,0.06500005722045898
2022-06-08,4.867526054382324,0.015178968792573432,0.009993761257359417,0.11753992100233417,23.959999084472656,-0.060001373291015625,-0.0024979755265417403,-0.4079845678468715,1.0,1.2330000400543213,0.008000016212463379
2022-06-09,4.898099899291992,0.006261543283930699,0.010169351114841938,0.3407092349337663,26.09000015258789,2.1300010681152344,0.08889821158196898,0.08516893979903208,1.0,1.2380000352859497,0.004999995231628418
2022-06-10,4.903299808502197,0.0010610545132495382,0.010186934508141498,0.39502302078091633,27.75,1.6599998474121094,0.06362590408982616,0.4556433903981218,1.0,1.2879999876022339,0.04999995231628418
2022-06-13,4.984000205993652,0.01632441404542712,0.010551109037710456,0.9419784745159614,34.02000045776367,6.270000457763672,0.2259459624419342,1.8211974097836723,1.0,1.4980000257492065,0.21000003814697266
2022-06-14,5.113399982452393,0.0256317187478253,0.012090614432475524,1.748339792086551,32.689998626708984,-1.3300018310546875,-0.03909470350260291,1.462139669215974,1.0,1.7430000305175781,0.24500000476837158
2022-06-15,5.116099834442139,0.0005278561221489641,0.010585107214463705,1.7019721477914564,29.6200008392334,-3.069997787475586,-0.09391244773461938,0.7542974379325075,1.0,1.6950000524520874,-0.04799997806549072
2022-06-16,5.052000045776367,-0.012608184136831867,0.011004899087662985,1.250727570450745,32.95000076293945,3.3299999237060547,0.11242403205118334,1.4392316381684263,1.0,1.4830000400543213,-0.2120000123977661
2022-06-17,5.052199840545654,3.954687586562984e-05,0.010828513334014122,1.2128698921611436,31.1299991607666,-1.8200016021728516,-0.05523525220126546,1.0051103430591855,1.0,1.5099999904632568,0.026999950408935547
2022-06-20,5.152100086212158,0.019580654859822876,0.011218394436145359,1.7528543445606206,31.1299991607666,0.0,0.0,0.9748950941952491,1.0,1.5099999904632568,0.0
2022-06-21,5.18720006942749,0.006789650658634716,0.010551541097816012,1.870928316432902,30.190000534057617,-0.9399986267089844,-0.030195909156774836,0.7388804165806777,1.0,1.4880000352859497,-0.02199995517730713
2022-06-22,5.122799873352051,-0.012492926096234638,0.011149150992770888,1.43281475482772,28.950000762939453,-1.239999771118164,-0.041073194739407515,0.42875775093109736,1.0,1.5449999570846558,0.056999921798706055
2022-06-23,5.193600177764893,0.013725992718445306,0.011385948422941761,1.7624453862541105,29.049999237060547,0.09999847412109375,0.003454178635086791,0.4272076478698619,1.0,1.559999942779541,0.014999985694885254
2022-06-24,5.23799991607666,0.008512597497683036,0.010855009532316256,1.9165620413460476,27.229999542236328,-1.8199996948242188,-0.06265059354983915,-0.04062336346823611,1.0,1.5980000495910645,0.03800010681152344
2022-06-27,5.241399765014648,0.0006488633243768175,0.010480094322973074,1.8524955404008536,26.950000762939453,-0.279998779296875,-0.01028273169313021,-0.15052345548356735,1.0,1.6330000162124634,0.034999966621398926
2022-06-28,5.236800193786621,-0.0008779316183207147,0.010566268238677783,1.7646003242568002,28.360000610351562,1.4099998474121094,0.05231910231895376,0.18581538767374436,1.0,1.7380000352859497,0.10500001907348633
2022-06-29,5.266600131988525,0.005674356348720326,0.010327563330910223,1.8483920977439847,28.15999984741211,-0.20000076293945312,-0.007052212927895818,0.10834945797321266,1.0,1.7050000429153442,-0.03299999237060547
2022-06-30,5.1809000968933105,-0.01640621306306168,0.010970708287039027,1.338196432230887,28.709999084472656,0.5499992370605469,0.019531223012811516,0.22972231076127972,1.0,1.600000023841858,-0.10500001907348633
2022-07-01,5.251999855041504,0.013630123784706905,0.011026284199205878,1.6486065661289897,26.700000762939453,-2.009998321533203,-0.07001039309054802,-0.3602354557008796,1.0,1.6030000448226929,0.003000020980834961
2022-07-04,5.330999851226807,0.01492988109351864,0.011051644645617118,1.9697007986644515,26.700000762939453,0.0,0.0,-0.3741923046247146,1.0,1.6030000448226929,0.0
2022-07-05,5.3282999992370605,-0.000506572117372976,0.011129736405954818,1.8714285320614787,27.540000915527344,0.8400001525878906,0.031460678973232126,-0.15096976778133203,1.0,1.6299999952316284,0.026999950408935547
2022-07-06,5.385200023651123,0.010622216698749722,0.010961830152694346,2.0611006458934824,26.729999542236328,-0.8100013732910156,-0.029411813593453018,-0.41997792383790866,1.0,1.840000033378601,0.21000003814697266
2022-07-07,5.427999973297119,0.007916282538335897,0.01097766190540532,2.160200737813903,26.079999923706055,-0.6499996185302734,-0.024317232684692103,-0.6421074696189653,1.0,1.8530000448226929,0.013000011444091797
2022-07-08,5.338200092315674,-0.01668220226310502,0.011994221790165198,1.6579587879797715,24.639999389648438,-1.4400005340576172,-0.05521474456557396,-1.1031342627345775,1.0,1.843000054359436,-0.009999990463256836
2022-07-11,5.254000186920166,-0.01589880794996548,0.012442642966382887,1.2117526862376573,26.170000076293945,1.5300006866455078,0.062094185249382816,-0.6716768058319397,1.0,1.9529999494552612,0.1099998950958252
2022-07-12,5.377200126647949,0.023178089310646743,0.01221399177887776,1.750758617623397,27.290000915527344,1.1200008392333984,0.04279712785511025,-0.36448379951979126,1.0,2.11299991607666,0.15999996662139893
2022-07-13,5.436500072479248,0.010967668636906578,0.012346949914719164,1.9601503452677818,26.81999969482422,-0.470001220703125,-0.01722246994999932,-0.5900601528201267,1.0,2.322999954223633,0.21000003814697266
2022-07-14,5.390900135040283,-0.00842311287471631,0.012100851729730513,1.6941687153090745,26.399999618530273,-0.4200000762939453,-0.01565995828012623,-0.7832279410000879,1.0,2.2730000019073486,-0.04999995231628418
2022-07-15,5.422800064086914,0.005899927128226434,0.012090060386275022,1.800501225849289,24.229999542236328,-2.1700000762939453,-0.08219697377460611,-1.512473779360628,1.0,2.240000009536743,-0.03299999237060547
2022-07-18,5.410099983215332,-0.002344725167702149,0.011540518506803533,1.6705272894482088,25.299999237060547,1.0699996948242188,0.04416012030702099,-1.1140924380640578,1.0,2.259999990463257,0.019999980926513672
2022-07-19,5.436800003051758,0.0049230791833472475,0.011511028091261878,1.7221868859923712,24.5,-0.7999992370605469,-0.031620524157513485,-1.3578875115842957,1.0,2.450000047683716,0.19000005722045898
2022-07-20,5.413099765777588,-0.0043687546381778655,0.011095526504957575,1.5451848561043156,23.8799991607666,-0.6200008392333984,-0.02530615670340397,-1.519428673830002,1.0,2.378000020980835,-0.07200002670288086
2022-07-21,5.470200061798096,0.01049329171538986,0.010949900577061362,1.7309845249515334,23.110000610351562,-0.7699985504150391,-0.03224449654420847,-1.7113636852695708,1.0,2.359999895095825,-0.018000125885009766
2022-07-22,5.497799873352051,0.005032799046968165,0.010878325695386963,1.772112816040753,23.030000686645508,-0.07999992370605469,-0.003461701496893066,-1.6872009243581154,1.0,2.3550000190734863,-0.004999876022338867
2022-07-25,5.496699810028076,-0.00020011157566511862,0.010887255107084234,1.6899216847931373,23.360000610351562,0.3299999237060547,0.014329132169649261,-1.5217554256197083,1.0,2.3929998874664307,0.037999868392944336
2022-07-26,5.356299877166748,-0.02587446232825653,0.01258334649633466,1.0478856188631922,24.690000534057617,1.3299999237060547,0.056934926753241966,-1.0281016997947288,1.0,2.4749999046325684,0.0820000171661377
2022-07-27,5.350100040435791,-0.0011581553970841016,0.012546117962895736,0.9883395034826575,23.239999771118164,-1.4500007629394531,-0.058728259683077266,-1.4923886139032718,1.0,2.382999897003174,-0.09200000762939453
2022-07-28,5.243000030517578,-0.020221400468936567,0.012846689624737648,0.5066783173425535,22.329999923706055,-0.9099998474121094,-0.0391566203259186,-1.7267393622047416,1.0,2.308000087738037,-0.07499980926513672
2022-07-29,5.182700157165527,-0.011567673089421504,0.012736228686340516,0.23534857201091058,21.329999923706055,-1.0,-0.04478280355650055,-1.957690408466302,1.0,2.2980000972747803,-0.009999990463256836
2022-08-01,5.171199798583984,-0.002221455366593253,0.012196984788356931,0.17909787968856689,22.84000015258789,1.510000228881836,0.07079232228236565,-1.4507157958041994,1.0,2.265000104904175,-0.03299999237060547
2022-08-02,5.184000015258789,0.0024722310383989586,0.012228180742720723,0.23271021138663217,23.93000030517578,1.0900001525878906,0.04772329883125637,-1.0589204192518165,1.0,2.4630000591278076,0.1979999542236328
2022-08-03,5.277699947357178,0.01791342478569322,0.012704038123774802,0.6250893852943378,21.950000762939453,-1.9799995422363281,-0.08274130869142016,-1.693324398906261,1.0,2.427999973297119,-0.03500008583068848
2022-08-04,5.282700061798096,0.000946955571801655,0.012540894641895785,0.6337667388417267,21.440000534057617,-0.5100002288818359,-0.02323463376561352,-1.8056697168876041,1.0,2.378000020980835,-0.04999995231628418
2022-08-05,5.211100101470947,-0.013646356961250487,0.01236274193947362,0.32052703342067096,21.149999618530273,-0.29000091552734375,-0.013526161767891565,-1.817103224876,1.0,2.4100000858306885,0.032000064849853516
2022-08-08,5.164599895477295,-0.008963350392202179,0.01202144499926422,0.11356493591867102,21.290000915527344,0.1400012969970703,0.006619446785919081,-1.6930144018351132,1.0,2.4600000381469727,0.04999995231628418
2022-08-09,5.110099792480469,-0.010608702111379136,0.010775327149648278,-0.1241214118761486,21.770000457763672,0.4799995422363281,0.02254577367755073,-1.4820376834549898,1.0,2.569999933242798,0.1099998950958252
2022-08-10,5.123700141906738,0.0026579291211874384,0.010379714216088465,-0.0794831472565184,19.739999771118164,-2.030000686645508,-0.09324761800459969,-2.0422863404968057,0.0,2.5350000858306885,-0.034999847412109375
2022-08-11,5.093699932098389,-0.005872393329833013,0.010324617882794832,-0.2193000659740335,20.200000762939453,0.46000099182128906,0.023302988710988792,-1.8106312675086926,1.0,2.490000009536743,-0.04500007629394531
2022-08-12,5.1570000648498535,0.012350558966503859,0.010705590690970147,0.03953446025502719,19.530000686645508,-0.6700000762939453,-0.033168319355867615,-1.9232569228929957,0.0,2.5,0.009999990463256836
2022-08-15,5.074900150299072,-0.016048177727551523,0.011124583959178105,-0.3376857702367406,19.950000762939453,0.4200000762939453,0.021505379494489052,-1.7164971667949942,0.0,2.513000011444092,0.013000011444091797
2022-08-16,5.095600128173828,0.00407059749093653,0.01109341953223787,-0.2720084621670778,19.690000534057617,-0.26000022888183594,-0.013032592428007916,-1.719164851358663,0.0,2.5980000495910645,0.08500003814697266
2022-08-17,5.1417388916015625,0.009013880606323505,0.011420576100000053,-0.09009380351553749,19.899999618530273,0.20999908447265625,0.010665265554941072,-1.5898630650966359,0.0,2.568000078201294,-0.029999971389770508
2022-08-18,5.164999961853027,0.004513767172291883,0.011135258752541682,-0.009480155401834936,19.559999465942383,-0.3400001525878906,-0.017085435130927973,-1.6174636485976317,0.0,2.565000057220459,-0.003000020980834961
2022-08-19,5.166999816894531,0.000387118681630687,0.011009461348436162,-0.03232508963830078,20.600000381469727,1.0400009155273438,0.05316978240915504,-1.280101010079161,1.0,2.5799999237060547,0.014999866485595703
2022-08-22,5.168399810791016,0.0002709123895502721,0.01101649905203926,-0.06360879097992397,23.799999237060547,3.1999988555908203,0.1553397473948257,-0.3762136906814779,1.0,2.6480000019073486,0.06800007820129395
2022-08-23,5.156099796295166,-0.0023826859960431224,0.009622264506259371,-0.16670627022471804,24.110000610351562,0.3100013732910156,0.013025268202878415,-0.279976275038058,1.0,2.703000068664551,0.05500006675720215
2022-08-24,5.103499889373779,-0.010253883076196282,0.009798462174541757,-0.5017464332626433,22.81999969482422,-1.2900009155273438,-0.05350480642350064,-0.6249133505519044,1.0,2.7130000591278076,0.009999990463256836
2022-08-25,5.110099792480469,0.0012923757011997724,0.008871394441093174,-0.5110639765271788,21.780000686645508,-1.039999008178711,-0.04557401499065716,-0.8946423674732896,1.0,2.7300000190734863,0.01699995994567871
2022-08-26,5.108699798583984,-0.0002740035936251309,0.008535419175232064,-0.5749715058912892,25.559999465942383,3.779998779296875,0.17355365748976292,0.1469339933471496,1.0,2.755000114440918,0.02500009536743164
2022-08-29,5.0625,-0.00908449685979314,0.00873463301851005,-0.9312028686130374,26.209999084472656,0.6499996185302734,0.02543034554427015,0.32108970112258467,1.0,2.7980000972747803,0.042999982833862305
2022-08-30,5.027200222015381,-0.006997219190663205,0.008789440160469245,-1.2416151021937971,26.209999084472656,0.0,0.0,0.3109648073285267,1.0,2.872999906539917,0.07499980926513672
2022-08-31,5.1219000816345215,0.018662266659493866,0.008877802755605627,-0.6651130784519524,25.8700008392334,-0.3399982452392578,-0.01297208153817453,0.20837200468129607,1.0,2.859999895095825,-0.013000011444091797
2022-09-01,5.181700229644775,0.011607752175486015,0.009340342008360347,-0.29240962723162767,25.559999465942383,-0.3100013732910156,-0.011983044578061208,0.12522234940955537,1.0,2.86299991607666,0.003000020980834961
2022-09-02,5.2403998374938965,0.011264568210155755,0.009220474475420517,0.10052249784535465,25.469999313354492,-0.09000015258789062,-0.003521132803927185,0.1113495544062749,1.0,2.819999933242798,-0.042999982833862305
2022-09-05,5.171000003814697,-0.013331706135335878,0.009498514314083637,-0.46980273358088837,25.469999313354492,0.0,0.0,0.15962359327775258,1.0,2.819999933242798,0.0
2022-09-06,5.153900146484375,-0.003312356093704207,0.009202618036570779,-0.6128847917470105,26.90999984741211,1.4400005340576172,0.056537124965786445,0.6379466230863798,1.0,2.8450000286102295,0.02500009536743164
2022-09-07,5.247200012207031,0.01794086526568831,0.009997798073304505,0.11125470660782652,24.639999389648438,-2.270000457763672,-0.08435527575753499,-0.033500171489470036,1.0,2.933000087738037,0.08800005912780762
2022-09-08,5.246699810028076,-9.533199054827403e-05,0.009865567627397305,0.0828179707894667,23.610000610351562,-1.029998779296875,-0.041801899545889976,-0.3255342764337816,1.0,2.950000047683716,0.01699995994567871
2022-09-09,5.2133002281188965,-0.0063861750094076205,0.009666555818656582,-0.21519232298430563,22.790000915527344,-0.8199996948242188,-0.03473103234333241,-0.5735748762856785,1.0,2.9679999351501465,0.017999887466430664
2022-09-12,5.146299839019775,-0.012935117737328439,0.009406918646370848,-0.7702672137076025,23.8700008392334,1.0799999237060547,0.047389200540585596,-0.16700456156517343,1.0,2.994999885559082,0.026999950408935547
2022-09-13,5.0920000076293945,-0.010607296393023845,0.009698051537261044,-1.1946767535454796,27.270000457763672,3.3999996185302734,0.14243818596528657,1.1133631092201022,1.0,3.1530001163482666,0.15800023078918457
2022-09-14,5.189799785614014,0.019024437287233548,0.010421051538893278,-0.4035373903815239,26.15999984741211,-1.1100006103515625,-0.04070409210556314,0.7330241499734609,1.0,3.128000020980835,-0.02500009536743164
2022-09-15,5.162700176239014,-0.005235386886881024,0.010449682139487104,-0.6218123764628518,26.270000457763672,0.1100006103515625,0.004204916322369412,0.8119757805302736,1.0,3.0950000286102295,-0.03299999237060547
2022-09-16,5.246099948883057,0.01602520106796499,0.011049761770615294,0.06454963463387577,26.299999237060547,0.029998779296875,0.001141940570009048,0.8349333787611508,1.0,3.069999933242798,-0.02500009536743164
2022-09-19,5.250699996948242,0.0008764668057697023,0.011049181756878867,0.10118115493864521,25.760000228881836,-0.5399990081787109,-0.02053228227542203,0.6349465645185315,1.0,3.0350000858306885,-0.034999847412109375
2022-09-20,5.170899868011475,-0.015314671384941112,0.011608831466486226,-0.5460849635556483,27.15999984741211,1.3999996185302734,0.054347810795459806,1.2105961557625429,1.0,3.243000030517578,0.20799994468688965
2022-09-21,5.141499996185303,-0.005701864137450219,0.011437617402121817,-0.7671048136189839,27.989999771118164,0.8299999237060547,0.030559643901659994,1.5466722393789984,1.0,3.190000057220459,-0.05299997329711914
2022-09-22,5.170400142669678,0.005605217614929959,0.011496410298629725,-0.5288002315971545,27.350000381469727,-0.6399993896484375,-0.02286528741986016,1.3184286019837348,1.0,3.130000114440918,-0.059999942779541016
2022-09-23,5.115499973297119,-0.010674941443232479,0.01176939242415257,-0.951780795228192,29.920000076293945,2.5699996948242188,0.09396708076704297,2.2585158963115073,1.0,3.1080000400543213,-0.02200007438659668
2022-09-26,5.258800029754639,0.027627728381515154,0.013059265267571946,0.2219480222234971,32.2599983215332,2.339998245239258,0.07820849730188573,2.9245278370579366,1.0,3.1649999618530273,0.056999921798706055
2022-09-27,5.389400005340576,0.024531192963068518,0.013809833123111763,1.2677985554707836,32.599998474121094,0.3400001525878906,0.010539372916239298,2.836319378828737,1.0,3.25,0.08500003814697266
2022-09-28,5.3780999183654785,-0.002098925693744924,0.013382096527508254,1.1787694539307696,30.18000030517578,-2.4199981689453125,-0.07423307614159502,1.9319293173605716,1.0,3.2300000190734863,-0.019999980926513672
2022-09-29,5.374199867248535,-0.0007254357422580506,0.013220614842041414,1.1662991504625642,31.84000015258789,1.6599998474121094,0.05500330784050478,2.3419361550300635,1.0,3.2179999351501465,-0.012000083923339844
2022-09-30,5.396200180053711,0.004085334492170301,0.013047117406825098,1.3265839762001406,31.6200008392334,-0.2199993133544922,-0.0069095261400811125,2.1443732210542343,1.0,3.180000066757202,-0.037999868392944336
2022-10-03,5.414299964904785,0.0033485595524510173,0.012576118790018527,1.4263451830134242,30.100000381469727,-1.5200004577636719,-0.048070854440891986,1.6244057928086144,1.0,3.1500000953674316,-0.029999971389770508
2022-10-04,5.16349983215332,-0.04742898344712146,0.016778866198979017,-0.5476347086231933,29.06999969482422,-1.0300006866455078,-0.03421929148145797,1.29493221522398,1.0,3.315000057220459,0.16499996185302734
2022-10-05,5.17579984664917,0.0023792753243331946,0.016260463243852236,-0.4232704522974974,28.549999237060547,-0.5200004577636719,-0.01788787283187543,1.1235542713398414,1.0,3.2929999828338623,-0.02200007438659668
2022-10-06,5.195199966430664,0.003741228957561316,0.016290389065915182,-0.2407560635041596,30.520000457763672,1.970001220703125,0.06900179591409161,1.6469200322738027,1.0,3.2880001068115234,-0.004999876022338867
2022-10-07,5.220099925994873,0.004781428717381144,0.016269146940127835,-0.004977400658059671,31.360000610351562,0.8400001525878906,0.027522940366608406,1.8023944016816926,1.0,3.2929999828338623,0.004999876022338867
2022-10-10,5.198400020599365,-0.004165654726884905,0.0160165455261222,-0.16399862303138324,32.45000076293945,1.0900001525878906,0.03475765725043045,2.0014622144987175,1.0,3.2850000858306885,-0.007999897003173828
2022-10-11,5.186800003051758,-0.0022339526143722237,0.01581904356930613,-0.2365352055111772,33.630001068115234,1.1800003051757812,0.036363644913174786,2.1838155947270366,1.0,3.3399999141693115,0.05499982833862305
2022-10-12,5.292099952697754,0.02009819630240412,0.01588539646942872,0.7506711264388026,33.56999969482422,-0.060001373291015625,-0.0017841620988797713,2.0500567010804427,1.0,3.5329999923706055,0.19300007820129395
2022-10-13,5.291500091552734,-0.0001133567298752966,0.015821145415624436,0.8094868259198525,31.940000534057617,-1.6299991607666016,-0.04855523311243615,1.5761105719785928,1.0,3.5829999446868896,0.04999995231628418
2022-10-14,5.259799957275391,-0.0060087817633044304,0.01550073684163488,0.5799692424813465,32.02000045776367,0.07999992370605469,0.0025046938750283854,1.5319954369818993,1.0,3.628000020980835,0.04500007629394531
2022-10-17,5.327400207519531,0.012770358147259374,0.01575690764261501,1.4068523818734315,31.3700008392334,-0.6499996185302734,-0.02029980041342172,1.3264787707579642,1.0,3.687999963760376,0.059999942779541016
2022-10-18,5.2773590087890625,-0.00943756838423154,0.015494653074495266,0.8808541927234782,30.5,-0.8700008392333984,-0.02773352935793738,1.0862896534526782,1.0,3.8329999446868896,0.14499998092651367
2022-10-19,5.239799976348877,-0.007142459701354538,0.015530846576001938,0.48611486808736215,30.760000228881836,0.26000022888183594,0.008524597668256861,1.109730847028305,1.0,3.8929998874664307,0.059999942779541016
2022-10-20,5.269199848175049,0.005595194408012269,0.015530688508340586,0.8204952396561369,29.979999542236328,-0.7800006866455078,-0.02535762941617703,0.8973261445468164,1.0,3.890000104904175,-0.0029997825622558594
2022-10-21,5.216599941253662,-0.010032682137617023,0.015506038620054468,0.20360178498508164,29.690000534057617,-0.28999900817871094,-0.009673082475206707,0.8014535350042564,1.0,3.884999990463257,-0.005000114440917969
2022-10-24,5.163400173187256,-0.010250526647778039,0.014349915887250757,-0.41189984427269255,29.850000381469727,0.15999984741210938,0.005389014635704514,0.8115102562561854,1.0,3.9130001068115234,0.0280001163482666
2022-10-25,5.30620002746582,0.027280642584411107,0.014617205547714262,1.2052982157202798,28.459999084472656,-1.3900012969970703,-0.04656620700949654,0.4682189663936393,1.0,3.9649999141693115,0.051999807357788086
2022-10-26,5.315199851989746,0.001694659231349416,0.014623773326491044,1.2910087770870915,27.280000686645508,-1.1799983978271484,-0.041461645670640146,0.17193495333406525,1.0,3.930000066757202,-0.034999847412109375
2022-10-27,5.383900165557861,0.012842436778980828,0.014928601484516857,1.9954540251909967,27.389999389648438,0.10999870300292969,0.004032210419143256,0.17670852837521717,1.0,3.930000066757202,0.0
2022-10-28,5.339200019836426,-0.00833721663900248,0.01501182543798486,1.451081497875,25.75,-1.6399993896484375,-0.05987584615530317,-0.23886292865495581,1.0,3.9700000286102295,0.039999961853027344
2022-10-31,5.28849983215332,-0.009541212682296019,0.015112855843296488,0.8744801525132135,25.8799991607666,0.12999916076660156,0.005048511097732078,-0.2292244239810082,1.0,3.9749999046325684,0.004999876022338867
2022-11-01,5.178800106048584,-0.02096123036812124,0.011599978238938723,-0.3245753082876563,25.809999465942383,-0.06999969482421875,-0.0027047796404234825,-0.2666108793722867,1.0,4.050000190734863,0.07500028610229492
2022-11-02,5.142399787902832,-0.007053534363525042,0.01169584691873496,-0.7263040192498513,25.860000610351562,0.05000114440917969,0.0019372780102207,-0.28746146066269923,1.0,4.025000095367432,-0.02500009536743164
2022-11-03,5.142600059509277,3.894440630862441e-05,0.01165735903571317,-0.7397087747462235,25.299999237060547,-0.5600013732910156,-0.02165511833231948,-0.4650748455630772,1.0,4.025000095367432,0.0
2022-11-04,5.1149001121521,-0.005400928925685981,0.011636486260441944,-1.0306182219882591,24.549999237060547,-0.75,-0.029644269668647527,-0.7067586066088066,1.0,4.013000011444092,-0.012000083923339844
2022-11-07,5.078132152557373,-0.007214363324216565,0.011699688026817064,-1.4349832613580333,24.350000381469727,-0.1999988555908203,-0.00814659314892785,-0.8038979916753167,1.0,3.9830000400543213,-0.029999971389770508
2022-11-08,5.153326988220215,0.014699015753863575,0.01221978808100286,-0.627904322668766,25.540000915527344,1.1900005340576172,0.04887065771724597,-0.516782789613638,1.0,4.090000152587891,0.10700011253356934
2022-11-09,5.14300012588501,-0.002005931956803371,0.011235485866293507,-0.7425715313721243,26.09000015258789,0.5499992370605469,0.021534816654065425,-0.40271156718012263,1.0,4.0929999351501465,0.0029997825622558594
2022-11-10,5.185200214385986,0.008171863819760853,0.011437470569534054,-0.2795366451651025,23.530000686645508,-2.559999465942383,-0.09812186473630413,-1.244779247155927,1.0,4.054999828338623,-0.03800010681152344
2022-11-11,5.341579914093018,0.029713018185824926,0.013260439715337129,1.4005141495920685,22.520000457763672,-1.010000228881836,-0.04292393537646866,-1.603731869622712,1.0,4.063000202178955,0.008000373840332031
2022-11-14,5.279058933258057,-0.011773623779915308,0.013227223549362406,0.6961941960157989,23.729999542236328,1.2099990844726562,0.05372997601585361,-1.2144779241055508,1.0,4.067999839782715,0.004999637603759766
2022-11-15,5.331200122833252,0.009828527095372318,0.01324021894460641,1.2209809450863673,24.540000915527344,0.8100013732910156,0.03413406611531178,-0.9592445218347587,1.0,4.130000114440918,0.062000274658203125
2022-11-16,5.331699848175049,9.373160088180766e-05,0.013118478983070895,1.1865985683007414,24.110000610351562,-0.43000030517578125,-0.017522424170070217,-1.1147270982996866,1.0,4.125,-0.005000114440917969
2022-11-17,5.39900016784668,0.012543674132960729,0.013340357539947055,1.8304140282240615,23.93000030517578,-0.18000030517578125,-0.007465794301908857,-1.2067832392192375,1.0,4.11299991607666,-0.012000083923339844
2022-11-18,5.422100067138672,0.004269424343009836,0.01308651144762249,1.9779924291580464,23.1200008392334,-0.8099994659423828,-0.03384870270006601,-1.440298359021282,1.0,4.135000228881836,0.02200031280517578
2022-11-21,5.38129997253418,-0.007553231099348049,0.012967715881370544,1.509599385523315,22.360000610351562,-0.7600002288818359,-0.03287198102485167,-1.6310245962925758,1.0,4.0980000495910645,-0.037000179290771484
2022-11-22,5.318600177764893,-0.011719831318336897,0.01186180899059083,0.8323817842992964,21.290000915527344,-1.0699996948242188,-0.0478532945266944,-1.887952803284337,1.0,4.197999954223633,0.09999990463256836
2022-11-23,5.357699871063232,0.0073246101977828115,0.011967558840189402,1.2175016611691982,20.350000381469727,-0.9400005340576172,-0.04415220731024261,-2.0730525167918716,1.0,4.199999809265137,0.0019998550415039062
2022-11-24,5.35830020904541,0.00011204516206016233,0.011603871223156951,1.1825281432598493,20.350000381469727,0.0,0.0,-1.9812988332100243,1.0,4.199999809265137,0.0
2022-11-25,5.320000171661377,-0.0071734639890641706,0.011563971002968885,0.7503062224143033,20.5,0.14999961853027344,0.007370988487393815,-1.8602093044544183,1.0,4.175000190734863,-0.024999618530273438
2022-11-28,5.4085001945495605,0.01649849043855331,0.011915107653921432,1.6320652778095825,22.209999084472656,1.7099990844726562,0.08341458948647107,-1.3463572379748747,1.0,4.183000087738037,0.007999897003173828
2022-11-29,5.364699840545654,-0.008131399249923982,0.010971627783532709,1.129952138161102,21.889999389648438,-0.31999969482421875,-0.014407911211844038,-1.3881097121150001,1.0,4.252999782562256,0.06999969482421875
2022-11-30,5.268199920654297,-0.01815169363809969,0.01169765789796307,0.10652467250194678,20.579999923706055,-1.3099994659423828,-0.05984465520642579,-1.688989211022859,1.0,4.252999782562256,0.0
2022-12-01,5.181589126586914,-0.016576942753210047,0.012356580751397565,-0.7930137798191804,19.84000015258789,-0.7399997711181641,-0.03595722905060661,-1.8269492858178173,0.0,4.192999839782715,-0.059999942779541016
2022-12-02,5.183599948883057,0.0003879952997918146,0.012281670607426425,-0.7641992028595344,19.059999465942383,-0.7800006866455078,-0.039314550435815665,-1.9646379576914572,0.0,4.208000183105469,0.015000343322753906
2022-12-05,5.2179999351501465,0.006614388568591274,0.012203624140679041,-0.4205314140913591,20.75,1.6900005340576172,0.08866739671621793,-1.4999029687514756,1.0,4.1579999923706055,-0.05000019073486328
2022-12-06,5.28000020980835,0.01181196316816793,0.012053672451258842,0.20800912777231761,22.170000076293945,1.4200000762939453,0.06843373861657565,-1.111764135413217,1.0,4.21999979019165,0.06199979782104492
2022-12-07,5.234000205993652,-0.00875029398981506,0.012241380815638456,-0.30142613401148893,22.68000030517578,0.5100002288818359,0.02300406978469849,-0.9635837583721388,1.0,4.183000087738037,-0.03699970245361328
2022-12-08,5.203999996185303,-0.005748283547557026,0.012200445330614406,-0.6407529085746293,22.290000915527344,-0.3899993896484375,-0.017195740052941555,-1.0334325478073052,1.0,4.150000095367432,-0.03299999237060547
2022-12-09,5.224299907684326,0.0038932399963874198,0.010095522009133944,-0.4131256756044688,22.829999923706055,0.5399990081787109,0.024226064872098885,-0.8821136497462914,1.0,4.172999858856201,0.02299976348876953
2022-12-12,5.235000133514404,0.0020460699130695737,0.009795733139739223,-0.29259887882822216,25.0,2.1700000762939453,0.09505037597659727,-0.3546387703790789,1.0,4.168000221252441,-0.004999637603759766
2022-12-13,5.321300029754639,0.016350770169473113,0.010252749062284027,0.6300572547359284,22.549999237060547,-2.450000762939453,-0.09800003051757811,-0.9207815748965192,1.0,4.248000144958496,0.07999992370605469
2022-12-14,5.292799949645996,-0.005370243102656389,0.010320089679247172,0.2923470554834422,21.139999389648438,-1.4099998474121094,-0.06252771153512049,-1.2170087489265045,1.0,4.21999979019165,-0.028000354766845703
2022-12-15,5.277200222015381,-0.002951700795339309,0.009871803007299366,0.09869316048224398,22.829999923706055,1.6900005340576172,0.07994326314338274,-0.7949829849871605,1.0,4.2129998207092285,-0.006999969482421875
2022-12-16,5.311800003051758,0.006535065339284171,0.009949846851919828,0.4643862353185235,22.6200008392334,-0.20999908447265625,-0.009198383056260973,-0.8165177561159968,1.0,4.163000106811523,-0.04999971389770508
2022-12-19,5.306509017944336,-0.0009965778044061049,0.009830825587992023,0.3933718645685581,22.420000076293945,-0.20000076293945312,-0.008841766380156879,-0.8354683171606571,1.0,4.163000106811523,0.0
2022-12-20,5.291600227355957,-0.0028134830615058875,0.009501572533680145,0.24333699477317144,21.479999542236328,-0.9400005340576172,-0.041926874703784645,-1.0292805271539476,1.0,4.230000019073486,0.06699991226196289
2022-12-21,5.198400020599365,-0.017769810676199104,0.010086926991338636,-0.8242651456620708,20.06999969482422,-1.4099998474121094,-0.06564245239575606,-1.3228710027202348,1.0,4.204999923706055,-0.02500009536743164
2022-12-22,5.199900150299072,0.0002885336421259301,0.010088497037444952,-0.7787202193583831,21.969999313354492,1.8999996185302734,0.09466864212360981,-0.8373853157569977,1.0,4.208000183105469,0.0030002593994140625
2022-12-23,5.165599822998047,-0.00661819547285758,0.010072814903943886,-1.1545263993358443,20.8700008392334,-1.0999984741210938,-0.05006820703232606,-1.0732111527311607,1.0,4.192999839782715,-0.015000343322753906
2022-12-26,5.164299964904785,-0.00025166906297477074,0.00915444214912236,-1.1414231338090166,20.8700008392334,0.0,0.0,-1.0386453076131485,1.0,4.192999839782715,0.0
2022-12-27,5.21750020980835,0.010248841180019081,0.009456884759464951,-0.5021510398759514,21.649999618530273,0.779998779296875,0.03737416137667604,-0.8172104259843574,1.0,4.195000171661377,0.0020003318786621094
2022-12-28,5.292300224304199,0.014234576189807294,0.00920532322420118,0.40647588932763434,22.139999389648438,0.48999977111816406,0.02263278428415183,-0.671125352759272,1.0,4.3379998207092285,0.14299964904785156
2022-12-29,5.2667999267578125,-0.00483002277779534,0.008417696084851652,0.0725745793246319,21.440000534057617,-0.6999988555908203,-0.03161693201844007,-0.8172909790312276,1.0,4.295000076293945,-0.0429997444152832
2022-12-30,5.284599781036377,0.003373935526433006,0.008436172844448158,0.2836734669086252,21.670000076293945,0.22999954223632812,0.010727590322163083,-0.7334267274587056,1.0,4.260000228881836,-0.034999847412109375
2023-01-02,5.2855000495910645,0.00017034248896217745,0.008331452673146911,0.2780856310319803,21.670000076293945,0.0,0.0,-0.7101341640760478,1.0,4.260000228881836,0.0
2023-01-03,5.360130786895752,0.014021143716220222,0.00850026460925865,1.1828634816673012,22.899999618530273,1.2299995422363281,0.05676047706072218,-0.35462653042726217,1.0,4.255000114440918,-0.005000114440917969
2023-01-04,5.478499889373779,0.02184294534524242,0.009404658719870312,2.4949803767349166,22.010000228881836,-0.8899993896484375,-0.03886460281546322,-0.5847904776453621,1.0,4.400000095367432,0.14499998092651367
2023-01-05,5.430099964141846,-0.008873777291577652,0.009569652751953107,1.8348890168434566,22.459999084472656,0.4499988555908203,0.02044519995053551,-0.42406418813416974,1.0,4.498000144958496,0.09800004959106445
2023-01-06,5.349800109863281,-0.014898345811402295,0.0102829818806989,0.8805176150254546,21.1299991607666,-1.3299999237060547,-0.05921638370081361,-0.827786823105611,1.0,4.493000030517578,-0.005000114440917969
2023-01-09,5.224400043487549,-0.02371923052237622,0.011687690926593199,-0.5448084451217575,21.969999313354492,0.8400001525878906,0.03975391320164223,-0.5275518039863873,1.0,4.482999801635742,-0.010000228881835938
2023-01-10,5.253699779510498,0.005592581266659695,0.011124657376345562,-0.20238437248810123,20.579999923706055,-1.3899993896484375,-0.06326806705012156,-1.002150420904223,1.0,4.565000057220459,0.0820002555847168
2023-01-11,5.198299884796143,-0.010600921414194346,0.011301808395050959,-0.82894074926006,21.09000015258789,0.5100002288818359,0.024781352321307182,-0.805236861501408,1.0,4.554999828338623,-0.010000228881835938
2023-01-12,5.1585001945495605,-0.0076857496249666014,0.011396203158763621,-1.2472373167403084,18.829999923706055,-2.260000228881836,-0.10715980144763149,-1.6833702033513687,0.0,4.474999904632568,-0.07999992370605469
2023-01-13,5.107699871063232,-0.009896697472452306,0.011406256178087151,-1.7581684596299074,18.350000381469727,-0.4799995422363281,-0.025491213180093064,-1.8719125414335371,0.0,4.48799991607666,0.013000011444091797
2023-01-16,5.080699920654297,-0.005300148044204099,0.011427716116770556,-1.9925989592325897,18.350000381469727,0.0,0.0,-1.8868645299226268,0.0,4.48799991607666,0.0
2023-01-17,5.145999908447266,0.012770664312500886,0.011903250366323429,-1.2449521329384692,19.360000610351562,1.010000228881836,0.055040883263509865,-1.4319729749944894,0.0,4.493000030517578,0.005000114440917969
2023-01-18,5.099599838256836,-0.009057622503507817,0.011422155615843182,-1.6643535651810042,20.34000015258789,0.9799995422363281,0.0506198094700645,-0.9568904448685018,1.0,4.53000020980835,0.037000179290771484
2023-01-19,5.185299873352051,0.01666560122755148,0.012084181458700232,-0.7438935585704879,20.520000457763672,0.18000030517578125,0.008849572459461275,-0.8548276839142762,1.0,4.525000095367432,-0.005000114440917969
2023-01-20,5.172999858856201,-0.002374911055878771,0.012001433931972864,-0.8446332495867284,19.850000381469727,-0.6700000762939453,-0.03265107511439913,-1.1653079996908076,0.0,4.538000106811523,0.013000011444091797
2023-01-23,5.206299781799316,0.006416625080872751,0.012084321627465531,-0.47906081038173215,19.809999465942383,-0.04000091552734375,-0.0020151594336836887,-1.1592698713775589,0.0,4.534999847412109,-0.0030002593994140625
2023-01-24,5.205900192260742,-7.675410379474394e-05,0.011860117956589727,-0.48950950421040484,19.200000762939453,-0.6099987030029297,-0.030792464384042373,-1.449343165748914,0.0,4.572999954223633,0.03800010681152344
2023-01-25,5.138400077819824,-0.013050872607543432,0.011691179290119237,-1.200410531038628,19.079999923706055,-0.12000083923339844,-0.006250043461718424,-1.4849105715420923,0.0,4.545000076293945,-0.0279998779296875
2023-01-26,5.072199821472168,-0.01296714876936815,0.011952721183279714,-1.8512271297512732,18.729999542236328,-0.35000038146972656,-0.018343835580149404,-1.6334303539059574,0.0,4.543000221252441,-0.0019998550415039062
2023-01-27,5.062745094299316,-0.001865768387328767,0.011888697950759902,-1.9110391349867213,18.510000228881836,-0.2199993133544922,-0.011745825879941552,-1.6950432311171264,0.0,4.547999858856201,0.004999637603759766
2023-01-30,5.1072001457214355,0.008742492416340144,0.012128639408578673,-1.4746372906586138,19.940000534057617,1.4300003051757812,0.07725555307905929,-0.8740227549052282,0.0,4.534999847412109,-0.013000011444091797
2023-01-31,5.1149001121521,0.001506533431049337,0.01158464359717462,-1.3779165651760885,19.399999618530273,-0.5400009155273438,-0.02708128891997874,-1.1600102492424806,0.0,4.570000171661377,0.03500032424926758
2023-02-01,5.072199821472168,-0.008383257460060635,0.010145800590827106,-1.7703206422567728,17.8700008392334,-1.529998779296875,-0.07886591800937293,-2.0353420918914154,0.0,4.519999980926514,-0.05000019073486328
2023-02-02,5.053500175476074,-0.003693506080584142,0.0100767629787416,-1.8823186298801842,18.729999542236328,0.8599987030029297,0.04812527490848306,-1.4664751206344866,0.0,4.510000228881836,-0.009999752044677734
2023-02-03,5.049200057983398,-0.0008512808760013656,0.00973097376143182,-1.8350515448640812,18.329999923706055,-0.39999961853027344,-0.021356093342568938,-1.6349041719263564,0.0,4.5229997634887695,0.012999534606933594
2023-02-06,5.149799823760986,0.019728018367345168,0.009686147203211199,-0.851363154447773,19.43000030517578,1.1000003814697266,0.06001093213574449,-0.9570962342235788,0.0,4.5329999923706055,0.010000228881835938
2023-02-07,5.145699977874756,-0.0007964345941307495,0.009571710266556647,-0.8610177970912299,18.65999984741211,-0.7700004577636719,-0.039629461949033495,-1.3888912339250132,0.0,4.570000171661377,0.037000179290771484
2023-02-08,5.2093000411987305,0.012284087488030483,0.009734915370752256,-0.24020912896168736,19.6299991607666,0.9699993133544922,0.05198281464557564,-0.7728072089400109,0.0,4.585000038146973,0.014999866485595703
2023-02-09,5.19950008392334,-0.0018830143826886578,0.009575648264616191,-0.30838532563128834,20.709999084472656,1.0799999237060547,0.055017828317822426,-0.06305825993700308,1.0,4.61299991607666,0.0279998779296875
2023-02-10,5.2895002365112305,0.017161284899228656,0.009949095101866152,0.6067929396515385,20.530000686645508,-0.17999839782714844,-0.008691376426090858,-0.15486221544665385,1.0,4.635000228881836,0.02200031280517578
2023-02-13,5.213482856750488,-0.014475641157900412,0.010488187382867229,-0.1293713148935187,20.34000015258789,-0.1900005340576172,-0.009254774851576553,-0.2606922995993501,1.0,4.644999980926514,0.009999752044677734
2023-02-14,5.158400058746338,-0.010621661721536396,0.010444740017418975,-0.6678665854911926,18.90999984741211,-1.4300003051757812,-0.07030483256873721,-1.1764036646517158,0.0,4.659999847412109,0.014999866485595703
2023-02-15,5.191500186920166,0.006396243487813312,0.010300664782708694,-0.30446228899936717,18.229999542236328,-0.6800003051757812,-0.03595982605303094,-1.5686429017698398,0.0,4.64300012588501,-0.01699972152709961
2023-02-16,5.2179999351501465,0.0050914655200201935,0.00967396144816298,-0.003798124366144431,20.170000076293945,1.9400005340576172,0.10641802428809233,-0.3118039213057453,1.0,4.664999961853027,0.021999835968017578
2023-02-17,5.216800212860107,-0.00022994638676507667,0.00965444884939339,0.0017440015474839894,20.020000457763672,-0.14999961853027344,-0.007436768367024893,-0.40306765975241865,1.0,4.679999828338623,0.014999866485595703
2023-02-20,5.165168762207031,-0.009946451668818097,0.00981171975907676,-0.5269689631371973,20.020000457763672,0.0,0.0,-0.3824069083580915,1.0,4.679999828338623,0.0
2023-02-21,5.1666998863220215,0.0002963886162872151,0.009812714640165237,-0.4843998151104147,22.8700008392334,2.8500003814697266,0.14235765815702117,1.4432117226293337,1.0,4.688000202178955,0.008000373840332031
2023-02-22,5.166500091552734,-3.867045440711759e-05,0.009348637915722033,-0.4683232002250495,22.290000915527344,-0.5799999237060547,-0.025360730320178493,1.0422887989328926,1.0,4.695000171661377,0.006999969482421875
2023-02-23,5.151199817657471,-0.0029658325489603284,0.0088577561486288,-0.6352097263745865,21.139999389648438,-1.1500015258789062,-0.051592708777226104,0.29689243338809546,1.0,4.690000057220459,-0.005000114440917969
2023-02-24,5.136199951171875,-0.002916164910976037,0.008877316415790811,-0.7928948916575965,21.670000076293945,0.5300006866455078,0.025070988739244404,0.6107151106534392,1.0,4.703000068664551,0.013000011444091797
2023-02-27,5.207799911499023,0.013843987784397958,0.00918781579625822,0.018999681187199677,20.950000762939453,-0.7199993133544922,-0.03322562578770549,0.14674634982631748,1.0,4.664999961853027,-0.03800010681152344
2023-02-28,5.199699878692627,-0.0015565764314527184,0.009204010354054187,-0.05785049908039258,20.700000762939453,-0.25,-0.011933173789771434,0.002154137294906284,1.0,4.710000038146973,0.04500007629394531
2023-03-01,5.235899925231934,0.006937826751138269,0.009033526625167432,0.3537921642573785,20.579999923706055,-0.12000083923339844,-0.0057971417782864965,-0.05352680636151121,1.0,4.724999904632568,0.014999866485595703
2023-03-02,5.178299903869629,-0.011061936522338422,0.009402973770069734,-0.2966585077735063,19.59000015258789,-0.9899997711181641,-0.04810494532498932,-0.6769226602437319,0.0,4.7230000495910645,-0.0019998550415039062
2023-03-03,5.1996002197265625,0.0041049432955481135,0.009410825288632288,-0.049760937960418514,18.489999771118164,-1.1000003814697266,-0.05615111653403504,-1.3579617068899839,0.0,4.7179999351501465,-0.005000114440917969
2023-03-06,5.194399833679199,-0.0010006516171971287,0.008378777525065372,-0.10132825199315472,18.610000610351562,0.12000083923339844,0.006490040060511015,-1.291190000325491,0.0,4.728000164031982,0.010000228881835938
2023-03-07,5.152200222015381,-0.00815723917715694,0.008594425723017522,-0.557087662831086,19.59000015258789,0.9799995422363281,0.052659833965358116,-0.5735748275524468,0.0,4.84499979019165,0.11699962615966797
2023-03-08,5.190000057220459,0.0073098571872029575,0.008288689002265552,-0.10214044869998057,19.110000610351562,-0.4799995422363281,-0.02450227353229084,-0.8901745760236554,0.0,4.882999897003174,0.03800010681152344
2023-03-09,5.144400119781494,-0.008824940509278546,0.008506011992302942,-0.6101574467253275,22.610000610351562,3.5,0.1831501773005757,1.6229618987180705,1.0,4.8480000495910645,-0.034999847412109375
2023-03-10,5.163700103759766,0.0037446291968754974,0.007507578812176575,-0.36077642416641376,24.799999237060547,2.1899986267089844,0.09685973319727981,2.9857137537015315,1.0,4.802999973297119,-0.04500007629394531
2023-03-13,5.21560001373291,0.010000740309694296,0.007219646328424372,0.27758645888212524,26.520000457763672,1.720001220703125,0.06935489006518969,3.658967071164365,1.0,4.6579999923706055,-0.14499998092651367
2023-03-14,5.245699882507324,0.005754533783593651,0.0068693202420939,0.6552761282377576,23.729999542236328,-2.7900009155273438,-0.10520365261572151,1.8976468985334207,1.0,4.679999828338623,0.021999835968017578
2023-03-15,5.251699924468994,0.001143148346332595,0.0067449576116017295,0.714302929588616,26.139999389648438,2.4099998474121094,0.10155920328285806,2.9915659660924523,1.0,4.558000087738037,-0.12199974060058594
2023-03-16,5.287099838256836,0.0067180414703885945,0.006811739424107074,1.113224453206917,22.989999771118164,-3.1499996185302734,-0.12050496144149447,1.2712042133188808,1.0,4.53000020980835,-0.0279998779296875
2023-03-17,5.229599952697754,-0.010935076529255645,0.007289041710435855,0.41164266939415917,25.510000228881836,2.520000457763672,0.10961289616581449,2.4411051480292723,1.0,4.293000221252441,-0.2369999885559082
2023-03-20,5.2778000831604,0.009174575707184274,0.007151543781579848,0.9594213753534792,24.149999618530273,-1.3600006103515625,-0.05331244994705253,1.6823632977941785,1.0,4.465000152587891,0.17199993133544922
2023-03-21,5.2357001304626465,-0.008008784299905118,0.007434862929892044,0.4546951473197566,21.3799991607666,-2.770000457763672,-0.11469981372746085,0.3169100336631607,1.0,4.605000019073486,0.1399998664855957
2023-03-22,5.240900039672852,0.0009926712011068765,0.007433314222072911,0.5311736593225153,22.260000228881836,0.8800010681152344,0.041160014156131464,0.7503367971920252,1.0,4.563000202178955,-0.04199981689453125
2023-03-23,5.236100196838379,-0.0009162628733270331,0.007393923395231432,0.4818018584205167,22.610000610351562,0.35000038146972656,0.015723287415586373,0.907994533501069,1.0,4.502999782562256,-0.06000041961669922
2023-03-24,5.2967000007629395,0.011507001264614704,0.007707343115490885,1.2048119978799714,21.739999771118164,-0.8700008392333984,-0.038478585393539766,0.48021215525019584,1.0,4.502999782562256,0.0
2023-03-27,5.245100021362305,-0.009789673754705047,0.007531113593960727,0.5981506578220912,20.600000381469727,-1.1399993896484375,-0.052437874960925224,-0.07062428881374605,1.0,4.583000183105469,0.08000040054321289
2023-03-28,5.1971001625061035,-0.009193502536149274,0.007821251535013625,0.05316495085957751,19.969999313354492,-0.6300010681152344,-0.030582575555772262,-0.3594185823791658,0.0,4.627999782562256,0.04499959945678711
2023-03-29,5.164400100708008,-0.006311860161249931,0.0077613528001691644,-0.32850786868150716,19.1200008392334,-0.8499984741210938,-0.04256377082360119,-0.7560551912146118,0.0,4.630000114440918,0.0020003318786621094
2023-03-30,5.134200096130371,-0.005864892425392378,0.007477542634571815,-0.7645882392710625,19.020000457763672,-0.10000038146972656,-0.005230145244791484,-0.778544728107944,0.0,4.664999961853027,0.034999847412109375
2023-03-31,5.092700004577637,-0.008115913705621258,0.007586196182496846,-1.415361396292302,18.700000762939453,-0.31999969482421875,-0.01682437892337696,-0.9111829059272344,0.0,4.585000038146973,-0.07999992370605469
2023-04-03,5.062300205230713,-0.00598717666741061,0.007666399620938571,-1.8272384046277155,18.549999237060547,-0.15000152587890625,-0.008021471644866773,-0.9535293065582569,0.0,4.570000171661377,-0.014999866485595703
2023-04-04,5.0630998611450195,0.00015795048308746176,0.007497884929956932,-1.740382241320385,19.0,0.4500007629394531,0.02425880223436394,-0.7164485762991212,0.0,4.728000164031982,0.15799999237060547
2023-04-05,5.070700168609619,0.001499991882082814,0.0072733842657328705,-1.5545481425393484,19.079999923706055,0.07999992370605469,0.004210522300318598,-0.6590121931594939,0.0,4.704999923706055,-0.023000240325927734
2023-04-06,5.033199787139893,-0.00742298594113292,0.007202058710082818,-2.0310623143389988,18.399999618530273,-0.6800003051757812,-0.03563942913495044,-0.9838901408980004,0.0,4.710000038146973,0.005000114440917969
2023-04-07,5.058300018310547,0.004974539645341881,0.007250623242727443,-1.6156007328501805,18.399999618530273,0.0,0.0,-0.984699101892176,0.0,4.710000038146973,0.0
2023-04-10,5.0543999671936035,-0.0007713175147861112,0.006772321100243239,-1.6508358382360833,18.969999313354492,0.5699996948242188,0.03097824492616752,-0.7157936317744363,0.0,4.8379998207092285,0.12799978256225586
2023-04-11,5.065299987792969,0.0021542189715353195,0.006613371740916095,-1.4458148721181663,19.100000381469727,0.13000106811523438,0.0068529822256617745,-0.64938236903143,0.0,4.880000114440918,0.04200029373168945
2023-04-12,5.004000186920166,-0.012175733587744184,0.006967817987177868,-2.222707295688096,19.09000015258789,-0.010000228881835938,-0.000523572182309362,-0.6418199887354139,0.0,4.860000133514404,-0.019999980926513672
2023-04-13,4.916900157928467,-0.017559347220534392,0.007394500234391088,-3.0836058954264702,17.799999237060547,-1.2900009155273438,-0.06757469383008197,-1.2302900376428356,0.0,4.855000019073486,-0.005000114440917969
2023-04-14,4.926700115203857,0.0019911333742171416,0.007286475598948298,-2.7164795689950423,17.06999969482422,-0.7299995422363281,-0.04101121199580893,-1.527302691628945,0.0,4.9029998779296875,0.04799985885620117
2023-04-17,4.908699989318848,-0.0036602773227931117,0.006701022315388656,-2.6941238293897416,16.950000762939453,-0.11999893188476562,-0.007029814530175482,-1.5302266665949902,0.0,4.922999858856201,0.019999980926513672
2023-04-18,4.939799785614014,0.006315662360864,0.006968010865352758,-2.2069544210208942,16.829999923706055,-0.12000083923339844,-0.007079695211328563,-1.5382532672929552,0.0,5.03000020980835,0.10700035095214844
2023-04-19,4.984300136566162,0.008968198538720005,0.007416806370768723,-1.6625254697795482,16.459999084472656,-0.37000083923339844,-0.02198460136130065,-1.649658239052028,0.0,4.994999885559082,-0.03500032424926758
2023-04-20,5.0742998123168945,0.017895547703726082,0.00870971614528903,-0.7235944624613297,17.170000076293945,0.7100009918212891,0.043134935073663616,-1.3090103911797162,0.0,4.945000171661377,-0.04999971389770508
2023-04-21,5.047699928283691,-0.005255867604843337,0.008175287872417607,-0.9962828532634205,16.770000457763672,-0.39999961853027344,-0.023296424971048224,-1.4509138143867024,0.0,4.949999809265137,0.004999637603759766
2023-04-24,5.047900199890137,3.967502752276789e-05,0.008001756250454864,-0.9769695314565645,16.889999389648438,0.11999893188476562,0.0071555711752655515,-1.3553216563770323,0.0,4.873000144958496,-0.07699966430664062
2023-04-25,5.033400058746338,-0.0028766430462225166,0.007822036519617102,-1.1019506428200032,18.760000228881836,1.8700008392333984,0.11071645392595375,-0.5558338353762161,0.0,4.953000068664551,0.07999992370605469
2023-04-26,5.053100109100342,0.0039062261588811136,0.007831792479090941,-0.8945687109877353,18.84000015258789,0.07999992370605469,0.004264388205224678,-0.5315000831621386,0.0,4.985000133514404,0.032000064849853516
2023-04-27,5.043000221252441,-0.0020007509605850207,0.007755068856034327,-0.9942385280026905,17.030000686645508,-1.8099994659423828,-0.09607215771140842,-1.275735248327776,0.0,5.0,0.014999866485595703
2023-04-28,4.976200103759766,-0.013334618561352285,0.00809128707016932,-1.636402749786093,15.779999732971191,-1.2500009536743164,-0.07339993560038638,-1.7447468110478348,0.0,4.922999858856201,-0.07700014114379883
2023-05-01,4.986000061035156,0.001967428936259029,0.008036687314692079,-1.4819542313209193,16.079999923706055,0.3000001907348633,0.01901141925294425,-1.5649177446587876,0.0,4.864999771118164,-0.05800008773803711
2023-05-02,4.9878997802734375,0.0003809381067547274,0.00803818140864092,-1.4125346177176357,17.780000686645508,1.7000007629394531,0.10572144098292036,-0.8699298539406417,0.0,5.039999961853027,0.17500019073486328
2023-05-03,5.038400173187256,0.010073670288657917,0.008385507367185992,-0.8944053858885219,18.34000015258789,0.5599994659423828,0.031496031738794894,-0.6343316801249788,0.0,5.09499979019165,0.05499982833862305
2023-05-04,4.9944000244140625,-0.008771316084400876,0.008450788453998666,-1.272738853916663,20.09000015258789,1.75,0.09541984653435587,0.07015267628824329,1.0,5.054999828338623,-0.039999961853027344
2023-05-05,4.982600212097168,-0.002365403936848254,0.008364637105079039,-1.3435764505341286,17.190000534057617,-2.8999996185302734,-0.14435040301165503,-1.0591456439470592,0.0,5.079999923706055,0.02500009536743164
2023-05-08,4.951700210571289,-0.006220891227829457,0.008453521243984925,-1.5742092685665778,16.979999542236328,-0.21000099182128906,-0.01221646220459538,-1.1086718023760826,0.0,5.083000183105469,0.0030002593994140625
2023-05-09,5.007999897003174,0.01130561874233126,0.008872053959389828,-1.0104267215939562,17.709999084472656,0.7299995422363281,0.042991729205911655,-0.8103819657528598,0.0,5.123000144958496,0.039999961853027344
2023-05-10,4.985899925231934,-0.004422699484241646,0.008499783980115546,-1.1765637955281711,16.940000534057617,-0.7699985504150391,-0.0434781812659798,-1.0949902881449554,0.0,5.065000057220459,-0.05800008773803711
2023-05-11,4.94290018081665,-0.00866167367500344,0.0077413448347718105,-1.5162874577871617,16.93000030517578,-0.010000228881835938,-0.0005903322648502796,-1.0675077482272948,0.0,5.014999866485596,-0.05000019073486328
2023-05-12,4.929500102996826,-0.0027146561451642094,0.0077575746128452075,-1.574812139052329,17.030000686645508,0.10000038146972656,0.005906696967935332,-1.0012841345423231,0.0,5.0279998779296875,0.013000011444091797
2023-05-15,4.920199871063232,-0.0018884300480086875,0.007723273810789789,-1.5908217490841323,17.1200008392334,0.09000015258789062,0.005284800291198266,-0.9414556708370765,0.0,5.0,-0.0279998779296875
2023-05-16,4.887899875640869,-0.006586415926279868,0.00771710136832393,-1.7912709641371696,17.989999771118164,0.8699989318847656,0.050817692128321434,-0.5877072442582266,0.0,5.058000087738037,0.05800008773803711
2023-05-17,4.9394001960754395,0.010481168076959157,0.007821795696456767,-1.2964095412402745,16.8700008392334,-1.1199989318847656,-0.062256750757876844,-0.9824036545893683,0.0,5.0879998207092285,0.029999732971191406
2023-05-18,4.937699794769287,-0.0003443118576358123,0.0065258883237703175,-1.265634654687737,16.049999237060547,-0.8200016021728516,-0.04860708721874096,-1.2510833550290494,0.0,5.125,0.037000179290771484
2023-05-19,4.964399814605713,0.005392812756512512,0.006625329582157661,-1.0073125766842346,16.809999465942383,0.7600002288818359,0.0473520414335562,-0.9317382629908867,0.0,5.085000038146973,-0.039999961853027344
2023-05-22,4.996799945831299,0.006505289777522464,0.006824841702477249,-0.7082930520021731,17.209999084472656,0.39999961853027344,0.02379533796777844,-0.7556668378338248,0.0,5.09499979019165,0.009999752044677734
2023-05-23,4.966100215911865,-0.0061628294144902805,0.006923691891917085,-0.9365115351560285,18.530000686645508,1.3200016021728516,0.07669969043541625,-0.24371858454240225,0.0,5.1529998779296875,0.05800008773803711
2023-05-24,4.971199989318848,0.0010263902165310152,0.0068530299784113485,-0.8640366165361992,20.030000686645508,1.5,0.0809498081174409,0.32836158298563434,1.0,5.184999942779541,0.032000064849853516
2023-05-25,4.958600044250488,-0.0025378057540360755,0.006858961966832608,-0.9400890605723545,19.139999389648438,-0.8900012969970703,-0.044433413204546524,-0.006386824376745833,0.0,5.163000106811523,-0.021999835968017578
2023-05-26,5.035200119018555,0.015329819211306115,0.007102074234808702,-0.26388654200115375,17.950000762939453,-1.1899986267089844,-0.0621733889580256,-0.45390199591052205,0.0,5.114999771118164,-0.048000335693359375
2023-05-29,4.992800235748291,-0.008456349109962718,0.0073729313375185835,-0.6060335884271639,17.950000762939453,0.0,0.0,-0.4491120400862067,0.0,5.114999771118164,0.0
2023-05-30,5.018099784851074,0.005054411274008832,0.007456947119251698,-0.36766084106692604,17.459999084472656,-0.4900016784667969,-0.027298142486906207,-0.6192022798763299,0.0,5.14300012588501,0.028000354766845703
2023-05-31,5.034800052642822,0.003322480761649321,0.007137268939027868,-0.2011085269869558,17.940000534057617,0.48000144958496094,0.02749149339943724,-0.43007546716621603,0.0,5.248000144958496,0.10500001907348633
2023-06-01,5.054800033569336,0.003964479652464538,0.006880380126271656,-0.011067786439096082,15.649999618530273,-2.2900009155273438,-0.12764776183701698,-1.251145756453976,0.0,5.203000068664551,-0.04500007629394531
2023-06-02,5.0131001472473145,-0.008283777953708701,0.007137159786406982,-0.36192033046243316,14.600000381469727,-1.0499992370605469,-0.06709260464245015,-1.616111779488966,0.0,5.215000152587891,0.012000083923339844
2023-06-05,4.956600189208984,-0.011334455602244258,0.0074672109028614065,-0.8393100209285516,14.729999542236328,0.12999916076660156,0.008904051874655927,-1.58358510449849,0.0,5.14300012588501,-0.07200002670288086
2023-06-06,4.925600051879883,-0.006273954839950053,0.007098026758707944,-1.0910636677279772,13.960000038146973,-0.7699995040893555,-0.05227423815469123,-1.8489278874925672,0.0,5.1579999923706055,0.014999866485595703
2023-06-07,4.9120001792907715,-0.002764877802161516,0.007063452874806536,-1.188278300070331,13.9399995803833,-0.020000457763671875,-0.0014326975436259604,-1.8905666673570478,0.0,5.1529998779296875,-0.005000114440917969
2023-06-08,4.922399997711182,0.0021149886337583496,0.006835238336397618,-1.07492854440696,13.649999618530273,-0.28999996185302734,-0.020803441218256724,-1.9596539153317354,0.0,5.099999904632568,-0.05299997329711914
2023-06-09,4.922100067138672,-6.093363210460972e-05,0.0068097233710879375,-1.052301667011747,13.829999923706055,0.18000030517578125,0.013186835912539108,-1.9243645715327649,0.0,5.09499979019165,-0.005000114440917969
2023-06-12,4.877900123596191,-0.00902045763047264,0.007090624153132306,-1.4846478039883628,15.010000228881836,1.1800003051757812,0.08532178681744873,-1.380045526609437,0.0,5.09499979019165,0.0
2023-06-13,4.860599994659424,-0.003552938732970972,0.006983678982532298,-1.6350909759129872,14.609999656677246,-0.40000057220458984,-0.02664893844804339,-1.540384968171879,0.0,5.099999904632568,0.005000114440917969
2023-06-14,4.861000061035156,8.230463579385214e-05,0.0065114655669599696,-1.611196077503955,13.880000114440918,-0.7299995422363281,-0.0499657467070983,-1.8796544143375817,0.0,5.079999923706055,-0.019999980926513672
2023-06-15,4.815000057220459,-0.009508133485528059,0.006793998548776314,-2.077521595255021,14.5,0.619999885559082,0.044668579282937326,-1.5533384652993283,0.0,5.054999828338623,-0.02500009536743164
2023-06-16,4.809199810028076,-0.0012053465170370522,0.006611792703463053,-2.182346504206395,13.539999961853027,-0.9600000381469727,-0.06620689918254985,-2.0343023006244767,0.0,5.065000057220459,0.010000228881835938
2023-06-19,4.807000160217285,-0.000457488375025914,0.006340976906077652,-2.209491674048996,13.539999961853027,0.0,0.0,-1.9634245140273343,0.0,5.065000057220459,0.0
2023-06-20,4.776899814605713,-0.006281460504051457,0.006345192783310082,-2.509915975887119,13.880000114440918,0.3400001525878906,0.025110794205745357,-1.7130447539748295,0.0,5.074999809265137,0.009999752044677734
2023-06-21,4.789299964904785,0.002592493890995986,0.006393236987489503,-2.281224080445531,13.199999809265137,-0.6800003051757812,-0.048991376049651536,-1.986977743719772,0.0,5.135000228881836,0.06000041961669922
2023-06-22,4.76230001449585,-0.005653507764527894,0.006448247470858736,-2.490683777464406,12.90999984741211,-0.28999996185302734,-0.02196969439722829,-2.0356532212177103,0.0,5.135000228881836,0.0
2023-06-23,4.7697367668151855,0.0015603703592092565,0.00509050198623053,-2.275016115376426,13.4399995803833,0.5299997329711914,0.041053426741707755,-1.6836832859209796,0.0,5.138000011444092,0.0029997825622558594
2023-06-26,4.7855000495910645,0.0032994047931560163,0.005070497935904228,-1.9870427601668923,14.25,0.8100004196166992,0.06026789024599055,-1.22193209425475,0.0,5.15500020980835,0.017000198364257812
2023-06-27,4.767300128936768,-0.003810389065959027,0.00479000806730282,-2.0880872026429667,13.739999771118164,-0.5100002288818359,-0.03578948974609375,-1.4318461428160087,0.0,5.179999828338623,0.024999618530273438
2023-06-28,4.810500144958496,0.009020925002309957,0.005300797216737369,-1.5404202299771685,13.430000305175781,-0.3099994659423828,-0.022561824680231046,-1.5331455270305259,0.0,5.170000076293945,-0.009999752044677734
2023-06-29,4.850500106811523,0.008280755486974382,0.005645041281271045,-1.051906758003038,13.539999961853027,0.1099996566772461,0.008190592269372798,-1.4229162583965338,0.0,5.175000190734863,0.005000114440917969
2023-06-30,4.855599880218506,0.0010508389328541755,0.005487311702010204,-0.9624679450723632,13.59000015258789,0.05000019073486328,0.00369277628328879,-1.3481831636459636,0.0,5.1529998779296875,-0.02200031280517578
2023-07-03,4.784200191497803,-0.014813791551098469,0.005855127144543596,-1.7049207124019965,13.569999694824219,-0.020000457763671875,-0.0014717040131794201,-1.31408374303291,0.0,5.144999980926514,-0.007999897003173828
2023-07-04,4.80649995803833,0.004650297971860337,0.00592202278953493,-1.407249921904955,13.569999694824219,0.0,0.0,-1.2735374440905751,0.0,5.144999980926514,0.0
2023-07-05,4.839900016784668,0.006924903032507871,0.006180059138668982,-0.9971825649579145,14.180000305175781,0.6100006103515625,0.04495214621001242,-0.9369514233831336,0.0,5.192999839782715,0.04799985885620117
2023-07-06,4.8471999168396,0.0015071386662138598,0.006166763487921508,-0.8959639674935482,15.4399995803833,1.2599992752075195,0.0888574928131427,-0.2771608374895791,0.0,5.2129998207092285,0.019999980926513672
2023-07-07,4.918700218200684,0.014643110816856332,0.007066577744876958,-0.0964142838576055,14.829999923706055,-0.6099996566772461,-0.03950775085850766,-0.5705656835591767,0.0,5.2129998207092285,0.0
2023-07-10,4.8709001541137695,-0.009765555721126567,0.007118220059666232,-0.6210212121609906,15.069999694824219,0.23999977111816406,0.01618339665224955,-0.4318295422921969,0.0,5.224999904632568,0.012000083923339844
2023-07-11,4.898200035095215,0.005589041266318285,0.007176203910992639,-0.30932376117549504,14.84000015258789,-0.22999954223632812,-0.015262080085862384,-0.5324715744708416,0.0,5.243000030517578,0.018000125885009766
2023-07-12,4.851500034332275,-0.009579855294463105,0.007514913981526035,-0.802473919886029,13.539999961853027,-1.3000001907348633,-0.0876010901191373,-1.160934528114979,0.0,5.230000019073486,-0.013000011444091797
2023-07-13,4.81689977645874,-0.007157421343964985,0.007377106671422309,-1.1538268947650674,13.609999656677246,0.06999969482421875,0.005169844536294876,-1.0884697140946586,0.0,5.2230000495910645,-0.006999969482421875
2023-07-14,4.7947998046875,-0.004598564599309134,0.007445466455130884,-1.3577668834099905,13.34000015258789,-0.26999950408935547,-0.019838318214570272,-1.1837297097182486,0.0,5.215000152587891,-0.007999897003173828
2023-07-17,4.788099765777588,-0.0013983325093578252,0.007450482452598721,-1.3882556658968974,13.479999542236328,0.1399993896484375,0.010494706750155292,-1.0778535370129376,0.0,5.232999801635742,0.017999649047851562
2023-07-18,4.805799961090088,0.0036898895963429546,0.007354910804878512,-1.151390641830457,13.300000190734863,-0.17999935150146484,-0.013353068072256224,-1.1327233120709639,0.0,5.248000144958496,0.015000343322753906
2023-07-19,4.809299945831299,0.0007280184147181396,0.007336137389539578,-1.0806031765576374,13.760000228881836,0.46000003814697266,0.03458646853760361,-0.875198835591829,0.0,5.244999885559082,-0.0030002593994140625
2023-07-20,4.789899826049805,-0.004042034056139227,0.007276978209639298,-1.2666694712846034,13.989999771118164,0.22999954223632812,0.016715082733324893,-0.7330236533432428,0.0,5.243000030517578,-0.0019998550415039062
2023-07-21,4.796899795532227,0.0014603352532083795,0.007276092633590977,-1.145499902235236,13.600000381469727,-0.3899993896484375,-0.02787701186768976,-0.9067269489238321,0.0,5.248000144958496,0.005000114440917969
2023-07-24,4.777400016784668,-0.004073364338276181,0.0073019971333835405,-1.3231072618250725,13.90999984741211,0.3099994659423828,0.022794077738759633,-0.7291931126499576,0.0,5.25,0.0019998550415039062
2023-07-25,4.725500106811523,-0.010923070920875166,0.007657552361420691,-1.8339389037478133,13.859999656677246,-0.05000019073486328,-0.003594550056315482,-0.7275584984182376,0.0,5.264999866485596,0.014999866485595703
2023-07-26,4.748899936676025,0.004939600889990315,0.007443539938709168,-1.5231428783146124,13.1899995803833,-0.6700000762939453,-0.04834055504259438,-1.036267706122001,0.0,5.26800012588501,0.0030002593994140625
2023-07-27,4.736199855804443,-0.0026779029718126566,0.007149499459526155,-1.6041746326242077,14.40999984741211,1.2200002670288086,0.09249433706148413,-0.38167879666883764,0.0,5.26800012588501,0.0
2023-07-28,4.741600036621094,0.001139543240480786,0.007150991618723459,-1.487007010726324,13.329999923706055,-1.0799999237060547,-0.07494794830966023,-0.9368976576028161,0.0,5.255000114440918,-0.013000011444091797
2023-07-31,4.723299980163574,-0.003866935567992736,0.006436399717744379,-1.6211824361304272,13.630000114440918,0.3000001907348633,0.022505640844104002,-0.7464466225096726,0.0,5.248000144958496,-0.006999969482421875
2023-08-01,4.724699974060059,0.0002963577293635988,0.006320619558184933,-1.5518939306575588,13.930000305175781,0.3000001907348633,0.022010285268964536,-0.5568108760849705,0.0,5.260000228881836,0.012000083923339844
2023-08-02,4.791999816894531,0.014143761226266168,0.006962046528584951,-0.786869414092388,16.09000015258789,2.1599998474121094,0.15506100503167586,0.6595159200844651,0.0,5.260000228881836,0.0
2023-08-03,4.810400009155273,0.003832420043956432,0.007016484934684106,-0.5612066738948378,15.920000076293945,-0.1700000762939453,-0.010565573317698362,0.5783002506711266,0.0,5.257999897003174,-0.0020003318786621094
2023-08-04,4.916399955749512,0.02179630371165433,0.007943687753799795,0.6193031880749366,17.100000381469727,1.1800003051757812,0.07412062182919765,1.2444298092117922,0.0,5.252999782562256,-0.005000114440917969
2023-08-07,4.88539981842041,-0.00632541806714124,0.0077566791362141336,0.28181244177800546,15.770000457763672,-1.3299999237060547,-0.07777777158106369,0.5109204474998077,0.0,5.260000228881836,0.007000446319580078
2023-08-08,4.89900016784668,0.002780008626893836,0.007678016583950484,0.43115961942458525,15.989999771118164,0.2199993133544922,0.013950495051900047,0.6719003483162803,0.0,5.275000095367432,0.014999866485595703
2023-08-09,4.898600101470947,-8.166619681507436e-05,0.0073400629359549555,0.43650036156627864,15.960000038146973,-0.029999732971191406,-0.0018761559349974588,0.668825718352649,0.0,5.28000020980835,0.005000114440917969
2023-08-10,4.901700019836426,0.0006326170485579875,0.007116566572251396,0.48018676710499436,15.850000381469727,-0.1099996566772461,-0.00689220904851684,0.6065922491267502,0.0,5.26800012588501,-0.012000083923339844
2023-08-11,4.891499996185303,-0.002083083634112603,0.007036562506496958,0.3832274399364001,14.84000015258789,-1.010000228881836,-0.06372241038319659,0.028650311627561646,0.0,5.264999866485596,-0.0030002593994140625
2023-08-14,4.910999774932861,0.0039785370924352165,0.007042887014264292,0.6331161043872762,14.819999694824219,-0.020000457763671875,-0.0013477397276295822,0.04128180222266698,0.0,5.269999980926514,0.005000114440917969
2023-08-15,4.962100028991699,0.010351502845291473,0.007315733680442143,1.2276575204415279,16.459999084472656,1.6399993896484375,0.110661229650443,1.1033670873979256,0.0,5.28000020980835,0.010000228881835938
2023-08-16,4.9832000732421875,0.0042432255824100835,0.007335873420044162,1.465412586024204,16.780000686645508,0.32000160217285156,0.019441167677507476,1.4660404509734706,0.0,5.284999847412109,0.004999637603759766
2023-08-17,4.9868998527526855,0.0007421750449418573,0.007213146718002494,1.4916934557547294,17.889999389648438,1.1099987030029297,0.06615009878315026,2.343278617439837,0.0,5.2779998779296875,-0.006999969482421875
2023-08-18,4.975500106811523,-0.002288555159987816,0.00727675573113287,1.4003000693554664,17.299999237060547,-0.5900001525878906,-0.03297932770916012,1.9592042295383612,0.0,5.2779998779296875,0.0
2023-08-21,4.966899871826172,-0.0017300123006177566,0.007195144617053044,1.314439232224851,17.1299991607666,-0.1700000762939453,-0.009826594438788527,1.8860656462572494,0.0,5.28000020980835,0.0020003318786621094
2023-08-22,4.978700160980225,0.002372967875722067,0.00652682512008689,1.481406341118351,16.969999313354492,-0.15999984741210938,-0.009340330137234454,1.7940360524831558,0.0,5.295000076293945,0.014999866485595703
2023-08-23,4.937099933624268,-0.00839074427264504,0.006943712933395326,1.0359249310220995,15.979999542236328,-0.9899997711181641,-0.058338232832990555,1.118246793413737,0.0,5.295000076293945,0.0
2023-08-24,4.855100154876709,-0.016748370089722384,0.00805968095438832,0.0671375161366607,17.200000762939453,1.220001220703125,0.07634551036616566,2.009723439705418,0.0,5.302999973297119,0.007999897003173828
2023-08-25,4.880300045013428,0.005176971855540388,0.008107460713355547,0.4427062072393283,15.680000305175781,-1.5200004577636719,-0.0883721157175057,0.8146686254945315,0.0,5.315000057220459,0.012000083923339844
2023-08-28,4.8703999519348145,-0.002030643232514748,0.008054403105149223,0.3336323146882439,15.079999923706055,-0.6000003814697266,-0.03826532970612717,0.34812249572401016,0.0,5.322999954223633,0.007999897003173828
2023-08-29,4.872600078582764,0.00045163228542641334,0.008053222679545266,0.37985111980834674,14.449999809265137,-0.630000114440918,-0.04177719612919528,-0.14277692150188262,0.0,5.320000171661377,-0.0029997825622558594
2023-08-30,4.85129976272583,-0.004381030301293938,0.007578788603849598,0.09688299886710795,13.880000114440918,-0.5699996948242188,-0.03944634618325349,-0.5808680739316182,0.0,5.315000057220459,-0.005000114440917969
2023-08-31,4.888400077819824,0.00761840614052152,0.007709537354790383,0.6319390739365962,13.569999694824219,-0.3100004196166992,-0.022334323995730432,-0.8178817631440611,0.0,5.297999858856201,-0.017000198364257812
2023-09-01,4.953800201416016,0.013289931993082345,0.006652701181106012,1.5367414427241841,13.09000015258789,-0.4799995422363281,-0.03537211149823438,-1.1676356920891542,0.0,5.26800012588501,-0.029999732971191406
2023-09-04,4.97629976272583,0.004531595833697354,0.006518447504566529,1.7823215463720434,13.09000015258789,0.0,0.0,-1.1314032367517015,0.0,5.26800012588501,0.0
2023-09-05,4.936200141906738,-0.008090762158794888,0.006802387640594201,1.2016530198741306,14.010000228881836,0.9200000762939453,0.07028266352709411,-0.4286296576093514,0.0,5.2779998779296875,0.009999752044677734
2023-09-06,4.966700077056885,0.00615981801590658,0.006922292226777679,1.5569245329558434,14.449999809265137,0.4399995803833008,0.03140610800820931,-0.10438258097861235,0.0,5.300000190734863,0.02200031280517578
2023-09-07,4.9770002365112305,0.002071696212374827,0.006929136873969,1.6223061060176474,14.399999618530273,-0.05000019073486328,-0.003460220857774976,-0.1408789880032666,0.0,5.2829999923706055,-0.017000198364257812
2023-09-08,4.976099967956543,-0.00018090213876044702,0.0069010238252825125,1.5458968712633745,13.84000015258789,-0.5599994659423828,-0.03888885283175714,-0.5691559352103781,0.0,5.293000221252441,0.010000228881835938
2023-09-11,4.982999801635742,0.001385634232569839,0.006863556310752334,1.567122708192067,13.800000190734863,-0.039999961853027344,-0.0028901706222559387,-0.6041443871974986,0.0,5.293000221252441,0.0
2023-09-12,4.9293999671936035,-0.01081480935219032,0.006933033592232176,0.8682549118528523,14.229999542236328,0.42999935150146484,0.031159372866542467,-0.2826712423807271,0.0,5.304999828338623,0.01199960708618164
2023-09-13,4.946599960327148,0.0034831937322559246,0.0069086841536549985,1.0477506080962835,13.479999542236328,-0.75,-0.052705553346921175,-0.8596206294653936,0.0,5.304999828338623,0.0
2023-09-14,4.91540002822876,-0.0063273243207024946,0.007028671501824273,0.6330780065524974,12.819999694824219,-0.6599998474121094,-0.04896141467543513,-1.3600874854762914,0.0,5.295000076293945,-0.009999752044677734
2023-09-15,4.868199825286865,-0.009648916523405774,0.007302372633421357,0.01765639050586515,13.789999961853027,0.9700002670288086,0.07566304915127442,-0.6275179867427142,0.0,5.297999858856201,0.0029997825622558594
2023-09-18,4.867000102996826,-0.00024647101342562975,0.007303064977954756,-0.015138838342448117,14.0,0.21000003814697266,0.015228429204342975,-0.463202045037489,0.0,5.300000190734863,0.0020003318786621094
2023-09-19,4.853700160980225,-0.0027364181498391866,0.007267558792825361,-0.2080433418626859,14.109999656677246,0.1099996566772461,0.007857118334088975,-0.3848666614527203,0.0,5.309999942779541,0.009999752044677734
2023-09-20,4.865799903869629,0.0024897883757898005,0.007112155825147447,-0.062239260219673215,15.140000343322754,1.0300006866455078,0.07299792428826057,0.3841700669326657,0.0,5.315000057220459,0.005000114440917969
2023-09-21,4.878799915313721,0.0026681483893823705,0.006057090984528849,0.10243087930852149,17.540000915527344,2.40000057220459,0.15852050976095722,2.1089919663325425,0.0,5.304999828338623,-0.010000228881835938
2023-09-22,4.934899806976318,0.011433099512686857,0.006472573703525497,0.8180942406468037,17.200000762939453,-0.3400001525878906,-0.019384272225830057,1.7719324777528822,0.0,5.304999828338623,0.0
2023-09-25,4.933899879455566,-0.00020264420313417016,0.006446976849131244,0.7773121395147548,16.899999618530273,-0.3000011444091797,-0.017441926226863136,1.4933917036169013,0.0,5.313000202178955,0.008000373840332031
2023-09-26,4.968299865722656,0.006947976316113997,0.006598452094427294,1.188150370859149,18.940000534057617,2.0400009155273438,0.12071011606950299,2.7238008842336012,0.0,5.324999809265137,0.01199960708618164
2023-09-27,4.986199855804443,0.0035963654378425042,0.006498154650467098,1.3706872187980963,18.219999313354492,-0.720001220703125,-0.03801484690607215,2.1099813252248603,0.0,5.329999923706055,0.005000114440917969
2023-09-28,5.042200088500977,0.011168444637525306,0.0067223951455455426,1.9835422884356095,17.34000015258789,-0.8799991607666016,-0.0482985287557941,1.4881473209627747,0.0,5.308000087738037,-0.021999835968017578
2023-09-29,5.032800197601318,-0.0018659837935841176,0.006159908585472483,1.7937567397635572,17.520000457763672,0.18000030517578125,0.010380640345549086,1.5421225332358037,0.0,5.300000190734863,-0.007999897003173828
2023-10-02,5.042799949645996,0.0019849448532683472,0.006104590881591752,1.826044303527918,17.610000610351562,0.09000015258789062,0.0051369948765045415,1.53952213010443,0.0,5.315000057220459,0.014999866485595703
2023-10-03,5.061500072479248,0.003701422986735512,0.0057751186048557585,1.9477653405946942,19.780000686645508,2.1700000762939453,0.1232254401523627,2.6447302208723995,0.0,5.340000152587891,0.02500009536743164
2023-10-04,5.166299819946289,0.020493833768860846,0.00714340844264158,2.8620449952376807,18.579999923706055,-1.2000007629394531,-0.06066737721347171,1.8627448611174313,0.0,5.335000038146973,-0.005000114440917969
2023-10-05,5.154600143432617,-0.0022671824291795534,0.007205772346063933,2.540589140357192,18.489999771118164,-0.09000015258789062,-0.004843926423974909,1.7330993354829693,0.0,5.324999809265137,-0.010000228881835938
2023-10-06,5.164999961853027,0.0020155474698667405,0.0071914686217739434,2.4682491670076163,17.450000762939453,-1.039999008178711,-0.05624656684978524,1.1215574870055243,0.0,5.3480000495910645,0.023000240325927734
2023-10-09,5.145699977874756,-0.003743685032470146,0.007300029013991294,2.1592428809811937,17.700000762939453,0.25,0.01432664693808805,1.2169102762920534,0.0,5.3480000495910645,0.0
2023-10-10,5.135200023651123,-0.0020426145323460126,0.0067578343479124,1.959841595902967,17.030000686645508,-0.6700000762939453,-0.03785311002340763,0.8200667616183293,0.0,5.322999954223633,-0.02500009536743164
2023-10-11,5.051000118255615,-0.01653252872288546,0.007916425112696334,1.1558610245066214,16.09000015258789,-0.9400005340576172,-0.05519674081955506,0.2806766589254765,0.0,5.335000038146973,0.012000083923339844
2023-10-12,5.049600124359131,-0.00027721004134846557,0.007733391076938812,1.106291510832107,16.690000534057617,0.6000003814697266,0.03729026574143468,0.592438212300588,0.0,5.335000038146973,0.0
2023-10-13,5.045899868011475,-0.0007330506693380085,0.007311659221675651,1.0380998330882105,19.31999969482422,2.6299991607666016,0.15757933352966802,1.9652347785833961,0.0,5.328000068664551,-0.006999969482421875
2023-10-16,5.0482001304626465,0.00045576376127395705,0.007303033003590242,1.0262504660605347,17.209999084472656,-2.1100006103515625,-0.10921328383441054,0.7836159406883069,0.0,5.328000068664551,0.0
2023-10-17,5.037600040435791,-0.0021019837296275064,0.007283516513400927,0.9047591505192343,17.8799991607666,0.6700000762939453,0.03893086065869911,1.113268697584026,0.0,5.340000152587891,0.012000083923339844
2023-10-18,5.037399768829346,-3.975615092077548e-05,0.007293949303684368,0.8770894957102944,19.219999313354492,1.3400001525878906,0.07494408364001504,1.7760885363349612,0.0,5.329999923706055,-0.010000228881835938
2023-10-19,5.056099891662598,0.003705383634636565,0.007304628480692037,1.0334074538857028,21.399999618530273,2.1800003051757812,0.11342353709976805,2.721879695050626,1.0,5.309999942779541,-0.019999980926513672
2023-10-20,5.062900066375732,0.001344041064336934,0.006942658454345179,1.0779325690668058,21.709999084472656,0.3099994659423828,0.01448595661066987,2.675184170726814,1.0,5.300000190734863,-0.009999752044677734
2023-10-23,5.031300067901611,-0.006261041247852499,0.0071401303782094895,0.7378495413247002,20.3700008392334,-1.3399982452392578,-0.06172263020488311,1.9312382139122128,1.0,5.293000221252441,-0.006999969482421875
2023-10-24,5.01230001449585,-0.003783519040062601,0.007070728509129099,0.5123165246860659,18.969999313354492,-1.4000015258789062,-0.06872859441333212,1.2218111379093821,0.0,5.308000087738037,0.014999866485595703
2023-10-25,4.991000175476074,-0.004258568833358592,0.007104302782229531,0.24307108723609247,20.190000534057617,1.220001220703125,0.0643121383691494,1.7241470142979085,1.0,5.315000057220459,0.006999969482421875
2023-10-26,4.994699954986572,0.0007410155785689714,0.006610728977607507,0.2580873649051273,20.68000030517578,0.48999977111816406,0.024269428338627552,1.8577265597236214,1.0,5.300000190734863,-0.014999866485595703
2023-10-27,4.985300064086914,-0.0018837462247133045,0.0066109271218316975,0.1318294129749651,21.270000457763672,0.5900001525878906,0.02852998761514658,2.0181396548782664,1.0,5.304999828338623,0.004999637603759766
2023-10-30,4.952030181884766,-0.00669596474822935,0.006724968284714841,-0.28561654118272345,19.75,-1.5200004577636719,-0.07146217325109949,1.311457060197214,0.0,5.313000202178955,0.008000373840332031
2023-10-31,5.04610013961792,0.018818065116748977,0.007999111138013297,0.8313824720780326,18.139999389648438,-1.6100006103515625,-0.08151901824564878,0.6056603422731595,0.0,5.320000171661377,0.006999969482421875
2023-11-01,5.03410005569458,-0.0023809228705106134,0.006358865545224243,0.6603517945705236,16.8700008392334,-1.269998550415039,-0.0700109478029951,0.057044865966235404,0.0,5.300000190734863,-0.019999980926513672
2023-11-02,4.953700065612793,-0.016099987144671077,0.007170528341398267,-0.33753680999511115,15.65999984741211,-1.210000991821289,-0.07172501076628712,-0.458370997473109,0.0,5.269999980926514,-0.03000020980834961
2023-11-03,4.952899932861328,-0.0001615352902767451,0.0071229236827052575,-0.36346642778109217,14.90999984741211,-0.75,-0.047892720773170416,-0.7794730636234805,0.0,5.252999782562256,-0.017000198364257812
2023-11-06,4.899199962615967,-0.010901331212301177,0.007385026502940613,-1.027367616172089,14.890000343322754,-0.01999950408935547,-0.0013413483765277734,-0.788837027968192,0.0,5.260000228881836,0.007000446319580078
2023-11-07,4.884099960327148,-0.003086895914122525,0.007385652928515783,-1.1848531364011134,14.8100004196167,-0.07999992370605469,-0.005372728130387805,-0.806807972989804,0.0,5.2729997634887695,0.012999534606933594
2023-11-08,4.871500015258789,-0.002583121920948983,0.006609251366069519,-1.2974853819681587,14.449999809265137,-0.3600006103515625,-0.02430794059092134,-0.9361741720468509,0.0,5.26800012588501,-0.004999637603759766
2023-11-09,4.909299850463867,0.00772943397617485,0.006941088149199025,-0.8197182557223874,15.289999961853027,0.8400001525878906,0.058131499216304006,-0.5633058509702105,0.0,5.263000011444092,-0.005000114440917969
2023-11-10,4.933899879455566,0.0049983909467942525,0.007087235982651043,-0.5142334320505185,14.170000076293945,-1.119999885559082,-0.07325048321473948,-1.0053750052562282,0.0,5.25,-0.013000011444091797
2023-11-13,4.893379211425781,-0.008246615832204129,0.007250510472161028,-0.9778880265667638,14.760000228881836,0.5900001525878906,0.04163727236494141,-0.7389382271234374,0.0,5.260000228881836,0.010000228881835938
2023-11-14,4.906199932098389,0.0026165874676088974,0.007308397497388408,-0.8063124521576618,14.15999984741211,-0.6000003814697266,-0.04065043171853533,-0.961823798529534,0.0,5.252999782562256,-0.007000446319580078
2023-11-15,4.864500045776367,-0.00853575273025195,0.007474990609292836,-1.2698140491400407,14.180000305175781,0.020000457763671875,0.0014124617216946245,-0.9344069026965769,0.0,5.255000114440918,0.0020003318786621094
2023-11-16,4.860899925231934,-0.0007403542722372938,0.0073696997466542406,-1.3150777136044531,14.319999694824219,0.1399993896484375,0.009873017393189798,-0.8525698984080975,0.0,5.243000030517578,-0.012000083923339844
2023-11-17,4.862199783325195,0.00026737524862814355,0.007348129249325668,-1.2908050805506985,13.800000190734863,-0.5199995040893555,-0.03631281530524766,-1.0428486276269089,0.0,5.232999801635742,-0.010000228881835938
2023-11-20,4.819177150726318,-0.008887767948035391,0.007450634555010748,-1.756276992946637,13.40999984741211,-0.3900003433227539,-0.028260894053073637,-1.1778387131380497,0.0,5.23799991607666,0.005000114440917969
2023-11-21,4.851799964904785,0.006746565011379933,0.007697377215389444,-1.3704973529688742,13.350000381469727,-0.05999946594238281,-0.004474233156233853,-1.1858998066990807,0.0,5.255000114440918,0.017000198364257812
2023-11-22,4.8993000984191895,0.009742594973715765,0.008072991993122908,-0.8453980993759559,12.850000381469727,-0.5,-0.03745318245039286,-1.3667968977882456,0.0,5.264999866485596,0.009999752044677734
2023-11-23,4.9054999351501465,0.0012646535443943193,0.008079533473765802,-0.7793612649800313,12.850000381469727,0.0,0.0,-1.3541179587560301,0.0,5.264999866485596,0.0
2023-11-24,4.902500152587891,-0.0006117011886131102,0.008076396417002047,-0.800092179365802,12.460000038146973,-0.3900003433227539,-0.0303502203692656,-1.494328856689831,0.0,5.252999782562256,-0.012000083923339844
2023-11-27,4.900899887084961,-0.00032647153246167685,0.007957933243989346,-0.7996268797314169,12.6899995803833,0.22999954223632812,0.018459032225695893,-1.3971597261728037,0.0,5.257999897003174,0.005000114440917969
2023-11-28,4.895500183105469,-0.0011023854656073357,0.006528579960638463,-0.8495594415159742,12.6899995803833,0.0,0.0,-1.3750925623154961,0.0,5.260000228881836,0.0020003318786621094
2023-11-29,4.869800090789795,-0.005263566081979186,0.006580319268632976,-1.1122329338582946,12.979999542236328,0.28999996185302734,0.02285263762351275,-1.2425059326690113,0.0,5.239999771118164,-0.020000457763671875
2023-11-30,4.904099941253662,0.007018690831287935,0.005906073303515309,-0.7084666689760026,12.920000076293945,-0.05999946594238281,-0.004622455166284678,-1.2443848260705128,0.0,5.23799991607666,-0.0019998550415039062
2023-12-01,4.923099994659424,0.0038668343382396515,0.005986480793028874,-0.4841237842733631,12.630000114440918,-0.28999996185302734,-0.022445817348339614,-1.334758298033535,0.0,5.215000152587891,-0.02299976348876953
2023-12-04,4.902159214019775,-0.004262648323673814,0.005534841669606617,-0.7010692107382785,13.079999923706055,0.4499998092651367,0.03562943825713938,-1.156324559740293,0.0,5.2230000495910645,0.007999897003173828
2023-12-05,4.9430999755859375,0.008316895831664367,0.00577884466698184,-0.24652645026713108,12.850000381469727,-0.22999954223632812,-0.01758406296467019,-1.223067570500703,0.0,5.243000030517578,0.019999980926513672
2023-12-06,4.927700042724609,-0.003120303385260359,0.005795643745971568,-0.4147003784068505,12.970000267028809,0.11999988555908203,0.009338512217643702,-1.17153045913621,0.0,5.243000030517578,0.0
2023-12-07,4.901199817657471,-0.00539232053557575,0.005684584145644803,-0.7067807432056834,13.0600004196167,0.09000015258789062,0.00693910182998847,-1.1418819998269882,0.0,5.232999801635742,-0.010000228881835938
2023-12-08,4.910099983215332,0.001814268889910733,0.0055783905213462924,-0.6195067267017192,12.350000381469727,-0.7100000381469727,-0.05436447284339452,-1.3809632170316812,0.0,5.232999801635742,0.0
2023-12-11,4.893286228179932,-0.0034301967012356554,0.0053122450349957885,-0.817050529365588,12.630000114440918,0.2799997329711914,0.022672042455262664,-1.2594577658077113,0.0,5.232999801635742,0.0
2023-12-12,4.936699867248535,0.008832956814356238,0.00564490102940273,-0.34751974047084006,12.069999694824219,-0.5600004196166992,-0.044338908514846676,-1.4305986630118537,0.0,5.248000144958496,0.015000343322753906
2023-12-13,4.9644999504089355,0.0056155126098408935,0.005357361770855539,-0.04930059864174851,12.1899995803833,0.11999988555908203,0.009941995740939458,-1.3497679746224047,0.0,5.2230000495910645,-0.02500009536743164
2023-12-14,4.918399810791016,-0.009329341609858063,0.005829157869157982,-0.5935079942975336,12.479999542236328,0.28999996185302734,0.023789989486111995,-1.2056161108866073,0.0,5.215000152587891,-0.007999897003173828
2023-12-15,4.914599895477295,-0.000772890392838742,0.005836805298284798,-0.6324626096680389,12.279999732971191,-0.19999980926513672,-0.016025626330215204,-1.232347404333432,0.0,5.224999904632568,0.009999752044677734
2023-12-18,4.919657230377197,0.0010285139550454605,0.005398912054913893,-0.5702221627826177,12.5600004196167,0.2800006866455078,0.022801359343169958,-1.1005741401730118,0.0,5.224999904632568,0.0
2023-12-19,4.895899772644043,-0.004840785727923149,0.00537504846078507,-0.8267099899670581,12.529999732971191,-0.030000686645507812,-0.0023885896212750835,-1.0743940181789735,0.0,5.23799991607666,0.013000011444091797
2023-12-20,4.866499900817871,-0.006023101222977949,0.005089353168688171,-1.130296701259417,13.670000076293945,1.140000343322754,0.09098167339325469,-0.661417467171055,0.0,5.230000019073486,-0.007999897003173828
2023-12-21,4.914599895477295,0.009835372995855499,0.005569410968347224,-0.5598876065645255,13.649999618530273,-0.020000457763671875,-0.0014630912693524012,-0.6468531991109233,0.0,5.210000038146973,-0.019999980926513672
2023-12-22,4.881800174713135,-0.006696305396281568,0.005772399481907123,-0.9049605715735421,13.029999732971191,-0.619999885559082,-0.045421238306660006,-0.8315429061739527,0.0,5.208000183105469,-0.0019998550415039062
2023-12-25,4.86984395980835,-0.002452144629341424,0.005794154928655244,-1.0073832056284717,13.029999732971191,0.0,0.0,-0.8047062967436039,0.0,5.208000183105469,0.0
2023-12-26,4.869743824005127,-2.0562636827936556e-05,0.0057914944717583055,-0.9758202154239902,12.989999771118164,-0.039999961853027344,-0.003069835968746104,-0.790958685426907,0.0,5.203000068664551,-0.005000114440917969
2023-12-27,4.813499927520752,-0.011616877658838278,0.006237255629710448,-1.6011384052425048,12.430000305175781,-0.5599994659423828,-0.04311004432713539,-0.9524507633741255,0.0,5.235000133514404,0.032000064849853516
2023-12-28,4.826099872589111,0.002614206503461607,0.00602907060104153,-1.4376917086499146,12.470000267028809,0.039999961853027344,0.0032180177691847334,-0.9077280191423489,0.0,5.2179999351501465,-0.017000198364257812
2023-12-29,4.850200176239014,0.004981315867157972,0.006079430328898748,-1.1410147720970998,12.449999809265137,-0.020000457763671875,-0.001603885913022296,-0.8849008222497411,0.0,5.179999828338623,-0.03800010681152344
2024-01-01,4.850500106811523,6.183689091598078e-05,0.006024424143074448,-1.1342721231940887,12.449999809265137,0.0,0.0,-0.8556103244269433,0.0,5.179999828338623,0.0
2024-01-02,4.852399826049805,0.00039157762642115154,0.005661625394629033,-1.1080436546309105,13.199999809265137,0.75,0.06024096477831753,-0.5729590256785321,0.0,5.2129998207092285,0.03299999237060547
2024-01-03,4.922500133514404,0.01434316658808884,0.006577908014401892,-0.060479679066361244,14.039999961853027,0.8400001525878906,0.06363637611557316,-0.26786146808868466,0.0,5.235000133514404,0.02200031280517578
2024-01-04,4.9191999435424805,-0.0006706544742840144,0.006459856058640004,-0.07965869587998117,14.130000114440918,0.09000015258789062,0.006410267295756666,-0.2222078811664815,0.0,5.228000164031982,-0.006999969482421875
2024-01-05,4.895599842071533,-0.00480909391337204,0.006541106735415856,-0.4164346505940668,13.350000381469727,-0.7799997329711914,-0.05520167916870922,-0.470566012805713,0.0,5.21999979019165,-0.008000373840332031
2024-01-08,4.8606672286987305,-0.007161091922060435,0.006691121643417779,-0.9467810239951127,13.079999923706055,-0.2700004577636719,-0.020224752812624813,-0.5451463479222456,0.0,5.21999979019165,0.0
2024-01-09,4.86899995803833,0.0017128502377162925,0.006358859535655977,-0.7869258564800186,12.760000228881836,-0.31999969482421875,-0.02446480861549971,-0.6350888307490058,0.0,5.230000019073486,0.010000228881835938
2024-01-10,4.905099868774414,0.007386884834021803,0.0064628004100959315,-0.1501426690967326,12.6899995803833,-0.07000064849853516,-0.00548594414129322,-0.6350366488723034,0.0,5.224999904632568,-0.005000114440917969
2024-01-11,4.89139986038208,-0.002796920880333546,0.0061563132981401975,-0.3598922684767438,12.4399995803833,-0.25,-0.019700552266877946,-0.7121635044433015,0.0,5.2179999351501465,-0.006999969482421875
2024-01-12,4.869699954986572,-0.004446208225367275,0.00622633780763603,-0.7481314991298488,12.699999809265137,0.26000022888183594,0.020900340647264315,-0.5950906068760741,0.0,5.197999954223633,-0.019999980926513672
2024-01-15,4.85290002822876,-0.0034558540939332,0.006250651391852187,-1.0654231131576415,12.699999809265137,0.0,0.0,-0.5755540858320117,0.0,5.197999954223633,0.0
2024-01-16,4.862199783325195,0.001914495603205733,0.006196441837990769,-0.8545961277157469,13.84000015258789,1.140000343322754,0.08976380790896399,-0.022714449073123723,0.0,5.203000068664551,0.005000114440917969
2024-01-17,4.924900054931641,0.012813015183214429,0.006699127563450726,0.5205496057901474,14.789999961853027,0.9499998092651367,0.06864160395890595,0.5090212836417126,0.0,5.215000152587891,0.012000083923339844
2024-01-18,4.934000015258789,0.0018460401965020717,0.0063482289470275614,0.7671532002159838,14.130000114440918,-0.6599998474121094,-0.04462473624843866,0.2553480657533531,0.0,5.199999809265137,-0.015000343322753906
2024-01-19,4.92609977722168,-0.0016024664849170747,0.006156397743332351,0.6287948562350053,13.300000190734863,-0.8299999237060547,-0.058740263056175857,-0.1812252314760345,0.0,5.197999954223633,-0.0019998550415039062
2024-01-22,4.904642105102539,-0.00436542968018312,0.006218447636624744,0.14776758289103717,13.1899995803833,-0.1100006103515625,-0.00827072246421412,-0.22211611954779925,0.0,5.199999809265137,0.0019998550415039062
2024-01-23,4.98829984664917,0.016913014578875105,0.007234304138255588,2.307739794310513,12.550000190734863,-0.6399993896484375,-0.04852156254805884,-0.8171968573919575,0.0,5.210000038146973,0.010000228881835938
2024-01-24,4.952199935913086,-0.007263230265754155,0.006885341969438476,1.5672156045775611,13.140000343322754,0.5900001525878906,0.04701196363514493,-0.17427878071621264,0.0,5.210000038146973,0.0
2024-01-25,4.932499885559082,-0.003985973634535004,0.006982594787808397,1.0408643388073628,13.449999809265137,0.3099994659423828,0.02359204397585213,0.24101563267333745,0.0,5.195000171661377,-0.014999866485595703
2024-01-26,4.915800094604492,-0.003391409074559806,0.006988025930714079,0.5976073340665263,13.260000228881836,-0.18999958038330078,-0.014126363054103419,0.04222674027116145,0.0,5.199999809265137,0.004999637603759766
2024-01-29,4.913599967956543,-0.00044766245563078585,0.006991294246382218,0.5259635223413257,13.600000381469727,0.3400001525878906,0.02564103670581619,0.5244840532843351,0.0,5.199999809265137,0.0
2024-01-30,4.950200080871582,0.007421131958774802,0.007152655415685417,1.5187938324249004,13.3100004196167,-0.28999996185302734,-0.02132352600873144,0.17929663221430078,0.0,5.203000068664551,0.0030002593994140625
2024-01-31,4.950300216674805,2.022843295111886e-05,0.006426289016587299,1.4631464506891032,14.350000381469727,1.0399999618530273,0.07813673396435372,1.6279781298184188,0.0,5.188000202178955,-0.014999866485595703
2024-02-01,4.951900005340576,0.00032311782105419435,0.0064223794948697075,1.4615755954142398,13.880000114440918,-0.4700002670288086,-0.03275263097802583,1.0805523668703967,0.0,5.199999809265137,0.01199960708618164
2024-02-02,4.914999961853027,-0.0074795965580277506,0.006561137318606081,0.46378484992602415,13.850000381469727,-0.029999732971191406,-0.0021613640290952807,1.0547336745902791,0.0,5.210000038146973,0.010000228881835938
2024-02-05,4.932938098907471,0.00364302796845867,0.006365213604899636,0.932471980528321,13.670000076293945,-0.18000030517578125,-0.012996411568089838,0.850089982579578,0.0,5.228000164031982,0.018000125885009766
2024-02-06,4.9499430656433105,0.0034413008179602516,0.006390829074783181,1.3556648892193737,13.0600004196167,-0.6099996566772461,-0.04462323725477424,-0.08649171702706256,0.0,5.2230000495910645,-0.005000114440917969
2024-02-07,4.962299823760986,0.0024932327943458766,0.006217684420295266,1.6190406338472496,12.829999923706055,-0.23000049591064453,-0.0176110634395672,-0.43249929135808085,0.0,5.2230000495910645,0.0
2024-02-08,4.969299793243408,0.0014096360931743694,0.006168403880143404,1.7278160905439863,12.789999961853027,-0.039999961853027344,-0.0031176899525243718,-0.47286202390174104,0.0,5.2179999351501465,-0.005000114440917969
2024-02-09,4.9918999671936035,0.004537648731542741,0.006093681209912216,2.1865025361623607,12.930000305175781,0.1400003433227539,0.010946078478523358,-0.2105051485824412,0.0,5.21999979019165,0.0019998550415039062
2024-02-12,4.953100204467773,-0.007802907776247954,0.0063424116111132104,1.1874037164670028,13.930000305175781,1.0,0.07733951866959421,1.4899013866415878,0.0,5.228000164031982,0.008000373840332031
2024-02-13,4.952199935913086,-0.0001817751192609114,0.0063442047341658375,1.128644791304679,15.850000381469727,1.9200000762939453,0.13783201968635694,4.009306713589164,0.0,5.232999801635742,0.004999637603759766
2024-02-14,4.952000141143799,-4.034546308834185e-05,0.005693356434535607,1.0897386891807077,14.380000114440918,-1.4700002670288086,-0.09274449411038432,1.7793983176432564,0.0,5.2179999351501465,-0.014999866485595703
2024-02-15,4.968299865722656,0.003286138369921645,0.005723307487605781,1.4574849483787091,14.010000228881836,-0.36999988555908203,-0.02573017264356725,1.2125496108794487,0.0,5.2179999351501465,0.0
2024-02-16,4.972400188446045,0.0008249565792320143,0.005705514956529058,1.5025987076018896,14.239999771118164,0.22999954223632812,0.016416812168366768,1.4772492203178027,0.0,5.2230000495910645,0.005000114440917969
2024-02-19,4.965099811553955,-0.0014692585067429432,0.00561238326837079,1.2764705031731856,14.239999771118164,0.0,0.0,1.4216431245038295,0.0,5.2230000495910645,0.0
2024-02-20,4.956399917602539,-0.0017537461913445566,0.004110003209422979,1.0296799581736409,15.420000076293945,1.1800003051757812,0.082865191302115,2.7813162134750318,0.0,5.2129998207092285,-0.010000228881835938
2024-02-21,4.926400184631348,-0.0060711184697000925,0.004011484223894112,0.27698507335102185,15.34000015258789,-0.07999992370605469,-0.005188062471480959,2.4870079933930977,0.0,5.235000133514404,0.02200031280517578
2024-02-22,4.934899806976318,0.0017238344755757557,0.003934891679675034,0.4731974059216006,14.539999961853027,-0.8000001907348633,-0.05215125050698921,1.460347483772262,0.0,5.232999801635742,-0.0020003318786621094
2024-02-23,4.962399959564209,0.005557116386717348,0.00403357535422446,1.1219041536272034,13.75,-0.7899999618530273,-0.054332872347019445,0.49928648906914375,0.0,5.239999771118164,0.006999969482421875
2024-02-26,4.993500232696533,0.006247626772601478,0.004226476620301731,1.7922995425031412,13.739999771118164,-0.010000228881835938,-0.0007272893732244157,0.4736455178177629,0.0,5.25,0.010000228881835938
2024-02-27,4.978899955749512,-0.002928139084476779,0.004001565800250621,1.4117884986653682,13.430000305175781,-0.3099994659423828,-0.022561824680231046,0.09237312050990715,0.0,5.244999885559082,-0.005000114440917969
2024-02-28,4.932400226593018,-0.009383243262515318,0.00454971228430028,0.32383477113668,13.84000015258789,0.4099998474121094,0.030528655107632474,0.5652722149777509,0.0,5.239999771118164,-0.005000114440917969
2024-02-29,4.967299938201904,0.0070506895373250444,0.004829076520938491,1.1025980811295417,13.399999618530273,-0.4400005340576172,-0.03179194575191846,0.032326760973314675,0.0,5.2230000495910645,-0.01699972152709961
2024-03-01,4.969799995422363,0.0005031764377749535,0.004482266203848181,1.1253965763916547,13.109999656677246,-0.28999996185302734,-0.021641788814083185,-0.33408773675779785,0.0,5.215000152587891,-0.007999897003173828
2024-03-04,4.952700138092041,-0.0034466866270769837,0.004505430988008876,0.7107040209053984,13.489999771118164,0.38000011444091797,0.02898551673472971,0.10985859213437908,0.0,5.2230000495910645,0.007999897003173828
2024-03-05,4.944900035858154,-0.0015761606271428746,0.004454851252603646,0.5285173699721232,14.460000038146973,0.9700002670288086,0.07190513591449865,1.2570803571671787,0.0,5.224999904632568,0.0019998550415039062
2024-03-06,4.957099914550781,0.002464125414416711,0.00445398100411305,0.8119430622317493,14.5,0.039999961853027344,0.0027662490835065334,1.2675547347888967,0.0,5.230000019073486,0.005000114440917969
2024-03-07,4.943600177764893,-0.002727028397208265,0.004478494213254779,0.49232213343638603,14.4399995803833,-0.06000041961669922,-0.004137959973565475,1.154633780659004,0.0,5.228000164031982,-0.0019998550415039062
2024-03-08,4.933800220489502,-0.001984319779676735,0.004346323669980868,0.2610689406894595,14.739999771118164,0.3000001907348633,0.020775637081209553,1.478588558356363,0.0,5.228000164031982,0.0
2024-03-11,4.977540016174316,0.0088262694237594,0.004481418544725414,1.221837328028736,15.220000267028809,0.48000049591064453,0.032564484624427736,1.9776703294547056,0.0,5.239999771118164,0.01199960708618164
2024-03-12,4.977399826049805,-2.816493655270405e-05,0.00448077820955992,1.1776614019365563,13.84000015258789,-1.380000114440918,-0.09067017675620026,0.27403771460167087,0.0,5.239999771118164,0.0
2024-03-13,4.968699932098389,-0.0017494085886427125,0.004502924924609798,0.9517864648946444,13.75,-0.09000015258789062,-0.00650290112685159,0.16118024541802614,0.0,5.23799991607666,-0.0019998550415039062
2024-03-14,4.969200134277344,0.00010066556838690346,0.004442775513613155,0.9359913231257313,14.399999618530273,0.6499996185302734,0.04727269952947433,0.9412950722927654,0.0,5.23799991607666,0.0
2024-03-15,4.992700099945068,0.004717977234516319,0.004564031402556586,1.4078347408358758,14.40999984741211,0.010000228881835938,0.0006944603574132735,0.9228846441241104,0.0,5.23799991607666,0.0
2024-03-18,4.968047142028809,-0.0049500318914348735,0.00469565148934343,0.8329534552260258,14.329999923706055,-0.07999992370605469,-0.005551694972461885,0.7982388473919638,0.0,5.23799991607666,0.0
2024-03-19,5.029399871826172,0.012273833495171702,0.005408735552323674,2.0961649856994096,13.819999694824219,-0.5100002288818359,-0.03558968817844477,0.15915581664985676,0.0,5.23799991607666,0.0
2024-03-20,5.03000020980835,0.00011935860548706872,0.00517088278769323,2.080243325505386,13.039999961853027,-0.7799997329711914,-0.056439924037285816,-0.8244244298261107,0.0,5.228000164031982,-0.009999752044677734
2024-03-21,4.96619987487793,-0.012765090880511181,0.006016012195581722,0.6324868381408246,12.920000076293945,-0.11999988555908203,-0.009202445238506662,-0.9955348271022377,0.0,5.228000164031982,0.0
2024-03-22,4.9745001792907715,0.001669964146707849,0.005899442744834993,0.8064559803112608,13.0600004196167,0.1400003433227539,0.010835939821674634,-0.8450054452742769,0.0,5.21999979019165,-0.008000373840332031
2024-03-25,5.000899791717529,0.00529295549780089,0.0058509312748771915,1.427108794240819,13.1899995803833,0.12999916076660156,0.009953993613303291,-0.707321019409327,0.0,5.2179999351501465,-0.0019998550415039062
2024-03-26,4.9721999168396,-0.005755473211202776,0.0059604175780689625,0.6868505226694618,13.239999771118164,0.05000019073486328,0.003790765149775055,-0.6431625110440885,0.0,5.2179999351501465,0.0
2024-03-27,4.9756999015808105,0.0007036630745207228,0.005542780394854845,0.7540247666125118,12.779999732971191,-0.46000003814697266,-0.0347432058987206,-1.2041994562550489,0.0,5.215000152587891,-0.0029997825622558594
2024-03-28,4.990300178527832,0.0029300195213644814,0.005357489915782176,1.0981202022777277,13.010000228881836,0.23000049591064453,0.017996909289228258,-0.8786779098188833,0.0,5.203000068664551,-0.012000083923339844
2024-03-29,5.014100074768066,0.004757894633416225,0.005452498129095562,1.652233827245666,13.010000228881836,0.0,0.0,-0.8671588316783344,0.0,5.203000068664551,0.0
2024-04-01,5.013199806213379,-0.00017956350518929357,0.005378243244572816,1.6035294364201795,13.649999618530273,0.6399993896484375,0.04919288073705452,-0.058671605399603775,0.0,5.2179999351501465,0.014999866485595703
2024-04-02,5.053599834442139,0.008026432742016879,0.0055972473671189165,2.550550784577692,14.609999656677246,0.9600000381469727,0.0703296750897886,1.141008240460043,0.0,5.2129998207092285,-0.005000114440917969
2024-04-03,5.0644001960754395,0.00213488153840873,0.005593467426579161,2.631999751326246,14.329999923706055,-0.2799997329711914,-0.019164937683158856,0.7522347720192788,0.0,5.210000038146973,-0.0029997825622558594
2024-04-04,5.038599967956543,-0.005107450021869449,0.005702789502776193,1.9151407960506572,16.350000381469727,2.020000457763672,0.14096304734949738,3.0976608103160346,0.0,5.203000068664551,-0.006999969482421875
2024-04-05,5.057400226593018,0.003724302695092875,0.005690952254056252,2.2951463036577557,16.030000686645508,-0.31999969482421875,-0.019571846321599473,2.5295961570133167,0.0,5.215000152587891,0.012000083923339844
2024-04-08,5.054900169372559,-0.0004944586639045815,0.005411546051525436,2.204805420799647,15.1899995803833,-0.840001106262207,-0.05240181349224815,1.490868532792261,0.0,5.2230000495910645,0.007999897003173828
2024-04-09,5.023900032043457,-0.006151572502293541,0.0056280394587404645,1.4217405716070626,14.979999542236328,-0.21000003814697266,-0.013824887685854326,1.2075377402610319,0.0,5.21999979019165,-0.0030002593994140625
2024-04-10,5.007599830627441,-0.003249806307136989,0.00566896068888092,0.9601076562625389,15.800000190734863,0.8200006484985352,0.05473969783420429,2.0724260665729344,0.0,5.243000030517578,0.023000240325927734
2024-04-11,5.066199779510498,0.01163426157706959,0.0061997683772687315,2.3521635412067794,14.90999984741211,-0.8900003433227539,-0.05632913497334324,1.0501845554032732,0.0,5.23799991607666,-0.005000114440917969
2024-04-12,5.090400218963623,0.0047654697941189785,0.006201289755574766,2.7376237028555908,17.309999465942383,2.3999996185302734,0.16096577083110009,3.298452156492574,0.0,5.230000019073486,-0.007999897003173828
2024-04-15,5.117099761962891,0.005231369863370236,0.006107002565428067,3.0895358656395135,19.229999542236328,1.9200000762939453,0.11091855202373435,4.272486654642879,0.0,5.23799991607666,0.007999897003173828
2024-04-16,5.183700084686279,0.012931277527253891,0.006169619943734022,3.8847235324459217,18.399999618530273,-0.8299999237060547,-0.04316172352906522,3.21719961444376,0.0,5.232999801635742,-0.005000114440917969
2024-04-17,5.2855000495910645,0.019448128266972488,0.0073425467236645624,4.597217281459373,18.209999084472656,-0.1900005340576172,-0.010326116195473745,2.810525069074142,0.0,5.239999771118164,0.006999969482421875
2024-04-18,5.232600212097168,-0.010058904596396006,0.007066623934512915,3.3462456114328187,18.0,-0.20999908447265625,-0.011532075509642303,2.471681340552964,0.0,5.243000030517578,0.0030002593994140625
2024-04-19,5.241700172424316,0.0017375790807243182,0.007066165356492516,3.129717936534473,18.709999084472656,0.7099990844726562,0.039444393581814285,2.7189093809386797,0.0,5.244999885559082,0.0019998550415039062
2024-04-22,5.206200122833252,-0.006795659454372539,0.007336968016271079,2.4916358535179715,16.940000534057617,-1.769998550415039,-0.09460174436266822,1.5183873027889432,0.0,5.244999885559082,0.0
2024-04-23,5.1656999588012695,-0.007809633636337214,0.007464685982101964,1.8944671204387,15.6899995803833,-1.2500009536743164,-0.07378990048797274,0.7042917918024146,0.0,5.244999885559082,0.0
2024-04-24,5.130499839782715,-0.006837523910942415,0.007715033970714874,1.4175971057053756,15.970000267028809,0.2800006866455078,0.017845805872141796,0.8589065323535524,0.0,5.255000114440918,0.010000228881835938
2024-04-25,5.145500183105469,0.002919492787832396,0.007714933922761488,1.5312534440882528,15.369999885559082,-0.6000003814697266,-0.03757046784203688,0.4662226144142539,0.0,5.244999885559082,-0.010000228881835938
2024-04-26,5.158599853515625,0.0025426145749604815,0.007682003880924699,1.6174448615251338,15.029999732971191,-0.3400001525878906,-0.022121025056567434,0.2406084488702005,0.0,5.23799991607666,-0.006999969482421875
2024-04-29,5.115499973297119,-0.008390055337660018,0.007985406720174719,1.0852246054591883,14.670000076293945,-0.3599996566772461,-0.023952073391426465,0.003577908208675081,0.0,5.243000030517578,0.005000114440917969
2024-04-30,5.117000102996826,0.0002932088344529211,0.007813152169692805,1.0660525480596466,15.649999618530273,0.9799995422363281,0.06680296776684846,0.598551093805973,0.0,5.244999885559082,0.0019998550415039062
2024-05-01,5.193900108337402,0.014916530978271244,0.008440824009203896,1.8508170853184234,15.390000343322754,-0.25999927520751953,-0.01661337262268492,0.41081089339027005,0.0,5.25,0.005000114440917969
2024-05-02,5.194399833679199,9.620926330029478e-05,0.008313379158206248,1.7713042638970313,14.680000305175781,-0.7100000381469727,-0.04613385460092079,-0.06618296466740212,0.0,5.23799991607666,-0.012000083923339844
2024-05-03,5.110300064086914,-0.016322966744939302,0.009195699682089291,0.8331909545890983,13.489999771118164,-1.1900005340576172,-0.08106270499449886,-0.8523497253107637,0.0,5.235000133514404,-0.0029997825622558594
2024-05-06,5.070899963378906,-0.007739814027657261,0.009378675791169641,0.38815893448085964,13.489999771118164,0.0,0.0,-0.8446375483897258,0.0,5.239999771118164,0.004999637603759766
2024-05-07,5.074900150299072,0.000788540496091254,0.009260584575921176,0.4116949779720237,13.229999542236328,-0.26000022888183594,-0.01927355324634561,-0.9817680660943359,0.0,5.243000030517578,0.0030002593994140625
2024-05-08,5.073299884796143,-0.0003153791826451252,0.009221125407748347,0.37448314786957826,13.0,-0.22999954223632812,-0.017384697671535276,-1.1050650451151747,0.0,5.244999885559082,0.0019998550415039062
2024-05-09,5.087900161743164,0.002873732812657313,0.00887349098633769,0.5146193077382337,12.6899995803833,-0.3100004196166992,-0.023846186124361513,-1.274505977231178,0.0,5.239999771118164,-0.005000114440917969
2024-05-10,5.1407999992370605,0.010343505684653484,0.0091086324378745,1.061866382396008,12.550000190734863,-0.1399993896484375,-0.011032261172400193,-1.3260032657945706,0.0,5.243000030517578,0.0030002593994140625
2024-05-13,5.123260021209717,-0.0034177499091251383,0.009077071359646279,0.8407741270347188,13.600000381469727,1.0500001907348633,0.08366535257186958,-0.659513770846362,0.0,5.239999771118164,-0.0030002593994140625
2024-05-14,5.154200077056885,0.00602097191746884,0.008684375610314555,1.1410360252889866,13.420000076293945,-0.18000030517578125,-0.013235316185802093,-0.748928944834239,0.0,5.235000133514404,-0.004999637603759766
2024-05-15,5.127799987792969,-0.005135216322225333,0.007387196566978302,0.8235911769512616,12.449999809265137,-0.9700002670288086,-0.07228019832446109,-1.3055646005675652,0.0,5.239999771118164,0.004999637603759766
2024-05-16,5.133600234985352,0.0011304983109901123,0.0071250942623450764,0.8584750534742015,12.420000076293945,-0.029999732971191406,-0.0024096171430353364,-1.2836651599356406,0.0,5.243000030517578,0.0030002593994140625
2024-05-17,5.128600120544434,-0.0009744722697599037,0.007096903441018365,0.7752124968675457,11.989999771118164,-0.43000030517578125,-0.034621602458483336,-1.4994356617331095,0.0,5.239999771118164,-0.0030002593994140625
2024-05-20,5.1020002365112305,-0.005200074882206225,0.0070381206462864195,0.4582590601169879,12.149999618530273,0.15999984741210938,0.01334444123990064,-1.36835431289911,0.0,5.239999771118164,0.0
2024-05-21,5.103099822998047,0.0002154974443484484,0.006856531657319545,0.44990354454609804,11.859999656677246,-0.28999996185302734,-0.023868310366918943,-1.4982455593028046,0.0,5.239999771118164,0.0
2024-05-22,5.1219000816345215,0.0036773163809492183,0.0067562505021589,0.636592274340152,12.289999961853027,0.43000030517578125,0.03625635055846632,-1.2206710250890913,0.0,5.244999885559082,0.005000114440917969
2024-05-23,5.151100158691406,0.005684835006877365,0.006848614794634329,0.9400247533244572,12.770000457763672,0.48000049591064453,0.03905618367782915,-0.9367332853428701,0.0,5.244999885559082,0.0
2024-05-24,5.143099784851074,-0.0015543462328196742,0.006831523126772367,0.8192196567437865,11.930000305175781,-0.8400001525878906,-0.06577917952048329,-1.3854018335804772,0.0,5.244999885559082,0.0
2024-05-27,5.1697998046875,0.00517799659747427,0.0066412641900889646,1.093687644274071,11.930000305175781,0.0,0.0,-1.3521002497579653,0.0,5.244999885559082,0.0
2024-05-28,5.1717000007629395,0.00036748946140728394,0.006641146779553282,1.0829227385869864,12.920000076293945,0.9899997711181641,0.08298405245544349,-0.7862983289175433,0.0,5.248000144958496,0.0030002593994140625
2024-05-29,5.161300182342529,-0.002012933658706554,0.005727182297873506,0.93029974515399,14.279999732971191,1.359999656677246,0.10526313070017856,-0.036300980632401385,0.0,5.25,0.0019998550415039062
2024-05-30,5.202099800109863,0.007873830716702803,0.006013459372614164,1.375700013780495,14.470000267028809,0.1900005340576172,0.01330535977664793,0.06792570902242069,0.0,5.248000144958496,-0.0019998550415039062
2024-05-31,5.202099800109863,0.0,0.004616293312469999,1.3413141366063868,12.920000076293945,-1.5500001907348633,-0.10711818674023643,-0.7643300838492413,0.0,5.244999885559082,-0.0030002593994140625
2024-06-03,5.2444000244140625,0.008098493505948908,0.004411900814860912,1.7824300464387377,13.109999656677246,0.18999958038330078,0.014705849788028802,-0.6401471401720199,0.0,5.243000030517578,-0.0019998550415039062
2024-06-04,5.249000072479248,0.0008767507799909637,0.004411004493564486,1.7662778906580388,13.15999984741211,0.05000019073486328,0.003813897181103032,-0.6050046189148333,0.0,5.239999771118164,-0.0030002593994140625
2024-06-05,5.287700176239014,0.007345805967778994,0.004558203803864573,2.1247280614683404,12.630000114440918,-0.5299997329711914,-0.04027353640702469,-0.8785000334323445,0.0,5.239999771118164,0.0
2024-06-06,5.3003997802734375,0.0023988459074870405,0.004555030247634445,2.1662486222746966,12.579999923706055,-0.05000019073486328,-0.00395884325271656,-0.8832103150673206,0.0,5.232999801635742,-0.006999969482421875
2024-06-07,5.2571001052856445,-0.008202684013876372,0.00466341356166193,1.6079901324867991,12.220000267028809,-0.3599996566772461,-0.028616825028659476,-1.047407015480095,0.0,5.23799991607666,0.005000114440917969
2024-06-10,5.270441055297852,0.0025344868189341205,0.0045471598161693225,1.702122781947069,12.739999771118164,0.5199995040893555,0.042553149977613725,-0.7523245049466062,0.0,5.232999801635742,-0.005000114440917969
2024-06-11,5.352799892425537,0.01550571763092413,0.005456382114594209,2.4647845586483994,12.850000381469727,0.1100006103515625,0.008634270983343129,-0.6827999615732243,0.0,5.244999885559082,0.012000083923339844
2024-06-12,5.3649001121521,0.002257989095139855,0.005199762104606703,2.4269580190239166,12.039999961853027,-0.8100004196166992,-0.06303505023896772,-1.0939996587241578,0.0,5.243000030517578,-0.0019998550415039062
2024-06-13,5.401000022888184,0.006706368363770321,0.0052847960317261656,2.6290727554387834,11.9399995803833,-0.10000038146972656,-0.008305679550378975,-1.1292254556009045,0.0,5.239999771118164,-0.0030002593994140625
2024-06-14,5.361599922180176,-0.0073217023619043,0.005682498294156288,2.132596254954485,12.65999984741211,0.7200002670288086,0.060301532021133974,-0.7491078369934826,0.0,5.239999771118164,0.0
2024-06-17,5.3572001457214355,-0.0008209457547433927,0.005461554402155109,1.9951524158462102,12.75,0.09000015258789062,0.0071090168777756535,-0.6969569552637919,0.0,5.243000030517578,0.0030002593994140625
2024-06-18,5.423999786376953,0.012392033521439475,0.005864313940095116,2.4954922770804076,12.300000190734863,-0.4499998092651367,-0.03529410268746169,-0.9169506951764139,0.0,5.235000133514404,-0.007999897003173828
2024-06-19,5.439899921417236,0.0029271526470123666,0.005862484254095689,2.4958431082097294,12.300000190734863,0.0,0.0,-0.9098131335950826,0.0,5.235000133514404,0.0
2024-06-20,5.422399997711182,-0.0032221424517804354,0.0059857514769050485,2.2218144196443994,13.279999732971191,0.9799995422363281,0.07967475829590032,-0.40908287951780536,0.0,5.224999904632568,-0.010000228881835938
2024-06-21,5.452400207519531,0.005517395326222323,0.005938201019130579,2.3489274082918183,13.199999809265137,-0.07999992370605469,-0.006024090761646117,-0.4522345591356295,0.0,5.215000152587891,-0.009999752044677734
2024-06-24,5.426126003265381,-0.004830480679868826,0.006155636120225831,2.0247409338350373,13.329999923706055,0.13000011444091797,0.009848493660558288,-0.3822458494630964,0.0,5.210000038146973,-0.005000114440917969
2024-06-25,5.3892998695373535,-0.006809953945435834,0.006482131751001659,1.6429442140016175,12.84000015258789,-0.48999977111816406,-0.03675917283740937,-0.6174709257090019,0.0,5.2230000495910645,0.013000011444091797
2024-06-26,5.450699806213379,0.01132852309229181,0.00672286319958603,2.0490624284144086,12.550000190734863,-0.28999996185302734,-0.022585666542580096,-0.7475331724759099,0.0,5.230000019073486,0.006999969482421875
2024-06-27,5.522500038146973,0.013086657977935044,0.007027041001014946,2.4699121176685765,12.239999771118164,-0.3100004196166992,-0.024701228279307874,-0.8758751256718689,0.0,5.2230000495910645,-0.006999969482421875
2024-06-28,5.500500202178955,-0.003991629265868957,0.0071715833327088375,2.1723798421562814,12.4399995803833,0.19999980926513672,0.01633985400367921,-0.7462707038863834,0.0,5.2129998207092285,-0.010000228881835938
2024-07-01,5.591899871826172,0.016480065206896325,0.007721962292649242,2.660362369510134,12.220000267028809,-0.2199993133544922,-0.017684832859754307,-0.8325450756437929,0.0,5.2179999351501465,0.005000114440917969
2024-07-02,5.65500020980835,0.011221047508753712,0.007901935543372164,2.8703627973449692,12.029999732971191,-0.1900005340576172,-0.015548324869538943,-0.9014341902102206,0.0,5.228000164031982,0.010000228881835938
2024-07-03,5.67549991607666,0.0036185037568348196,0.007855867865513901,2.7896152184684087,12.09000015258789,0.06000041961669922,0.004987566163634494,-0.8415626481823536,0.0,5.230000019073486,0.0019998550415039062
2024-07-04,5.5553998947143555,-0.021388241678333534,0.00963639861018393,1.9154860063111592,12.09000015258789,0.0,0.0,-0.8152944680158174,0.0,5.230000019073486,0.0
2024-07-05,5.486400127410889,-0.012498082798413525,0.009927426656166381,1.422134061738315,12.479999542236328,0.3899993896484375,0.03225801362500036,-0.5899845509172774,0.0,5.224999904632568,-0.005000114440917969
2024-07-08,5.471290111541748,-0.0027578851230106558,0.009986566357688907,1.280211026997223,12.369999885559082,-0.1099996566772461,-0.008814075377564845,-0.6361049340874753,0.0,5.2179999351501465,-0.006999969482421875
2024-07-09,5.470399856567383,-0.00016272714341653417,0.009461343601414698,1.2311971004336375,12.510000228881836,0.1400003433227539,0.01131773198205055,-0.5366131554378789,0.0,5.224999904632568,0.006999969482421875
2024-07-10,5.417099952697754,-0.009791105507348075,0.009761677640747769,0.8808966935188758,12.850000381469727,0.3400001525878906,0.02717826909410692,-0.29643000961933613,0.0,5.224999904632568,0.0
2024-07-11,5.414700031280518,-0.0004431251426460728,0.0096521190067289,0.8426670498287049,12.920000076293945,0.06999969482421875,0.00544744690631771,-0.21223814860495913,0.0,5.197999954223633,-0.026999950408935547
2024-07-12,5.438000202178955,0.004293900356058468,0.00952903077163215,0.9581761263288893,12.460000038146973,-0.46000003814697266,-0.035603717912586985,-0.5531518198106273,0.0,5.197999954223633,0.0
2024-07-15,5.422800064086914,-0.002799084348050263,0.00955595777648118,0.8400627311118266,13.119999885559082,0.6599998474121094,0.0529694899993165,0.07260627345861476,0.0,5.192999839782715,-0.005000114440917969
2024-07-16,5.446800231933594,0.004416023808761208,0.009198042255443514,0.9537799887264437,13.1899995803833,0.06999969482421875,0.0053353426398474735,0.18882028489691716,0.0,5.192999839782715,0.0
2024-07-17,5.424300193786621,-0.004139428281181023,0.009223852826870419,0.7903744180760687,14.479999542236328,1.2899999618530273,0.09780136488947022,1.600635150875462,0.0,5.195000171661377,0.0020003318786621094
2024-07-18,5.48769998550415,0.011620326996139227,0.009554296431923159,1.1347523131203718,15.930000305175781,1.4500007629394531,0.1001381774018697,3.04839339983267,0.0,5.192999839782715,-0.0020003318786621094
2024-07-19,5.5432000160217285,0.010062732656508491,0.009729904720741735,1.4145263085530257,16.520000457763672,0.5900001525878906,0.037037045906157084,3.3878344103664437,0.0,5.192999839782715,0.0
2024-07-22,5.520872116088867,-0.004036114366713841,0.009707194884351256,1.2385023020114068,14.90999984741211,-1.6100006103515625,-0.09745766136434542,1.8173611763743884,0.0,5.190000057220459,-0.0029997825622558594
2024-07-23,5.570700168609619,0.008984909705085255,0.009692375503193735,1.478806470758925,14.720000267028809,-0.18999958038330078,-0.012743097406287318,1.7047096143633769,0.0,5.172999858856201,-0.017000198364257812
2024-07-24,5.585299968719482,0.002617391227158355,0.009426893947504008,1.5036459112899072,18.040000915527344,3.320000648498535,0.22554351822499452,4.299533510908772,0.0,5.170000076293945,-0.0029997825622558594
2024-07-25,5.653600215911865,0.01215440779775912,0.009367244052213463,1.8121903800522134,18.459999084472656,0.4199981689453125,0.023281493771090345,3.9921286346905,0.0,5.159999847412109,-0.010000228881835938
2024-07-26,5.643099784851074,-0.0018590268103408374,0.009317363391823421,1.683707180175893,16.389999389648438,-2.0699996948242188,-0.11213433355830271,2.301307165836147,0.0,5.15500020980835,-0.004999637603759766
2024-07-29,5.622840881347656,-0.0035964906865124783,0.00865121122845398,1.5187398743986393,16.600000381469727,0.21000099182128906,0.012812751655983723,2.302066654040314,0.0,5.146999835968018,-0.008000373840332031
2024-07-30,5.614500045776367,-0.001484485904112859,0.008262969861645335,1.4264213547936575,17.690000534057617,1.0900001525878906,0.06566265828551643,2.7841605247148244,0.0,5.135000228881836,-0.01199960708618164
2024-07-31,5.611100196838379,-0.0006057313584060895,0.008209755649997187,1.3661420808168545,16.360000610351562,-1.3299999237060547,-0.07518371303299154,1.8521169842404464,0.0,5.135000228881836,0.0
2024-08-01,5.656599998474121,0.008076190909702989,0.006800101918650319,1.5719376646362215,18.59000015258789,2.229999542236328,0.13630803539367387,2.920749300316536,0.0,5.114999771118164,-0.020000457763671875
2024-08-02,5.7505998611450195,0.01648116831032395,0.006881356392630057,2.007810688640403,23.389999389648438,4.799999237060547,0.2582032919667483,4.4857152616699585,1.0,5.03000020980835,-0.08499956130981445
2024-08-05,5.7266998291015625,-0.004164754294883048,0.006943248518353068,1.8017066939573474,38.56999969482422,15.180000305175781,0.648995327118046,6.309256771565296,1.0,5.059999942779541,0.029999732971191406
2024-08-06,5.720900058746338,-0.0010132728097197812,0.006961586263415957,1.7014023402046796,27.709999084472656,-10.860000610351562,-0.2815660019776688,3.1474758377928973,1.0,5.079999923706055,0.019999980926513672
2024-08-07,5.6554999351501465,-0.01149763441810387,0.0071253258731678185,1.3037907817723164,27.850000381469727,0.1400012969970703,0.005052374652567915,2.891176247907388,1.0,5.079999923706055,0.0
2024-08-08,5.635799884796143,-0.0034894247176614967,0.0072157379483912916,1.1608382095704999,23.790000915527344,-4.059999465942383,-0.1457809483063327,1.9095594629628605,1.0,5.083000183105469,0.0030002593994140625
2024-08-09,5.54610013961792,-0.016044083586505248,0.008236503603070627,0.6373536797844969,20.3700008392334,-3.4200000762939453,-0.1437578791374391,1.1503567628022087,1.0,5.074999809265137,-0.008000373840332031
2024-08-12,5.50629997253418,-0.007202116955153279,0.008400165672235777,0.38507109074180323,20.709999084472656,0.3399982452392578,0.01669112573546916,1.180380747819094,1.0,5.072999954223633,-0.0019998550415039062
2024-08-13,5.4918999671936035,-0.0026186127999222797,0.00838646711275225,0.2722281978352057,18.1200008392334,-2.589998245239258,-0.12506027811373066,0.6236743827988203,0.0,5.052999973297119,-0.019999980926513672
2024-08-14,5.455699920654297,-0.006613354314833913,0.008474914508245104,0.020615361546671398,16.190000534057617,-1.9300003051757812,-0.10651215318914042,0.21175901700373473,0.0,5.063000202178955,0.010000228881835938
2024-08-15,5.468900203704834,0.002416617418386766,0.008067297118157755,0.0722760483295516,15.229999542236328,-0.9600009918212891,-0.05929592094835401,0.004292591861544412,0.0,5.079999923706055,0.01699972152709961
2024-08-16,5.484899997711182,0.0029213250362162056,0.007741954170660418,0.14394193731094196,14.800000190734863,-0.42999935150146484,-0.028233707447526624,-0.09533298400280073,0.0,5.074999809265137,-0.005000114440917969
2024-08-19,5.47130012512207,-0.002482590573665401,0.007712649054408342,0.019946331279678375,14.649999618530273,-0.15000057220458984,-0.01013517366699046,-0.1366120296915368,0.0,5.063000202178955,-0.01199960708618164
2024-08-20,5.405600070953369,-0.012080804647743526,0.007794204357340749,-0.4791211167360817,15.880000114440918,1.2300004959106445,0.08395908040535782,0.11080684058550139,0.0,5.0329999923706055,-0.03000020980834961
2024-08-21,5.478099822998047,0.01332282681924283,0.008433539170627644,0.0037580075161530767,16.270000457763672,0.3900003433227539,0.024559215397492062,0.18569457604489503,0.0,5.005000114440918,-0.0279998779296875
2024-08-22,5.482500076293945,0.0008029220248391643,0.007866786653872901,0.001773491060961699,17.549999237060547,1.279998779296875,0.07867232595473528,0.4428887768857799,0.0,5.025000095367432,0.019999980926513672
2024-08-23,5.59089994430542,0.01957905080906075,0.009172688509013628,0.8273558390323282,15.859999656677246,-1.6899995803833008,-0.09629627657273676,0.07869059847469323,0.0,5.0,-0.02500009536743164
2024-08-26,5.485400199890137,-0.019050212364006846,0.010058511730941357,-0.06181003674732518,16.149999618530273,0.28999996185302734,0.018284991685414864,0.12921631273017295,0.0,4.998000144958496,-0.0019998550415039062
2024-08-27,5.495699882507324,0.0018758932275025223,0.010082204486495081,-0.01028562451447771,15.430000305175781,-0.7199993133544922,-0.044582001879948985,-0.030334879882387242,0.0,4.9679999351501465,-0.03000020980834961
2024-08-28,5.507900238037109,0.0022175216103155954,0.01010876646725351,0.06589776996797415,17.110000610351562,1.6800003051757812,0.10887882514248881,0.3090099954689512,0.0,4.954999923706055,-0.013000011444091797
2024-08-29,5.56220006942749,0.009810257427012248,0.010197112542015706,0.5272840756681102,15.649999618530273,-1.460000991821289,-0.0853302711712346,-0.01053956570507545,0.0,4.965000152587891,0.010000228881835938
2024-08-30,5.627699851989746,0.011707080691329898,0.009819137512642032,1.1128788081706198,15.0,-0.6499996185302734,-0.041533522963198455,-0.15901893357915983,0.0,4.9679999351501465,0.0029997825622558594
2024-09-02,5.6092000007629395,-0.003292699620649925,0.00980664749975634,0.9187562377746931,15.0,0.0,0.0,-0.16760170139842445,0.0,4.9679999351501465,0.0
2024-09-03,5.615099906921387,0.00105127388796486,0.009817765267139351,0.9486176667200855,20.719999313354492,5.719999313354492,0.38133328755696616,1.0218567234624714,1.0,4.96999979019165,0.0019998550415039062
2024-09-04,5.647500038146973,0.005753595220347401,0.009596085445199489,1.23856074186692,21.31999969482422,0.6000003814697266,0.028957548327861904,1.1111373285066133,1.0,4.947999954223633,-0.021999835968017578
2024-09-05,5.642000198364258,-0.0009743283763825679,0.009565357527081127,1.1447641138658724,19.899999618530273,-1.4200000762939453,-0.06660413211162819,0.783576670173458,0.0,4.932000160217285,-0.015999794006347656
2024-09-06,5.567500114440918,-0.013292507033747018,0.009338720304600995,0.35821856240339034,22.3799991607666,2.479999542236328,0.12462309496363155,1.2632587612208221,1.0,4.9079999923706055,-0.024000167846679688
2024-09-09,5.59660005569458,0.005213139745045765,0.009233350201693238,0.6377294836535827,19.450000762939453,-2.9299983978271484,-0.13092039802055044,0.6255456656462515,0.0,4.894999980926514,-0.013000011444091797
2024-09-10,5.5843000411987305,-0.002200184126697161,0.009225635489419326,0.4820743889054522,19.079999923706055,-0.37000083923339844,-0.019023178648836292,0.5262159951247134,0.0,4.835000038146973,-0.059999942779541016
2024-09-11,5.662899971008301,0.013977027048362163,0.009495712623978565,1.2901283033931672,17.690000534057617,-1.3899993896484375,-0.07285112134206173,0.2150683173031806,0.0,4.875,0.039999961853027344
2024-09-12,5.667399883270264,0.0007943148118643579,0.009497670283838286,1.2951305917677196,17.06999969482422,-0.6200008392333984,-0.035048096128643014,0.07010057523974084,0.0,4.840000152587891,-0.034999847412109375
2024-09-13,5.625699996948242,-0.007385053933238653,0.00970986507681166,0.8154228065013125,16.559999465942383,-0.5100002288818359,-0.029876991095463934,-0.051055732623074834,0.0,4.763000011444092,-0.07700014114379883
2024-09-16,5.612370014190674,-0.0023722915048328135,0.00970765419476182,0.6448975955309348,17.139999389648438,0.5799999237060547,0.03502415111177348,0.06010708284020549,0.0,4.744999885559082,-0.018000125885009766
2024-09-17,5.503900051116943,-0.01951615159631639,0.010366013781086867,-0.5838445043077253,17.610000610351562,0.470001220703125,0.027421309068831112,0.14525517946823477,0.0,4.735000133514404,-0.009999752044677734
2024-09-18,5.4816999435424805,-0.004041679617948182,0.009991272900919099,-0.8453182910782989,18.229999542236328,0.6199989318847656,0.03520720672322497,0.26118871816203926,0.0,4.614999771118164,-0.12000036239624023
2024-09-19,5.460999965667725,-0.0037833446475906795,0.010025241232096185,-1.0596586500523764,16.329999923706055,-1.8999996185302734,-0.10422378860340853,-0.17075287078871873,0.0,4.5929999351501465,-0.021999835968017578
2024-09-20,5.423900127410889,-0.006816779502597027,0.00896638260555367,-1.441241353653408,16.149999618530273,-0.18000030517578125,-0.011022676424785383,-0.22610219939442364,0.0,4.545000076293945,-0.04799985885620117
2024-09-23,5.513599872589111,0.016402606862389556,0.008820804519899722,-0.43187011612951187,15.890000343322754,-0.25999927520751953,-0.01609902670890473,-0.3005353380098251,0.0,4.502999782562256,-0.04200029373168945
2024-09-24,5.536099910736084,0.004072521369069759,0.008855637777225688,-0.1621394837457056,15.390000343322754,-0.5,-0.031466330345934046,-0.4299563554248248,0.0,4.494999885559082,-0.007999897003173828
2024-09-25,5.449699878692627,-0.015729726583013387,0.009540966891766168,-1.09613205755623,15.40999984741211,0.01999950408935547,0.0012995129072905787,-0.4425828824628628,0.0,4.486999988555908,-0.007999897003173828
2024-09-26,5.473800182342529,0.00441256788016443,0.009306505533667462,-0.8042524352751,15.369999885559082,-0.039999961853027344,-0.002595714617073419,-0.46933938930451036,0.0,4.4679999351501465,-0.01900005340576172
2024-09-27,5.436699867248535,-0.006800872173009193,0.008908977971906519,-1.2008787458802441,16.959999084472656,1.5899991989135742,0.10344822451218505,-0.11904816496110399,0.0,4.48199987411499,0.01399993896484375
2024-09-30,5.433199882507324,-0.0006439773949608099,0.008904155123415834,-1.2237904629796956,16.729999542236328,-0.22999954223632812,-0.013561294495994303,-0.19239649387793145,0.0,4.498000144958496,0.01600027084350586
2024-10-01,5.448500156402588,0.002812112799177678,0.008940319353405946,-1.0467331802467594,19.260000228881836,2.530000686645508,0.15122538887453651,0.386112429470633,0.0,4.48199987411499,-0.01600027084350586
2024-10-02,5.423999786376953,-0.004506858887112873,0.008795026983174936,-1.319947526705705,18.899999618530273,-0.3600006103515625,-0.018691620253031727,0.27845035135584456,0.0,4.4730000495910645,-0.008999824523925781
2024-10-03,5.440299987792969,0.003000692909002176,0.008864515953569033,-1.1520384252431257,20.489999771118164,1.5900001525878906,0.08412699389840173,0.6393186862172737,1.0,4.465000152587891,-0.007999897003173828
2024-10-04,5.47629976272583,0.006595442950052799,0.00862202440134545,-0.7651183670115023,19.209999084472656,-1.2800006866455078,-0.06246953152482426,0.30268651452935147,0.0,4.505000114440918,0.039999961853027344
2024-10-07,5.4542999267578125,-0.004025372129507605,0.008528427072381356,-1.0240479359401211,22.639999389648438,3.4300003051757812,0.17855286145995874,1.1177830303550944,1.0,4.525000095367432,0.019999980926513672
2024-10-08,5.494200229644775,0.007288757174415526,0.008736400687153473,-0.5885115245230926,21.420000076293945,-1.2199993133544922,-0.05388689691892423,0.7861069241187295,1.0,4.5279998779296875,0.0029997825622558594
2024-10-09,5.5346999168396,0.00734431696713866,0.00825820962512671,-0.1526604808635504,20.860000610351562,-0.5599994659423828,-0.026143765823892218,0.6217197288100038,1.0,4.534999847412109,0.006999969482421875
2024-10-10,5.596099853515625,0.011032551250076829,0.0086907451722284,0.5352105232510707,20.93000030517578,0.06999969482421875,0.0033556899700895038,0.6183773024111342,1.0,4.53000020980835,-0.004999637603759766
2024-10-11,5.581699848175049,-0.0025765380828319195,0.008559646010442576,0.3611338229402628,20.459999084472656,-0.470001220703125,-0.022455863060207304,0.483354891794898,1.0,4.514999866485596,-0.015000343322753906
2024-10-14,5.610599994659424,0.005164302443786345,0.008633482090414916,0.6752471715558067,19.700000762939453,-0.7599983215332031,-0.037145569674535084,0.2733899224341553,0.0,4.51800012588501,0.0030002593994140625
2024-10-15,5.594699859619141,-0.002837968803831684,0.007362762383647904,0.4869814802809681,20.639999389648438,0.9399986267089844,0.047715664482478326,0.4901114592029346,1.0,4.514999866485596,-0.0030002593994140625
2024-10-16,5.6519999504089355,0.01018976011659237,0.00755359069665222,1.1211875429351699,19.579999923706055,-1.0599994659423828,-0.051356564791082526,0.2127091802954906,0.0,4.502999782562256,-0.012000083923339844
2024-10-17,5.668000221252441,0.0028269048155897566,0.00745282466502901,1.2960157715100198,19.110000610351562,-0.4699993133544922,-0.024004050826652468,0.08987580563039319,0.0,4.514999866485596,0.012000083923339844
2024-10-18,5.651800155639648,-0.002862254833713382,0.007260480018176789,1.108816874387625,18.030000686645508,-1.0799999237060547,-0.05651490786039204,-0.19354094253066167,0.0,4.513000011444092,-0.0019998550415039062
2024-10-21,5.635900020599365,-0.0028172515762320697,0.006493336801458951,0.9245093400402182,18.3700008392334,0.3400001525878906,0.018857467534081795,-0.1142945346013695,0.0,4.51800012588501,0.005000114440917969
2024-10-22,5.6880998611450195,0.009219394353070348,0.006715655468353662,1.477381975624152,18.200000762939453,-0.1700000762939453,-0.009254222565459602,-0.16022077409381055,0.0,4.5,-0.018000125885009766
2024-10-23,5.689300060272217,0.00021097951024645202,0.005398042909128844,1.4539351931484532,19.239999771118164,1.039999008178711,0.05714280025176999,0.09501486356489668,0.0,4.505000114440918,0.005000114440917969
2024-10-24,5.686500072479248,-0.0004922709289610073,0.005401320883554153,1.408028686569853,19.079999923706055,-0.15999984741210938,-0.008316000484173136,0.05165557097537888,0.0,4.486999988555908,-0.018000125885009766
2024-10-25,5.664000034332275,-0.003964594935299203,0.00519393670814894,1.2112066262570196,20.329999923706055,1.25,0.06551362709634656,0.391191868482907,1.0,4.510000228881836,0.023000240325927734
2024-10-28,5.685812950134277,0.0038437536703006692,0.005168398075709676,1.4820009696322232,19.799999237060547,-0.5300006866455078,-0.026069881388808724,0.4528880043090604,0.0,4.48199987411499,-0.028000354766845703
2024-10-29,5.71019983291626,0.0042799039404309075,0.005186854896454515,1.7667146424781095,19.34000015258789,-0.45999908447265625,-0.023232277888761477,0.37513378991134244,0.0,4.480000019073486,-0.0019998550415039062
2024-10-30,5.760000228881836,0.00868349438058951,0.005107667485607977,2.236315000331801,20.350000381469727,1.010000228881836,0.05222338267389759,0.9267656046805857,1.0,4.4629998207092285,-0.017000198364257812
2024-10-31,5.76230001449585,0.0003991886335152698,0.005140806614269015,2.160664549677951,23.15999984741211,2.809999465942383,0.13808350925148427,2.1963360546268706,1.0,4.432000160217285,-0.03099966049194336
2024-11-01,5.789400100708008,0.004691973589752641,0.005085629772225623,2.2937765407804336,21.8799991607666,-1.2800006866455078,-0.055267732948130144,1.5904646061277097,1.0,4.400000095367432,-0.032000064849853516
2024-11-04,5.677525997161865,-0.019513102699890338,0.0069965529809127985,1.124039893324237,21.979999542236328,0.10000038146972656,0.004570401522182799,1.604759668147793,1.0,4.418000221252441,0.018000125885009766
2024-11-05,5.790599822998047,0.019720308624283544,0.007974486185366914,2.130385751728848,20.489999771118164,-1.489999771118164,-0.06778888999770039,0.933061513367411,1.0,4.422999858856201,0.004999637603759766
2024-11-06,5.739799976348877,-0.008811520193576675,0.008283772610984756,1.5753381423167054,16.270000457763672,-4.219999313354492,-0.20595409275225196,-0.8881002503385261,0.0,4.429999828338623,0.006999969482421875
2024-11-07,5.674799919128418,-0.011389056193621301,0.008486023826780521,0.9218978432077686,15.199999809265137,-1.0700006484985352,-0.06576525005492273,-1.3492303544257211,0.0,4.420000076293945,-0.009999752044677734
2024-11-08,5.690999984741211,0.002850670735080902,0.008462533947341411,1.041726533942897,14.9399995803833,-0.26000022888183594,-0.017105278430553206,-1.4646421422009581,0.0,4.422999858856201,0.0029997825622558594
2024-11-11,5.736400127410889,0.007945881144096254,0.008557425447267435,1.4222347840809717,14.970000267028809,0.030000686645507812,0.002008078145122605,-1.4591978573683513,0.0,4.414999961853027,-0.007999897003173828
2024-11-12,5.75540018081665,0.0033067178699541003,0.008518488208510967,1.5545758130156178,14.710000038146973,-0.26000022888183594,-0.017368084451840793,-1.5461107999405557,0.0,4.422999858856201,0.007999897003173828
2024-11-13,5.748199939727783,-0.0012518241165699188,0.008279078994116056,1.4320024794396191,14.020000457763672,-0.6899995803833008,-0.04690683742990798,-1.786838589693223,0.0,4.389999866485596,-0.03299999237060547
2024-11-14,5.8059000968933105,0.009987906743791611,0.008520677292427581,1.8859285218527908,14.3100004196167,0.28999996185302734,0.020684732695029018,-1.6068176320662644,0.0,4.382999897003174,-0.006999969482421875
2024-11-15,5.788300037384033,-0.00303601332119624,0.008525126760255911,1.6523664274092869,16.139999389648438,1.8299989700317383,0.1278825238553527,-0.8590252799258458,0.0,4.39300012588501,0.010000228881835938
2024-11-18,5.794600009918213,0.0010878058395898068,0.008472999348178962,1.6404554700637115,15.579999923706055,-0.5599994659423828,-0.03469637466662756,-1.0812564509075215,0.0,4.4029998779296875,0.009999752044677734
2024-11-19,5.746399879455566,-0.008352900298367001,0.008529128507287159,1.1700691908859788,16.350000381469727,0.7700004577636719,0.04942236595213734,-0.7768575885207966,0.0,4.4079999923706055,0.005000114440917969
2024-11-20,5.7718000411987305,0.00441044661351103,0.008572962566406758,1.3460131251741447,17.15999984741211,0.8099994659423828,0.049541250583724494,-0.44339032592008537,0.0,4.409999847412109,0.0019998550415039062
2024-11-21,5.770699977874756,-0.00019061092925923463,0.008570982917041533,1.2896178291697604,16.8700008392334,-0.28999900817871094,-0.016899709251596895,-0.5753585769013599,0.0,4.413000106811523,0.0030002593994140625
2024-11-22,5.8140997886657715,0.007492579017273932,0.008623072949637815,1.6039540201912081,15.239999771118164,-1.6300010681152344,-0.0966212796103989,-1.256517299161554,0.0,4.414999961853027,0.0019998550415039062
2024-11-25,5.799300193786621,-0.002548711473459888,0.008642576797301824,1.42550622931918,14.600000381469727,-0.6399993896484375,-0.041994711237550164,-1.5139099538546814,0.0,4.40500020980835,-0.009999752044677734
2024-11-26,5.7972002029418945,-0.0003621766560322419,0.008611800034119118,1.3604564798500203,14.100000381469727,-0.5,-0.0342465744476691,-1.6505174318453186,0.0,4.394999980926514,-0.010000228881835938
2024-11-27,5.809599876403809,0.0021366230303535775,0.008416829836721465,1.4154374018452212,14.100000381469727,0.0,0.0,-1.589355214273909,0.0,4.385000228881836,-0.009999752044677734
2024-11-28,5.937399864196777,0.021759603837700613,0.009674193258945902,2.297727711039065,14.100000381469727,0.0,0.0,-1.5263740427089392,0.0,4.385000228881836,0.0
2024-11-29,6.013899803161621,0.012802119588054916,0.009980306441893355,2.6595840373047706,13.510000228881836,-0.5900001525878906,-0.041843981320970114,-1.7065888246124654,0.0,4.373000144958496,-0.012000083923339844
2024-12-02,5.973199844360352,-0.006790652684564503,0.00888932040378876,2.220798291715544,13.34000015258789,-0.1700000762939453,-0.012583277084667777,-1.6968242352376666,0.0,4.380000114440918,0.006999969482421875
2024-12-03,6.05679988861084,0.01389881827154907,0.008377684933501826,2.5882758767208673,13.300000190734863,-0.039999961853027344,-0.002998497855734139,-1.6397796304755579,0.0,4.35699987411499,-0.023000240325927734
2024-12-04,6.043099880218506,-0.002264483922745899,0.008044096200233943,2.338504950209213,13.449999809265137,0.14999961853027344,0.01127816664504766,-1.5238161695338301,0.0,4.34499979019165,-0.012000083923339844
2024-12-05,6.03879976272583,-0.0007118280736190902,0.007396863316893175,2.1782460852220042,13.539999961853027,0.09000015258789062,0.006691461253842901,-1.4417449601627634,0.0,4.329999923706055,-0.014999866485595703
2024-12-06,6.010300159454346,-0.004730586783014991,0.00760217822735405,1.9084547108012742,12.770000457763672,-0.7699995040893555,-0.056868501200791455,-1.6628384193291341,0.0,4.295000076293945,-0.034999847412109375
2024-12-09,6.0883002281188965,0.012894243443640775,0.007857135078788161,2.2163336662561117,14.1899995803833,1.419999122619629,0.1111980479026784,-1.1214502846320122,0.0,4.293000221252441,-0.0019998550415039062
2024-12-10,6.076600074768066,-0.0019235927409621922,0.007932261308367343,2.040359808852935,14.180000305175781,-0.009999275207519531,-0.0007046705780979767,-1.093297174661608,0.0,4.284999847412109,-0.008000373840332031
2024-12-11,6.045300006866455,-0.005164229576762747,0.008082074010916415,1.7911776766254655,13.579999923706055,-0.6000003814697266,-0.04231314305760081,-1.2611072957358014,0.0,4.255000114440918,-0.029999732971191406
2024-12-12,5.952700138092041,-0.015436190422066152,0.008812073219721743,1.2587111617927367,13.920000076293945,0.3400001525878906,0.02503683022813319,-1.1174658529628652,0.0,4.2230000495910645,-0.032000064849853516
2024-12-13,5.996099948883057,0.007264328020768157,0.00884940695099343,1.4421358389324794,13.8100004196167,-0.1099996566772461,-0.00790227414327227,-1.130470480771589,0.0,4.2179999351501465,-0.005000114440917969
2024-12-16,6.040900230407715,0.0074437962487077436,0.008937552215543508,1.6140592403929481,14.6899995803833,0.8799991607666016,0.06372187791657047,-0.8199465370101661,0.0,4.228000164031982,0.010000228881835938
2024-12-17,6.147299766540527,0.017459877441051132,0.009211059003694332,2.0595596140209884,15.869999885559082,1.1800003051757812,0.0803267759620312,-0.4224754002414372,0.0,4.239999771118164,0.01199960708618164
2024-12-18,6.1031999588012695,-0.007199706007662368,0.009503380664249595,1.7650826900521293,27.6200008392334,11.750000953674316,0.7403907396600702,3.1913969446885067,1.0,4.23199987411499,-0.007999897003173828
2024-12-19,6.288899898529053,0.029972941477348025,0.011240010234407483,2.531293927192369,24.09000015258789,-3.530000686645508,-0.1278059587033482,1.988152450677602,1.0,4.21999979019165,-0.012000083923339844
2024-12-20,6.151599884033203,-0.02207396678873556,0.01265344124729209,1.7956439720438033,18.360000610351562,-5.729999542236328,-0.23785801186974165,0.2625228843562554,0.0,4.215000152587891,-0.004999637603759766
2024-12-23,6.084199905395508,-0.011016960314820459,0.012980059580483804,1.4273078873782086,16.780000686645508,-1.5799999237060547,-0.08605663786390261,-0.2114188044875082,0.0,4.215000152587891,0.0
2024-12-24,6.193900108337402,0.01786972283822356,0.013409141029051153,1.8873119613228049,14.270000457763672,-2.510000228881836,-0.14958284422952606,-0.9342108769854297,0.0,4.199999809265137,-0.015000343322753906
2024-12-25,6.175600051879883,-0.0029589020691305557,0.013480815105334724,1.7434498964808343,14.270000457763672,0.0,0.0,-0.9062814657740618,0.0,4.199999809265137,0.0
2024-12-26,6.182799816131592,0.0011651613709116888,0.012743225738623649,1.7237597268675882,14.729999542236328,0.45999908447265625,0.03223539381334706,-0.7434638603594107,0.0,4.215000152587891,0.015000343322753906
2024-12-27,6.148499965667725,-0.0055630695108110665,0.01258648933013852,1.5112778241296236,15.949999809265137,1.2200002670288086,0.08282418906603617,-0.364994662341987,0.0,4.177999973297119,-0.037000179290771484
2024-12-30,6.193699836730957,0.007324476002670221,0.0125158935989032,1.6830492762118332,17.399999618530273,1.4499998092651367,0.0909090800379102,0.0954495948320207,0.0,4.182000160217285,0.004000186920166016
