Date,ABEV3.SA,B3SA3.SA,BBAS3.SA,BBDC4.SA,ITUB4.SA,PETR4.SA,RENT3.SA,VALE3.SA,WEGE3.SA
2014-01-31,9.369889259338379,2.032153606414795,4.755657196044922,5.360000133514404,6.775732040405273,3.6664650440216064,7.146161079406738,14.533304214477539,3.1568655967712402
2014-02-03,9.026307106018066,1.9558672904968262,4.580366611480713,5.171496391296387,6.698448657989502,3.454458236694336,7.0290141105651855,14.12874698638916,3.1453447341918945
2014-02-04,9.067071914672852,1.9728189706802368,4.730614185333252,5.296730041503906,7.023281097412109,3.5143179893493652,7.0290141105651855,14.366204261779785,3.1603221893310547
2014-02-05,8.991366386413574,2.0024874210357666,4.698744297027588,5.274174690246582,6.989677906036377,3.4494693279266357,7.040726661682129,14.731189727783203,3.1338236331939697
2014-02-06,9.41648006439209,2.099961996078491,4.91729211807251,5.378753185272217,7.135298252105713,3.544248580932617,7.113362789154053,15.065382957458496,3.197192668914795
2014-02-07,9.544594764709473,2.038511037826538,4.892251491546631,5.454626083374023,7.130815505981445,3.6041088104248047,7.204736232757568,14.973040580749512,3.1683874130249023
2014-02-10,9.399006843566895,2.0130810737609863,5.024285316467285,5.358250617980957,7.119619369506836,3.6440165042877197,7.441381931304932,14.792752265930176,3.1660823822021484
2014-02-11,9.666886329650879,2.0575814247131348,4.9742045402526855,5.499501705169678,7.133057117462158,3.731313705444336,7.685051441192627,15.166531562805176,3.2375168800354004
2014-02-12,9.404830932617188,1.9855340719223022,4.985586643218994,5.472621440887451,7.056889533996582,3.731313705444336,7.673338890075684,15.15333366394043,3.3066446781158447
2014-02-13,9.509651184082031,1.9579867124557495,4.707850456237793,5.458151340484619,7.025525093078613,3.6440165042877197,7.368746757507324,15.091774940490723,3.341207265853882
2014-02-14,9.713470458984375,2.030033588409424,4.690017223358154,5.520176887512207,7.079292297363281,3.63653302192688,7.497616291046143,15.320436477661133,3.424161434173584
2014-02-17,9.64359188079834,2.0067243576049805,4.69230842590332,5.4829607009887695,6.989677906036377,3.599120855331421,7.303144931793213,15.166531562805176,3.4794652462005615
2014-02-18,9.404830932617188,1.9643442630767822,4.554837226867676,5.458151340484619,6.947109222412109,3.5193068981170654,7.439037322998047,15.201706886291504,3.4114904403686523
2014-02-19,9.515472412109375,2.0257956981658936,4.502138137817383,5.5718584060668945,7.086939334869385,3.5417537689208984,7.462466716766357,15.355611801147461,3.432227373123169
2014-02-20,9.626120567321777,2.0067243576049805,4.6854329109191895,5.522242069244385,7.077821254730225,3.53177809715271,7.462466716766357,15.179720878601074,3.4495110511779785
2014-02-21,9.655237197875977,2.038511037826538,4.635025978088379,5.638018608093262,7.086939334869385,3.529283046722412,7.544472694396973,15.2192964553833,3.45066237449646
2014-02-24,9.666886329650879,2.0554628372192383,4.518178462982178,5.704180717468262,7.125674724578857,3.616580009460449,7.504641532897949,14.805943489074707,3.414944887161255
2014-02-25,9.666886329650879,2.0406291484832764,4.534214973449707,5.5718584060668945,7.077821254730225,3.53676700592041,7.46012544631958,14.295848846435547,3.3561856746673584
2014-02-26,9.725117683410645,2.017319679260254,4.467772483825684,5.555322170257568,7.050477504730225,3.417043685913086,7.39920711517334,14.300244331359863,3.4948883056640625
2014-02-27,9.83576488494873,2.133866310119629,4.648773193359375,5.671098709106445,7.162135601043701,3.5018470287323,7.410924911499023,14.515718460083008,3.4983766078948975
2014-02-28,9.829938888549805,2.133866310119629,4.742712020874023,5.646291255950928,7.11200475692749,3.3896093368530273,7.300799369812012,14.511321067810059,3.556509017944336
2014-03-05,9.783353805541992,2.1190335750579834,4.742712020874023,5.5759992599487305,7.005990028381348,3.3147830963134766,7.188337802886963,14.005622863769531,3.522792100906372
2014-03-06,9.824116706848145,2.1614134311676025,4.6396098136901855,5.79339075088501,7.199779987335205,3.3497018814086914,7.230510234832764,13.961645126342773,3.5483694076538086
2014-03-07,9.760059356689453,2.1762478351593018,4.554837226867676,5.718905925750732,7.056142330169678,3.322265625,7.064157962799072,13.433958053588867,3.5204672813415527
2014-03-10,9.719294548034668,2.129629135131836,4.513595104217529,5.5823493003845215,6.964953422546387,3.2449450492858887,7.038383483886719,13.209698677062988,3.4739623069763184
2014-03-11,9.725117683410645,2.095723867416382,4.616695880889893,5.6092448234558105,7.040188312530518,3.2698874473571777,7.11101770401001,12.994221687316895,3.4797744750976562
2014-03-12,9.73676586151123,2.0978431701660156,4.48045539855957,5.644416809082031,6.953562259674072,3.322265625,7.099299907684326,13.240477561950684,3.5111656188964844
2014-03-13,9.66106128692627,2.087247371673584,4.452524662017822,5.524418354034424,6.860080242156982,3.2499337196350098,7.134449005126953,12.884291648864746,3.4634978771209717
2014-03-14,9.527124404907227,2.0745341777801514,4.385026931762695,5.456132411956787,6.677690029144287,3.1875789165496826,7.263313293457031,12.866701126098633,3.4879140853881836
2014-03-17,9.707650184631348,2.127509117126465,4.352442264556885,5.572000980377197,6.81676721572876,3.1352012157440186,7.275025844573975,12.888688087463379,3.590226650238037
2014-03-18,9.777528762817383,2.1783668994903564,4.410630226135254,5.638214588165283,6.944432258605957,3.234968900680542,7.342973232269287,13.108555793762207,3.6739351749420166
2014-03-19,9.76588249206543,2.205913782119751,4.613121509552002,5.694077014923096,6.976354122161865,3.327253818511963,7.450757026672363,13.020608901977539,3.666958808898926
2014-03-20,9.760059356689453,2.2228662967681885,4.864491939544678,5.855467319488525,7.1222615242004395,3.4893760681152344,7.474183559417725,13.139337539672852,3.669285297393799
2014-03-21,9.701826095581055,2.1932003498077393,4.810959815979004,5.845118045806885,7.149623394012451,3.4968581199645996,7.387493133544922,13.38119888305664,3.7146263122558594
2014-03-24,9.800823211669922,2.2228662967681885,4.8388895988464355,6.020992279052734,7.357090950012207,3.5966262817382812,7.511669158935547,13.447151184082031,3.72044038772583
2014-03-25,9.74841022491455,2.2080330848693848,4.850527763366699,5.973404884338379,7.398126602172852,3.611591339111328,7.4812092781066895,13.552691459655762,3.6750969886779785
2014-03-26,9.696001052856445,2.1826045513153076,4.913372039794922,6.105823040008545,7.461963176727295,3.5916383266448975,7.403891563415527,13.398783683776855,3.679006338119507
2014-03-27,9.928939819335938,2.277960777282715,5.239223480224609,6.337558269500732,7.623829364776611,3.883457660675049,7.649909496307373,13.680215835571289,3.683668851852417
2014-03-28,9.87070369720459,2.3203415870666504,5.171725749969482,6.352041244506836,7.578235149383545,3.9059059619903564,7.738941192626953,13.63624095916748,3.683668851852417
2014-03-31,9.87070369720459,2.3839123249053955,5.306719779968262,6.453426837921143,7.724151134490967,3.9358363151550293,7.762373447418213,13.816533088684082,3.695326805114746
2014-04-01,9.958056449890137,2.301270008087158,5.302066802978516,6.517569541931152,7.789148807525635,3.9433209896087646,7.630141735076904,13.790152549743652,3.695326805114746
2014-04-02,9.998821258544922,2.388150453567505,5.523178577423096,6.687487602233887,8.040040969848633,3.880965232849121,7.639532089233398,14.30463981628418,3.7606070041656494
2014-04-03,10.039729118347168,2.386031150817871,5.437062740325928,6.6522908210754395,7.946535110473633,4.104182243347168,7.7240471839904785,14.471742630004883,3.7710964679718018
2014-04-04,9.876097679138184,2.402984142303467,5.485939979553223,6.573614120483398,7.832489967346191,4.114841461181641,7.841437339782715,14.28265380859375,3.8002424240112305
2014-04-07,9.876097679138184,2.472912311553955,5.795498847961426,6.838628768920898,8.010391235351562,4.38667631149292,8.10203742980957,14.660826683044434,3.7477834224700928
2014-04-08,9.829347610473633,2.4559597969055176,5.630242824554443,6.704052448272705,7.894070625305176,4.261419773101807,7.982299327850342,14.625649452209473,3.809567451477051
2014-04-09,9.81766128540039,2.483506917953491,5.4486985206604,6.648146629333496,7.789148807525635,4.224110126495361,7.796825885772705,14.502527236938477,3.8468685150146484
2014-04-10,9.922852516174316,2.4241750240325928,5.458010673522949,6.691627025604248,7.873541355133057,4.178804397583008,7.8625640869140625,14.423371315002441,3.9284706115722656
2014-04-11,10.168290138244629,2.428412914276123,5.546453475952148,6.867613792419434,8.060572624206543,4.314721584320068,7.982299327850342,14.498123168945312,3.9762635231018066
2014-04-14,10.150757789611816,2.4156978130340576,5.462663650512695,6.78272819519043,7.957935810089111,4.245429515838623,8.090293884277344,14.405783653259277,3.9051547050476074
2014-04-15,10.133227348327637,2.358484983444214,5.392839431762695,6.7185444831848145,7.7663445472717285,4.082860469818115,7.923603534698486,13.989314079284668,3.893498659133911
2014-04-16,10.220888137817383,2.394508123397827,5.378871440887451,6.797219753265381,7.907758712768555,4.205452919006348,8.111427307128906,14.052616119384766,4.019397258758545
2014-04-17,10.162445068359375,2.4241750240325928,5.611625671386719,6.921448707580566,8.108468055725098,4.3653564453125,8.184203147888184,14.310334205627441,4.040379524230957
2014-04-22,10.425419807434082,2.466555595397949,5.6465373039245605,6.8986735343933105,8.16549301147461,4.253423690795898,8.193594932556152,13.8853178024292,4.020562648773193
2014-04-23,10.302698135375977,2.4496023654937744,5.551109313964844,6.846909999847412,8.149526596069336,4.274744987487793,8.130203247070312,13.69542407989502,4.0427093505859375
2014-04-24,10.168290138244629,2.458078622817993,5.51154088973999,6.956644058227539,8.325153350830078,4.298730373382568,8.240547180175781,13.921492576599121,3.9295170307159424
2014-04-25,10.092323303222656,2.386031150817871,5.427752494812012,6.9421467781066895,8.404979705810547,4.272079944610596,8.090293884277344,13.708985328674316,3.999229669570923
2014-04-28,10.06894588470459,2.3563649654388428,5.458010673522949,6.892458438873291,8.389012336730957,4.413327693939209,7.911868572235107,13.378922462463379,4.03711462020874
2014-04-29,10.028962135314941,2.4368884563446045,5.562746047973633,6.946290969848633,8.39357852935791,4.447974681854248,7.958821773529053,13.464828491210938,4.056815147399902
2014-04-30,9.538033485412598,2.4156978130340576,5.444042682647705,6.877965927124023,8.386735916137695,4.413327693939209,7.829697608947754,13.360835075378418,4.07803201675415
2014-05-02,9.403611183166504,2.5131735801696777,5.551109313964844,6.99805212020874,8.545323371887207,4.71714448928833,7.967798709869385,13.654725074768066,4.106822490692139
2014-05-05,9.643230438232422,2.5152931213378906,5.660499572753906,7.107994556427002,8.636588096618652,4.682497978210449,8.02682113647461,13.614034652709961,4.029538154602051
2014-05-06,9.730897903442383,2.5089352130889893,5.74894905090332,7.159790515899658,8.556730270385742,4.861055374145508,8.031546592712402,13.48291015625,4.040146350860596
2014-05-07,9.526344299316406,2.5428404808044434,5.821101188659668,7.244731903076172,8.616055488586426,4.951668739318848,7.953632831573486,13.550735473632812,4.071969032287598
2014-05-08,9.526344299316406,2.485625743865967,5.572056770324707,7.163928031921387,8.483709335327148,4.765115737915039,8.12125301361084,13.324657440185547,4.17501974105835
2014-05-09,9.6607666015625,2.470792293548584,5.488266468048096,7.103853702545166,8.40841007232666,4.70914888381958,8.201523780822754,13.211624145507812,4.187143802642822
2014-05-12,9.748430252075195,2.521649122238159,5.532487392425537,7.232302665710449,8.570422172546387,4.805090427398682,8.442325592041016,13.835585594177246,4.206842422485352
2014-05-13,9.701675415039062,2.5004594326019287,5.565071105957031,7.197082042694092,8.517940521240234,4.786434173583984,8.652440071105957,13.85818862915039,4.2129058837890625
2014-05-14,9.760120391845703,2.5089352130889893,5.588347434997559,7.317237377166748,8.554449081420898,4.874382019042969,8.72326374053955,14.192778587341309,4.1962361335754395
2014-05-15,9.643230438232422,2.4877452850341797,5.583693504333496,7.224017143249512,8.49055290222168,4.805090427398682,8.711461067199707,14.06165885925293,4.1553192138671875
2014-05-16,9.64907455444336,2.519531011581421,5.597657680511475,7.261300086975098,8.57498550415039,4.799760341644287,8.81769847869873,13.745155334472656,4.131070137023926
2014-05-19,9.637389183044434,2.485625743865967,5.539471626281738,7.147358417510986,8.520224571228027,4.7811055183410645,8.619390487670898,13.324657440185547,4.068939685821533
2014-05-20,9.526344299316406,2.4773972034454346,5.542090892791748,7.018914699554443,8.369619369506836,4.610541343688965,8.456490516662598,13.048857688903809,4.0189290046691895
2014-05-21,9.643230438232422,2.49237322807312,5.140388011932373,6.840747833251953,8.191644668579102,4.653181552886963,8.605220794677734,13.062421798706055,4.068939685821533
2014-05-22,9.771810531616211,2.524463176727295,5.322556972503662,6.911187648773193,8.292037963867188,4.711813926696777,8.673685073852539,13.265883445739746,4.0583319664001465
2014-05-23,9.689987182617188,2.5201849937438965,5.231472015380859,6.801384925842285,8.166543960571289,4.71714448928833,8.42108154296875,13.229710578918457,3.9643726348876953
2014-05-26,9.730897903442383,2.524463176727295,5.240815162658691,6.774455547332764,8.14144515991211,4.759786128997803,8.461212158203125,13.383443832397461,3.985590696334839
2014-05-27,9.421146392822266,2.5030698776245117,5.2735114097595215,6.670866966247559,8.146007537841797,4.661177635192871,8.40455150604248,13.152850151062012,3.985590696334839
2014-05-28,9.438680648803711,2.5030698776245117,5.451007843017578,6.739234447479248,8.29432201385498,4.71714448928833,8.498987197875977,13.152850151062012,4.000743865966797
2014-05-29,9.438680648803711,2.4346108436584473,5.418311595916748,6.666721343994141,8.168828010559082,4.610541343688965,8.473018646240234,13.265883445739746,3.9522523880004883
2014-05-30,9.26919174194336,2.3490355014801025,5.345912933349609,6.465767860412598,7.940647602081299,4.447974681854248,8.38094425201416,12.867999076843262,3.941643238067627
2014-06-02,9.508810043334961,2.3511743545532227,5.336569309234619,6.474052906036377,7.994289875030518,4.41066312789917,8.291230201721191,13.175455093383789,3.9477028846740723
2014-06-03,9.555564880371094,2.35331392288208,5.406632900238037,6.530176162719727,8.042232513427734,4.503938674926758,8.369139671325684,13.044332504272461,4.000743865966797
2014-06-04,9.473743438720703,2.3297808170318604,5.392619609832764,6.474199295043945,7.9509196281433105,4.423988342285156,8.437602996826172,13.075984954833984,4.064392566680908
2014-06-05,9.397768020629883,2.3297808170318604,5.411306381225586,6.424448490142822,7.845911026000977,4.349365711212158,8.484819412231445,13.01268482208252,4.075003623962402
2014-06-06,9.526344299316406,2.396101474761963,5.698566913604736,6.73748254776001,8.196085929870605,4.711813926696777,8.609943389892578,13.279451370239258,4.099248886108398
2014-06-09,9.58478832244873,2.436748743057251,5.864388942718506,6.9199113845825195,8.504948616027832,4.815750598907471,8.737431526184082,13.397004127502441,4.2129058837890625
2014-06-10,9.590632438659668,2.511626958847046,6.039549350738525,7.058806896209717,8.48235034942627,4.975654125213623,8.749232292175293,13.311098098754883,4.340201377868652
2014-06-11,9.397768020629883,2.511626958847046,6.1002702713012695,7.135507106781006,8.658123970031738,5.031619548797607,8.876720428466797,13.401530265808105,4.288677215576172
2014-06-13,9.263347625732422,2.5414512157440186,6.232928276062012,7.1189284324646,8.610410690307617,5.060935974121094,8.664246559143066,12.931296348571777,4.299283027648926
2014-06-16,9.146459579467773,2.562988519668579,6.284955024719238,7.112705230712891,8.552656173706055,4.994309902191162,8.765759468078613,12.849910736083984,4.208357810974121
2014-06-17,9.088014602661133,2.5349903106689453,6.180909156799316,7.017347812652588,8.439665794372559,4.882377624511719,8.787006378173828,12.86347770690918,4.240182399749756
2014-06-18,9.327634811401367,2.629756450653076,6.117068290710449,7.139654636383057,8.555167198181152,5.063601016998291,8.971153259277344,13.044332504272461,4.272008419036865
2014-06-20,9.351014137268066,2.5479118824005127,6.057954788208008,7.120998382568359,8.42961311340332,4.983650207519531,8.923933982849121,13.008164405822754,4.2129058837890625
2014-06-23,9.146459579467773,2.5392978191375732,6.00830078125,7.062955856323242,8.366839408874512,4.877048015594482,8.763401985168457,13.16189193725586,4.218966484069824
2014-06-24,9.105548858642578,2.5586819648742676,6.098153114318848,7.129293441772461,8.381909370422363,4.701153755187988,8.853110313415527,12.981032371520996,4.246243953704834
2014-06-25,9.0646390914917,2.5392978191375732,6.020121097564697,6.845027446746826,8.115736961364746,4.607877254486084,8.761037826538086,12.958425521850586,4.237218379974365
2014-06-26,9.163992881774902,2.543605089187622,5.984653472900391,6.830424785614014,8.088116645812988,4.615872859954834,8.713822364807129,13.265883445739746,4.269123554229736
2014-06-27,9.082172393798828,2.5263755321502686,5.953913688659668,6.755344390869141,8.063003540039062,4.583890438079834,8.633559226989746,13.139283180236816,4.25393009185791
2014-06-30,9.210749626159668,2.496222496032715,5.875885009765625,6.684437274932861,8.022822380065918,4.607877254486084,8.602863311767578,13.22066879272461,4.297988414764404
2014-07-01,9.368545532226562,2.491914749145508,5.897164821624756,6.678175926208496,8.059250831604004,4.581225395202637,8.442325592041016,13.406049728393555,4.30710506439209
2014-07-02,9.351014137268066,2.4229936599731445,5.797855854034424,6.663713455200195,7.928615570068359,4.562570095062256,8.516097068786621,13.763240814208984,4.276719093322754
2014-07-03,9.50296688079834,2.4768381118774414,5.8285932540893555,6.778498649597168,7.986397743225098,4.6691741943359375,8.61308479309082,14.034528732299805,4.329894542694092
2014-07-04,9.538033485412598,2.463916540145874,5.819138050079346,6.811886787414551,7.981374740600586,4.663843154907227,8.65803050994873,14.115913391113281,4.304065704345703
2014-07-07,9.368545532226562,2.466068983078003,5.875885009765625,6.745107650756836,7.988912105560303,4.615872859954834,8.64620304107666,13.926012992858887,4.193162441253662
2014-07-08,9.391923904418945,2.425147771835327,5.9728312492370605,6.688761234283447,7.971324920654297,4.618536472320557,8.679319381713867,13.930532455444336,4.08073616027832
2014-07-10,9.158150672912598,2.496222496032715,6.209286689758301,6.887023448944092,8.340625762939453,4.82641077041626,8.662762641906738,13.926012992858887,4.1020050048828125
2014-07-11,9.152304649353027,2.552220106124878,6.176183223724365,6.930846214294434,8.328063011169434,4.861055374145508,8.688782691955566,13.8853178024292,4.182525634765625
2014-07-14,9.117237091064453,2.621141195297241,6.377166271209717,7.179197788238525,8.524014472961426,5.09025239944458,8.880396842956543,13.953137397766113,4.25393009185791
2014-07-15,9.181528091430664,2.629756450653076,6.419732570648193,7.243894577026367,8.627016067504883,5.132892608642578,8.816527366638184,14.043571472167969,4.13239049911499
2014-07-16,9.362703323364258,2.6599082946777344,6.467020034790039,7.005979061126709,8.40342903137207,5.146216869354248,8.828354835510254,14.432416915893555,4.12479305267334
2014-07-17,9.467901229858398,2.629756450653076,6.502487659454346,6.97467041015625,8.41598892211914,5.212843418121338,8.681690216064453,14.233469009399414,4.127831935882568
2014-07-18,9.719206809997559,2.782674551010132,6.675102233886719,7.308590888977051,8.82800006866455,5.468688488006592,8.78576946258545,14.2199068069458,4.071618556976318
2014-07-21,9.818563461303711,2.8300580978393555,6.828794956207275,7.394153594970703,8.903356552124023,5.580621719360352,8.788139343261719,14.269643783569336,4.191640853881836
2014-07-22,9.742586135864258,2.864518165588379,6.876086711883545,7.341980457305908,8.885778427124023,5.609936237335205,8.835450172424316,14.409806251525879,4.23266077041626
2014-07-23,9.60232162475586,2.746060609817505,6.930469036102295,7.346153736114502,8.888284683227539,5.396731376647949,8.89459228515625,14.346505165100098,4.315986156463623
2014-07-24,9.771810531616211,2.840825319290161,7.001410484313965,7.429630756378174,9.018925666809082,5.412723064422607,8.878031730651855,14.622314453125,4.3205695152282715
2014-07-25,9.701675415039062,2.836519241333008,6.925743579864502,7.367024898529053,8.981250762939453,5.460692405700684,8.859105110168457,14.640398979187012,4.2777910232543945
2014-07-28,9.53219223022461,2.8343639373779297,6.883180141448975,7.291895866394043,8.920951843261719,5.370082378387451,8.771577835083008,14.839343070983887,4.3465423583984375
2014-07-29,9.679746627807617,2.707292318344116,6.776776313781738,7.3231940269470215,8.961142539978027,5.2288336753845215,8.762115478515625,14.88455581665039,4.290014743804932
2014-07-30,9.679746627807617,2.6814475059509277,6.731847286224365,7.2856292724609375,9.003851890563965,5.290132522583008,8.634376525878906,14.568056106567383,4.198348045349121
2014-07-31,9.248881340026855,2.6082184314727783,6.554510593414307,7.223021984100342,8.812923431396484,5.09025239944458,8.544485092163086,14.717267036437988,4.155569076538086
2014-08-01,9.213464736938477,2.6232948303222656,6.443374156951904,7.304415702819824,8.80412769317627,5.063601016998291,8.636743545532227,14.364593505859375,4.166261672973633
2014-08-04,9.225268363952637,2.687908887863159,6.523769855499268,7.413151741027832,8.914710998535156,5.210177898406982,8.622544288635254,14.531888961791992,4.1540422439575195
2014-08-05,9.048201560974121,2.6491408348083496,6.585249900817871,7.329619407653809,9.03534984588623,5.250154495239258,8.65803050994873,14.296769142150879,4.2166829109191895
2014-08-06,9.124930381774902,2.6943695545196533,6.665642738342285,7.333798408508301,8.997650146484375,5.412723064422607,8.594159126281738,14.378157615661621,4.231958866119385
2014-08-07,9.17805004119873,2.6189868450164795,6.611258506774902,7.256529808044434,8.91722583770752,5.370082378387451,8.575239181518555,14.287729263305664,4.173902988433838
2014-08-08,9.266586303710938,2.5952956676483154,6.419732570648193,7.099918842315674,8.796586036682129,5.146216869354248,8.674589157104492,14.29224967956543,4.112792015075684
2014-08-11,9.366923332214355,2.655601739883423,6.554510593414307,7.298298358917236,8.957440376281738,5.367415904998779,8.705343246459961,14.396240234375,4.137235641479492
2014-08-12,9.343317031860352,2.657639503479004,6.521407604217529,7.298298358917236,8.932303428649902,5.242159366607666,8.764483451843262,14.473106384277344,4.047095775604248
2014-08-13,9.2606840133667,2.6076602935791016,6.537958145141602,7.229385852813721,8.778995513916016,4.980984687805176,8.847277641296387,14.170171737670898,4.010427951812744
2014-08-14,9.27839183807373,2.64025616645813,6.776776313781738,7.4444684982299805,8.937692642211914,4.956998348236084,8.859105110168457,13.83106517791748,3.979875326156616
2014-08-15,9.38463306427002,2.7554266452789307,6.904458999633789,7.548880100250244,9.069624900817871,5.346094608306885,8.854377746582031,14.016438484191895,4.0501532554626465
2014-08-18,9.526284217834473,2.8140993118286133,6.911556243896484,7.601086616516113,9.20153522491455,5.436707973480225,8.970288276672363,14.124957084655762,4.121957778930664
2014-08-19,9.620721817016602,2.8792917728424072,7.0510640144348145,7.830791473388672,9.516119003295898,5.572625637054443,9.095663070678711,14.129480361938477,4.0730695724487305
2014-08-20,9.667940139770508,2.8054065704345703,7.176427364349365,7.872552394866943,9.561786651611328,5.692552089691162,9.2257719039917,14.364593505859375,4.0975117683410645
2014-08-21,9.626626014709473,2.7901957035064697,7.200136184692383,7.976963520050049,9.617608070373535,5.676562786102295,9.284911155700684,14.269643783569336,4.076125144958496
2014-08-22,9.591212272644043,2.7532541751861572,7.166942596435547,7.851674556732178,9.508512496948242,5.575291633605957,9.377169609069824,14.183732986450195,4.056262493133545
2014-08-25,9.80959415435791,2.8032350540161133,7.406394958496094,8.075109481811523,9.744444847106934,5.873776912689209,9.388997077941895,14.093308448791504,4.094456672668457
2014-08-26,9.768280029296875,2.8032350540161133,7.451442718505859,8.118968963623047,9.810413360595703,5.820476055145264,9.374802589416504,14.025484085083008,4.053208351135254
2014-08-27,9.768280029296875,2.870598077774048,7.799949645996094,8.334050178527832,10.10723876953125,6.086980819702148,9.545126914978027,13.87175464630127,4.1586222648620605
2014-08-28,9.632528305053711,2.8619065284729004,7.885293006896973,8.352840423583984,10.010825157165527,6.086980819702148,9.403188705444336,13.261362075805664,4.117373943328857
2014-08-29,9.662039756774902,2.9336180686950684,8.345236778259277,8.590898513793945,10.274672508239746,6.2255635261535645,9.42921257019043,13.202584266662598,4.270153999328613
2014-09-01,9.420045852661133,3.042269229888916,8.399763107299805,8.501106262207031,10.278481483459473,6.3508219718933105,9.526196479797363,13.089548110961914,4.260987758636475
2014-09-02,9.425947189331055,3.0227115154266357,8.881031036376953,8.680924415588379,10.466278076171875,6.545370101928711,9.346415519714355,12.999123573303223,4.262514114379883
2014-09-03,9.579405784606934,3.063999891281128,8.748270988464355,8.699732780456543,10.430750846862793,6.3828020095825195,9.320395469665527,13.112154006958008,4.308345794677734
2014-09-04,9.650233268737793,3.0227115154266357,8.24328899383545,8.398877143859863,10.217568397521973,6.07365608215332,9.28254508972168,12.9674711227417,4.302236557006836
2014-09-05,9.443655014038086,3.083557605743408,8.108153343200684,8.543035507202148,10.293704986572266,6.081650257110596,9.213945388793945,12.773046493530273,4.338904857635498
2014-09-08,9.301998138427734,2.9966351985931396,7.702751159667969,8.304862976074219,10.027222633361816,5.783165454864502,9.003406524658203,12.705227851867676,4.384737491607666
2014-09-09,9.266586303710938,2.9097137451171875,7.669555187225342,8.19412899017334,9.872418403625488,5.7245330810546875,8.788139343261719,12.935820579528809,4.3205695152282715
2014-09-10,9.402338981628418,2.8684256076812744,7.548640251159668,7.991466522216797,9.765822410583496,5.583286285400391,8.972657203674316,12.840869903564453,4.335848808288574
2014-09-11,9.32560920715332,2.8858089447021484,7.603170871734619,7.953861236572266,9.75059700012207,5.652576446533203,9.001042366027832,12.822783470153809,4.363348484039307
2014-09-12,9.130834579467773,2.7489078044891357,7.417850494384766,7.730310440063477,9.40036678314209,5.367415904998779,8.653300285339355,12.940340995788574,4.285429954528809
2014-09-15,9.461359977722168,2.8423495292663574,7.619108200073242,7.991466522216797,9.638932228088379,5.484679222106934,8.610719680786133,13.16189193725586,4.279321193695068
2014-09-16,9.579405784606934,2.907541513442993,7.954540729522705,8.19412899017334,9.887643814086914,5.74318790435791,8.73373031616211,13.179980278015137,4.2930684089660645
2014-09-17,9.414143562316895,2.9097137451171875,7.954540729522705,8.235913276672363,9.9307861328125,5.8950982093811035,8.681690216064453,13.139283180236816,4.282376766204834
2014-09-18,9.549897193908691,2.824964761734009,7.82995080947876,8.127266883850098,9.814044952392578,5.6738972663879395,8.539755821228027,13.152850151062012,4.312931537628174
2014-09-19,9.679746627807617,2.77715802192688,7.68380069732666,7.939234733581543,9.580552101135254,5.572625637054443,8.790505409240723,12.804698944091797,4.323626518249512
2014-09-22,9.703353881835938,2.672851085662842,7.319615840911865,7.874467372894287,9.451126098632812,5.4873433113098145,8.587063789367676,12.334467887878418,4.334319591522217
2014-09-23,9.673843383789062,2.6924092769622803,7.2213850021362305,7.8097052574157715,9.40544605255127,5.364750385284424,8.57050609588623,12.456549644470215,4.3465423583984375
2014-09-24,9.73876953125,2.6967549324035645,7.187840938568115,7.870289325714111,9.479043006896973,5.391403675079346,8.634376525878906,12.49724006652832,4.411148548126221
2014-09-25,9.656137466430664,2.679370641708374,7.000954627990723,7.682253360748291,9.182106971740723,5.287465572357178,8.397818565368652,12.366119384765625,4.39583158493042
2014-09-26,9.685647010803223,2.7597734928131104,7.147109508514404,8.020720481872559,9.567869186401367,5.580621719360352,8.62964153289795,12.194303512573242,4.426463603973389
2014-09-29,9.538090705871582,2.535949468612671,6.536141395568848,7.456616401672363,8.897865295410156,4.956998348236084,8.27717113494873,11.999883651733398,4.411148548126221
2014-09-30,9.467267036437988,2.431643009185791,6.0617451667785645,7.279024600982666,8.590777397155762,4.821081161499023,8.37889289855957,12.140047073364258,4.37592077255249
2014-10-01,9.207564353942871,2.3664517402648926,6.157582759857178,7.013686656951904,8.36861515045166,4.554576396942139,8.280852317810059,12.131003379821777,4.377453327178955
2014-10-02,9.425947189331055,2.3990466594696045,6.097681999206543,7.235435962677002,8.647906303405762,4.610541343688965,8.285594940185547,12.483675003051758,4.380515098571777
2014-10-03,9.561699867248535,2.4207775592803955,6.231857776641846,7.38595724105835,8.851025581359863,4.890372276306152,8.321152687072754,12.298296928405762,4.406550407409668
2014-10-06,9.80959415435791,2.6185245513916016,6.974596977233887,7.944134712219238,9.325825691223145,5.434041976928711,8.828486442565918,12.361600875854492,4.34988260269165
2014-10-07,9.703353881835938,2.6815431118011475,7.245341777801514,7.891869068145752,9.341052055358887,5.652576446533203,8.89012336730957,12.38872241973877,4.382046222686768
2014-10-08,9.526284217834473,2.679370641708374,7.290867328643799,7.824971675872803,9.219186782836914,5.556634902954102,8.89012336730957,12.375163078308105,4.365198612213135
2014-10-09,9.502676963806152,2.7576000690460205,7.571192741394043,7.977587699890137,9.335981369018555,5.649911880493164,9.067925453186035,12.162654876708984,4.3483500480651855
2014-10-10,9.266586303710938,2.605487108230591,7.211796760559082,7.578286647796631,8.95004653930664,5.343430042266846,8.776331901550293,11.9365816116333,4.287083625793457
2014-10-13,9.484970092773438,2.8140993118286133,8.021629333496094,8.186643600463867,9.648280143737793,5.897761344909668,9.115339279174805,12.429421424865723,4.245730876922607
2014-10-14,9.52038288116455,2.8140993118286133,7.973708629608154,8.299528121948242,9.737151145935059,5.756514549255371,9.110599517822266,12.800175666809082,4.212034225463867
2014-10-15,9.307902336120605,2.7271769046783447,7.667028427124023,7.845880031585693,9.300436973571777,5.370082378387451,8.804778099060059,12.795654296875,4.153828144073486
2014-10-16,9.17805004119873,2.564197540283203,7.465764999389648,7.567833423614502,9.054154396057129,4.9703240394592285,8.608011245727539,12.379682540893555,4.181400775909424
2014-10-17,9.484970092773438,2.64894700050354,7.664633274078369,7.860515117645264,9.318215370178223,5.087585926055908,8.771588325500488,12.487992286682129,4.1522979736328125
2014-10-20,9.390533447265625,2.53377628326416,7.168670177459717,7.674454689025879,9.089692115783691,4.775774955749512,8.653057098388672,12.427000999450684,4.135450839996338
2014-10-21,9.248881340026855,2.3229899406433105,6.732608795166016,7.3420538902282715,8.632669448852539,4.503938674926758,8.238180160522461,12.534902572631836,4.228880882263184
2014-10-22,9.16624641418457,2.299086093902588,6.576873779296875,7.29606294631958,8.576814651489258,4.426651954650879,8.344862937927246,12.553667068481445,4.212034225463867
2014-10-23,8.965569496154785,2.20347261428833,5.977887153625488,6.907218933105469,8.188339233398438,4.13349723815918,7.799595355987549,12.783536911010742,4.2411346435546875
2014-10-24,9.266586303710938,2.3164713382720947,6.169561386108398,7.0890960693359375,8.416854858398438,4.429318904876709,8.107791900634766,12.877359390258789,4.253386974334717
2014-10-27,9.207564353942871,2.286048412322998,5.850900650024414,7.011745452880859,8.231505393981934,3.869657278060913,8.404129028320312,12.41292953491211,4.382046222686768
2014-10-28,9.351244926452637,2.3664517402648926,6.265402317047119,7.348320960998535,8.607283592224121,4.005573749542236,8.266631126403809,12.262810707092285,4.463223934173584
2014-10-29,9.357230186462402,2.2599716186523438,6.100078582763672,7.057737827301025,8.3584566116333,3.736403465270996,8.152837753295898,11.615424156188965,4.461691379547119
2014-10-30,9.405125617980957,2.2795298099517822,6.528953552246094,7.5364789962768555,9.033832550048828,3.8163557052612305,8.250033378601074,11.118159294128418,4.397363662719727
2014-10-31,9.818208694458008,2.368623733520508,6.643959999084473,7.801975250244141,9.325825691223145,4.072200775146484,8.468141555786133,11.728015899658203,4.4770073890686035
2014-11-03,9.698473930358887,2.3034327030181885,6.557703495025635,7.701632022857666,9.296614646911621,3.9576034545898438,8.392274856567383,11.68110179901123,4.5474653244018555
2014-11-04,9.788274765014648,2.3056061267852783,6.888346195220947,7.800086975097656,9.474416732788086,3.9496092796325684,8.344862937927246,11.310497283935547,4.579629421234131
2014-11-05,9.788274765014648,2.2447597980499268,6.342068672180176,7.6850433349609375,9.370280265808105,3.8376762866973877,8.12201976776123,11.258892059326172,4.625576972961426
2014-11-06,9.752354621887207,2.183915376663208,6.073721408843994,7.519792556762695,9.02991008758545,3.7470645904541016,7.894429683685303,11.094701766967773,4.611793041229248
2014-11-07,9.84215259552002,2.1795687675476074,6.227061748504639,7.55117654800415,9.1823091506958,3.803030490875244,8.228696823120117,11.26827335357666,4.58575439453125
2014-11-10,9.770316123962402,2.1491453647613525,5.989866733551025,7.590915679931641,9.156906127929688,3.7257442474365234,7.965552806854248,10.93050765991211,4.594944477081299
2014-11-11,9.578740119934082,2.1578385829925537,5.903611660003662,7.636931419372559,9.151829719543457,3.731074333190918,8.062746047973633,10.588050842285156,4.6102614402771
2014-11-12,9.800248146057129,2.2012994289398193,6.0617451667785645,7.657852649688721,9.220413208007812,3.760390043258667,8.074603080749512,10.564594268798828,4.541337013244629
2014-11-13,9.578740119934082,2.142627000808716,5.968300819396973,7.454952716827393,8.923219680786133,3.6244726181030273,7.944217205047607,10.536447525024414,4.533677577972412
2014-11-14,9.470977783203125,2.146972894668579,5.865279197692871,7.480053901672363,8.966405868530273,3.5178704261779785,7.7403388023376465,10.789772987365723,4.509172439575195
2014-11-17,9.500911712646484,2.096992254257202,6.022738456726074,7.312708854675293,8.900359153747559,3.3579671382904053,7.830418109893799,10.756936073303223,4.53061580657959
2014-11-18,9.686500549316406,2.1749427318573,6.24367094039917,7.641115665435791,9.159446716308594,3.317991018295288,7.953701019287109,10.334726333618164,4.602603435516357
2014-11-19,9.902021408081055,2.192518472671509,6.613490581512451,7.96951961517334,9.527751922607422,3.405937671661377,8.081716537475586,10.395712852478027,4.553590774536133
2014-11-21,10.25523853302002,2.317741632461548,7.163412094116211,8.576120376586914,10.155156135559082,3.811026096343994,8.496589660644531,11.066554069519043,4.594944477081299
2014-11-24,10.09958553314209,2.3111510276794434,6.913665771484375,8.438066482543945,9.944337844848633,3.7870402336120605,8.399392127990723,11.118159294128418,4.671527862548828
2014-11-25,10.075634956359863,2.3287270069122314,7.014522075653076,8.5593900680542,10.071332931518555,3.7710494995117188,8.231067657470703,11.240131378173828,4.654679298400879
2014-11-26,9.961889266967773,2.3353171348571777,6.9256720542907715,8.471534729003906,9.987504959106445,3.776380777359009,8.41598129272461,10.808539390563965,4.660804748535156
2014-11-27,9.913993835449219,2.317741632461548,6.997713565826416,8.31256103515625,9.840187072753906,3.5818305015563965,8.321152687072754,10.780390739440918,4.656210899353027
2014-11-28,10.033729553222656,2.3133485317230225,7.132193088531494,8.28955364227295,9.830026626586914,3.421928644180298,8.228696823120117,10.925820350646973,4.66693115234375
2014-12-01,9.578740119934082,2.168351650238037,6.611087799072266,7.864928722381592,9.373916625976562,3.2833454608917236,7.977406024932861,10.381636619567871,4.59035062789917
2014-12-02,9.351244926452637,2.1068384647369385,6.4742045402526855,7.7520647048950195,9.295135498046875,3.2433695793151855,8.029561042785645,10.072016716003418,4.662339210510254
2014-12-03,9.387164115905762,2.141988754272461,6.483813762664795,7.837869167327881,9.373916625976562,3.387281894683838,8.03667163848877,10.297195434570312,4.703693389892578
2014-12-04,9.399137496948242,2.109034776687622,6.397364616394043,7.670436859130859,9.234148025512695,3.2700207233428955,8.107791900634766,10.165842056274414,4.654679298400879
2014-12-05,9.548806190490723,2.124413013458252,6.539044380187988,7.839966773986816,9.409485816955566,3.246035575866699,8.252405166625977,10.264357566833496,4.67765474319458
2014-12-08,9.44703197479248,2.0409305095672607,6.198046684265137,7.446499347686768,9.058816909790039,3.0674755573272705,8.020074844360352,9.935972213745117,4.579629421234131
2014-12-09,9.375191688537598,2.0211589336395264,6.0419511795043945,7.62021017074585,9.09439468383789,3.043490409851074,8.250033378601074,9.710796356201172,4.581160545349121
2014-12-10,9.459005355834961,1.9904019832611084,5.746580600738525,7.398360252380371,8.957172393798828,2.8995778560638428,8.031929016113281,9.34957218170166,4.703693389892578
2014-12-11,9.512887954711914,1.9772206544876099,5.991523742675781,7.576253890991211,9.058816909790039,2.832951068878174,7.837535858154297,9.086865425109863,4.827755451202393
2014-12-12,9.285391807556152,1.937675952911377,5.6555399894714355,7.132569313049316,8.576019287109375,2.715688705444336,7.816197395324707,8.871070861816406,4.688375473022461
2014-12-15,9.32729721069336,1.9552500247955322,5.382867336273193,6.9316534996032715,8.39306640625,2.414538621902466,7.567275047302246,8.767863273620605,4.654679298400879
2014-12-16,9.339272499084473,1.9442673921585083,5.231918811798096,6.96722936630249,8.352408409118652,2.497154951095581,7.645506381988525,9.077483177185059,4.582691192626953
2014-12-17,9.417098045349121,2.04312801361084,5.643365383148193,7.30836820602417,8.774218559265137,2.5238053798675537,7.73796272277832,9.246367454528809,4.572942733764648
2014-12-18,9.482953071594238,2.0585057735443115,5.672580718994141,7.2644171714782715,8.708152770996094,2.5504562854766846,7.922877788543701,9.363645553588867,4.645114421844482
2014-12-19,9.626633644104004,2.0585057735443115,5.928212642669678,7.450680255889893,8.84282398223877,2.6197471618652344,8.465766906738281,10.11893081665039,4.651256561279297
2014-12-22,9.78228759765625,2.124413013458252,5.981771945953369,7.513477325439453,8.90380859375,2.763659715652466,8.610383987426758,10.025105476379395,4.680430889129639
2014-12-23,9.740381240844727,2.1639575958251953,5.9598612785339355,7.634837627410889,8.944475173950195,2.9075722694396973,8.57956314086914,10.423857688903809,4.6604695320129395
2014-12-26,9.710445404052734,2.1288082599639893,5.976902008056641,7.472849369049072,8.817420959472656,2.7503345012664795,8.449172973632812,10.170533180236816,4.71421480178833
2014-12-29,9.866101264953613,2.168351650238037,5.916040420532227,7.524003028869629,8.84282398223877,2.7396743297576904,8.750253677368164,10.3722562789917,4.703463554382324
2014-12-30,9.752354621887207,2.1617610454559326,5.7870049476623535,7.472849369049072,8.792010307312012,2.6730473041534424,8.418354988098145,10.278430938720703,4.6835036277771
2015-01-02,9.667868614196777,2.0892632007598877,5.514331817626953,7.310862064361572,8.600078582763672,2.4944889545440674,8.345026016235352,9.98288631439209,4.729568958282471
2015-01-05,9.492855072021484,2.0321435928344727,5.399907112121582,7.325937271118164,8.643292427062988,2.281285047531128,7.99810791015625,9.832768440246582,4.76181697845459
2015-01-06,9.854944229125977,2.0519158840179443,5.475376605987549,7.566936016082764,8.783111572265625,2.2066638469696045,8.159683227539062,10.226828575134277,4.691181659698486
2015-01-07,9.993746757507324,2.1332008838653564,5.71640157699585,7.86765193939209,9.100872993469238,2.310601234436035,8.245223999023438,10.60212516784668,4.637434482574463
2015-01-08,10.595934867858887,2.1046411991119385,5.735877990722656,7.908176898956299,9.243236541748047,2.459843158721924,8.105032920837402,10.714715003967285,4.715750694274902
2015-01-09,10.570310592651367,2.049718141555786,5.487553119659424,7.564802646636963,8.839035034179688,2.5344650745391846,8.133549690246582,10.484844207763672,4.694252014160156
2015-01-12,10.704841613769531,1.9904019832611084,5.392602443695068,7.430441856384277,8.62549877166748,2.3559069633483887,8.162063598632812,10.620888710021973,4.668146133422852
2015-01-13,10.704841613769531,1.9947948455810547,5.360954284667969,7.453900337219238,8.615326881408691,2.4225337505340576,8.183445930480957,10.559905052185059,4.685039043426514
2015-01-14,10.736872673034668,2.0343401432037354,5.399907112121582,7.53280782699585,8.673802375793457,2.3745620250701904,8.359283447265625,9.710796356201172,4.760282039642334
2015-01-15,10.75609302520752,2.0255520343780518,5.36582612991333,7.4560346603393555,8.597539901733398,2.4811646938323975,8.411556243896484,9.823384284973145,4.760282039642334
2015-01-16,10.832969665527344,2.087066173553467,5.429121971130371,7.52854585647583,8.729724884033203,2.5158097743988037,8.55412483215332,10.264357566833496,4.760282039642334
2015-01-19,10.634373664855957,1.9728268384933472,5.404777526855469,7.370726585388184,8.414498329162598,2.4438538551330566,8.223844528198242,10.156460762023926,4.78485107421875
2015-01-20,10.826560020446777,2.0123708248138428,5.380430698394775,7.347264289855957,8.442460060119629,2.4811646938323975,8.435320854187012,10.19868278503418,4.844737529754639
2015-01-21,10.94827938079834,2.1046411991119385,5.51676607131958,7.526416778564453,8.691596031188965,2.6384024620056152,8.81788158416748,10.358181953430176,4.792530536651611
2015-01-22,11.070000648498535,2.1947147846221924,5.563022136688232,7.609591484069824,8.734810829162598,2.726348638534546,8.941435813903809,10.278430938720703,4.832454204559326
2015-01-23,10.909843444824219,2.15736722946167,5.548417568206787,7.543475151062012,8.65091609954834,2.659722328186035,8.570759773254395,9.626354217529297,4.8892693519592285
2015-01-26,10.884215354919434,2.1310038566589355,5.4851179122924805,7.665038585662842,8.752608299255371,2.6197471618652344,8.767977714538574,9.185380935668945,4.830918312072754
2015-01-27,10.864998817443848,2.170548677444458,5.599541187286377,7.677835464477539,8.719558715820312,2.7023637294769287,8.64917278289795,8.913291931152344,4.912303924560547
2015-01-28,10.909843444824219,2.1222169399261475,5.358520030975342,7.517877578735352,8.541608810424805,2.4278640747070312,8.432944297790527,8.861688613891602,4.959908485412598
2015-01-29,11.313437461853027,2.1639575958251953,5.246527194976807,7.415510177612305,8.483135223388672,2.310601234436035,8.577886581420898,8.467626571655273,5.072005271911621
2015-01-30,11.332657814025879,2.0211589336395264,5.029848575592041,7.193704128265381,8.363656997680664,2.211994171142578,8.321266174316406,8.73033332824707,4.926123142242432
2015-02-02,11.204530715942383,2.0475218296051025,4.917862415313721,7.268352031707764,8.474292755126953,2.342581272125244,8.361662864685059,9.260438919067383,5.0581817626953125
2015-02-03,11.242966651916504,2.1046411991119385,5.076106071472168,7.537386894226074,8.710820198059082,2.657058000564575,8.314135551452637,9.790548324584961,5.018258571624756
2015-02-04,11.10843563079834,2.141988754272461,5.429121971130371,7.727322101593018,9.03127384185791,2.6703829765319824,8.264237403869629,9.640430450439453,5.0428266525268555
2015-02-05,11.364686012268066,2.1266098022460938,5.548417568206787,7.603544235229492,8.954971313476562,2.6197471618652344,8.368785858154297,9.593513488769531,5.029006004333496
2015-02-06,11.473590850830078,2.0716869831085205,5.331741809844971,7.635555267333984,8.934627532958984,2.430527687072754,8.364032745361328,9.579442024230957,5.018258571624756
2015-02-09,11.640155792236328,2.0716869831085205,5.468075752258301,7.714512348175049,8.990588188171387,2.5051496028900146,8.387795448303223,10.128311157226562,5.025935649871826
2015-02-10,11.55687427520752,2.0519158840179443,5.2854814529418945,7.553218364715576,8.876131057739258,2.3745620250701904,8.031373977661133,9.570060729980469,5.1579976081848145
2015-02-11,11.55687427520752,1.9706298112869263,5.343912601470947,7.349597454071045,8.726085662841797,2.419868230819702,7.796138286590576,9.898446083068848,5.121140956878662
2015-02-12,11.58890151977539,2.0365374088287354,5.626322269439697,7.641100883483887,8.955440521240234,2.51847505569458,7.841282844543457,10.123621940612793,5.062788963317871
2015-02-13,11.53125,2.0607028007507324,5.989075660705566,7.8447136878967285,9.252573013305664,2.6730473041534424,8.157309532165527,10.545830726623535,4.9814043045043945
2015-02-18,11.659375190734863,2.1178231239318848,5.830827713012695,7.930452823638916,9.307303428649902,2.6757123470306396,8.097908020019531,10.653725624084473,4.975261688232422
2015-02-19,11.67859172821045,2.1222169399261475,5.928212642669678,7.913300514221191,9.304696083068848,2.587766647338867,8.197705268859863,10.367565155029297,5.067394733428955
2015-02-20,11.640155792236328,2.1332008838653564,5.85763692855835,7.932596206665039,9.354215621948242,2.5691113471984863,8.164443016052246,10.611506462097168,4.9906182289123535
2015-02-23,11.83874797821045,2.1068384647369385,5.8356428146362305,8.009757041931152,9.445441246032715,2.5318005084991455,8.157309532165527,10.142387390136719,4.967584133148193
2015-02-24,11.83874797821045,2.185926675796509,5.77943754196167,8.097633361816406,9.544480323791504,2.6384024620056152,8.164443016052246,10.339418411254883,4.9906182289123535
2015-02-25,11.69140625,2.170548677444458,5.657248497009277,8.142645835876465,9.567935943603516,2.5051496028900146,8.15493392944336,10.386327743530273,4.899072170257568
2015-02-26,11.845154762268066,2.203503131866455,5.6230363845825195,8.159794807434082,9.614859580993652,2.459843158721924,8.418688774108887,9.968812942504883,4.878982067108154
2015-02-27,11.729841232299805,2.214487314224243,5.796543598175049,8.059050559997559,9.513211250305176,2.54512619972229,8.316509246826172,9.968812942504883,4.725982666015625
2015-03-02,11.652586936950684,2.12001895904541,5.78432559967041,7.949741840362549,9.470186233520508,2.510479211807251,8.240473747253418,9.645118713378906,4.8032546043396
2015-03-03,11.865036010742188,2.1639575958251953,5.774547576904297,7.967049598693848,9.543194770812988,2.5504562854766846,8.169190406799316,9.753016471862793,4.899072170257568
2015-03-04,11.787781715393066,2.1815333366394043,5.483745098114014,7.801917552947998,9.459747314453125,2.4705042839050293,8.040878295898438,9.565369606018066,4.891345500946045
2015-03-05,11.81997299194336,2.1178231239318848,5.508182048797607,7.7890472412109375,9.376317977905273,2.4625089168548584,8.078898429870605,9.147851943969727,4.837255954742432
2015-03-06,11.73628044128418,2.124413013458252,5.376223564147949,7.694687843322754,9.126001358032227,2.4651734828948975,8.093152046203613,9.190073013305664,4.861981391906738
2015-03-09,11.742719650268555,2.111231803894043,5.166059970855713,7.4737982749938965,8.888729095458984,2.377228021621704,7.993353843688965,9.16661548614502,4.8001627922058105
2015-03-10,11.395071983337402,2.0892632007598877,5.197827339172363,7.225029945373535,8.539329528808594,2.270625591278076,7.815142631530762,8.960204124450684,4.744528293609619
2015-03-11,11.678337097167969,2.139791965484619,5.280913352966309,7.441629886627197,8.828754425048828,2.3292555809020996,8.024245262145996,8.847616195678711,4.810982704162598
2015-03-12,11.613962173461914,2.1156253814697266,5.351786136627197,7.3086652755737305,8.865260124206543,2.2572999000549316,7.919693946838379,8.847616195678711,4.891345500946045
2015-03-13,11.678337097167969,2.12001895904541,5.222263336181641,7.218593597412109,8.820934295654297,2.2226545810699463,7.884052753448486,8.856996536254883,4.8681640625
2015-03-16,11.588210105895996,2.1903204917907715,5.222263336181641,7.325822830200195,8.820934295654297,2.2359797954559326,7.9529619216918945,8.866377830505371,4.744528293609619
2015-03-17,11.697654724121094,2.3572850227355957,5.486187934875488,7.613197326660156,9.073853492736816,2.361236810684204,8.102657318115234,9.326115608215332,4.75843620300293
2015-03-18,11.865036010742188,2.4715254306793213,5.874742031097412,7.913427829742432,9.347634315490723,2.4518487453460693,8.37116527557373,9.190073013305664,4.827983379364014
2015-03-19,11.910101890563965,2.434178113937378,5.613262176513672,7.780472278594971,9.290273666381836,2.377228021621704,8.316509246826172,8.983658790588379,4.804800033569336
2015-03-20,12.019550323486328,2.5000860691070557,5.850306510925293,7.900565147399902,9.368492126464844,2.457178831100464,8.316509246826172,9.499692916870117,4.851165771484375
2015-03-23,12.12899398803711,2.464935541152954,5.855193138122559,7.881269931793213,9.308520317077637,2.486494541168213,8.368785858154297,9.560675621032715,4.767709255218506
2015-03-24,12.006669998168945,2.4078152179718018,5.842031002044678,7.806201457977295,9.251155853271484,2.510479211807251,8.530366897583008,9.185380935668945,4.75225305557251
2015-03-25,11.858599662780762,2.3814523220062256,5.707963466644287,7.810496807098389,9.243330001831055,2.6117520332336426,8.447198867797852,9.26982307434082,4.799290657043457
2015-03-26,11.639711380004883,2.4231932163238525,5.484506130218506,7.570302963256836,8.98259162902832,2.486494541168213,8.309385299682617,8.87575912475586,4.712510108947754
2015-03-27,11.768470764160156,2.4451632499694824,5.501888275146484,7.360136032104492,8.826147079467773,2.4944889545440674,8.238097190856934,8.60836124420166,4.8023905754089355
2015-03-30,12.006669998168945,2.493495225906372,5.665753364562988,7.514544486999512,9.123392105102539,2.587766647338867,8.64917278289795,8.735023498535156,4.93411111831665
2015-03-31,11.897226333618164,2.442965269088745,5.688098907470703,7.604617118835449,9.206830978393555,2.5744409561157227,8.720455169677734,8.416022300720215,4.927912712097168
2015-04-01,12.199808120727539,2.574779987335205,5.901618480682373,7.8516693115234375,9.52115249633789,2.734344244003296,8.791205406188965,8.228375434875488,5.011595726013184
2015-04-02,12.135430335998535,2.6406877040863037,6.107690811157227,7.933803558349609,9.612459182739258,2.848940849304199,8.893675804138184,8.444170951843262,5.008494853973389
2015-04-06,12.386506080627441,2.616523027420044,6.32617712020874,8.01105785369873,9.729842185974121,2.854271173477173,9.198710441589355,8.505157470703125,5.02089262008667
2015-04-07,12.515265464782715,2.5506138801574707,6.127553462982178,8.054840087890625,9.735058784484863,2.910238027572632,8.91750717163086,8.913291931152344,5.042588233947754
2015-04-08,12.508828163146973,2.631899833679199,6.0456223487854,8.052263259887695,9.782013893127441,2.8169608116149902,9.148666381835938,8.796009063720703,5.036389350891113
2015-04-09,12.444448471069336,2.631899833679199,5.824652194976807,7.908061504364014,9.58637523651123,3.086132049560547,9.241604804992676,8.819465637207031,4.971302032470703
2015-04-10,12.566767692565918,2.65606689453125,6.033207893371582,7.938958644866943,9.6568021774292,3.147427797317505,9.246371269226074,8.64120101928711,4.996098518371582
2015-04-13,12.495951652526855,2.6692488193511963,6.020793437957764,7.959558010101318,9.581156730651855,3.2700207233428955,9.067643165588379,8.556756973266602,4.9868011474609375
2015-04-14,12.30925178527832,2.65167236328125,5.976104736328125,8.07028579711914,9.581156730651855,3.3206570148468018,9.155815124511719,8.796009063720703,5.036389350891113
2015-04-15,12.322127342224121,2.7329578399658203,6.214451789855957,8.157841682434082,9.719406127929688,3.555180549621582,9.151049613952637,9.014968872070312,5.0301899909973145
2015-04-16,12.296375274658203,2.7004292011260986,6.403142929077148,8.160415649414062,9.646370887756348,3.459238052368164,9.162964820861816,8.753242492675781,4.940310478210449
2015-04-17,12.27706241607666,2.7004292011260986,6.095276355743408,7.918356418609619,9.523767471313477,3.4512434005737305,8.757840156555176,8.627227783203125,4.93101167678833
2015-04-20,12.16118049621582,2.6627697944641113,6.065484523773193,7.874581336975098,9.364649772644043,3.4832234382629395,8.705411911010742,8.593301773071289,4.875223159790039
2015-04-22,12.206246376037598,2.7048609256744385,6.311281681060791,7.938958644866943,9.625499725341797,3.464568614959717,8.798349380493164,9.4269437789917,4.8504319190979
2015-04-23,12.14186954498291,2.733659029006958,6.52728796005249,8.142393112182617,9.886354446411133,3.4299230575561523,9.022360801696777,10.221809387207031,4.878324508666992
2015-04-24,12.186931610107422,2.8267006874084473,6.750737190246582,8.368998527526855,10.207197189331055,3.523200035095215,8.774521827697754,11.244475364685059,4.93411111831665
2015-04-27,12.103240966796875,2.7912566661834717,6.554596424102783,8.211912155151367,10.01678466796875,3.33664608001709,8.593402862548828,11.370492935180664,4.912415027618408
2015-04-28,12.167618751525879,2.7823948860168457,6.579422473907471,8.368998527526855,10.118513107299805,3.403272867202759,8.431356430053711,10.929436683654785,4.8659281730651855
2015-04-29,12.135430335998535,2.7092909812927246,6.455280303955078,8.119214057922363,9.980262756347656,3.416597843170166,8.29790210723877,10.231505393981934,4.912415027618408
2015-04-30,12.199808120727539,2.7558116912841797,6.60921573638916,8.28659439086914,10.05069351196289,3.4805588722229004,8.369397163391113,10.977906227111816,4.971302032470703
2015-05-04,12.450883865356445,2.8178396224975586,6.564526557922363,8.327792167663574,10.16420841217041,3.6751091480255127,8.458969116210938,12.010262489318848,5.144864559173584
2015-05-05,12.598955154418945,2.83113169670105,6.745774269104004,8.361032485961914,10.065047264099121,3.8456714153289795,8.355868339538574,13.115324974060059,5.2099528312683105
2015-05-06,12.772782325744629,2.83113169670105,6.73087739944458,8.154897689819336,9.81191635131836,3.6751091480255127,8.28154182434082,12.082966804504395,5.154162406921387
2015-05-07,12.56032943725586,2.742520332336426,6.917083740234375,8.123984336853027,9.851064682006836,3.640462636947632,8.176046371459961,11.574054718017578,5.163461685180664
2015-05-08,12.798535346984863,2.7934720516204834,6.951844692230225,8.154897689819336,9.98154354095459,3.6004862785339355,8.379846572875977,11.026373863220215,5.2378458976745605
2015-05-11,12.701963424682617,2.7890405654907227,6.966740131378174,8.129131317138672,9.93457317352295,3.669778347015381,8.161657333374023,11.283249855041504,5.275036811828613
2015-05-12,12.515265464782715,2.7181529998779297,6.830185890197754,8.046688079833984,9.890206336975098,3.6591169834136963,8.212008476257324,10.822809219360352,5.315327167510986
2015-05-13,12.5538911819458,2.6694161891937256,6.703563690185547,7.966803073883057,9.822355270385742,3.7257442474365234,8.331894874572754,10.468996047973633,5.256440162658691
2015-05-14,12.489511489868164,2.6804919242858887,6.4453535079956055,8.149747848510742,9.918912887573242,3.704423427581787,8.39183521270752,10.338133811950684,5.395908832550049
2015-05-15,12.663334846496582,2.7159364223480225,6.509907245635986,8.291459083557129,10.104193687438965,3.741734027862549,8.183236122131348,10.313898086547852,5.36801815032959
2015-05-18,12.412259101867676,2.746951103210449,6.465217113494873,8.080182075500488,9.835405349731445,3.6511216163635254,8.18563461303711,9.809836387634277,5.3463215827941895
2015-05-19,12.386506080627441,2.752345323562622,6.274040222167969,8.00803279876709,9.697103500366211,3.435253143310547,7.984230995178223,9.751677513122559,5.268839359283447
2015-05-20,11.897226333618164,2.729968786239624,6.214451789855957,7.78129768371582,9.524864196777344,3.421928644180298,7.991423606872559,9.620814323425293,5.3060302734375
2015-05-21,12.12899398803711,2.707592010498047,6.115139484405518,7.688539028167725,9.410042762756348,3.5924911499023438,7.984230995178223,9.814684867858887,5.33082389831543
2015-05-22,12.071049690246582,2.64493727684021,5.905510902404785,7.472105026245117,9.211721420288086,3.4832234382629395,7.780429363250732,9.81952953338623,5.361817836761475
2015-05-25,12.167618751525879,2.6203229427337646,6.120484828948975,7.549403667449951,9.24564266204834,3.4192631244659424,7.907505989074707,9.969779968261719,5.498185634613037
2015-05-26,11.929415702819824,2.5889954566955566,5.9560933113098145,7.278859615325928,9.10994815826416,3.302001476287842,7.650956630706787,10.076409339904785,5.3060302734375
2015-05-27,11.910101890563965,2.6180853843688965,6.054728984832764,7.544245719909668,9.295223236083984,3.3419761657714844,7.775631904602051,10.153955459594727,5.389712810516357
2015-05-28,11.897226333618164,2.5867576599121094,5.91815710067749,7.456644535064697,9.185627937316895,3.3712921142578125,7.686919212341309,9.955240249633789,5.33082389831543
2015-05-29,11.929415702819824,2.5062005519866943,5.751235008239746,7.265974998474121,8.958600044250488,3.2860107421875,7.63417387008667,9.717748641967773,5.299829959869385
2015-06-01,11.974482536315918,2.5912327766418457,5.786642074584961,7.222175598144531,8.897242546081543,3.2940056324005127,7.732477188110352,9.712900161743164,5.337021350860596
2015-06-02,12.006843566894531,2.64493727684021,5.930804252624512,7.469432830810547,9.095659255981445,3.432588577270508,7.7780327796936035,10.347826957702637,5.470293998718262
2015-06-03,11.922701835632324,2.6337485313415527,5.715824604034424,7.268326282501221,8.865917205810547,3.408602714538574,7.792417526245117,10.124876022338867,5.470293998718262
2015-06-05,12.103937149047852,2.627035140991211,5.647539138793945,7.1136250495910645,8.654454231262207,3.3499717712402344,7.768442153930664,9.984320640563965,5.538479804992676
2015-06-08,11.948590278625488,2.582282066345215,5.622247695922852,7.105881690979004,8.617895126342773,3.3499717712402344,7.684524059295654,9.741982460021973,5.526083946228027
2015-06-09,11.993898391723633,2.582282066345215,5.695592403411865,7.064631462097168,8.563077926635742,3.464568614959717,7.768442153930664,9.683820724487305,5.591166973114014
2015-06-10,12.142773628234863,2.6426990032196045,5.8701019287109375,7.322465896606445,8.813700675964355,3.4858899116516113,7.895517826080322,10.2799711227417,5.6252593994140625
2015-06-11,12.084519386291504,2.6426990032196045,5.834695339202881,7.312158107757568,8.758877754211426,3.4912185668945312,7.986630439758301,10.338133811950684,5.6872453689575195
2015-06-12,12.129827499389648,2.6203229427337646,5.762953281402588,7.167766571044922,8.667498588562012,3.469899892807007,7.919494152069092,10.2557373046875,5.6190595626831055
2015-06-15,11.845029830932617,2.6247975826263428,5.752705097198486,7.139406681060791,8.71187973022461,3.467233419418335,7.885927677154541,9.858305931091309,5.578770160675049
2015-06-16,12.123351097106934,2.6046595573425293,5.944803714752197,7.299261569976807,9.019947052001953,3.56584095954895,7.83557653427124,9.572346687316895,5.671749591827393
2015-06-17,12.078045845031738,2.5957083702087402,5.775758743286133,7.144561767578125,8.860696792602539,3.5018796920776367,7.768442153930664,9.436635971069336,5.715138912200928
2015-06-18,12.084519386291504,2.6203229427337646,5.962735176086426,7.412704944610596,9.07999324798584,3.584496021270752,7.8451690673828125,9.887383460998535,5.736833095550537
2015-06-19,12.213974952697754,2.5778071880340576,5.921752452850342,7.263165473937988,8.978181838989258,3.504544973373413,7.756450653076172,9.84860897064209,5.808120250701904
2015-06-22,12.265753746032715,2.5867576599121094,6.034450054168701,7.332779407501221,9.004280090332031,3.5098750591278076,7.689316272735596,9.543265342712402,5.885603904724121
2015-06-23,12.23986530303955,2.553192377090454,5.998591899871826,7.42879056930542,9.093049049377441,3.456573963165283,7.677327632904053,9.601425170898438,5.836015224456787
2015-06-24,12.233388900756836,2.550955057144165,6.116410255432129,7.475512981414795,9.124372482299805,3.523200035095215,7.559843063354492,9.596577644348145,5.841864109039307
2015-06-25,12.24633502960205,2.575568199157715,6.039573669433594,7.449557304382324,8.967730522155762,3.3579671382904053,7.5166850090026855,9.363933563232422,5.9319748878479
2015-06-26,12.388733863830566,2.6136093139648438,6.275214195251465,7.558576583862305,9.046051025390625,3.520535469055176,7.471129894256592,9.509337425231934,5.969263553619385
2015-06-29,12.272225379943848,2.5710933208465576,6.095921039581299,7.356114864349365,8.93117904663086,3.4245927333831787,7.435164451599121,9.305773735046387,5.891578674316406
2015-06-30,12.291645050048828,2.6113717555999756,6.218863010406494,7.37947416305542,8.933799743652344,3.3819518089294434,7.353643894195557,8.864720344543457,5.907118320465088
2015-07-01,12.382262229919434,2.593471050262451,6.13946533203125,7.356114864349365,8.984722137451172,3.240703821182251,7.566246032714844,8.777478218078613,6.053163051605225
2015-07-02,12.324009895324707,2.5845203399658203,6.121533393859863,7.506494998931885,9.104870796203613,3.2913408279418945,7.383288383483887,8.758089065551758,6.0811309814453125
2015-07-03,12.395208358764648,2.559906005859375,6.062625885009766,7.420783519744873,9.01345443725586,3.1341028213500977,7.3062543869018555,8.56906795501709,6.161920547485352
2015-07-06,12.440515518188477,2.582282066345215,6.108729839324951,7.275324821472168,8.859354972839355,3.0674755573272705,7.349586009979248,8.554525375366211,6.15570592880249
2015-07-07,12.498770713806152,2.627035140991211,5.998591899871826,7.210389137268066,8.893309593200684,3.136767625808716,7.226810932159424,8.690235137939453,6.214746475219727
2015-07-08,12.362842559814453,2.5889954566955566,5.931999683380127,7.098703861236572,8.7914457321167,3.0541508197784424,7.243662357330322,8.317036628723145,6.143277645111084
2015-07-10,12.576443672180176,2.6382246017456055,6.085674285888672,7.402602672576904,9.057856559753418,3.147427797317505,7.209959030151367,8.292799949645996,6.087345600128174
2015-07-13,12.64764404296875,2.647174119949341,6.121533393859863,7.532469749450684,9.141432762145996,3.1420979499816895,7.101631164550781,8.966501235961914,6.109096050262451
2015-07-14,12.718840599060059,2.6941657066345215,6.129220962524414,7.5792236328125,9.147698402404785,3.195399045944214,7.229219436645508,8.636921882629395,6.137060642242432
2015-07-15,12.783570289611816,2.6516501903533936,6.129220962524414,7.542860507965088,8.989690780639648,3.139432430267334,7.231626510620117,8.292799949645996,6.1339569091796875
2015-07-16,12.770623207092285,2.678502321243286,5.929433822631836,7.506494998931885,9.015543937683105,3.195399045944214,7.315884113311768,8.549678802490234,6.149492263793945
2015-07-17,12.751205444335938,2.6225597858428955,5.788562774658203,7.485719203948975,8.960957527160645,3.040825128555298,7.221998691558838,8.45759105682373,6.099774360656738
2015-07-20,12.777097702026367,2.5643811225891113,5.642571449279785,7.340261459350586,8.90636920928955,2.8755924701690674,7.079962730407715,8.38973617553711,6.090451717376709
2015-07-21,12.699424743652344,2.519627094268799,5.634888172149658,7.2467522621154785,8.831664085388184,2.8596014976501465,7.099222183227539,8.506059646606445,6.149492263793945
2015-07-22,12.641169548034668,2.4882988929748535,5.363387584686279,7.155844211578369,8.693766593933105,2.7609951496124268,7.308660507202148,8.380043983459473,6.183673858642578
2015-07-23,12.421098709106445,2.3943164348602295,5.278864860534668,6.880523204803467,8.331762313842773,2.697033643722534,6.762195587158203,8.394583702087402,6.1463847160339355
2015-07-24,12.272225379943848,2.3428502082824707,5.227636814117432,6.942861557006836,8.294418334960938,2.6730473041534424,6.788679122924805,8.137706756591797,6.196102142333984
2015-07-27,12.090991020202637,2.3271865844726562,5.38643741607666,7.038963317871094,8.277175903320312,2.5318005084991455,6.757380485534668,8.123164176940918,6.105988025665283
2015-07-28,12.16219425201416,2.304809808731079,5.378754138946533,7.111691474914551,8.42944622039795,2.6703829765319824,6.656275749206543,8.76778507232666,5.904009819030762
2015-07-29,12.045681953430176,2.2869086265563965,5.616955757141113,7.1714301109313965,8.512764930725098,2.8516063690185547,6.692381858825684,8.893800735473633,5.708322048187256
2015-07-30,12.226917266845703,2.2980968952178955,5.519626617431641,6.987016677856445,8.406463623046875,2.7769856452941895,6.632200241088867,8.45759105682373,5.702079772949219
2015-07-31,12.60233211517334,2.3406121730804443,5.647692680358887,7.137665271759033,8.642049789428711,2.795640707015991,6.716457366943359,8.661155700683594,5.839404582977295
2015-08-03,12.686480522155762,2.302572250366211,5.69635534286499,6.833767414093018,8.600377082824707,2.6730473041534424,6.5551652908325195,8.525445938110352,5.858131408691406
2015-08-04,12.770623207092285,2.2958593368530273,5.494013786315918,6.7711181640625,8.393409729003906,2.7076942920684814,6.66831111907959,8.772629737854004,5.948639392852783
2015-08-05,12.913023948669434,2.289146661758423,5.558047294616699,6.742525577545166,8.379033088684082,2.6677181720733643,6.66831111907959,9.21368408203125,5.826920032501221
2015-08-06,12.867714881896973,2.2779574394226074,5.4043684005737305,6.7711181640625,8.347421646118164,2.755664825439453,6.3529486656188965,9.489950180053711,5.764501094818115
2015-08-07,12.544078826904297,2.253342866897583,5.245565414428711,6.5813703536987305,8.103092193603516,2.5824360847473145,6.338505268096924,8.927726745605469,5.680232524871826
2015-08-10,12.64764404296875,2.3159987926483154,5.3838791847229,6.667148113250732,8.209444999694824,2.6623880863189697,6.456464767456055,9.378474235534668,5.773862838745117
2015-08-11,12.770623207092285,2.371940851211548,5.4504714012146,6.778918743133545,8.1921968460083,2.659722328186035,6.475724220275879,9.014968872070312,5.776983737945557
2015-08-12,12.233388900756836,2.3473258018493652,5.209708213806152,6.469603538513184,7.956496238708496,2.617081880569458,6.3986897468566895,9.170063018798828,5.589724063873291
2015-08-13,12.078045845031738,2.3943164348602295,4.98175048828125,6.316248893737793,7.771946907043457,2.5318005084991455,6.184436798095703,8.956806182861328,5.570998191833496
2015-08-14,12.01331901550293,2.367464303970337,4.943333148956299,6.28245735168457,7.7632155418396,2.478499174118042,5.994256019592285,8.821098327636719,5.43367338180542
2015-08-17,12.032736778259277,2.3383748531341553,4.8613715171813965,6.175884246826172,7.68170690536499,2.438524007797241,6.090549945831299,8.729010581970215,5.343165874481201
2015-08-18,12.090991020202637,2.401028633117676,5.025293350219727,6.3006510734558105,7.809789657592773,2.3958828449249268,5.955740451812744,8.443049430847168,5.461761474609375
2015-08-19,11.728522300720215,2.376415491104126,4.71537446975708,6.110902309417725,7.649693965911865,2.3292555809020996,5.897964000701904,8.161938667297363,5.455521583557129
2015-08-20,11.96153736114502,2.425644636154175,4.764041423797607,6.077112674713135,7.667155742645264,2.3159306049346924,5.722229957580566,8.321882247924805,5.190234661102295
2015-08-21,11.689682960510254,2.3383748531341553,4.753793716430664,6.009528636932373,7.684623718261719,2.211994171142578,5.717414379119873,8.094084739685059,5.262018203735352
2015-08-24,11.702630043029785,2.3821046352386475,4.627596855163574,5.9835381507873535,7.527437210083008,2.102726459503174,5.659638404846191,7.464005947113037,5.155905246734619
2015-08-25,11.851500511169434,2.3140432834625244,4.568236351013184,5.87696647644043,7.512881755828857,2.092066764831543,5.529642581939697,7.4397735595703125,5.0404276847839355
2015-08-26,12.207501411437988,2.463776111602783,4.792775630950928,6.259059429168701,7.966971397399902,2.1666879653930664,5.623528003692627,7.7063422203063965,5.0497894287109375
2015-08-27,12.336953163146973,2.529566764831543,4.963118553161621,6.435811996459961,8.249322891235352,2.377228021621704,5.796855449676514,8.573912620544434,5.196477890014648
2015-08-28,12.453460693359375,2.486462116241455,4.846974849700928,6.230465412139893,8.013543128967285,2.4038782119750977,5.808892726898193,8.38973617553711,5.224564552307129
2015-08-31,12.356372833251953,2.4456260204315186,4.601785659790039,5.991336345672607,7.728288173675537,2.449183225631714,5.394832134246826,8.685388565063477,5.227687835693359
2015-09-01,12.110408782958984,2.3480734825134277,4.483065605163574,5.81978178024292,7.549164772033691,2.2892799377441406,5.163727760314941,8.287957191467285,5.077878952026367
2015-09-02,12.388733863830566,2.363953113555908,4.490809440612793,5.926176071166992,7.726827621459961,2.350576877593994,5.0818772315979,8.777478218078613,5.265139102935791
2015-09-03,12.70589542388916,2.3911781311035156,4.601785659790039,6.074461460113525,8.020989418029785,2.3345870971679688,5.245577812194824,9.077977180480957,5.265139102935791
2015-09-04,12.848295211791992,2.3140432834625244,4.397895336151123,5.816918849945068,7.694787979125977,2.2679603099823,5.175765037536621,8.840482711791992,5.149662017822266
2015-09-08,12.692952156066895,2.32311749458313,4.413381099700928,5.9521918296813965,7.779251575469971,2.3026065826416016,5.209468841552734,9.174910545349121,5.096602916717529
2015-09-09,12.529886245727539,2.4115960597991943,4.426286697387695,6.022434711456299,7.8666253089904785,2.2359797954559326,5.21428108215332,9.237916946411133,5.018580436706543
2015-09-10,12.503796577453613,2.4501636028289795,4.348857879638672,5.892359256744385,7.7093505859375,2.124047040939331,5.079468727111816,9.664433479309082,4.99360990524292
2015-09-11,12.301599502563477,2.4184019565582275,4.232715129852295,5.827320098876953,7.723913192749023,2.0414302349090576,5.175765037536621,9.4269437789917,5.006093978881836
2015-09-14,12.301599502563477,2.5046112537384033,4.4809184074401855,6.087470531463623,8.035554885864258,2.0574207305908203,5.260019779205322,9.281540870666504,5.127815246582031
2015-09-15,12.432048797607422,2.5862841606140137,4.643575668334961,6.204540252685547,8.233595848083496,2.0387654304504395,5.284095764160156,9.014968872070312,5.149662017822266
2015-09-16,12.68642807006836,2.6951799392700195,4.688174724578857,6.436072826385498,8.370490074157715,2.169353485107422,5.517605781555176,9.228225708007812,5.190234661102295
2015-09-17,12.712520599365234,2.5794777870178223,4.677679538726807,6.4178595542907715,8.443296432495117,2.0947318077087402,5.777597427368164,9.446329116821289,5.227687835693359
2015-09-18,12.69947338104248,2.5318357944488525,4.415331840515137,6.069259166717529,8.111282348632812,2.0254411697387695,5.387609481811523,9.649893760681152,5.1309356689453125
2015-09-21,12.608158111572266,2.486462116241455,4.2736616134643555,5.881950855255127,7.930701732635498,1.9454883337020874,5.5103840827941895,9.659587860107422,5.071637153625488
2015-09-22,12.653817176818848,2.5159547328948975,4.271040439605713,5.905368328094482,8.006424903869629,1.8575419187545776,5.873891830444336,9.431787490844727,5.152782440185547
2015-09-23,12.503796577453613,2.481924533843994,4.118877410888672,5.705053329467773,7.688967227935791,1.8175660371780396,5.88352108001709,9.160368919372559,5.0977091789245605
2015-09-24,12.471184730529785,2.5204925537109375,4.126747131347656,5.772688865661621,7.776340961456299,1.8548775911331177,6.030366897583008,8.942268371582031,5.08831787109375
2015-09-25,12.58858871459961,2.4932680130004883,4.000819683074951,5.640014171600342,7.587027549743652,1.8175660371780396,5.922037124633789,8.690235137939453,4.941146373748779
2015-09-28,12.575545310974121,2.4456260204315186,3.8014352321624756,5.499536037445068,7.581204891204834,1.716294288635254,5.960554122924805,8.040771484375,4.897307872772217
2015-09-29,12.627726554870605,2.438819646835327,3.7594597339630127,5.4657182693481445,7.549164772033691,1.7562700510025024,5.780004501342773,7.987456321716309,4.8534722328186035
2015-09-30,12.666860580444336,2.513686180114746,3.987701654434204,5.572377681732178,7.721002578735352,1.9294981956481934,5.88352108001709,8.035924911499023,4.837813854217529
2015-10-01,12.849496841430664,2.5817458629608154,3.911623239517212,5.647817134857178,7.833195209503174,1.8708670139312744,5.7386064529418945,8.346113204956055,4.975589752197266
2015-10-02,13.084307670593262,2.6724929809570312,4.1765947341918945,5.861060619354248,8.150835990905762,2.0707461833953857,5.944421291351318,8.636921882629395,5.116497993469238
2015-10-05,13.27346134185791,2.620314121246338,4.239556312561035,6.0329084396362305,8.322776794433594,2.084071636199951,6.157500267028809,8.792016983032227,5.2417473793029785
2015-10-06,12.973424911499023,2.618044376373291,4.336626052856445,6.090188980102539,8.398541450500488,2.18267822265625,6.0291666984558105,8.874411582946777,5.229222297668457
2015-10-07,13.045173645019531,2.6248512268066406,4.703914642333984,6.30890417098999,8.637500762939453,2.2572999000549316,6.126021862030029,9.766214370727539,5.273062705993652
2015-10-08,12.83644962310791,2.6475377082824707,4.6357035636901855,6.314116477966309,8.669550895690918,2.3319215774536133,6.307624340057373,9.72259521484375,5.08831787109375
2015-10-09,12.908197402954102,2.704254627227783,4.856079578399658,6.246417045593262,8.611271858215332,2.3452467918395996,6.443220138549805,10.076409339904785,4.997509479522705
2015-10-13,12.197237014770508,2.670224189758301,4.452060222625732,5.9053263664245605,8.150835990905762,2.1666879653930664,6.295518398284912,9.005274772644043,5.116497993469238
2015-10-14,12.001557350158691,2.5635969638824463,4.41008186340332,5.874078750610352,8.075071334838867,2.121381998062134,6.150234699249268,9.063435554504395,5.057003974914551
2015-10-15,12.464661598205566,2.613508462905884,4.347120761871338,5.853249549865723,7.94102144241333,2.1320419311523438,6.0291666984558105,9.194297790527344,5.0695295333862305
2015-10-16,12.582069396972656,2.5953586101531982,4.271040439605713,5.74128532409668,7.821537971496582,2.1187169551849365,6.126021862030029,9.107089042663574,5.010032653808594
2015-10-19,12.69947338104248,2.599895715713501,4.459929466247559,5.733476638793945,8.00804615020752,2.1187169551849365,6.174450397491455,8.800552368164062,4.9818525314331055
2015-10-20,12.771224021911621,2.5817458629608154,4.315639019012451,5.598081111907959,7.844851016998291,2.1453680992126465,6.053383827209473,8.706615447998047,4.994378566741943
2015-10-21,12.849496841430664,2.5794777870178223,4.368109703063965,5.605892658233643,7.7865705490112305,2.065416097640991,5.908102035522461,8.943933486938477,4.903571128845215
2015-10-22,12.823403358459473,2.6906425952911377,4.433694839477539,5.689209461212158,7.949763298034668,2.1373724937438965,5.932313919067383,9.15158462524414,4.963062763214111
2015-10-23,12.89515209197998,2.7337474822998047,4.373354911804199,5.611098766326904,7.897308826446533,2.1293771266937256,6.198662757873535,9.196084022521973,4.963062763214111
2015-10-26,12.83644962310791,2.7382845878601074,4.286779403686523,5.5694379806518555,7.780743598937988,2.092066764831543,6.230140209197998,8.830219268798828,4.900439739227295
2015-10-27,12.92124080657959,2.7110607624053955,4.3444976806640625,5.592872619628906,7.737034797668457,2.0254411697387695,6.046117305755615,8.419856071472168,4.887916088104248
2015-10-28,12.810356140136719,2.7178661823272705,4.271040439605713,5.8376264572143555,7.789486408233643,2.1187169551849365,6.174450397491455,8.192424774169922,4.747008800506592
2015-10-29,12.392915725708008,2.613508462905884,4.06640625,5.478309154510498,7.576752185821533,2.0281050205230713,5.997690200805664,7.979826927185059,4.5497355461120605
2015-10-30,12.451616287231445,2.5862841606140137,4.189711093902588,5.467889308929443,7.713718414306641,2.0547561645507812,6.295518398284912,8.434687614440918,4.509029865264893
2015-11-03,12.784265518188477,2.813150405883789,4.559622287750244,5.756907939910889,8.210856437683105,2.259965181350708,6.484384059906006,8.77583122253418,4.5059003829956055
2015-11-04,12.784265518188477,2.7927329540252686,4.577986717224121,5.6419782638549805,8.231269836425781,2.153362989425659,6.7894721031188965,8.602787017822266,4.499636650085449
2015-11-05,12.692952156066895,2.774582862854004,4.800983428955078,5.795731544494629,8.330408096313477,2.1613576412200928,7.067927837371826,8.380301475524902,4.81902551651001
2015-11-06,12.37334156036377,2.7224042415618896,4.564870834350586,5.712342739105225,8.205028533935547,2.084071636199951,7.021921634674072,7.747452735900879,4.715693950653076
2015-11-09,12.197237014770508,2.740553855895996,4.50190544128418,5.584645748138428,7.99508810043335,2.1080565452575684,6.811264514923096,7.633738994598389,4.671856880187988
2015-11-10,12.164619445800781,2.774582862854004,4.4940361976623535,5.555978775024414,8.044661521911621,2.0281050205230713,6.540074348449707,7.604072093963623,4.530950546264648
2015-11-11,12.432048797607422,2.8358376026153564,4.528139114379883,5.691494464874268,8.263345718383789,2.0574207305908203,6.603028774261475,7.574408054351807,4.5528693199157715
2015-11-12,12.3211669921875,2.77231502532959,4.515024662017822,5.688889026641846,8.286670684814453,2.0201101303100586,6.605452537536621,7.440917491912842,4.462062358856201
2015-11-13,12.45814037322998,2.7224042415618896,4.478295803070068,5.605496883392334,8.056323051452637,1.9374932050704956,6.753152847290039,7.599128246307373,4.399435520172119
2015-11-16,12.425525665283203,2.724672555923462,4.538636207580566,5.652401447296143,8.2837495803833,2.052091121673584,6.573975563049316,7.440917491912842,4.446404457092285
2015-11-17,12.471184730529785,2.7428221702575684,4.619964599609375,5.863490104675293,8.342072486877441,2.0680813789367676,6.549759864807129,7.178879261016846,4.515293121337891
2015-11-18,12.503796577453613,2.813150405883789,4.6540679931640625,5.910398006439209,8.321660041809082,2.084071636199951,6.636928081512451,7.213487148284912,4.4244866371154785
2015-11-19,12.62120532989502,2.770045757293701,4.913793563842773,6.098032474517822,8.549089431762695,2.089402198791504,6.835480213165283,7.238207817077637,4.602969169616699
2015-11-23,12.432048797607422,2.8244946002960205,4.871817588806152,6.038088798522949,8.546171188354492,2.153362989425659,6.978339672088623,7.045385837554932,4.602969169616699
2015-11-24,12.353776931762695,2.793783664703369,4.924990653991699,5.996394634246826,8.557839393615723,2.2652952671051025,6.891170024871826,7.154158115386963,4.731351852416992
2015-11-25,12.132010459899902,2.793783664703369,4.607248306274414,5.704519271850586,8.137967109680176,2.1053919792175293,6.765260696411133,6.951448917388916,4.834683418273926
2015-11-26,12.268982887268066,2.7707719802856445,4.726400852203369,5.829610347747803,8.2575101852417,2.110722064971924,6.779786586761475,7.015721797943115,4.8065009117126465
2015-11-27,12.112441062927246,2.7063355445861816,4.578121662139893,5.6159210205078125,8.03883171081543,2.0254411697387695,6.658719539642334,6.5756940841674805,4.903571128845215
2015-11-30,12.158100128173828,2.616584300994873,4.31333589553833,5.503861427307129,8.102974891662598,2.044095277786255,6.433534145355225,6.511419296264648,4.759530544281006
2015-12-01,12.216801643371582,2.669513702392578,4.31333589553833,5.472589492797852,8.165700912475586,1.9961243867874146,6.150234699249268,6.348264694213867,4.975589752197266
2015-12-02,12.02764892578125,2.651104211807251,4.347759246826172,5.469712734222412,7.9060516357421875,2.004120349884033,6.2035064697265625,6.397705078125,5.031952381134033
2015-12-03,12.229846954345703,2.7155401706695557,4.713160514831543,5.709678649902344,8.407840728759766,2.126711845397949,6.295518398284912,6.363097667694092,5.16659688949585
2015-12-04,12.092875480651855,2.660308837890625,4.586062908172607,5.631431579589844,8.221129417419434,2.004120349884033,5.992847919464111,6.106001377105713,4.88478422164917
2015-12-07,12.132010459899902,2.658007860183716,4.567529201507568,5.5740461349487305,8.159865379333496,1.9161732196807861,6.174450397491455,6.0367841720581055,5.047610282897949
2015-12-08,11.831966400146484,2.6119813919067383,4.522517204284668,5.451457977294922,8.066513061523438,1.9001829624176025,5.859672546386719,5.759912490844727,4.8628644943237305
2015-12-09,12.053738594055176,2.756963014602661,4.97794246673584,5.725335597991943,8.504112243652344,2.0387654304504395,6.174450397491455,5.972509860992432,4.837813854217529
2015-12-10,11.936330795288086,2.754662275314331,4.766117095947266,5.477537631988525,8.46268367767334,1.9854642152786255,6.053383827209473,6.264214992523193,5.010032653808594
2015-12-11,11.923286437988281,2.761566638946533,4.673443794250488,5.43058967590332,8.46268367767334,1.9321632385253906,5.929892063140869,6.0367841720581055,5.141549587249756
2015-12-14,11.773269653320312,2.7551045417785645,4.47561502456665,5.334078311920166,8.262871742248535,1.9215030670166016,6.004953384399414,6.1603875160217285,4.909832954406738
2015-12-15,11.642816543579102,2.7245447635650635,4.50789213180542,5.417546272277832,8.315757751464844,1.9774693250656128,5.978321075439453,6.368040084838867,4.822157859802246
2015-12-16,11.831966400146484,2.726895332336426,4.437961578369141,5.46449613571167,8.259930610656738,1.9428232908248901,6.007375240325928,6.550974369049072,4.9192304611206055
2015-12-17,11.838489532470703,2.752753734588623,4.408371925354004,5.582583904266357,8.400972366333008,1.9188381433486938,6.150234699249268,6.29882287979126,4.840649127960205
2015-12-18,11.610201835632324,2.6399168968200684,4.2900285720825195,5.340689659118652,7.91319465637207,1.8708670139312744,5.971056938171387,6.372984409332275,4.777781009674072
2015-12-21,11.740657806396484,2.599952459335327,4.0103020668029785,5.185771465301514,7.766275405883789,1.7695949077606201,5.932313919067383,6.076336860656738,4.774641513824463
2015-12-22,11.806427955627441,2.609356641769409,4.034509658813477,5.231974124908447,7.816225528717041,1.8095707893371582,6.019482612609863,6.204884052276611,4.86265230178833
2015-12-23,11.970864295959473,2.597602605819702,3.9941625595092773,5.272743225097656,7.786840438842773,1.84688138961792,6.2228779792785645,6.536141395568848,4.887798309326172
2015-12-28,11.931395530700684,2.564692258834839,4.029130935668945,5.324385166168213,7.757460117340088,1.7855855226516724,6.101810455322266,6.249381065368652,4.953808307647705
2015-12-29,11.970864295959473,2.5693938732147217,3.980715036392212,5.351565361022949,7.763339042663574,1.782920479774475,5.925049304962158,6.288934707641602,4.897227764129639
2015-12-30,11.740655899047852,2.559990882873535,3.96457839012146,5.240128993988037,7.7368903160095215,1.7855855226516724,6.0097975730896,6.442203521728516,4.6992011070251465
2016-01-04,11.319700241088867,2.456557512283325,3.8300933837890625,5.164031505584717,7.38848352432251,1.830891489982605,5.69034481048584,6.274101257324219,4.601759910583496
2016-01-05,11.497291564941406,2.5505869388580322,3.843543291091919,5.182792663574219,7.450229644775391,1.7802553176879883,5.831688404083252,6.1900506019592285,4.8249311447143555
2016-01-06,11.385475158691406,2.548236846923828,3.843543291091919,5.1093363761901855,7.420825004577637,1.7056337594985962,5.885303020477295,5.735191345214844,4.714918613433838
2016-01-07,11.082915306091309,2.4424526691436768,3.752093553543091,5.005950450897217,7.279697895050049,1.668323040008545,5.848748207092285,5.394046783447266,4.579756259918213
2016-01-08,11.227617263793945,2.4730122089385986,3.752093553543091,4.908008575439453,7.282641887664795,1.6709880828857422,5.848748207092285,5.211113929748535,4.5577521324157715
2016-01-11,11.050025939941406,2.468311071395874,3.6445069313049316,4.769258975982666,7.197377681732178,1.6230177879333496,5.858495712280273,5.062790393829346,4.454024314880371
2016-01-12,11.168418884277344,2.451855182647705,3.518092155456543,4.742048263549805,7.229718208312988,1.4737745523452759,5.5026984214782715,4.652425765991211,4.6520514488220215
2016-01-13,11.0697603225708,2.447152853012085,3.453538417816162,4.674035549163818,7.117995738983154,1.4044829607009888,5.534379482269287,4.4497175216674805,4.4791717529296875
2016-01-14,11.082915306091309,2.498870611190796,3.6471962928771973,4.8155083656311035,7.220901966094971,1.516414999961853,5.631857395172119,4.771085262298584,4.482314586639404
2016-01-15,10.91190242767334,2.447152853012085,3.507333517074585,4.693078994750977,7.032736301422119,1.3778324127197266,5.453958034515381,4.632651329040527,4.438308238983154
2016-01-18,10.681694030761719,2.44480299949646,3.48581600189209,4.65226936340332,6.950412273406982,1.27922523021698,5.339419841766357,4.395333290100098,4.388016700744629
2016-01-19,11.017141342163086,2.475362777709961,3.453538417816162,4.6849188804626465,6.879848957061768,1.2419147491455078,5.312613010406494,4.538712501525879,4.422592639923096
2016-01-20,10.879015922546387,2.409541130065918,3.421264171600342,4.695797443389893,6.782825946807861,1.180618405342102,5.146900177001953,4.553544521331787,4.3597283363342285
2016-01-21,10.734313011169434,2.3695781230926514,3.4185733795166016,4.627786636352539,6.7975263595581055,1.199273705482483,5.071352958679199,4.518935680389404,4.55460786819458
2016-01-22,11.082915306091309,2.3601746559143066,3.496574640274048,4.72300386428833,6.862206935882568,1.175288438796997,4.993368148803711,4.464549541473389,4.636336326599121
2016-01-26,11.076336860656738,2.339017629623413,3.4669880867004395,4.6685919761657715,6.9357099533081055,1.1193222999572754,5.012864112854004,4.424996852874756,4.460313320159912
2016-01-27,11.720919609069824,2.4118926525115967,3.4158833026885986,4.725727558135986,6.962167263031006,1.2179292440414429,5.156647205352783,4.652425765991211,4.642622470855713
2016-01-28,11.766963958740234,2.4377498626708984,3.491194009780884,4.733888626098633,7.009214401245117,1.2259243726730347,5.044546127319336,4.612874984741211,4.630046844482422
2016-01-29,12.273425102233887,2.4118926525115967,3.725196123123169,4.937939167022705,7.3355607986450195,1.2898856401443481,5.344292640686035,4.805695533752441,4.859508514404297
2016-02-01,12.187314987182617,2.4612581729888916,3.8085761070251465,5.065804958343506,7.49295711517334,1.2579048871994019,5.471015930175781,4.696924686431885,4.740063190460205
2016-02-02,11.90912914276123,2.397787094116211,3.5234713554382324,4.861270427703857,6.954591274261475,1.1459726095199585,5.361353874206543,4.251952171325684,4.545179843902588
2016-02-03,11.988609313964844,2.440101385116577,3.5691964626312256,5.095484733581543,7.122276782989502,1.196608543395996,5.436901092529297,4.454662322998047,4.63319206237793
2016-02-04,12.160825729370117,2.4659597873687744,3.711749315261841,5.373271465301514,7.225245475769043,1.2605699300765991,5.48320198059082,5.1122307777404785,4.614331245422363
2016-02-05,12.01510238647461,2.4236459732055664,3.6821608543395996,5.3188042640686035,7.295848846435547,1.209934115409851,5.361353874206543,5.057845592498779,4.58918571472168
2016-02-10,11.882634162902832,2.42834734916687,3.6821608543395996,5.378718376159668,7.331151008605957,1.1486380100250244,5.251688003540039,5.043012619018555,4.58918571472168
2016-02-11,11.823023796081543,2.397787094116211,3.5127127170562744,5.239822864532471,7.1134562492370605,1.1273174285888672,5.124965667724609,4.879857063293457,4.485457897186279
2016-02-12,11.869385719299316,2.3860325813293457,3.496574640274048,5.256165027618408,7.1693549156188965,1.1859487295150757,5.12984037399292,5.067734718322754,4.510603904724121
2016-02-15,11.869385719299316,2.440101385116577,3.5342319011688232,5.256165027618408,7.145809173583984,1.2179292440414429,5.127403259277344,5.196281433105469,4.40687370300293
2016-02-16,11.902504920959473,2.456557512283325,3.604161262512207,5.444079875946045,7.31938362121582,1.1832835674285889,5.288243293762207,5.581923484802246,4.400588512420654
2016-02-17,12.094588279724121,2.4730122089385986,3.5934033393859863,5.503993511199951,7.398815155029297,1.2472444772720337,5.288243293762207,5.888459205627441,4.397446155548096
2016-02-18,12.187314987182617,2.482414960861206,3.461608409881592,5.392333984375,7.248776912689209,1.2232592105865479,5.3150506019592285,5.690694332122803,4.447739601135254
2016-02-19,12.13432502746582,2.4800636768341064,3.499265432357788,5.414119720458984,7.3347272872924805,1.188614010810852,5.217569828033447,5.848906517028809,4.400588512420654
2016-02-22,12.313165664672852,2.6399168968200684,3.6606452465057373,5.697357654571533,7.630903244018555,1.343186616897583,5.6537909507751465,6.496588230133057,4.58918571472168
2016-02-23,12.094588279724121,2.621110200881958,3.6364376544952393,5.642889499664307,7.522103786468506,1.3112061023712158,5.434462547302246,6.120833396911621,4.545179843902588
2016-02-24,12.04159927368164,2.6281626224517822,3.5154030323028564,5.631994247436523,7.4586381912231445,1.2978806495666504,5.4685797691345215,5.789577484130859,4.131392002105713
2016-02-25,11.730290412902832,2.609356641769409,3.528850555419922,5.6156511306762695,7.464681148529053,1.3032108545303345,5.675723552703857,5.448432922363281,4.172484397888184
2016-02-26,11.677301406860352,2.6328647136688232,3.5503692626953125,5.631994247436523,7.464681148529053,1.2978806495666504,5.536814212799072,5.438543796539307,4.061849594116211
2016-02-29,11.683927536010742,2.7315969467163086,3.641817092895508,5.811738967895508,7.676229000091553,1.3698371648788452,5.602613925933838,5.839018821716309,4.1693220138549805
2016-03-01,12.08796501159668,2.865591526031494,3.8516111373901367,5.9751434326171875,8.03758716583252,1.4151430130004883,5.819504737854004,6.333432197570801,4.188288688659668
2016-03-02,12.01510238647461,2.95021915435791,3.9726483821868896,6.1056976318359375,8.225069046020508,1.505755066871643,6.016900539398193,7.030554294586182,4.314728260040283
2016-03-03,12.213811874389648,3.159437894821167,4.495110034942627,6.650852203369141,9.038507461547852,1.7509398460388184,6.155808448791504,7.722731590270996,4.283117294311523
2016-03-04,12.657588005065918,3.479142665863037,4.938937664031982,7.337738513946533,9.480001449584961,1.924168586730957,6.665136814117432,8.182538032531738,4.340018272399902
2016-03-07,12.697331428527832,3.2934317588806152,4.941644191741943,7.130583763122559,9.437663078308105,1.964143991470337,6.847910404205322,8.691781997680664,4.4127197265625
2016-03-08,12.617846488952637,3.3075358867645264,5.480191707611084,7.166021823883057,9.64934253692627,1.9907946586608887,6.8235392570495605,7.431027889251709,4.599215030670166
2016-03-09,12.352904319763184,3.474440097808838,5.493724346160889,6.841654300689697,9.328802108764648,2.0254411697387695,6.799170970916748,7.1689887046813965,4.384271144866943
2016-03-10,12.3396577835083,3.634294033050537,5.818475723266602,7.046091079711914,9.694698333740234,2.1187169551849365,6.745555877685547,6.92178201675415,4.349499702453613
2016-03-11,12.068093299865723,3.714221477508545,6.183821678161621,7.2968549728393555,9.776346206665039,2.1560277938842773,6.626145362854004,6.857508182525635,4.305245399475098
2016-03-14,11.948870658874512,3.5943315029144287,6.03386926651001,7.250517845153809,9.730989456176758,1.9721394777297974,6.6602630615234375,6.6449103355407715,4.267314910888672
2016-03-15,12.121079444885254,3.4156713485717773,4.7564263343811035,6.86890983581543,9.298563957214355,1.7616000175476074,6.545724391937256,6.6646881103515625,4.267314910888672
2016-03-16,12.114458084106445,3.497948169708252,4.916787624359131,6.716273307800293,9.02338695526123,1.9268327951431274,6.6626996994018555,7.327201843261719,4.358981609344482
2016-03-17,12.405891418457031,3.7259716987609863,5.623458385467529,7.591241359710693,10.009188652038574,2.158693552017212,6.957573413848877,7.663402557373047,4.513869285583496
2016-03-18,12.20056438446045,3.64369535446167,5.533763885498047,7.490384578704834,10.036401748657227,2.164022922515869,7.208584308624268,7.579351902008057,4.551802158355713
2016-03-21,12.405891418457031,3.6672046184539795,5.626173973083496,7.615768909454346,10.039427757263184,2.1480331420898438,7.235389232635498,7.490358829498291,4.618181228637695
2016-03-22,12.412517547607422,3.6389949321746826,5.5446343421936035,7.536724090576172,9.78239631652832,2.1613576412200928,7.140349864959717,7.628793716430664,4.678239822387695
2016-03-23,12.584731101989746,3.5943315029144287,5.338071823120117,7.291405200958252,9.470925331115723,2.073411464691162,7.001440048217773,6.981112480163574,4.451476097106934
2016-03-24,12.584731101989746,3.6037333011627197,5.161405563354492,7.157845973968506,9.371138572692871,2.0814058780670166,6.701690196990967,7.440917491912842,4.410229682922363
2016-03-28,12.78343391418457,3.7024664878845215,5.463095188140869,7.506739616394043,9.603982925415039,2.249305009841919,6.869844913482666,7.500246524810791,4.514932632446289
2016-03-29,12.809928894042969,3.6578023433685303,5.626173973083496,7.637579441070557,9.661432266235352,2.262629747390747,7.140349864959717,7.460692405700684,4.632327556610107
2016-03-30,12.684082984924316,3.6860101222991943,5.5092997550964355,7.648477077484131,9.715865135192871,2.249305009841919,7.337746620178223,7.683180332183838,4.603771686553955
2016-03-31,12.452256202697754,3.6084346771240234,5.373403072357178,7.375904083251953,9.437663078308105,2.2146594524383545,7.237826824188232,7.490358829498291,4.457822799682617
2016-04-01,12.472129821777344,3.6672046184539795,5.373403072357178,7.523090839385986,9.50271224975586,2.227984666824341,7.426509857177734,7.6683454513549805,4.543488025665283
2016-04-04,12.260174751281738,3.5943315029144287,5.068991661071777,7.217321395874023,9.169922828674316,2.0094499588012695,7.357880115509033,7.312369346618652,4.397539138793945
2016-04-05,12.392646789550781,3.660151958465576,4.987452030181885,7.250051498413086,9.18807315826416,2.0787415504455566,7.632391452789307,7.559575080871582,4.391191482543945
2016-04-06,12.3396577835083,3.474440097808838,4.941248893737793,7.059117794036865,8.92486572265625,2.0201101303100586,7.688760757446289,7.450803756713867,4.470513343811035
2016-04-07,12.28666877746582,3.5567173957824707,5.093454360961914,7.1136698722839355,9.02167797088623,2.052091121673584,7.720624923706055,7.421139717102051,4.441958427429199
2016-04-08,12.29991626739502,3.737727165222168,5.680532455444336,7.476446151733398,9.590453147888184,2.2013332843780518,7.9289631843566895,8.029269218444824,4.40388298034668
2016-04-11,12.054847717285156,3.6860101222991943,5.854482650756836,7.601916313171387,9.63885498046875,2.2359797954559326,7.862786293029785,8.390188217163086,4.235724449157715
2016-04-12,12.187314987182617,3.7729902267456055,6.006688594818115,7.959238052368164,10.074509620666504,2.409208059310913,8.16180419921875,9.265302658081055,4.273797035217285
2016-04-13,12.121079444885254,3.9022817611694336,6.0692009925842285,8.755160331726074,10.198554039001465,2.529134511947632,8.002490997314453,9.675664901733398,4.397539138793945
2016-04-14,12.412517547607422,3.9963114261627197,5.960483551025391,7.828309059143066,9.902056694030762,2.4411888122558594,8.03435230255127,8.998318672180176,4.422921180725098
2016-04-15,12.578103065490723,4.019820690155029,6.169765472412109,7.863768100738525,9.965594291687012,2.5824360847473145,8.12749195098877,9.196084022521973,4.537142753601074
2016-04-18,12.558234214782715,3.8717217445373535,6.001252174377441,7.819034099578857,9.892982482910156,2.4625089168548584,7.9632792472839355,9.418569564819336,4.441958427429199
2016-04-19,12.664212226867676,3.9304897785186768,5.974072456359863,7.837035655975342,9.947446823120117,2.5611162185668945,7.960824012756348,10.115691184997559,4.4832048416137695
2016-04-20,12.717199325561523,4.031574249267578,5.933305263519287,7.831032752990723,9.762893676757812,2.5264694690704346,8.100532531738281,10.758427619934082,4.438784599304199
2016-04-22,12.690704345703125,3.977506399154663,5.781099319458008,7.666015625,9.584397315979004,2.598426580429077,7.644644737243652,9.557003021240234,4.480031967163086
2016-04-25,12.6708345413208,3.9234378337860107,5.653353691101074,7.488992214202881,9.499691009521484,2.486494541168213,7.531899929046631,8.929099082946777,4.470513343811035
2016-04-26,12.743694305419922,3.935192823410034,5.911558151245117,7.759026527404785,9.829458236694336,2.5771067142486572,8.076020240783691,9.240581512451172,4.603771686553955
2016-04-27,12.823179244995117,4.149113178253174,6.061045169830322,8.032063484191895,10.165264129638672,2.7316787242889404,8.355432510375977,9.61633586883545,4.822695255279541
2016-04-28,12.889411926269531,4.229037284851074,5.911558151245117,7.8670430183410645,10.095683097839355,2.726348638534546,8.35788345336914,9.78443717956543,4.844906806945801
2016-04-29,12.843046188354492,4.038626194000244,6.009406566619873,7.771032333374023,9.944416999816895,2.726348638534546,8.088274955749512,9.734993934631348,4.816349983215332
2016-05-02,12.922531127929688,4.02922248840332,5.857200622558594,7.6180100440979,9.670489311218262,2.7103586196899414,8.337085723876953,9.823988914489746,4.844906806945801
2016-05-03,12.975519180297852,3.9375436305999756,5.555508136749268,7.458561897277832,9.113572120666504,2.606421709060669,8.334636688232422,9.225749969482422,4.825869560241699
2016-05-04,12.982142448425293,3.9328408241271973,5.6750969886779785,7.776840686798096,9.33755111694336,2.643732786178589,8.454751968383789,8.602787017822266,4.768759727478027
2016-05-05,12.67745590209961,3.8905277252197266,5.577250957489014,7.581671237945557,9.198318481445312,2.6144168376922607,8.312572479248047,8.236923217773438,4.7941412925720215
2016-05-06,12.478753089904785,3.8740715980529785,5.623458385467529,7.617702484130859,9.201347351074219,2.686373233795166,8.511137008666992,8.345691680908203,4.752893924713135
2016-05-09,12.511873245239258,3.8834750652313232,5.503866195678711,7.665743350982666,9.258854866027832,2.5264694690704346,8.5184907913208,7.529911041259766,4.8004865646362305
2016-05-10,12.644340515136719,4.109148979187012,5.830019474029541,7.996036529541016,9.839994430541992,2.7210190296173096,8.861679077148438,7.846335411071777,4.943264007568359
2016-05-11,12.491998672485352,4.132657051086426,5.56638240814209,8.07410717010498,9.779460906982422,2.7316787242889404,8.854326248168945,7.880943298339844,4.914708137512207
2016-05-12,12.703954696655273,4.25019645690918,5.4087371826171875,8.24825668334961,9.876317024230957,2.609086751937866,9.00876522064209,7.633738994598389,4.981337547302246
2016-05-13,12.425764083862305,4.170269966125488,5.261968612670898,7.914963245391846,9.50402545928955,2.5211398601531982,8.942574501037598,7.257983684539795,4.870288372039795
2016-05-16,12.432390213012695,4.125604629516602,5.180428981781006,7.776840686798096,9.358736038208008,2.598426580429077,8.636154174804688,7.381585121154785,4.790968418121338
2016-05-17,12.293292045593262,3.9257893562316895,4.930376052856445,7.524618148803711,9.158970832824707,2.5318005084991455,8.192455291748047,7.48046875,4.7402024269104
2016-05-18,12.187314987182617,3.8811233043670654,4.9358134269714355,7.557645797729492,9.301231384277344,2.4838294982910156,8.163041114807129,7.272816181182861,4.797314643859863
2016-05-19,12.31978988647461,3.8787736892700195,4.818940162658691,7.401510238647461,9.222536087036133,2.387887477874756,8.3101224899292,7.361812591552734,4.787795066833496
2016-05-20,12.280048370361328,3.8552656173706055,4.7047858238220215,7.320440292358398,9.104490280151367,2.3718974590301514,8.3101224899292,6.986057281494141,4.848080158233643
2016-05-23,12.213811874389648,3.820004463195801,4.6205291748046875,7.341461181640625,9.134760856628418,2.2652952671051025,8.1605863571167,7.1393256187438965,4.692610740661621
2016-05-24,12.379401206970215,3.8211796283721924,4.377722263336182,7.362476825714111,9.125680923461914,2.2732903957366943,8.28561019897461,6.931672096252441,4.71481990814209
2016-05-25,12.571483612060547,3.8046274185180664,4.506479263305664,7.3324503898620605,9.083301544189453,2.310601234436035,8.236578941345215,7.22831916809082,4.7116475105285645
2016-05-27,12.78343391418457,3.828275203704834,4.418814182281494,7.227359294891357,8.99250316619873,2.19333815574646,8.013507843017578,7.0651631355285645,4.632327556610107
2016-05-30,12.684082984924316,3.783348321914673,4.4955220222473145,7.206339359283447,8.989471435546875,2.2333149909973145,7.971832752227783,7.0602192878723145,4.670402526855469
2016-05-31,12.657588005065918,3.764430522918701,4.511958599090576,6.8460235595703125,8.792733192443848,2.142702341079712,8.150781631469727,7.030554294586182,4.56569766998291
2016-06-01,12.809928894042969,3.7928061485290527,4.539353370666504,6.972134113311768,8.92446517944336,2.180013656616211,8.136073112487793,7.134382247924805,4.72434139251709
2016-06-02,12.77018928527832,3.8306386470794678,4.629755973815918,7.197207927703857,9.057710647583008,2.2173242568969727,8.101755142211914,7.391475200653076,4.686263084411621
2016-06-03,12.915905952453613,3.9346811771392822,4.7393364906311035,7.233272552490234,9.048627853393555,2.2839505672454834,8.302765846252441,8.029269218444824,4.705301761627197
2016-06-06,12.86291790008545,3.8873891830444336,4.69002628326416,7.191201210021973,8.960807800292969,2.2546348571777344,8.212069511413574,8.350635528564453,4.743378162384033
2016-06-07,12.644340515136719,3.8353683948516846,4.635236740112305,7.284355163574219,9.106161117553711,2.297276020050049,7.927709579467773,8.192424774169922,4.708476543426514
2016-06-08,12.763566017150879,3.972515344619751,4.780430316925049,7.512743949890137,9.245468139648438,2.5024847984313965,8.150781631469727,8.405022621154785,4.787795066833496
2016-06-09,12.690704345703125,3.972515344619751,4.766732692718506,7.524767875671387,9.224270820617676,2.4465184211730957,8.216970443725586,7.762284755706787,4.702130317687988
2016-06-10,12.399270057678223,3.814086675643921,4.533873081207275,7.224252223968506,8.75185489654541,2.339916229248047,8.190008163452148,7.391475200653076,4.546661376953125
2016-06-13,12.525115966796875,3.7597007751464844,4.572227954864502,7.344456195831299,8.791218757629395,2.297276020050049,8.158137321472168,7.515078544616699,4.56569766998291
2016-06-14,12.29991626739502,3.740783929824829,4.450067043304443,7.200213432312012,8.66402816772461,2.211994171142578,7.9424214363098145,7.23326301574707,4.435612678527832
2016-06-15,12.24030590057373,3.828275203704834,4.447304725646973,7.2122321128845215,8.621634483337402,2.2679603099823,8.035571098327637,7.416193962097168,4.400712013244629
2016-06-16,12.3661527633667,3.814086675643921,4.472164154052734,7.3204169273376465,8.779108047485352,2.2652952671051025,8.24884033203125,7.529911041259766,4.527622699737549
2016-06-17,12.326409339904785,3.799898624420166,4.419682025909424,7.275343418121338,8.75790786743164,2.3852224349975586,8.359149932861328,7.554632186889648,4.467339992523193
2016-06-20,12.313165664672852,3.9370460510253906,4.5826568603515625,7.39554500579834,8.903270721435547,2.4465184211730957,8.562615394592285,7.698012351989746,4.5085859298706055
2016-06-21,12.30654239654541,4.003254413604736,4.3782453536987305,7.482688903808594,8.90024185180664,2.539795398712158,9.011215209960938,7.712844371795654,4.578388690948486
2016-06-22,12.13432502746582,4.0127129554748535,4.364434242248535,7.4676690101623535,8.745793342590332,2.4891598224639893,8.506231307983398,7.836446762084961,4.5752153396606445
2016-06-23,12.260174751281738,4.069460868835449,4.4804511070251465,7.712888717651367,9.084962844848633,2.5771067142486572,8.653311729431152,8.202315330505371,4.62915563583374
2016-06-24,12.24030590057373,3.998523712158203,4.389293670654297,7.5221052169799805,8.766996383666992,2.4651734828948975,8.440045356750488,7.520022869110107,4.492722988128662
2016-06-27,12.392646789550781,3.9535961151123047,4.320237159729004,7.225342750549316,8.473246574401855,2.339916229248047,8.442497253417969,7.317313194274902,4.441958427429199
2016-06-28,12.41914176940918,4.055275917053223,4.427968978881836,7.404011249542236,8.770024299621582,2.4518487453460693,8.61899471282959,7.6436262130737305,4.359463214874268
2016-06-29,12.597978591918945,4.0670976638793945,4.555030822753906,7.582676887512207,8.966861724853516,2.5318005084991455,8.547903060913086,7.767228603363037,4.380732536315918
2016-06-30,12.617846488952637,4.256266117095947,4.745631217956543,7.625070095062256,9.175819396972656,2.510479211807251,8.457205772399902,8.04410171508789,4.380732536315918
2016-07-01,12.730446815490723,4.23261833190918,4.709723472595215,7.758309364318848,9.365182876586914,2.617081880569458,8.574542999267578,8.217146873474121,4.37116813659668
2016-07-04,12.624471664428711,4.256266117095947,4.731822967529297,7.79133415222168,9.359125137329102,2.6304075717926025,8.544978141784668,8.390188217163086,4.320154666900635
2016-07-05,12.776812553405762,4.173503875732422,4.695910930633545,7.788303852081299,9.292465209960938,2.475834369659424,8.16799259185791,7.940271854400635,4.272327423095703
2016-07-06,12.703954696655273,4.138035774230957,4.6848602294921875,7.788303852081299,9.328817367553711,2.5318005084991455,8.229594230651855,8.053991317749023,4.272327423095703
2016-07-07,12.65096664428711,4.16877555847168,4.62685489654541,7.818610191345215,9.422752380371094,2.5477912425994873,8.305974006652832,7.920498371124268,4.3169660568237305
2016-07-08,12.849672317504883,4.291734218597412,4.759444713592529,8.03376579284668,9.677257537841797,2.6224122047424316,8.549903869628906,8.004548072814941,4.367980003356934
2016-07-11,12.849672317504883,4.355578899383545,4.977663993835449,8.124688148498535,9.771180152893066,2.7609951496124268,8.532654762268066,8.33580493927002,4.272327423095703
2016-07-12,12.869674682617188,4.421787738800049,4.914134502410889,8.05801010131836,9.689377784729004,2.8382813930511475,8.64846420288086,8.746167182922363,4.2117509841918945
2016-07-13,12.736313819885254,4.52109956741333,4.985952854156494,8.23681354522705,9.889341354370117,2.832951068878174,8.61396598815918,8.810441970825195,4.269142150878906
2016-07-14,12.736313819885254,4.686622142791748,5.251133441925049,8.576224327087402,10.171113014221191,2.912903070449829,8.747020721435547,8.578067779541016,4.3934855461120605
2016-07-15,12.636289596557617,4.7528300285339355,5.320191860198975,8.576224327087402,10.137784004211426,2.9368884563446045,8.919499397277832,8.57312297821045,4.406238555908203
2016-07-18,12.709639549255371,4.816673278808594,5.513550758361816,8.75501823425293,10.3104829788208,3.0781354904174805,9.091972351074219,8.691781997680664,4.511451721191406
2016-07-19,12.782991409301758,4.77647590637207,5.781494617462158,8.721686363220215,10.249887466430664,3.139432430267334,9.143718719482422,8.325916290283203,4.533770561218262
2016-07-20,12.749648094177246,4.575485706329346,5.897510528564453,8.79745101928711,10.410470008850098,3.150092124938965,9.087045669555664,8.162761688232422,4.581596374511719
2016-07-21,12.802993774414062,4.575485706329346,5.7870192527771,8.730775833129883,10.271097183227539,3.1580874919891357,9.059941291809082,8.602787017822266,4.661302089691162
2016-07-22,12.929688453674316,4.5683913230896,5.6931023597717285,8.788357734680176,10.334726333618164,3.1820731163024902,9.5601224899292,8.4791841506958,4.674056053161621
2016-07-25,12.929688453674316,4.540017127990723,5.883700847625732,8.76108169555664,10.25595474243164,3.206058979034424,9.449247360229492,8.612674713134766,4.619855880737305
2016-07-26,12.903018951416016,4.511641979217529,5.922370910644531,8.691378593444824,10.125667572021484,3.166083335876465,9.412290573120117,9.107089042663574,4.654926776885986
2016-07-27,12.883013725280762,4.461984634399414,5.933422088623047,8.721686363220215,10.165053367614746,3.0674755573272705,9.399972915649414,9.354294776916504,4.846222877502441
2016-07-28,12.963031768798828,4.540017127990723,5.709674835205078,8.333786964416504,10.052952766418457,3.048820734024048,9.609405517578125,9.41362476348877,4.878106594085693
2016-07-29,12.536263465881348,4.5140061378479,5.814643383026123,8.59441089630127,10.237771987915039,3.1634182929992676,9.929717063903809,9.146642684936523,4.86854362487793
2016-08-01,12.669631004333496,4.438338279724121,5.715202331542969,8.606527328491211,10.133197784423828,2.9981842041015625,9.976530075073242,8.849993705749512,4.947260856628418
2016-08-02,12.56293773651123,4.3201093673706055,5.579848766326904,8.500078201293945,10.254435539245605,3.0275003910064697,9.816376686096191,8.894490242004395,4.931278228759766
2016-08-03,12.429573059082031,4.3035569190979,5.66824197769165,8.69719123840332,10.681840896606445,3.1714134216308594,10.008562088012695,9.304851531982422,4.937671661376953
2016-08-04,12.482918739318848,4.492724895477295,5.8201680183410645,8.79119873046875,10.742465019226074,3.2007293701171875,10.151473999023438,9.275188446044922,4.992002010345459
2016-08-05,12.736313819885254,4.52109956741333,5.861600399017334,8.845783233642578,10.678807258605957,3.1047866344451904,10.373231887817383,9.379015922546387,5.078291416168213
2016-08-08,12.836335182189941,4.431244850158691,5.847789764404297,8.757845878601074,10.609091758728027,3.1740777492523193,10.331339836120605,9.383960723876953,5.21890926361084
2016-08-09,12.843005180358887,4.499818801879883,5.9113240242004395,8.712356567382812,10.630311012268066,3.166083335876465,10.533382415771484,9.388904571533203,5.324375152587891
2016-08-10,12.782991409301758,4.4146928787231445,5.764921188354492,8.588025093078613,10.542405128479004,3.080801010131836,10.491496086120605,8.943933486938477,5.305199146270752
2016-08-11,13.003040313720703,4.528194427490234,6.090868949890137,8.842751502990723,10.812183380126953,3.2247142791748047,10.718180656433105,9.102145195007324,5.474583148956299
2016-08-12,13.156411170959473,4.575485706329346,6.262135982513428,8.854880332946777,10.89401912689209,3.1980631351470947,10.397866249084473,8.879658699035645,5.455406188964844
2016-08-15,13.296443939208984,4.435973644256592,6.403011798858643,8.985282897949219,11.132800102233887,3.2806811332702637,10.570342063903809,9.11203384399414,5.490561485290527
2016-08-16,13.336456298828125,4.372130393981934,6.253849506378174,8.848816871643066,11.086821556091309,3.3286514282226562,10.348586082458496,9.383960723876953,5.464995861053467
2016-08-17,13.369791030883789,4.435973644256592,6.286996841430664,8.948890686035156,11.233953475952148,3.4006078243255615,10.395402908325195,9.453178405761719,5.500149726867676
2016-08-18,13.283106803894043,4.339027404785156,6.278711795806885,8.973149299621582,11.212492942810059,3.432588577270508,10.225388526916504,9.354294776916504,5.474583148956299
2016-08-19,13.236428260803223,4.327204704284668,6.4085373878479,8.921598434448242,11.138928413391113,3.408602714538574,10.208146095275879,9.433402061462402,5.433037281036377
2016-08-22,13.063055992126465,4.244442939758301,6.16269063949585,8.682032585144043,10.924367904663086,3.2913408279418945,9.969138145446777,9.087311744689941,5.305199146270752
2016-08-23,13.05638599395752,4.285058975219727,6.276650905609131,8.588025093078613,10.905975341796875,3.376622200012207,9.929717063903809,9.270243644714355,5.292415618896484
2016-08-24,13.05638599395752,4.280299663543701,6.2127180099487305,8.527374267578125,10.853863716125488,3.3046655654907227,9.959287643432617,8.973599433898926,5.305199146270752
2016-08-25,12.876343727111816,4.296962738037109,6.237735271453857,8.56679630279541,10.820147514343262,3.339311122894287,9.794200897216797,8.988431930541992,5.254065036773682
2016-08-26,12.796326637268066,4.277919292449951,6.365604400634766,8.68506908416748,10.951949119567871,3.344641923904419,9.76955795288086,8.75605583190918,5.129425048828125
2016-08-29,12.829666137695312,4.251730918884277,6.621341705322266,8.842751502990723,11.145057678222656,3.4299230575561523,9.974065780639648,8.94887638092041,5.378705024719238
2016-08-30,12.829666137695312,4.308865547180176,6.596322536468506,8.870046615600586,11.218623161315918,3.4885542392730713,10.025809288024902,8.726390838623047,5.279631614685059
2016-08-31,12.796326637268066,4.263635158538818,6.451778411865234,8.81242847442627,10.988737106323242,3.4245927333831787,9.93217945098877,8.375356674194336,5.282830238342285
2016-09-01,13.116401672363281,4.132701873779297,6.354485034942627,8.724482536315918,11.097597122192383,3.464568614959717,10.013493537902832,8.622563362121582,5.273238658905029
2016-09-02,13.229761123657227,4.280299663543701,6.593543529510498,8.979070663452148,11.260119438171387,3.6164767742156982,10.360904693603516,9.018092155456543,5.359529495239258
2016-09-05,13.256431579589844,4.261253833770752,6.529608249664307,9.009418487548828,11.26318359375,3.6857681274414062,10.397866249084473,8.849993705749512,5.292415618896484
2016-09-06,13.336456298828125,4.277919292449951,6.676933288574219,9.103484153747559,11.370515823364258,3.7257442474365234,10.624551773071289,9.032926559448242,5.455406188964844
2016-09-08,13.336456298828125,4.22316312789917,6.707509994506836,9.224868774414062,11.235583305358887,3.789705514907837,10.676295280456543,8.795607566833496,5.4713873863220215
2016-09-09,13.169746398925781,4.030336856842041,6.348927021026611,8.71507453918457,10.809345245361328,3.6004862785339355,10.097264289855957,8.33580493927002,5.238086223602295
2016-09-12,13.169746398925781,4.039857387542725,6.379502773284912,8.745415687561035,10.950399398803711,3.7177491188049316,10.151473999023438,8.647283554077148,5.394685745239258
2016-09-13,12.949694633483887,3.904165267944336,6.152160167694092,8.381280899047852,10.732686042785645,3.467233419418335,9.907544136047363,8.04410171508789,5.3211798667907715
2016-09-14,13.109733581542969,3.9446353912353516,6.129796981811523,8.451068878173828,10.741881370544434,3.493884563446045,9.764634132385254,8.227035522460938,5.333963394165039
2016-09-15,13.156411170959473,4.082710266113281,6.236013889312744,8.681694030761719,10.974937438964844,3.6004862785339355,9.749846458435059,8.227035522460938,5.417057037353516
2016-09-16,12.956363677978516,4.051762580871582,6.129796981811523,8.523900032043457,10.726552963256836,3.5072097778320312,9.831156730651855,8.11331844329834,5.314786911010742
2016-09-19,12.969700813293457,4.07318639755249,6.152160167694092,8.569414138793945,10.803205490112305,3.4778940677642822,9.924788475036621,8.236923217773438,5.388294219970703
2016-09-20,12.99637222290039,4.05890417098999,6.319869518280029,8.66348648071289,10.827743530273438,3.597822666168213,10.190896034240723,8.256698608398438,5.487367153167725
2016-09-21,12.976366996765137,4.092231750488281,6.5239152908325195,8.833413124084473,10.932002067565918,3.640462636947632,10.28945255279541,8.726390838623047,5.461798667907715
2016-09-22,13.116401672363281,4.1112751960754395,6.554662704467773,9.003352165222168,11.106789588928223,3.731074333190918,10.035665512084961,8.676950454711914,5.602418899536133
2016-09-23,13.156411170959473,4.044620513916016,6.414905071258545,9.021552085876465,11.079200744628906,3.6484568119049072,9.92232608795166,8.726390838623047,5.592829704284668
2016-09-26,13.083059310913086,3.980343818664551,6.342231273651123,8.909276008605957,10.993338584899902,3.5711710453033447,9.877971649169922,8.622563362121582,5.463972568511963
2016-09-27,13.136405944824219,4.0089111328125,6.395338535308838,9.094392776489258,11.119054794311523,3.496549129486084,9.813909530639648,8.701669692993164,5.489625453948975
2016-09-28,13.236428260803223,4.044620513916016,6.515530586242676,9.149003028869629,11.1987886428833,3.691098928451538,9.85333251953125,8.993375778198242,5.662778377532959
2016-09-29,13.149740219116211,3.956538438796997,6.325458526611328,8.99728012084961,10.913604736328125,3.5791664123535156,9.779415130615234,8.894490242004395,5.627507209777832
2016-09-30,13.216423034667969,4.00177001953125,6.372976779937744,9.003352165222168,10.892139434814453,3.6164767742156982,9.77202320098877,8.805498123168945,5.662778377532959
2016-10-03,13.169746398925781,4.1422247886657715,6.5239152908325195,9.235309600830078,11.1513671875,3.7230780124664307,10.12536334991455,8.94887638092041,5.678811073303223
2016-10-04,13.029715538024902,4.106517791748047,6.540687561035156,9.36838436126709,11.24953842163086,3.736403465270996,10.117940902709961,8.726390838623047,5.665985584259033
2016-10-05,13.063055992126465,4.151748180389404,6.688832759857178,9.442834854125977,11.470416069030762,3.8856465816497803,10.2045259475708,8.830219268798828,5.723702907562256
2016-10-06,13.103062629699707,4.166030406951904,6.898469924926758,9.442834854125977,11.565508842468262,4.024230480194092,10.142684936523438,8.800552368164062,5.7718024253845215
2016-10-07,13.103062629699707,4.2398295402526855,7.066176414489746,9.576229095458984,11.67288875579834,4.066870212554932,10.263901710510254,8.899435043334961,5.765388011932373
2016-10-10,13.123069763183594,4.266014575958252,7.113696098327637,9.573125839233398,11.688226699829102,4.1921281814575195,10.172368049621582,9.418569564819336,5.826313018798828
2016-10-11,12.969700813293457,4.163649559020996,6.951578617095947,9.538997650146484,11.648340225219727,4.101516246795654,10.16741943359375,9.196084022521973,5.707669734954834
2016-10-13,12.822999954223633,4.1874566078186035,7.0717668533325195,9.55140495300293,11.780252456665039,4.2001237869262695,10.291110038757324,8.77583122253418,5.72049617767334
2016-10-14,13.023045539855957,4.21364164352417,7.25624942779541,9.628960609436035,12.004215240478516,4.333375930786133,10.093204498291016,8.909324645996094,5.585821151733398
2016-10-17,13.043050765991211,4.237446308135986,7.68111515045166,9.821293830871582,12.268034934997559,4.503938674926758,9.994251251220703,9.018092155456543,5.688431262969971
2016-10-18,13.103062629699707,4.244589328765869,7.840435981750488,10.06015682220459,12.438600540161133,4.642521381378174,10.142684936523438,9.280136108398438,5.730117321014404
2016-10-19,13.123069763183594,4.339812755584717,7.6950883865356445,9.988808631896973,12.236140251159668,4.695824146270752,10.320798873901367,9.205971717834473,5.688431262969971
2016-10-20,13.103062629699707,4.4278950691223145,7.854416370391846,10.134607315063477,12.27325439453125,4.7278056144714355,10.538492202758789,9.443288803100586,5.752563953399658
2016-10-21,13.169746398925781,4.4278950691223145,7.95224142074585,10.03843879699707,12.252998352050781,4.783769130706787,10.093204498291016,9.843764305114746,5.742941856384277
2016-10-24,13.136405944824219,4.4421796798706055,7.887955665588379,9.942273139953613,12.148396492004395,4.850396633148193,9.652865409851074,10.03658390045166,5.649951934814453
2016-10-25,13.023045539855957,4.380283832550049,7.700677394866943,9.89574909210205,12.084280967712402,4.797094821929932,10.046202659606934,10.555720329284668,5.63712739944458
2016-10-26,13.029715538024902,4.392187595367432,7.641978740692139,9.855416297912598,12.158515930175781,4.823746681213379,9.895297050476074,10.763373374938965,5.60185432434082
2016-10-27,13.003040313720703,4.404088497161865,8.033308029174805,10.019830703735352,12.418354988098145,4.821081161499023,9.672658920288086,10.877087593078613,5.585821151733398
2016-10-28,12.736313819885254,4.356476783752441,7.907520294189453,10.057050704956055,12.522976875305176,4.821081161499023,9.92004108428955,10.946305274963379,5.540929794311523
2016-10-31,12.556270599365234,4.475505352020264,8.187039375305176,10.373466491699219,12.958287239074707,4.714478969573975,9.80377197265625,10.916640281677246,5.643540382385254
2016-11-01,12.327606201171875,4.344574928283691,7.809692859649658,10.069462776184082,12.575125694274902,4.493279457092285,9.338688850402832,11.025411605834961,5.467177391052246
2016-11-03,12.03841495513916,4.218401908874512,7.437937259674072,9.8301420211792,12.305051803588867,4.298730373382568,9.306528091430664,10.857309341430664,5.406253814697266
2016-11-04,11.917360305786133,4.1874566078186035,7.513403415679932,9.8301420211792,12.406328201293945,4.261419773101807,9.437646865844727,10.684267044067383,5.444732666015625
2016-11-07,12.098941802978516,4.418373107910156,7.918701171875,10.171573638916016,12.851944923400879,4.586555480957031,9.865612983703613,11.435771942138672,5.518482208251953
2016-11-08,12.146023750305176,4.380283832550049,7.904729843139648,10.16536808013916,12.88233757019043,4.541251182556152,9.586071014404297,11.851081848144531,5.451145648956299
2016-11-09,12.05859088897705,4.277919292449951,7.625209331512451,9.886013984680176,12.470468521118164,4.437313556671143,9.351058006286621,12.360325813293457,5.361363887786865
2016-11-10,12.139297485351562,4.132701873779297,7.136054515838623,9.004496574401855,11.849312782287598,4.130832195281982,8.9329833984375,13.284879684448242,5.290818214416504
2016-11-11,11.735773086547852,4.046998977661133,6.6413140296936035,9.020012855529785,11.697397232055664,3.7337398529052734,8.702913284301758,12.844853401184082,5.217067718505859
2016-11-14,11.634893417358398,3.9874866008758545,6.8257951736450195,9.085195541381836,11.626511573791504,3.731074333190918,8.646017074584961,13.082169532775879,5.220275402069092
2016-11-16,11.991339683532715,3.9898667335510254,7.267429828643799,9.221768379211426,12.200401306152344,3.928287982940674,8.685600280761719,12.434491157531738,5.316470146179199
2016-11-17,11.850106239318848,3.9184489250183105,7.133262634277344,8.933103561401367,11.835806846618652,3.8083598613739014,8.326891899108887,12.231780052185059,5.2010345458984375
2016-11-18,11.648344039916992,3.9422543048858643,7.342899322509766,9.088301658630371,11.947211265563965,3.869657278060913,8.31204891204834,12.147729873657227,5.268373012542725
2016-11-21,11.735773086547852,3.9160690307617188,7.918701171875,9.141066551208496,12.045119285583496,4.1521525382995605,8.641072273254395,12.770689964294434,5.114457607269287
2016-11-22,11.547464370727539,3.9452784061431885,8.019684791564941,9.203146934509277,12.085622787475586,4.245429515838623,9.061620712280273,13.729854583740234,5.079185485839844
2016-11-23,11.863557815551758,3.899819850921631,7.983206748962402,9.243499755859375,11.974217414855957,4.224110126495361,9.083884239196777,13.927617073059082,5.143317222595215
2016-11-24,11.6685209274292,3.909391164779663,7.769946575164795,9.156587600708008,11.849312782287598,4.1521525382995605,8.955246925354004,13.640857696533203,5.034292697906494
2016-11-25,11.587818145751953,3.928530216217041,7.753111839294434,9.200045585632324,11.768295288085938,4.077530860900879,8.856292724609375,14.288537979125977,4.947717666625977
2016-11-28,11.803027153015137,3.9859511852264404,8.109478950500488,9.31489086151123,12.01810073852539,4.12017297744751,8.846400260925293,15.331754684448242,5.16896915435791
2016-11-29,11.473485946655273,3.9452784061431885,7.814845085144043,9.020012855529785,11.727781295776367,3.906968355178833,8.240313529968262,14.426974296569824,5.098424911499023
2016-11-30,11.534011840820312,3.9739890098571777,7.997235298156738,9.234185218811035,11.95733642578125,4.2640838623046875,8.574277877807617,13.873230934143066,4.992607116699219
2016-12-01,11.184292793273926,3.761054277420044,7.469699382781982,8.718934059143066,11.41528606414795,4.114841461181641,8.039929389953613,14.075939178466797,4.678366184234619
2016-12-02,11.238096237182617,3.828044891357422,7.624033451080322,8.858386993408203,11.462573051452637,4.218776702880859,8.11166763305664,14.665904998779297,4.720050811767578
2016-12-05,11.069961547851562,3.7419114112854004,7.4781174659729,8.811799049377441,11.422035217285156,4.1734724044799805,7.91624116897583,14.720608711242676,4.63668155670166
2016-12-06,11.264999389648438,3.8376128673553467,7.486535549163818,9.001265525817871,11.574010848999023,4.304061412811279,8.53964614868164,14.919537544250488,4.742496490478516
2016-12-07,11.191019058227539,3.8854668140411377,7.57633113861084,8.945353507995605,11.48283576965332,4.226773738861084,8.831555366516113,15.431778907775879,4.845107078552246
2016-12-08,11.069961547851562,3.859147548675537,7.520208835601807,8.852171897888184,11.41528606414795,4.184133529663086,8.759817123413086,14.9841890335083,4.8483123779296875
2016-12-09,11.191019058227539,3.765838384628296,7.587553024291992,8.970208168029785,11.449049949645996,4.1521525382995605,8.658385276794434,14.72558307647705,4.857933521270752
2016-12-12,10.834574699401855,3.7012410163879395,7.2255754470825195,8.597481727600098,10.976236343383789,4.157483100891113,8.383793830871582,14.665904998779297,4.726463317871094
2016-12-13,10.955633163452148,3.761054277420044,7.292256832122803,8.631648063659668,11.026891708374023,4.117506504058838,8.581697463989258,14.08901596069336,4.806628704071045
2016-12-14,10.868200302124023,3.6366419792175293,7.114943981170654,8.52915096282959,11.003257751464844,3.928287982940674,8.413479804992676,13.86522388458252,4.665538787841797
2016-12-15,10.975808143615723,3.5887913703918457,7.387947082519531,8.55710506439209,10.9593505859375,3.9576034545898438,8.218047142028809,14.039283752441406,4.748910427093506
2016-12-16,11.217920303344727,3.6797091960906982,7.435797691345215,8.51050853729248,10.763463973999023,3.9336180686950684,8.163625717163086,13.800573348999023,4.7008137702941895
2016-12-19,10.96235466003418,3.7108116149902344,7.269741535186768,8.324146270751953,10.473018646240234,3.8270158767700195,8.20567798614502,12.955130577087402,4.729411602020264
2016-12-20,11.029610633850098,3.744307041168213,7.387947082519531,8.50429630279541,10.739828109741211,3.8243508338928223,8.230415344238281,13.218710899353027,4.67782735824585
2016-12-21,10.989256858825684,3.7275590896606445,7.387947082519531,8.43285846710205,10.736443519592285,3.821686029434204,8.40110969543457,13.168978691101074,4.710065841674805
2016-12-22,10.784744262695312,3.7095911502838135,7.3175883293151855,8.395947456359863,10.824254989624023,3.7337398529052734,8.371421813964844,12.621926307678223,4.661708831787109
2016-12-23,10.907451629638672,3.816270351409912,7.525857448577881,8.571715354919434,11.129801750183105,3.795034885406494,8.589075088500977,12.527438163757324,4.787440299987793
2016-12-26,11.030160903930664,3.8502142429351807,7.644064903259277,8.72865104675293,11.218923568725586,3.843006134033203,8.464559555053711,12.92529296875,4.745529651641846
2016-12-27,10.982440948486328,3.9035561084747314,7.69753885269165,8.643901824951172,11.212067604064941,3.840341091156006,8.432185173034668,12.860640525817871,4.822903156280518
2016-12-28,11.064247131347656,4.0005388259887695,7.793230056762695,8.954634666442871,11.476000785827637,3.9389491081237793,8.242923736572266,13.268445014953613,4.835796356201172
2016-12-29,11.18013858795166,4.0005388259887695,7.9058074951171875,9.10214900970459,11.602824211120605,3.9629335403442383,8.521836280822754,12.771124839782715,4.9969892501831055
2017-01-02,11.118783950805664,3.9471981525421143,7.751011848449707,9.039371490478516,11.498239517211914,3.906968355178833,8.701138496398926,12.462790489196777,4.868036270141602
2017-01-03,11.34375,4.109644412994385,8.105634689331055,9.422221183776855,11.985184669494629,4.130832195281982,9.067214965820312,13.014810562133789,5.11305046081543
2017-01-04,11.255126953125,4.187228679656982,8.063420295715332,9.36255168914795,12.036627769470215,4.130832195281982,9.21165657043457,12.781070709228516,4.990543365478516
2017-01-05,11.316481590270996,4.136314392089844,8.043715476989746,9.466194152832031,12.201231956481934,4.197458267211914,9.072196006774902,13.268445014953613,4.977647304534912
2017-01-06,11.221039772033691,4.133889675140381,8.130962371826172,9.525869369506836,12.24238109588623,4.1734724044799805,9.06970500946045,12.915346145629883,5.019556999206543
2017-01-09,11.26876163482666,4.133889675140381,7.824187278747559,9.538432121276855,12.300676345825195,4.085526466369629,9.176789283752441,13.178926467895508,4.964750289916992
2017-01-10,11.13923454284668,4.2114763259887695,7.931138515472412,9.538432121276855,12.259527206420898,4.12550163269043,9.102076530456543,14.193453788757324,4.909946441650391
2017-01-11,11.186956405639648,4.230872631072998,8.015570640563965,9.610672950744629,12.283531188964844,4.1734724044799805,9.062233924865723,14.486869812011719,4.826128005981445
2017-01-12,11.541449546813965,4.34240198135376,8.218214988708496,9.83680248260498,12.595587730407715,4.237433910369873,9.712206840515137,14.954347610473633,4.990543365478516
2017-01-13,11.66415786743164,4.3351287841796875,8.004316329956055,9.758284568786621,12.338393211364746,4.178804397583008,9.515470504760742,15.40691089630127,4.884155750274658
2017-01-16,11.623252868652344,4.308459281921387,8.009942054748535,9.777131080627441,12.348685264587402,4.197458267211914,9.45819091796875,15.824655532836914,4.884155750274658
2017-01-17,11.725509643554688,4.3351287841796875,8.13940715789795,10.056657791137695,12.68132209777832,4.216113090515137,9.400915145874023,15.203010559082031,4.9969892501831055
2017-01-18,11.766414642333984,4.303607940673828,8.071861267089844,9.956153869628906,12.581866264343262,4.2081193923950195,9.151886940002441,15.968879699707031,4.948631763458252
2017-01-19,11.793682098388672,4.327854633331299,8.080304145812988,9.94672966003418,12.513289451599121,4.202788829803467,9.214144706726074,15.650591850280762,4.95185661315918
2017-01-20,11.82776927947998,4.417562484741211,8.260428428649902,9.899616241455078,12.55101490020752,4.2640838623046875,9.176789283752441,15.963903427124023,4.977647304534912
2017-01-23,11.820950508117676,4.495148181915283,8.63475513458252,10.125754356384277,12.972804069519043,4.261419773101807,9.089628219604492,16.56566047668457,5.048572063446045
2017-01-24,11.841485023498535,4.39089298248291,8.471516609191895,10.088062286376953,12.941944122314453,4.274744987487793,9.363563537597656,16.973464965820312,5.045349597930908
2017-01-26,11.8483304977417,4.436960220336914,9.006261825561523,10.314189910888672,13.116837501525879,4.210783958435059,9.575237274169922,16.70988655090332,5.190422534942627
2017-01-27,11.855175018310547,4.4539313316345215,8.834578514099121,10.345601081848145,13.048254013061523,4.162811756134033,9.463174819946289,16.759614944458008,5.203318119049072
2017-01-30,11.615608215332031,4.4102911949157715,8.589720726013184,10.163443565368652,12.770484924316406,3.9549386501312256,9.154375076293945,16.038503646850586,5.158184051513672
2017-01-31,11.77303695678711,4.483026504516602,8.75577449798584,10.270228385925293,12.770484924316406,4.002910137176514,9.176789283752441,16.003690719604492,5.129167079925537
2017-02-01,11.855175018310547,4.495148181915283,8.797990798950195,10.185428619384766,12.90599250793457,4.002910137176514,9.43079662322998,16.356788635253906,5.090481281280518
2017-02-02,11.745656967163086,4.497574329376221,8.7163724899292,9.804849624633789,12.868256568908691,3.9682648181915283,9.717185974121094,16.242401123046875,5.138841152191162
2017-02-03,11.875710487365723,4.536368370056152,8.693855285644531,10.043692588806152,13.135846138000488,4.08819055557251,9.527924537658691,15.222901344299316,5.238779544830322
2017-02-06,11.68405532836914,4.524244785308838,8.47714614868164,9.836276054382324,13.039782524108887,3.98691987991333,9.151886940002441,14.879754066467285,5.216212272644043
2017-02-07,11.64983081817627,4.548491477966309,8.55594539642334,9.820566177368164,13.293658256530762,3.917628765106201,9.400915145874023,15.038891792297363,5.219438076019287
2017-02-08,11.608762741088867,4.567887783050537,8.646012306213379,10.002839088439941,13.636726379394531,4.024230480194092,9.776951789855957,15.212955474853516,5.238779544830322
2017-02-09,11.560848236083984,4.55333948135376,8.617866516113281,10.062544822692871,13.698469161987305,4.010903835296631,9.615082740783691,15.45664119720459,5.251676559448242
2017-02-10,11.731968879699707,4.5581889152526855,8.775477409362793,10.213385581970215,13.74306869506836,4.1521525382995605,9.687300682067871,16.312028884887695,5.261349678039551
2017-02-13,11.80726146697998,4.5824360847473145,8.831766128540039,10.241668701171875,13.677879333496094,4.162811756134033,9.687300682067871,17.808956146240234,5.3000335693359375
2017-02-14,11.89624309539795,4.560612678527832,8.859904289245605,10.178811073303223,13.722478866577148,4.216113090515137,10.085750579833984,17.107738494873047,5.283913612365723
2017-02-15,12.334308624267578,4.742457866668701,8.966858863830566,10.398798942565918,14.298823356628418,4.221444129943848,10.14302921295166,16.819293975830078,5.487017631530762
2017-02-16,12.30008602142334,4.747304439544678,9.256746292114258,10.36423110961914,14.02094841003418,4.226773738861084,9.901468276977539,16.7944278717041,5.399973392486572
2017-02-17,12.252171516418457,4.776400089263916,9.262371063232422,10.342235565185547,14.01408576965332,4.160147666931152,9.674847602844238,16.943620681762695,5.451556205749512
2017-02-20,12.211104393005371,4.727908611297607,9.411547660827637,10.383084297180176,14.079267501831055,4.242763996124268,9.776951789855957,18.11728858947754,5.448332786560059
2017-02-21,12.368535041809082,4.8491363525390625,9.569151878356934,10.675348281860352,14.283964157104492,4.288070201873779,9.83672046661377,17.674680709838867,5.641765117645264
2017-02-22,12.512274742126465,4.856411457061768,9.594482421875,10.74448299407959,14.325921058654785,4.184133529663086,9.759519577026367,17.2519588470459,5.512808322906494
2017-02-23,12.409603118896484,4.730332374572754,9.386212348937988,10.581066131591797,14.10914134979248,4.146822929382324,9.83672046661377,16.49603843688965,5.399973392486572
2017-02-24,12.211104393005371,4.61152982711792,9.315849304199219,10.5025053024292,13.997228622436523,4.045550346374512,9.595159530639648,16.272241592407227,5.474121570587158
2017-03-01,12.259016990661621,4.63092565536499,9.456572532653809,10.408223152160645,13.974494934082031,4.136162757873535,9.550333976745605,16.49603843688965,5.695364952087402
2017-03-02,11.779881477355957,4.533942699432373,9.368106842041016,10.37646770477295,13.831085205078125,4.026895046234131,9.395936012268066,15.645624160766602,5.688894748687744
2017-03-03,11.903088569641113,4.5581889152526855,9.824398040771484,10.621719360351562,14.082939147949219,4.082860469818115,9.659910202026367,15.824655532836914,5.730959892272949
2017-03-06,11.80726146697998,4.529093265533447,9.903263092041016,10.517958641052246,14.026975631713867,4.024230480194092,9.712206840515137,15.46658992767334,5.685657024383545
2017-03-07,11.512935638427734,4.478177547454834,9.78215217590332,10.37646770477295,13.792603492736816,4.045550346374512,9.707223892211914,15.377074241638184,5.536802291870117
2017-03-08,11.718278884887695,4.444234371185303,9.551187515258789,10.2003755569458,13.635196685791016,3.8776514530181885,9.637496948242188,14.979216575622559,5.533565044403076
2017-03-09,11.841485023498535,4.412714004516602,9.452608108520508,10.10919189453125,13.677165031433105,3.8643264770507812,9.515470504760742,15.009054183959961,5.565925121307373
2017-03-10,11.841485023498535,4.53151798248291,9.489222526550293,10.05258846282959,13.684162139892578,3.813692569732666,10.021005630493164,14.745474815368652,5.61446475982666
2017-03-13,11.882555961608887,4.5848588943481445,9.590619087219238,10.178365707397461,13.932527542114258,3.829681158065796,10.028478622436523,15.42182731628418,5.452666759490967
2017-03-14,11.704587936401367,4.5581889152526855,9.571457862854004,10.093467712402344,13.796092987060547,3.621807813644409,10.17789077758789,15.501402854919434,5.449429035186768
2017-03-15,11.841485023498535,4.674567699432373,9.650492668151855,10.27269172668457,13.9290189743042,3.784374475479126,10.436884880065918,16.570632934570312,5.478551864624023
2017-03-16,11.827795028686523,4.441810607910156,9.520650863647461,10.225528717041016,13.75062370300293,3.6537866592407227,10.874991416931152,16.177753448486328,5.459136009216309
2017-03-17,11.779881477355957,4.415140151977539,9.260970115661621,9.911093711853027,13.355348587036133,3.5072097778320312,10.659838676452637,15.566052436828613,5.4559006690979
2017-03-20,12.074209213256836,4.463630199432373,9.244035720825195,10.087179183959961,13.502262115478516,3.6244726181030273,10.895002365112305,15.7301664352417,5.527092456817627
2017-03-21,11.923624038696289,4.4539313316345215,9.023873329162598,9.78846549987793,13.211932182312012,3.464568614959717,10.594797134399414,14.44211196899414,5.436482906341553
2017-03-22,11.8483304977417,4.592133522033691,9.328714370727539,9.826192855834961,13.320375442504883,3.640462636947632,10.594797134399414,14.621147155761719,5.307043552398682
2017-03-23,11.937312126159668,4.533942699432373,9.328714370727539,9.835623741149902,13.246910095214844,3.6164767742156982,10.507234573364258,14.54157543182373,5.371764659881592
2017-03-24,12.067360877990723,4.536368370056152,9.371052742004395,9.977124214172363,13.390335083007812,3.5924911499023438,10.507234573364258,14.422219276428223,5.459136009216309
2017-03-27,12.17688274383545,4.529093265533447,9.402101516723633,10.06202507019043,13.488272666931152,3.669778347015381,10.532255172729492,14.61617374420166,5.516082286834717
2017-03-28,12.279552459716797,4.526670455932617,9.342825889587402,10.118619918823242,13.442801475524902,3.7177491188049316,10.507234573364258,14.825047492980957,5.597297668457031
2017-03-29,12.443828582763672,4.691540241241455,9.68154239654541,10.329292297363281,13.64218521118164,3.851001262664795,10.502232551574707,14.974242210388184,5.672015190124512
2017-03-30,12.5054292678833,4.701237678527832,9.616620063781738,10.263265609741211,13.481276512145996,3.851001262664795,10.444692611694336,14.969268798828125,5.668765068054199
2017-03-31,12.484894752502441,4.6769938468933105,9.531943321228027,10.181509971618652,13.257397651672363,3.861661195755005,10.424677848815918,14.815101623535156,5.652521133422852
2017-04-03,12.320621490478516,4.715785980224609,9.560166358947754,10.231816291809082,13.479622840881348,3.909633159637451,10.507234573364258,14.675854682922363,5.681760311126709
2017-04-04,12.395915031433105,4.773975849151611,9.596860885620117,10.310151100158691,13.549609184265137,3.9576034545898438,10.66984748840332,15.242792129516602,5.727240085601807
2017-04-05,12.238482475280762,4.723057746887207,9.433151245117188,10.099358558654785,13.301146507263184,3.8829824924468994,10.859978675842285,14.646014213562012,5.694754600524902
2017-04-06,12.30693244934082,4.643050193786621,9.21298885345459,9.992385864257812,13.1961669921875,3.872321128845215,10.744901657104492,14.377461433410645,5.68825626373291
2017-04-07,12.354846000671387,4.718210220336914,9.173471450805664,10.014410972595215,13.297643661499023,3.917628765106201,10.854973793029785,14.496818542480469,5.538822174072266
2017-04-10,12.320621490478516,4.6818413734436035,9.255325317382812,10.077333450317383,13.273152351379395,3.9815893173217773,10.757406234741211,14.437138557434082,5.522576808929443
2017-04-11,12.06052017211914,4.640625476837158,9.2637939453125,10.102498054504395,13.248656272888184,3.9122977256774902,10.822452545166016,14.253131866455078,5.470602035522461
2017-04-12,12.094742774963379,4.621227264404297,9.11137580871582,10.00181770324707,13.231154441833496,3.9043030738830566,10.935029983520508,13.636459350585938,5.49009370803833
2017-04-13,12.156346321105957,4.487875938415527,8.637174606323242,9.696638107299805,12.989703178405762,3.752394437789917,10.907509803771973,13.636459350585938,5.447862148284912
2017-04-17,12.361689567565918,4.7400312423706055,9.037982940673828,10.130818367004395,13.570602416992188,3.8056962490081787,11.232736587524414,13.64143180847168,5.5615620613098145
2017-04-18,12.43013858795166,4.776400089263916,9.125487327575684,10.071040153503418,13.521613121032715,3.7577242851257324,10.990067481994629,13.233631134033203,5.496592044830322
2017-04-19,12.389068603515625,4.6818413734436035,8.792420387268066,9.970364570617676,13.402626991271973,3.6244726181030273,10.960049629211426,13.263467788696289,5.447862148284912
2017-04-20,12.30693244934082,4.643050193786621,8.862984657287598,9.797316551208496,13.206664085388184,3.699094533920288,10.982563018798828,13.94976806640625,5.50308895111084
2017-04-24,12.341156005859375,4.61152982711792,9.117021560668945,9.976655006408691,13.46212387084961,3.7390692234039307,11.110151290893555,14.106803894042969,5.5713067054748535
2017-04-25,12.539651870727539,4.645471572875977,9.173471450805664,10.06789493560791,13.549609184265137,3.821686029434204,11.007580757141113,14.569323539733887,5.603793621063232
2017-04-26,12.464362144470215,4.62850284576416,9.063389778137207,10.237788200378418,13.574108123779297,3.731074333190918,11.002575874328613,14.250696182250977,5.798707485198975
2017-04-27,12.45751667022705,4.594557762145996,9.190407752990723,10.536681175231934,13.651083946228027,3.6591169834136963,11.460392951965332,13.788179397583008,5.7207417488098145
2017-04-28,12.49858570098877,4.609104156494141,9.272257804870605,10.51151180267334,13.738577842712402,3.7230780124664307,11.833148002624512,14.11707878112793,5.749979496002197
2017-05-02,12.710772514343262,4.7400312423706055,9.565812110900879,10.794356346130371,14.02038288116455,3.7284085750579834,11.913202285766602,14.420287132263184,5.905910968780518
2017-05-03,12.703927040100098,4.730332374572754,9.534760475158691,10.787073135375977,13.789329528808594,3.7737152576446533,12.080693244934082,13.52608585357666,6.058592796325684
2017-05-04,13.025634765625,4.679417133331299,9.133955001831055,10.627777099609375,13.337738990783691,3.6244726181030273,11.820639610290527,13.027595520019531,5.9383978843688965
2017-05-05,12.936653137207031,4.715785980224609,9.345648765563965,10.641626358032227,13.547783851623535,3.7870402336120605,12.0045166015625,13.387330055236816,6.009864807128906
2017-05-08,12.929808616638184,4.703662395477295,9.11137580871582,10.63470458984375,13.5792875289917,3.752394437789917,12.209407806396484,13.377053260803223,6.009864807128906
2017-05-09,12.97087574005127,4.723057746887207,9.145246505737305,10.728204727172852,13.614293098449707,3.768385648727417,12.240926742553711,13.61859130859375,6.107324600219727
2017-05-10,13.135149955749512,4.827315807342529,9.413392066955566,10.88750171661377,13.680818557739258,3.9256229400634766,12.726889610290527,13.649421691894531,6.276249408721924
2017-05-11,13.367874145507812,4.851562023162842,9.706942558288574,10.953287124633789,13.915358543395996,3.9496092796325684,12.52988052368164,13.52608585357666,6.386701583862305
2017-05-12,13.47739028930664,4.883081436157227,9.989201545715332,11.064105987548828,14.048385620117188,4.117506504058838,12.582416534423828,13.315382957458496,6.50364875793457
2017-05-15,13.511612892150879,4.941271781921387,9.808555603027344,11.08142375946045,14.107902526855469,4.178804397583008,12.532505989074707,13.69567584991455,6.633591651916504
2017-05-16,13.566372871398926,5.004308223724365,9.808555603027344,11.098739624023438,14.090396881103516,4.184133529663086,12.550893783569336,14.009160041809082,6.334724426269531
2017-05-17,13.443164825439453,4.970366477966309,9.543234825134277,10.880568504333496,13.803336143493652,4.160147666931152,12.267197608947754,13.793317794799805,6.230770111083984
2017-05-18,12.868204116821289,4.5509138107299805,7.643619537353516,9.453841209411621,12.140497207641602,3.504544973373413,11.400349617004395,13.803600311279297,6.058592796325684
2017-05-19,12.744998931884766,4.643050193786621,7.8976545333862305,9.609673500061035,12.455554962158203,3.6298022270202637,11.29265022277832,14.004022598266602,6.13980770111084
2017-05-22,12.710772514343262,4.487875938415527,7.530712127685547,9.336104393005371,12.210506439208984,3.5711710453033447,10.822452545166016,14.348340034484863,6.149553298950195
2017-05-23,12.929808616638184,4.524105548858643,7.707757472991943,9.398429870605469,12.403045654296875,3.5951571464538574,11.13241958618164,14.523069381713867,6.191788673400879
2017-05-24,12.909273147583008,4.5752129554748535,7.844179153442383,9.505782127380371,12.504571914672852,3.7444002628326416,11.5133056640625,14.142777442932129,6.087831497192383
2017-05-25,12.95034122467041,4.509504795074463,7.87544059753418,9.439988136291504,12.27001953125,3.66178297996521,11.392471313476562,14.235280990600586,6.175542831420898
2017-05-26,13.025634765625,4.653088092803955,8.202284812927246,9.658150672912598,12.602582931518555,3.6457929611206055,11.518555641174316,14.31750774383545,6.253508567810059
2017-05-29,13.025634765625,4.653088092803955,8.202284812927246,9.658150672912598,12.602582931518555,3.6457929611206055,11.518555641174316,14.31750774383545,6.253508567810059
2017-05-30,12.861357688903809,4.609283924102783,8.242071151733398,9.713552474975586,12.578075408935547,3.5605106353759766,11.405603408813477,14.697798728942871,6.347716808319092
2017-05-31,12.806601524353027,4.482734680175781,8.05449390411377,9.530027389526367,12.44505500793457,3.4539096355438232,11.421366691589355,13.962910652160645,6.172294616699219
2017-06-01,12.69708251953125,4.511936664581299,7.969232082366943,9.478078842163086,12.303218841552734,3.416597843170166,11.547453880310059,13.705952644348145,6.214527130126953
2017-06-02,12.710772514343262,4.538708686828613,7.9806013107299805,9.34604263305664,12.425787925720215,3.4778940677642822,11.605238914489746,13.762486457824707,6.172294616699219
2017-06-05,12.943495750427246,4.538708686828613,7.844179153442383,9.339111328125,12.411781311035156,3.512540102005005,11.397725105285645,13.613451957702637,6.136559009552002
2017-06-06,13.053013801574707,4.514371871948242,8.131231307983398,9.463862419128418,12.611403465270996,3.512540102005005,11.452885627746582,13.65970230102539,6.094329833984375
2017-06-07,12.895583152770996,4.565479278564453,8.165335655212402,9.616334915161133,12.818041801452637,3.4299230575561523,11.705060005187988,13.5928955078125,6.13980770111084
2017-06-08,12.683393478393555,4.524105548858643,8.043127059936523,9.470793724060059,12.684954643249512,3.421928644180298,11.526432991027832,13.885822296142578,6.087831497192383
2017-06-09,12.395915031433105,4.514371871948242,7.912390232086182,9.276732444763184,12.485336303710938,3.4245927333831787,11.594733238220215,14.029717445373535,5.980629920959473
2017-06-12,12.375378608703613,4.485169410705566,7.724812030792236,9.127723693847656,12.485336303710938,3.4379191398620605,11.437127113342285,13.793317794799805,5.948143482208252
2017-06-13,12.587566375732422,4.514371871948242,7.809914588928223,9.054952621459961,12.639422416687012,3.448578357696533,11.392471313476562,13.551785469055176,5.905910968780518
2017-06-14,12.443828582763672,4.570345401763916,7.807065963745117,9.404953002929688,12.751492500305176,3.3632965087890625,11.290023803710938,13.413025856018066,5.928651809692383
2017-06-15,12.443828582763672,4.570345401763916,7.807065963745117,9.404953002929688,12.751492500305176,3.3632965087890625,11.290023803710938,13.413025856018066,5.928651809692383
2017-06-16,12.170037269592285,4.606849670410156,7.835567951202393,9.35990047454834,12.660442352294922,3.2726850509643555,11.347811698913574,13.135518074035645,5.876674652099609
2017-06-19,12.23163890838623,4.692026138305664,7.732957363128662,9.384162902832031,12.726984977722168,3.275350332260132,11.607872009277344,13.562063217163086,5.941644668579102
2017-06-20,12.368535041809082,4.580080032348633,7.410868167877197,9.16584300994873,12.446807861328125,3.1607534885406494,11.437127113342285,13.212602615356445,5.892918586730957
2017-06-21,12.409603118896484,4.648221015930176,7.370964527130127,9.113866806030273,12.460813522338867,3.1021220684051514,11.153432846069336,13.603174209594727,5.8149495124816895
2017-06-22,12.45751667022705,4.6190185546875,7.410868167877197,9.228219985961914,12.471323013305664,3.2087244987487793,11.324175834655762,13.885822296142578,5.772719383239746
2017-06-23,12.484894752502441,4.589813232421875,7.262650489807129,9.151982307434082,12.429298400878906,3.179408550262451,11.536945343017578,13.998883247375488,5.7662224769592285
2017-06-26,12.616098403930664,4.7187957763671875,7.687353134155273,9.564360618591309,12.77951717376709,3.2700207233428955,11.736581802368164,14.11707878112793,5.801957607269287
2017-06-27,12.629910469055176,4.684726238250732,7.4393720626831055,9.456933975219727,12.663948059082031,3.254030704498291,11.47915267944336,14.348340034484863,5.6785101890563965
2017-06-28,12.63681411743164,4.7260966300964355,7.522029876708984,9.536633491516113,12.660442352294922,3.219383716583252,11.55795669555664,14.795442581176758,5.659019470214844
2017-06-29,12.602289199829102,4.752867221832275,7.570483684539795,9.58168888092041,12.786515235900879,3.246035575866699,11.623628616333008,14.851970672607422,5.685009002685547
2017-06-30,12.643719673156738,4.806407451629639,7.638895034790039,9.754948616027832,12.870567321777344,3.2966713905334473,11.860042572021484,14.903363227844238,5.749979496002197
2017-07-03,12.623003959655762,4.83317756652832,7.74436092376709,9.83859920501709,12.991454124450684,3.2940056324005127,12.0045166015625,15.237401962280273,5.851223468780518
2017-07-04,12.595382690429688,4.828310012817383,7.784261226654053,9.852205276489258,12.938884735107422,3.3126604557037354,11.9309663772583,15.221986770629883,5.8740410804748535
2017-07-05,12.58156967163086,4.823441982269287,7.74436092376709,9.855697631835938,12.9739351272583,3.254030704498291,12.0045166015625,14.867390632629395,5.903379917144775
2017-07-06,12.277735710144043,4.745566368103027,7.693050861358643,9.712554931640625,12.791733741760254,3.2433695793151855,11.928338050842285,14.862249374389648,5.776249408721924
2017-07-07,12.443466186523438,4.699326992034912,7.590438365936279,9.723029136657715,12.66911792755127,3.179408550262451,12.030722618103027,14.846831321716309,5.854483127593994
2017-07-10,12.643719673156738,4.738266468048096,7.6702494621276855,9.831254005432129,12.770720481872559,3.1927337646484375,12.096653938293457,15.26823902130127,6.00443172454834
2017-07-11,12.78873348236084,4.794239044189453,7.992336273193359,10.002325057983398,12.963425636291504,3.2860107421875,12.341911315917969,15.43782901763916,6.076145172119141
2017-07-12,12.878500938415527,4.901318550109863,8.220365524291992,10.267657279968262,13.103562355041504,3.448578357696533,12.555516242980957,15.365882873535156,6.151119232177734
2017-07-13,12.899218559265137,4.976761817932129,8.294472694396973,10.358428001403809,13.138602256774902,3.4299230575561523,13.0565767288208,14.995864868164062,6.25869083404541
2017-07-14,12.947554588317871,4.996229648590088,8.382833480834961,10.368901252746582,13.166633605957031,3.4778940677642822,12.969552040100098,15.170594215393066,6.193497657775879
2017-07-17,13.009703636169434,5.030299663543701,8.340078353881836,10.299079895019531,13.040496826171875,3.435253143310547,12.856154441833496,15.273378372192383,6.252171516418457
2017-07-18,12.947554588317871,5.0059638023376465,8.34577751159668,10.42824935913086,13.054510116577148,3.448578357696533,12.97482681274414,15.365882873535156,6.389077663421631
2017-07-19,12.995893478393555,5.01813268661499,8.37428092956543,10.299079895019531,12.865320205688477,3.525864601135254,12.92208480834961,15.365882873535156,6.297806262969971
2017-07-20,12.96827220916748,5.057069778442383,8.448387145996094,10.264167785644531,12.8793363571167,3.4912185668945312,13.003835678100586,14.759468078613281,6.346703052520752
2017-07-21,12.988986015319824,5.06193733215332,8.382833480834961,10.222268104553223,12.882838249206543,3.3819518089294434,13.58137321472168,14.646409034729004,6.271728992462158
2017-07-24,12.995893478393555,5.110610008239746,8.288771629333496,10.309549331665039,12.963425636291504,3.432588577270508,13.70004653930664,14.970169067382812,6.311936378479004
2017-07-25,13.037324905395508,5.074105739593506,8.425586700439453,10.477136611938477,12.994956016540527,3.523200035095215,13.58137321472168,15.730756759643555,6.262903213500977
2017-07-26,13.002799034118652,5.040035724639893,8.220365524291992,10.386354446411133,12.935393333435059,3.4805588722229004,13.626204490661621,15.242544174194336,6.226948261260986
2017-07-27,13.196149826049805,5.042469024658203,8.149105072021484,10.372396469116211,12.9494047164917,3.464568614959717,13.710594177246094,15.263099670410156,6.177917957305908
2017-07-28,13.189244270324707,5.037601470947266,8.140554428100586,10.386354446411133,12.998451232910156,3.4992148876190186,13.673673629760742,15.592001914978027,6.119080066680908
2017-07-31,13.22376823425293,4.986494541168213,8.180460929870605,10.539969444274902,13.07553482055664,3.541855812072754,13.686859130859375,16.085355758666992,6.190992832183838
2017-08-01,13.285918235778809,5.086273670196533,8.351478576660156,10.669143676757812,13.494390487670898,3.496549129486084,13.750152587890625,15.962017059326172,6.259634971618652
2017-08-02,13.396403312683105,5.130077838897705,8.68781852722168,10.815510749816895,13.634596824645996,3.6004862785339355,13.924198150634766,15.987712860107422,6.380580902099609
2017-08-03,13.299729347229004,5.147116184234619,8.744828224182129,10.812015533447266,13.603043556213379,3.547184944152832,13.594559669494629,15.766731262207031,6.266171455383301
2017-08-04,13.299729347229004,5.125211238861084,8.798980712890625,10.822501182556152,13.567995071411133,3.5711710453033447,13.478523254394531,16.049379348754883,6.25636625289917
2017-08-07,13.361878395080566,5.232291221618652,8.935794830322266,10.948257446289062,13.7818021774292,3.611146926879883,13.528631210327148,16.660932540893555,6.390385150909424
2017-08-08,13.389497756958008,5.190919876098633,8.935794830322266,11.063545227050781,13.95004653930664,3.5951571464538574,13.536543846130371,16.470787048339844,6.3086652755737305
2017-08-09,13.4102144241333,5.176316261291504,8.770475387573242,11.07052993774414,13.86241340637207,3.60315203666687,13.979585647583008,16.403976440429688,6.253098487854004
2017-08-10,13.396403312683105,5.134946823120117,8.813232421875,10.965728759765625,13.687163352966309,3.515204429626465,13.657851219177246,16.18813705444336,6.282517433166504
2017-08-11,13.479267120361328,5.134946823120117,8.807536125183105,11.063545227050781,13.757267951965332,3.4512434005737305,13.71323013305664,15.828398704528809,6.292322635650635
2017-08-14,13.610469818115234,5.220122814178467,8.861690521240234,11.283625602722168,14.006129264831543,3.4858899116516113,13.692132949829102,16.085355758666992,6.325011730194092
2017-08-15,13.658807754516602,5.293132305145264,8.81893253326416,11.311577796936035,14.065948486328125,3.504544973373413,13.779160499572754,15.992851257324219,6.40999698638916
2017-08-16,13.679523468017578,5.249328136444092,8.747674942016602,11.311577796936035,14.094285011291504,3.4992148876190186,14.127266883850098,16.306333541870117,6.661690711975098
2017-08-17,13.6657133102417,5.210386753082275,8.593758583068848,11.217245101928711,13.98098087310791,3.4778940677642822,14.121992111206055,16.03396224975586,6.5734333992004395
2017-08-18,13.644998550415039,5.327202320098877,8.67071533203125,11.447818756103516,14.115522384643555,3.6244726181030273,14.543937683105469,16.213830947875977,6.6388092041015625
2017-08-21,13.63118839263916,5.332070827484131,8.784729957580566,11.444316864013672,14.012849807739258,3.555180549621582,14.557121276855469,16.316612243652344,6.651886463165283
2017-08-22,13.638091087341309,5.497864723205566,9.17906665802002,11.70283031463623,14.310248374938965,3.6751091480255127,15.03181266784668,16.37314224243164,6.808782577514648
2017-08-23,13.700239181518555,5.568569660186768,9.184802055358887,11.807635307312012,14.466014862060547,3.667111873626709,15.03181266784668,16.722604751586914,6.808782577514648
2017-08-24,13.67261791229248,5.5051798820495605,9.2163667678833,11.846059799194336,14.586384773254395,3.6777727603912354,15.414203643798828,17.411239624023438,6.746677398681641
2017-08-25,13.707145690917969,5.4442267417907715,9.181937217712402,11.85653305053711,14.543909072875977,3.699094533920288,15.538148880004883,17.385541915893555,6.707453727722168
2017-08-28,13.707145690917969,5.446664333343506,9.095853805541992,11.674880981445312,14.416447639465332,3.6964285373687744,15.717470169067383,17.657915115356445,6.720527648925781
2017-08-29,13.74167251586914,5.495426654815674,9.03559684753418,11.874007225036621,14.547455787658691,3.691098928451538,15.8045015335083,17.699026107788086,6.63554048538208
2017-08-30,13.727860450744629,5.451540946960449,8.943777084350586,11.755234718322754,14.469561576843262,3.584496021270752,15.63308334350586,17.64763832092285,6.740139961242676
2017-08-31,13.71405029296875,5.393025875091553,8.808918952941895,11.730778694152832,14.2854642868042,3.6377971172332764,15.704290390014648,18.02793312072754,6.687840461730957
2017-09-01,13.644998550415039,5.492987632751465,9.150374412536621,11.975313186645508,14.584735870361328,3.736403465270996,15.865154266357422,18.33113670349121,6.792440891265869
2017-09-04,13.624281883239746,5.497864723205566,9.136024475097656,11.971461296081543,14.510359764099121,3.776380777359009,16.136781692504883,18.552120208740234,6.9035773277282715
2017-09-05,13.686429023742676,5.510053634643555,9.181937217712402,11.800188064575195,14.517430305480957,3.840341091156006,16.31083869934082,18.295164108276367,7.07681941986084
2017-09-06,13.900494575500488,5.549065589904785,9.400006294250488,11.978448867797852,14.907029151916504,4.002910137176514,16.345115661621094,18.3979434967041,7.004907131195068
2017-09-07,13.900494575500488,5.549065589904785,9.400006294250488,11.978448867797852,14.907029151916504,4.002910137176514,16.345115661621094,18.3979434967041,7.004907131195068
2017-09-08,13.879780769348145,5.592948913574219,9.371315956115723,11.884072303771973,14.88931655883789,3.920292854309082,16.680044174194336,17.71958351135254,6.9068474769592285
2017-09-11,13.990262985229492,5.600263595581055,9.707029342651367,12.34196949005127,15.140783309936523,3.9949135780334473,16.822433471679688,18.03306770324707,7.050670146942139
2017-09-12,14.508166313171387,5.583197116851807,9.599555015563965,12.324492454528809,15.098271369934082,3.9629335403442383,16.803983688354492,18.120431900024414,7.037596225738525
2017-09-13,14.625558853149414,5.583197116851807,9.659947395324707,12.37691879272461,15.204523086547852,4.005573749542236,16.25809097290039,17.868616104125977,7.142197132110596
2017-09-14,14.632465362548828,5.697787761688232,9.668575286865234,12.28254508972168,15.16911792755127,4.008240699768066,16.18161392211914,17.277620315551758,7.305632591247559
2017-09-15,14.818906784057617,5.761178493499756,9.809493064880371,12.544684410095215,15.452441215515137,4.008240699768066,16.271278381347656,17.370126724243164,7.478877067565918
2017-09-18,14.63936996459961,5.797747611999512,9.944656372070312,12.653055191040039,15.562250137329102,4.008240699768066,16.09986114501953,17.601388931274414,7.724030494689941
2017-09-19,14.77747631072998,5.917214870452881,9.933155059814453,12.691490173339844,15.505576133728027,4.034890174865723,16.408403396606445,17.431791305541992,7.665195941925049
2017-09-20,14.832721710205078,6.0439934730529785,9.996418952941895,12.618097305297852,15.342657089233398,4.229438781738281,16.11041259765625,17.046363830566406,7.406965255737305
2017-09-21,14.749855041503906,6.090316295623779,10.214985847473145,12.621585845947266,15.363914489746094,4.176138401031494,16.27391815185547,16.70718002319336,7.338319778442383
2017-09-22,14.86033821105957,6.0927557945251465,10.151713371276855,12.590130805969238,15.417036056518555,4.181468486785889,16.084035873413086,16.398834228515625,7.17814826965332
2017-09-25,14.846529006958008,5.929403305053711,10.007920265197754,12.37691879272461,15.264750480651855,4.221444129943848,15.985130310058594,15.977435111999512,7.132388591766357
2017-09-26,14.625558853149414,5.856261730194092,10.065441131591797,12.362942695617676,15.293070793151855,4.146822929382324,15.768223762512207,16.18813705444336,6.978757381439209
2017-09-27,14.570317268371582,5.766054153442383,10.01367473602295,12.23360824584961,15.303699493408203,4.080194473266602,15.55660629272461,16.409114837646484,6.900308609008789
2017-09-28,14.542695045471191,5.7124152183532715,9.930275917053223,12.079814910888672,15.222241401672363,4.08819055557251,15.342338562011719,16.316612243652344,6.890502452850342
2017-09-29,14.528885841369629,5.839195251464844,10.036680221557617,12.251091957092285,15.353286743164062,4.077530860900879,15.265626907348633,16.37828254699707,6.9951019287109375
2017-10-02,14.294100761413574,5.834317684173584,10.051061630249023,12.373422622680664,15.37984848022461,4.104182243347168,15.43227767944336,16.393701553344727,6.971541404724121
2017-10-03,14.791285514831543,5.965975761413574,10.459428787231445,12.904631614685059,15.907748222351074,4.258754253387451,15.871386528015137,16.794546127319336,7.243584156036377
2017-10-04,14.63936996459961,5.907461166381836,10.410542488098145,12.820707321166992,15.766033172607422,4.1734724044799805,15.990425109863281,16.758575439453125,7.276360034942627
2017-10-05,14.660085678100586,5.8270039558410645,10.580215454101562,12.831195831298828,16.0175838470459,4.237433910369873,15.614802360534668,16.583847045898438,7.305858612060547
2017-10-06,14.549601554870605,5.790433406829834,10.640608787536621,12.698297500610352,15.829812049865723,4.181468486785889,15.55660629272461,16.517040252685547,7.273083209991455
2017-10-09,14.549601554870605,5.751425743103027,10.522699356079102,12.691298484802246,15.642033576965332,4.234769344329834,15.657121658325195,16.18813705444336,7.273083209991455
2017-10-10,14.887958526611328,5.831881046295166,10.747016906738281,12.981572151184082,15.982151985168457,4.314721584320068,15.667705535888672,16.09562873840332,7.358303546905518
2017-10-11,14.936297416687012,5.861137866973877,10.755644798278809,12.904631614685059,15.943180084228516,4.285404682159424,15.342338562011719,15.982574462890625,7.456631183624268
2017-10-12,14.936297416687012,5.861137866973877,10.755644798278809,12.904631614685059,15.943180084228516,4.285404682159424,15.342338562011719,15.982574462890625,7.456631183624268
2017-10-13,15.28156852722168,5.792871952056885,10.761395454406738,12.806709289550781,15.81209945678711,4.285404682159424,15.292082786560059,16.912748336791992,7.522187232971191
2017-10-16,15.136554718017578,5.812376976013184,10.78439998626709,12.771745681762695,15.730608940124512,4.2960662841796875,15.405824661254883,17.138864517211914,7.456631183624268
2017-10-17,15.0191650390625,5.836757659912109,10.801657676696777,12.74027156829834,15.705811500549316,4.298730373382568,15.05136775970459,16.743154525756836,7.387799263000488
2017-10-18,15.03987979888916,5.9830427169799805,10.764266967773438,12.684314727783203,15.734148025512695,4.306725978851318,15.469314575195312,16.583847045898438,7.400912284851074
2017-10-19,15.074406623840332,5.961099147796631,10.692370414733887,12.631860733032227,15.620773315429688,4.304061412811279,15.68093204498291,16.959001541137695,7.253418922424316
2017-10-20,14.86724853515625,6.007422924041748,10.787277221679688,12.568907737731934,15.588887214660645,4.3227152824401855,15.606867790222168,16.933307647705078,7.341915607452393
2017-10-23,14.708422660827637,5.944032669067383,10.410542488098145,12.450003623962402,15.443624496459961,4.317387104034424,15.606867790222168,16.809965133666992,7.092813968658447
2017-10-24,14.7222318649292,5.973289966583252,10.50544548034668,12.617865562438965,15.557012557983398,4.400002956390381,15.712677001953125,17.385541915893555,7.305858612060547
2017-10-25,14.632465362548828,6.156146049499512,10.600347518920898,12.656343460083008,15.663288116455078,4.455969333648682,15.672994613647461,17.241649627685547,7.292750358581543
2017-10-26,14.528885841369629,6.0854411125183105,10.542831420898438,12.54093074798584,15.567636489868164,4.458632469177246,15.307953834533691,16.789405822753906,7.063314914703369
2017-10-27,14.439111709594727,6.117136478424072,10.496817588806152,12.516451835632324,15.471965789794922,4.538585662841797,15.606867790222168,16.727741241455078,7.076426029205322
2017-10-30,14.473642349243164,5.922089576721191,10.125832557678223,12.29262638092041,15.273563385009766,4.471959590911865,15.342338562011719,16.624958038330078,6.899433135986328
2017-10-31,14.432209014892578,5.8270039558410645,9.90439224243164,12.128259658813477,14.89801025390625,4.469293117523193,15.307953834533691,16.49648094177246,6.974819660186768
2017-11-01,14.321723937988281,5.822129249572754,9.77785873413086,11.75056266784668,14.648158073425293,4.503938674926758,15.257692337036133,16.86649513244629,6.938765048980713
2017-11-02,14.321723937988281,5.822129249572754,9.77785873413086,11.75056266784668,14.648158073425293,4.503938674926758,15.257692337036133,16.86649513244629,6.938765048980713
2017-11-03,14.225049018859863,5.690473556518555,9.602433204650879,11.86917781829834,14.853716850280762,4.514599800109863,15.210076332092285,17.236507415771484,7.030536651611328
2017-11-06,14.183612823486328,5.692911148071289,9.524781227111816,11.86917781829834,14.853716850280762,4.645187854766846,15.12014102935791,17.64763832092285,7.115756511688232
2017-11-07,13.948832511901855,5.510053634643555,9.047395706176758,11.459778785705566,14.566631317138672,4.397336959838867,15.929583549499512,17.226232528686523,6.92237663269043
2017-11-08,13.997169494628906,5.661214351654053,9.5219087600708,11.87617301940918,15.098262786865234,4.517264366149902,16.16500473022461,17.44207191467285,7.125588417053223
2017-11-09,13.962641716003418,5.566130638122559,9.277461051940918,11.445781707763672,14.690683364868164,4.455969333648682,16.093585968017578,16.856218338012695,7.105922698974609
2017-11-10,13.95573902130127,5.4612932205200195,9.001381874084473,11.45627498626709,14.711943626403809,4.455969333648682,16.149137496948242,16.840797424316406,7.096092700958252
2017-11-13,13.962641716003418,5.534436225891113,9.01576042175293,11.512261390686035,14.786372184753418,4.434648513793945,15.765572547912598,17.03094482421875,6.981375694274902
2017-11-14,13.948832511901855,5.4442267417907715,8.800071716308594,11.267318725585938,14.502846717834473,4.090855598449707,15.643898010253906,16.52731704711914,6.873213291168213
2017-11-15,13.948832511901855,5.4442267417907715,8.800071716308594,11.267318725585938,14.502846717834473,4.090855598449707,15.643898010253906,16.52731704711914,6.873213291168213
2017-11-16,14.100749969482422,5.731918811798096,9.217066764831543,11.561248779296875,14.867881774902344,4.213449954986572,16.167652130126953,16.753437042236328,7.12886905670166
2017-11-17,14.183612823486328,5.773366451263428,9.372363090515137,11.764204025268555,15.073455810546875,4.269415378570557,16.601470947265625,16.91788101196289,7.31569242477417
2017-11-20,14.183612823486328,5.773366451263428,9.372363090515137,11.764204025268555,15.073455810546875,4.269415378570557,16.601470947265625,16.91788101196289,7.31569242477417
2017-11-21,14.3700590133667,5.919652462005615,9.533408164978027,12.0336332321167,15.374716758728027,4.237433910369873,16.664958953857422,17.498605728149414,7.59429407119751
2017-11-22,14.383871078491211,5.991199493408203,9.479336738586426,11.897170066833496,15.225860595703125,4.293400287628174,16.55121612548828,17.853200912475586,7.702457904815674
2017-11-23,14.301007270812988,5.986305236816406,9.490918159484863,11.809687614440918,15.179783821105957,4.314721584320068,16.537982940673828,18.089595794677734,7.636899948120117
2017-11-24,14.238858222961426,5.944718360900879,9.438801765441895,11.704715728759766,15.03801155090332,4.290736198425293,16.56178855895996,18.392805099487305,7.538571357727051
2017-11-27,14.321723937988281,5.937379360198975,9.311408996582031,11.687219619750977,15.130166053771973,4.229438781738281,16.506242752075195,18.197519302368164,7.505796432495117
2017-11-28,14.349346160888672,5.934932708740234,9.450384140014648,11.722213745117188,15.15496826171875,4.221444129943848,16.672895431518555,18.62920570373535,7.469742298126221
2017-11-29,14.197426795959473,5.749006271362305,9.021872520446777,11.49826717376709,14.843086242675781,4.085526466369629,16.426883697509766,18.346553802490234,7.473018646240234
2017-11-30,14.197426795959473,5.685400009155273,8.665748596191406,11.424781799316406,14.626887321472168,4.098851680755615,15.895195960998535,18.058765411376953,7.499240398406982
2017-12-01,14.121464729309082,5.631579399108887,8.911849975585938,11.396782875061035,14.618020057678223,4.160147666931152,16.299917221069336,18.233495712280273,7.427130699157715
2017-12-04,14.211237907409668,5.604669094085693,9.128997802734375,11.59249210357666,14.834300994873047,4.12550163269043,16.411012649536133,18.92727279663086,7.587737560272217
2017-12-05,14.190520286560059,5.545956611633301,8.995814323425293,11.473455429077148,14.745661735534668,4.080194473266602,16.26817512512207,18.51100730895996,7.800782680511475
2017-12-06,14.301007270812988,5.492136478424072,9.267973899841309,11.59249210357666,14.901655197143555,4.136162757873535,16.799861907958984,18.37738800048828,7.817172527313232
2017-12-07,14.307912826538086,5.391833782196045,8.908953666687012,11.508471488952637,14.852020263671875,4.066870212554932,16.664958953857422,18.16154670715332,7.558238506317139
2017-12-08,14.515073776245117,5.315997123718262,8.961071968078613,11.539981842041016,14.979657173156738,4.090855598449707,16.78398895263672,18.233495712280273,7.587737560272217
2017-12-11,14.604838371276855,5.391833782196045,8.888687133789062,11.539981842041016,15.018665313720703,4.098851680755615,16.78398895263672,18.37738800048828,7.581181526184082
2017-12-12,14.846529006958008,5.504368305206299,9.0868558883667,11.76755428314209,15.139204978942871,4.128167629241943,16.688764572143555,18.593229293823242,7.686068058013916
2017-12-13,14.535787582397461,5.377155303955078,8.869119644165039,11.567988395690918,14.80237865447998,4.045550346374512,16.53005027770996,18.5572566986084,7.768006801605225
2017-12-14,14.480548858642578,5.396725654602051,8.834284782409668,11.476953506469727,14.568394660949707,4.000244140625,16.609405517578125,18.624067306518555,7.581181526184082
2017-12-15,14.432209014892578,5.374710559844971,8.883635520935059,11.431440353393555,14.619797706604004,3.9842541217803955,16.812076568603516,18.958105087280273,7.735230445861816
2017-12-18,14.439111709594727,5.389387607574463,9.002663612365723,11.52247428894043,14.616240501403809,4.056210041046143,16.97128677368164,19.446317672729492,7.7145514488220215
2017-12-19,14.432108879089355,5.357583999633789,8.950409889221191,11.448945045471191,14.534404754638672,4.034890174865723,16.772281646728516,19.451457977294922,7.5798420906066895
2017-12-20,14.509206771850586,5.379602909088135,8.956216812133789,11.553982734680176,14.587773323059082,4.061540126800537,16.939449310302734,20.11954116821289,7.65540885925293
2017-12-21,14.698456764221191,5.450547218322754,9.054920196533203,11.893603324890137,15.203313827514648,4.226773738861084,17.194175720214844,20.417606353759766,7.951113224029541
2017-12-22,14.740513801574707,5.517724990844727,9.0868558883667,11.928611755371094,15.132147789001465,4.197458267211914,17.03496742248535,20.66687774658203,7.974112510681152
2017-12-25,14.740513801574707,5.517724990844727,9.0868558883667,11.928611755371094,15.132147789001465,4.197458267211914,17.03496742248535,20.66687774658203,7.974112510681152
2017-12-26,14.894718170166016,5.53505277633667,9.185561180114746,11.953701972961426,15.192636489868164,4.25609016418457,17.178255081176758,20.69803810119629,8.115392684936523
2017-12-27,14.999855995178223,5.611792087554932,9.298783302307129,11.968060493469238,15.110801696777344,4.277409553527832,17.775270462036133,20.70323371887207,8.11210823059082
2017-12-28,14.915745735168457,5.639021873474121,9.237820625305176,12.14748477935791,15.149943351745605,4.290736198425293,17.560348510742188,20.910995483398438,7.92154598236084
2017-12-29,14.915745735168457,5.639021873474121,9.237820625305176,12.14748477935791,15.149943351745605,4.290736198425293,17.560348510742188,20.910995483398438,7.92154598236084
2018-01-02,15.203125953674316,5.671201229095459,9.560072898864746,12.41663646697998,15.617981910705566,4.41066312789917,18.11756706237793,21.669315338134766,8.220532417297363
2018-01-03,15.238170623779297,5.767742156982422,9.682002067565918,12.473714828491211,15.724754333496094,4.450639247894287,18.364336013793945,21.539461135864258,8.095680236816406
2018-01-04,15.154061317443848,5.80487585067749,9.77489948272705,12.678378105163574,16.052207946777344,4.458632469177246,18.62702178955078,21.62775993347168,8.016825675964355
2018-01-05,15.210137367248535,5.889039993286133,9.77489948272705,12.750195503234863,16.098464965820312,4.485284328460693,18.35637664794922,21.96537208557129,8.049678802490234
2018-01-08,15.182096481323242,5.9162702560424805,9.798129081726074,12.746602058410645,16.045085906982422,4.538585662841797,18.268814086914062,22.45360565185547,8.115392684936523
2018-01-09,15.140042304992676,5.832104682922363,9.70522689819336,12.628113746643066,15.87067699432373,4.538585662841797,18.11756706237793,22.370500564575195,8.246818542480469
2018-01-10,15.140042304992676,5.780120849609375,9.664584159851074,12.495253562927246,15.817296981811523,4.477289199829102,18.07776641845703,22.058862686157227,8.181105613708496
2018-01-11,15.315276145935059,5.87418794631958,9.885221481323242,12.746602058410645,16.1483097076416,4.5972161293029785,18.46782112121582,22.489965438842773,8.338809967041016
2018-01-12,15.140042304992676,5.844483375549316,9.908446311950684,12.746602058410645,16.134071350097656,4.610541343688965,18.13349151611328,22.619813919067383,8.401238441467285
2018-01-15,15.294244766235352,5.861809253692627,9.957801818847656,12.836365699768066,16.233728408813477,4.623868465423584,18.706626892089844,22.57826042175293,8.457098007202148
2018-01-16,15.350320816040039,5.901416778564453,10.044892311096191,12.92253589630127,16.383230209350586,4.7038187980651855,19.064836502075195,21.970561981201172,8.55894660949707
2018-01-17,15.44144058227539,5.950925827026367,10.282954216003418,13.245697021484375,16.653709411621094,4.893036842346191,19.57430076599121,22.41205596923828,8.509663581848145
2018-01-18,15.364337921142578,6.020236968994141,10.213279724121094,13.231328010559082,16.614564895629883,4.8557281494140625,19.383251190185547,22.261430740356445,8.391383171081543
2018-01-19,15.420411109924316,6.1588616371154785,10.146506309509277,13.324686050415039,16.749826431274414,4.866387367248535,19.096681594848633,22.271814346313477,8.506379127502441
2018-01-22,15.350320816040039,6.126678943634033,10.181342124938965,13.50780963897705,17.166257858276367,4.922351360321045,18.72254753112793,22.152353286743164,8.41109561920166
2018-01-23,15.294244766235352,6.084599018096924,10.224889755249023,13.568846702575684,17.102182388305664,4.861055374145508,18.07776641845703,21.25898551940918,8.167963027954102
2018-01-24,15.343310356140137,6.403928279876709,11.029062271118164,14.29056453704834,17.927928924560547,5.1542134284973145,19.239961624145508,21.700481414794922,8.181105613708496
2018-01-25,15.343310356140137,6.403928279876709,11.029062271118164,14.29056453704834,17.927928924560547,5.1542134284973145,19.239961624145508,21.700481414794922,8.181105613708496
2018-01-26,15.336302757263184,6.52274751663208,11.37163257598877,14.793241500854492,18.828432083129883,5.311451435089111,19.940467834472656,21.51869010925293,8.217245101928711
2018-01-29,15.30826473236084,6.532651901245117,11.307766914367676,14.362371444702148,18.39775276184082,5.290132522583008,20.01211166381836,21.757610321044922,7.954397201538086
2018-01-30,15.329294204711914,6.4856157302856445,11.264219284057617,14.505990028381348,18.32656478881836,5.194188594818115,19.741458892822266,21.539461135864258,7.885403156280518
2018-01-31,15.385366439819336,6.455911159515381,11.519694328308105,14.631658554077148,18.600629806518555,5.250154495239258,20.52157211303711,21.529075622558594,7.786832809448242
2018-02-01,15.631476402282715,6.5029449462890625,11.551630973815918,14.243880271911621,18.69496726989746,5.468688488006592,20.274795532226562,21.705669403076172,7.721124649047852
2018-02-02,15.476778984069824,6.4361090660095215,11.394857406616211,13.801658630371094,18.459999084472656,5.322110652923584,20.21908187866211,21.191469192504883,7.474703311920166
2018-02-05,15.244731903076172,6.166288375854492,11.055191993713379,13.578932762145996,17.812028884887695,5.074261665344238,19.900667190551758,20.95773696899414,7.392561435699463
2018-02-06,15.202544212341309,6.186091423034668,11.540019035339355,13.902233123779297,18.452878952026367,5.327439785003662,19.653902053833008,22.058862686157227,7.615986347198486
2018-02-07,15.202544212341309,6.106878280639648,11.551630973815918,13.693889617919922,18.014970779418945,5.180861949920654,19.725542068481445,21.664119720458984,7.52398681640625
2018-02-08,15.230668067932129,6.054893493652344,11.188735961914062,13.525041580200195,17.925962448120117,5.076926231384277,19.470815658569336,21.60179328918457,7.303852081298828
2018-02-09,15.111133575439453,5.9385480880737305,10.979708671569824,13.370580673217773,17.97224998474121,5.002305507659912,19.017078399658203,21.81474494934082,7.201999664306641
2018-02-14,15.638506889343262,6.0499420166015625,11.484857559204102,13.859132766723633,18.74838638305664,5.130228042602539,19.8927059173584,23.118431091308594,7.52398681640625
2018-02-15,15.68069839477539,6.21579647064209,11.583562850952148,13.916604042053223,18.751943588256836,5.170202255249023,19.622060775756836,23.866365432739258,7.691554069519043
2018-02-16,15.772110939025879,6.322237968444824,11.699689865112305,13.89146614074707,18.901805877685547,5.175533294677734,19.701662063598633,23.907922744750977,7.514130592346191
2018-02-19,15.70882797241211,6.312337398529053,11.505182266235352,13.823210716247559,18.7530517578125,5.343430042266846,19.844947814941406,24.126070022583008,7.546987533569336
2018-02-20,15.968997955322266,6.3989787101745605,11.844847679138184,14.243514060974121,19.214168548583984,5.447367191314697,20.203155517578125,23.637834548950195,7.540417671203613
2018-02-21,15.751015663146973,6.599486827850342,11.93774700164795,14.318947792053223,19.4670352935791,5.396731376647949,20.09967803955078,23.269058227539062,7.504272937774658
2018-02-22,15.765079498291016,6.512845993041992,12.309354782104492,14.405158996582031,19.574871063232422,5.527319431304932,20.52157211303711,23.72093391418457,7.553558826446533
2018-02-23,15.448651313781738,6.686129093170166,12.309354782104492,14.538080215454102,19.7087459564209,5.628592491149902,20.847938537597656,23.933889389038086,7.836117744445801
2018-02-26,15.575222969055176,6.7356367111206055,12.489350318908691,14.538080215454102,19.68643569946289,5.735194206237793,20.77630043029785,24.619495391845703,7.937972068786621
2018-02-27,15.624442100524902,6.55988073348999,12.367416381835938,14.380019187927246,19.392663955688477,5.729865074157715,20.680774688720703,24.58314323425293,7.819688320159912
2018-02-28,15.469745635986328,6.342043399810791,12.135163307189941,13.927383422851562,18.734458923339844,5.719202995300293,20.64893341064453,23.39891242980957,7.691554069519043
2018-03-01,15.70882797241211,6.334616184234619,12.222254753112793,14.006413459777832,19.011592864990234,5.604605674743652,20.4578857421875,23.087270736694336,7.648838520050049
2018-03-02,15.877585411071777,6.406402111053467,12.323203086853027,14.095897674560547,19.11201286315918,5.732529163360596,20.593210220336914,22.723695755004883,7.6061272621154785
2018-03-05,15.835397720336914,6.4856157302856445,12.425406455993652,14.189345359802246,19.38355827331543,5.8950982093811035,20.72057342529297,22.697723388671875,7.504610538482666
2018-03-06,16.011186599731445,6.497994899749756,12.699901580810547,14.214499473571777,19.31288719177246,5.836465358734131,21.054908752441406,22.588651657104492,7.491418838500977
2018-03-07,16.22214126586914,6.473241329193115,12.612299919128418,13.962920188903809,19.286836624145508,5.7751688957214355,20.895702362060547,22.509071350097656,7.441959857940674
2018-03-08,16.383865356445312,6.45838737487793,12.679460525512695,13.779614448547363,19.15292739868164,5.783165454864502,22.0101375579834,21.778905868530273,7.4023919105529785
2018-03-09,16.48231315612793,6.683651924133301,12.76414680480957,14.074331283569336,19.417034149169922,5.9670538902282715,23.40318489074707,22.115093231201172,7.583744049072266
2018-03-12,16.86202621459961,6.67622709274292,12.696983337402344,14.185745239257812,19.636507034301758,5.95106315612793,23.641992568969727,22.30420684814453,7.550771236419678
2018-03-13,16.84796142578125,6.661373615264893,12.536574363708496,13.980890274047852,19.4765625,5.892431259155273,22.925567626953125,22.130857467651367,7.4848246574401855
2018-03-14,17.06594467163086,6.5450286865234375,12.428319931030273,13.905417442321777,19.04134178161621,5.9643874168396,22.575319290161133,22.377748489379883,7.600229740142822
2018-03-15,16.791709899902344,6.4361090660095215,12.401988983154297,13.704147338867188,19.1306095123291,5.679226398468018,22.36038589477539,22.27269172668457,7.616716384887695
2018-03-16,16.601852416992188,6.3742241859436035,12.40491771697998,13.740091323852539,19.052499771118164,5.711208343505859,22.049942016601562,22.220157623291016,7.649688720703125
2018-03-19,16.728422164916992,6.327191352844238,12.112347602844238,13.599909782409668,18.643329620361328,5.577955722808838,21.88277244567871,21.589801788330078,7.652986526489258
2018-03-20,16.65810775756836,6.450961589813232,12.159158706665039,13.585543632507324,18.70284652709961,5.639251232147217,21.612123489379883,21.852445602416992,7.593634605407715
2018-03-21,16.798738479614258,6.490570068359375,12.361029624938965,13.653838157653809,18.628440856933594,5.87644100189209,22.21710205078125,22.325218200683594,7.633204460144043
2018-03-22,16.88312339782715,6.431158065795898,12.138676643371582,13.736499786376953,18.568923950195312,5.788494110107422,22.447954177856445,22.02579689025879,7.649688720703125
2018-03-23,16.819835662841797,6.295009136199951,12.053829193115234,13.829943656921387,18.658203125,5.796489238739014,22.129535675048828,21.852445602416992,7.587040424346924
2018-03-26,16.876089096069336,6.351944923400879,12.135749816894531,13.909006118774414,18.888832092285156,5.871110916137695,22.607158660888672,22.06256675720215,7.472191333770752
2018-03-27,16.763580322265625,6.334616184234619,11.834404945373535,13.740091323852539,18.661930084228516,5.713873863220215,22.288747787475586,21.463726043701172,7.339999198913574
2018-03-28,16.74951934814453,6.460864543914795,11.796371459960938,13.829943656921387,18.833030700683594,5.649911880493164,22.37631607055664,21.8209285736084,7.402789115905762
2018-03-29,16.925310134887695,6.606914043426514,12.004094123840332,14.196539878845215,19.085979461669922,5.705878257751465,22.913591384887695,22.172880172729492,7.472191333770752
2018-04-02,16.770612716674805,6.557404041290283,11.775894165039062,14.066427230834961,18.99481773376465,5.569960594177246,22.5784969329834,22.58786392211914,7.3763508796691895
2018-04-03,17.016719818115234,6.5475029945373535,11.620832443237305,14.224236488342285,18.81622314453125,5.51932430267334,22.9774112701416,22.519577026367188,7.3763508796691895
2018-04-04,17.00969123840332,6.478190898895264,11.717381477355957,14.101618766784668,18.939006805419922,5.431377410888672,23.456106185913086,22.35148048400879,7.379652976989746
2018-04-05,16.897186279296875,6.626718044281006,12.059683799743652,14.145126342773438,18.97620964050293,5.636586666107178,23.176868438720703,22.719192504882812,7.349912643432617
2018-04-06,16.348709106445312,6.636617660522461,11.90169620513916,14.101618766784668,19.06922721862793,5.671232223510742,23.144954681396484,22.451290130615234,7.191279888153076
2018-04-09,16.376840591430664,6.4856157302856445,11.468694686889648,13.567612648010254,18.645065307617188,5.471354007720947,22.9774112701416,22.561599731445312,7.039258003234863
2018-04-10,16.735454559326172,6.505423069000244,11.331189155578613,13.68233585357666,18.738082885742188,5.703212738037109,23.60769271850586,23.554414749145508,7.10535192489624
2018-04-11,16.770612716674805,6.572258472442627,11.424808502197266,14.002735137939453,19.046911239624023,5.809815406799316,23.480043411254883,23.449357986450195,7.141706466674805
2018-04-12,16.376840591430664,6.656421661376953,11.395551681518555,13.749574661254883,19.2143497467041,5.777835845947266,23.559825897216797,23.538658142089844,7.224328994750977
2018-04-13,16.355741500854492,6.540078163146973,11.012288093566895,13.448957443237305,18.76784896850586,5.649911880493164,23.527912139892578,23.627962112426758,7.2871222496032715
2018-04-16,16.15885353088379,6.282634735107422,10.620246887207031,13.156232833862305,18.49250030517578,5.495339393615723,23.136978149414062,23.39682960510254,7.32016658782959
2018-04-17,16.250268936157227,6.354420185089111,10.874776840209961,13.322372436523438,18.79761505126953,5.604605674743652,23.160913467407227,24.126989364624023,7.353214263916016
2018-04-18,16.41902732849121,6.497994899749756,11.123464584350586,13.769353866577148,19.154817581176758,5.809815406799316,23.687480926513672,24.941207885742188,7.333385944366455
2018-04-19,16.52450180053711,6.450961589813232,11.12932014465332,13.745622634887695,18.97620964050293,5.916416645050049,23.71141242980957,25.12506675720215,7.4160051345825195
2018-04-20,16.47528076171875,6.361845970153809,11.00643539428711,13.551796913146973,18.93528175354004,5.9590582847595215,23.360363006591797,25.020000457763672,7.57133150100708
2018-04-23,16.48934555053711,6.371747970581055,10.807493209838867,13.54783821105957,18.968778610229492,5.991037845611572,23.136978149414062,24.95171546936035,7.541590690612793
2018-04-24,16.39090347290039,6.286746978759766,10.702168464660645,13.571584701538086,18.87575340270996,5.969718933105469,22.93752098083496,25.377206802368164,7.505239486694336
2018-04-25,16.292457580566406,6.227112770080566,10.842599868774414,13.737712860107422,18.764127731323242,5.791159629821777,23.695457458496094,25.18809700012207,7.346607208251953
2018-04-26,16.39090347290039,6.378688335418701,10.92744255065918,13.737712860107422,19.199462890625,6.031013011932373,23.54386329650879,25.582075119018555,7.698902130126953
2018-04-27,16.299488067626953,6.418445587158203,10.92744255065918,13.888025283813477,19.162256240844727,6.052334308624268,22.418930053710938,25.39821434020996,7.703194618225098
2018-04-30,16.40496253967285,6.286746978759766,10.737273216247559,13.674422264099121,18.979936599731445,6.1216254234313965,22.251392364501953,25.566312789916992,7.638754844665527
2018-05-02,15.940872192382812,6.115290641784668,10.53832721710205,13.322372436523438,18.125751495361328,6.023020267486572,21.525367736816406,25.587324142456055,7.7375664710998535
2018-05-03,15.89164924621582,6.003471374511719,10.239907264709473,13.048883438110352,17.768449783325195,5.983043670654297,21.20623207092285,25.786935806274414,7.561418533325195
2018-05-04,15.821334838867188,5.9736528396606445,10.2194242477417,13.060746192932129,17.560014724731445,5.935072898864746,21.16634750366211,26.107372283935547,7.389569282531738
2018-05-07,15.70882797241211,5.958741188049316,10.207728385925293,12.942018508911133,17.5860652923584,6.036344528198242,20.65573501586914,25.865734100341797,7.269273281097412
2018-05-08,15.779143333435059,5.936379432678223,10.485664367675781,12.874738693237305,17.64190673828125,6.105636119842529,21.014759063720703,25.83946418762207,7.243499279022217
2018-05-09,15.406461715698242,5.9786224365234375,10.92744255065918,12.977638244628906,17.69772720336914,6.604002952575684,21.42164421081543,26.396286010742188,7.277865886688232
2018-05-10,15.329113006591797,6.13268518447876,10.52662181854248,13.238858222961426,18.181583404541016,6.862511157989502,21.493453979492188,27.000381469726562,7.625862121582031
2018-05-11,15.364274024963379,5.864317417144775,10.476888656616211,13.001383781433105,17.891265869140625,6.779892444610596,20.735523223876953,27.646503448486328,7.643049240112305
2018-05-14,15.265829086303711,5.787286281585693,10.216500282287598,12.815373420715332,17.6232967376709,6.993098258972168,20.089277267456055,28.507991790771484,7.686014175415039
2018-05-15,15.090034484863281,5.665526866912842,9.938562393188477,12.740180015563965,17.55629539489746,7.139676094055176,20.544038772583008,28.707597732543945,7.9910478591918945
2018-05-16,15.12519359588623,5.735103607177734,10.084848403930664,12.945977210998535,17.861494064331055,7.2995805740356445,20.855194091796875,29.36423110961914,8.197266578674316
2018-05-17,14.829864501953125,5.494070529937744,9.616730690002441,12.40771484375,16.927295684814453,6.9158124923706055,19.794076919555664,29.091073989868164,8.029712677001953
2018-05-18,14.5064058303833,5.536314010620117,9.564072608947754,12.463128089904785,16.808189392089844,6.835859775543213,20.0573673248291,28.77063751220703,7.862159729003906
2018-05-21,14.274357795715332,5.50400972366333,9.335867881774902,12.285024642944336,16.577434539794922,6.675958156585693,20.04140853881836,27.840856552124023,7.703194618225098
2018-05-22,14.168883323669434,5.802196025848389,9.543218612670898,12.637269020080566,16.979408264160156,6.598517417907715,21.1743221282959,27.494163513183594,7.750454902648926
2018-05-23,14.098564147949219,5.491584777832031,9.33703327178955,12.304816246032715,16.65932273864746,6.213980674743652,20.75147819519043,27.28404426574707,7.7418622970581055
2018-05-24,14.295452117919922,5.3673415184021,9.051326751708984,12.324593544006348,16.87891387939453,5.3621296882629395,20.42436408996582,27.557199478149414,8.08556079864502
2018-05-25,14.175912857055664,5.2232184410095215,8.862820625305176,12.07922077178955,16.730039596557617,5.287358283996582,19.770151138305664,27.04240608215332,8.034008979797363
2018-05-28,13.894644737243652,5.101459503173828,8.211875915527344,11.568657875061035,16.022869110107422,4.5156168937683105,19.028165817260742,26.8270320892334,7.595787525177002
2018-05-29,13.775107383728027,5.151156425476074,8.397438049316406,11.616154670715332,15.967046737670898,5.153839588165283,19.474950790405273,26.34900665283203,7.462605953216553
2018-05-30,13.845423698425293,5.4095845222473145,8.945291519165039,11.544917106628418,15.996814727783203,5.068387031555176,19.730257034301758,26.595895767211914,7.380975246429443
2018-06-01,14.02121639251709,5.528858661651611,9.03071117401123,11.82591724395752,16.315155029296875,4.3153395652771,20.735523223876953,27.714786529541016,7.325124263763428
2018-06-04,14.091532707214355,5.670496940612793,9.160306930541992,11.948282241821289,16.668869018554688,4.68118143081665,21.110492706298828,27.588712692260742,7.21771764755249
2018-06-05,13.894644737243652,5.496554851531982,8.577110290527344,11.374034881591797,16.151330947875977,4.430165767669678,19.833974838256836,28.224327087402344,7.045867919921875
2018-06-06,13.732916831970215,5.320128917694092,8.152969360351562,11.183939933776855,15.741774559020996,4.3607354164123535,19.14784049987793,29.45352554321289,7.3036417961120605
2018-06-07,13.416492462158203,4.969759464263916,7.826025009155273,10.985922813415527,15.28381633758545,4.208523750305176,18.5893611907959,28.560516357421875,7.058757781982422
2018-06-08,13.332108497619629,5.17849063873291,7.937952518463135,10.890872955322266,15.321046829223633,4.072334289550781,19.14784049987793,26.732481002807617,7.088829517364502
2018-06-11,13.353206634521484,5.07412576675415,7.675808429718018,10.684942245483398,14.877985000610352,4.115060806274414,18.437780380249023,26.71146583557129,6.904091835021973
2018-06-12,13.275854110717773,5.218249797821045,7.973354816436768,10.657220840454102,14.848203659057617,4.12841272354126,18.70106315612793,27.157968521118164,6.82675838470459
2018-06-13,13.156315803527832,5.1362481117248535,7.82859992980957,10.439404487609863,14.702998161315918,4.050971984863281,19.068058013916016,27.079174041748047,6.706463813781738
2018-06-14,13.311013221740723,5.0070343017578125,7.474095821380615,10.015646934509277,14.181747436523438,4.032278060913086,18.573406219482422,27.163225173950195,6.551796913146973
2018-06-15,13.163349151611328,4.917578220367432,7.385468482971191,10.193859100341797,14.319496154785156,3.997562885284424,18.062795639038086,25.807947158813477,6.779499053955078
2018-06-18,13.149165153503418,4.7734551429748535,7.243669509887695,9.865154266357422,14.029094696044922,3.872055768966675,17.935142517089844,25.8499755859375,6.560390949249268
2018-06-19,13.333562850952148,4.952367305755615,7.751791477203369,10.37603759765625,14.662039756774902,4.117729663848877,19.09199333190918,25.371952056884766,6.534614562988281
2018-06-20,13.149165153503418,4.915092945098877,7.976308345794678,10.597818374633789,14.933844566345215,4.328690528869629,18.509584426879883,25.639854431152344,6.616240978240967
2018-06-21,12.858376502990723,4.862911701202393,7.683845520019531,10.15821647644043,14.535449981689453,4.032278060913086,17.711753845214844,24.799373626708984,6.646317005157471
2018-06-22,12.879654884338379,4.962306022644043,7.710432529449463,10.352270126342773,14.647147178649902,4.034948348999023,18.20640754699707,25.219614028930664,6.633427143096924
2018-06-25,12.922208786010742,5.1412177085876465,7.934951305389404,10.336431503295898,14.676934242248535,4.192500114440918,18.437780380249023,24.773109436035156,6.796684741973877
2018-06-26,12.830010414123535,5.128792762756348,8.029481887817383,10.280989646911621,14.628528594970703,4.283294200897217,19.315387725830078,25.392969131469727,6.856833457946777
2018-06-27,12.730718612670898,5.019460678100586,7.864046573638916,10.114657402038574,14.36418342590332,4.4194841384887695,18.493623733520508,25.293161392211914,6.753722667694092
2018-06-28,12.773271560668945,5.155416011810303,8.316039085388184,10.45920181274414,14.762561798095703,4.432836532592773,18.9005126953125,25.776430130004883,6.9212775230407715
2018-06-29,12.751993179321289,5.1378278732299805,8.463748931884766,10.653257369995117,15.019462585449219,4.590388298034668,18.984375,26.049589157104492,6.9814229011535645
2018-07-02,12.865469932556152,5.185564041137695,8.682358741760254,10.514644622802734,15.02878189086914,4.665158748626709,18.49636459350586,25.613588333129883,6.744204998016357
2018-07-03,12.830010414123535,5.248373508453369,8.75916862487793,11.001702308654785,15.382617950439453,4.673171043395996,18.760360717773438,25.19335174560547,6.890629291534424
2018-07-04,12.837100982666016,5.311182498931885,9.010276794433594,11.156274795532227,15.632169723510742,4.702544212341309,18.84036636352539,25.230119705200195,6.84756326675415
2018-07-05,13.049872398376465,5.278522491455078,8.800527572631836,11.13249397277832,15.531601905822754,4.769303798675537,18.560365676879883,26.107372283935547,6.882015705108643
2018-07-06,12.830010414123535,5.464439392089844,8.703039169311523,11.16419792175293,15.673137664794922,4.790667533874512,18.256359100341797,26.443561553955078,7.037057399749756
2018-07-10,12.900934219360352,5.620206356048584,8.629182815551758,11.017560005187988,15.714107513427734,4.739930152893066,18.720365524291992,26.0180721282959,7.321293354034424
2018-07-11,12.702347755432129,5.622719764709473,8.800527572631836,10.973965644836426,15.777427673339844,4.649137020111084,17.976354598999023,25.666118621826172,7.239467620849609
2018-07-12,12.936395645141602,5.7935614585876465,8.968915939331055,11.294981956481934,16.075397491455078,4.793336868286133,18.304367065429688,26.5013427734375,7.342825412750244
2018-07-13,13.078241348266602,5.984501838684082,9.196391105651855,11.520878791809082,16.48509407043457,4.836063861846924,18.984375,26.42780113220215,7.385894775390625
2018-07-16,13.439949989318848,5.904107093811035,9.095947265625,11.572400093078613,16.425508499145508,4.774643898010254,18.712364196777344,26.264963150024414,7.51078462600708
2018-07-17,13.59598159790039,6.014652729034424,9.400229454040527,11.905303955078125,16.734651565551758,4.884130477905273,19.552391052246094,26.63266944885254,7.833783149719238
2018-07-18,13.305193901062012,5.833759784698486,9.341142654418945,11.612032890319824,16.5223445892334,4.820039749145508,19.76038932800293,27.02664566040039,7.954371452331543
2018-07-19,13.390304565429688,5.803612232208252,9.258428573608398,11.758671760559082,16.760719299316406,4.913506031036377,19.640384674072266,25.965543746948242,8.08787727355957
2018-07-20,13.326470375061035,5.841297149658203,9.748818397521973,12.166875839233398,17.237478256225586,5.151169300079346,20.240398406982422,25.59257698059082,8.031890869140625
2018-07-23,13.227180480957031,5.775975704193115,9.683830261230469,12.028160095214844,16.905981063842773,5.143156051635742,19.720386505126953,26.054845809936523,8.14971923828125
2018-07-24,13.454134941101074,5.838784217834473,9.760637283325195,12.206506729125977,16.894807815551758,5.249972820281982,20.464399337768555,26.95310401916504,8.218932151794434
2018-07-25,13.404489517211914,5.974452018737793,9.917211532592773,12.428438186645508,17.42742156982422,5.330084323883057,20.520404815673828,27.184236526489258,8.175674438476562
2018-07-26,14.106627464294434,5.916670322418213,9.595205307006836,12.111387252807617,17.151803970336914,5.183213710784912,20.344402313232422,27.725297927856445,8.032925605773926
2018-07-27,14.049888610839844,5.941793441772461,9.713373184204102,12.246137619018555,17.24492835998535,5.279346942901611,19.85639190673828,28.07724380493164,7.981015682220459
2018-07-30,13.97187328338623,5.966916084289551,9.716326713562012,12.337288856506348,17.494464874267578,5.3113908767700195,19.97639274597168,28.539508819580078,8.04590129852295
2018-07-31,13.766195297241211,5.97696590423584,9.601113319396973,12.099509239196777,16.760719299316406,5.265994548797607,19.0003719329834,28.807411193847656,8.006973266601562
2018-08-01,13.79456615447998,5.946817398071289,9.739957809448242,12.258026123046875,16.97123146057129,5.343435764312744,19.160375595092773,27.872377395629883,7.920456886291504
2018-08-02,13.6810884475708,6.054849147796631,9.816768646240234,12.261590003967285,17.030847549438477,5.45025110244751,18.97637176513672,27.756811141967773,7.769055366516113
2018-08-03,13.688179969787598,6.268401622772217,10.112188339233398,12.729527473449707,17.436960220336914,5.637179374694824,19.872390747070312,28.400127410888672,7.842593193054199
2018-08-06,13.688179969787598,6.210618019104004,10.132864952087402,12.642281532287598,17.310279846191406,5.618488311767578,20.312397003173828,28.319061279296875,7.894501209259033
2018-08-07,13.59598159790039,6.029727935791016,9.917211532592773,12.451936721801758,17.205949783325195,5.5303635597229,20.312397003173828,28.50821876525879,8.015624046325684
2018-08-08,13.588889122009277,5.886520862579346,9.639518737792969,12.154512405395508,16.803560256958008,5.378149509429932,19.68838882446289,28.319061279296875,7.842593193054199
2018-08-09,13.666902542114258,5.843809127807617,9.92607307434082,12.027618408203125,16.71414566040039,5.4315595626831055,19.208385467529297,28.016416549682617,7.812310695648193
2018-08-10,13.411581993103027,5.723215579986572,9.379547119140625,11.428811073303223,16.106830596923828,5.23128080368042,18.57636260986328,27.94615936279297,7.496533393859863
2018-08-13,13.574703216552734,5.753364086151123,9.423860549926758,11.650888442993164,16.233509063720703,5.351448059082031,18.832374572753906,28.254207611083984,7.626304626464844
2018-08-14,13.766195297241211,5.861397743225098,9.748818397521973,11.849164009094238,16.56884002685547,5.348770618438721,18.880369186401367,28.513620376586914,7.600350856781006
2018-08-15,13.77328872680664,5.8262224197387695,9.542027473449707,11.706403732299805,16.457069396972656,5.099802494049072,18.2243595123291,27.24359130859375,7.626304626464844
2018-08-16,13.482503890991211,5.833759784698486,9.571572303771973,11.706403732299805,16.434715270996094,5.073032855987549,18.096357345581055,26.870681762695312,7.65658712387085
2018-08-17,13.603073120117188,5.665429592132568,9.234789848327637,11.349494934082031,16.01369857788086,4.941856861114502,17.872350692749023,27.454357147216797,7.570069789886475
2018-08-20,13.581795692443848,5.675480365753174,8.989596366882324,11.420882225036621,16.12714195251465,4.9150872230529785,18.04034996032715,27.80023765563965,7.544113636016846
2018-08-21,13.461225509643555,5.577496528625488,8.632140159606934,11.14328670501709,15.918587684631348,4.7437543869018555,17.200342178344727,27.956968307495117,7.570069789886475
2018-08-22,13.404489517211914,5.635280609130859,8.945115089416504,11.416922569274902,16.29779052734375,4.912408828735352,18.032352447509766,28.80545997619629,7.730123519897461
2018-08-23,13.432856559753418,5.308671474456787,8.718503952026367,11.131388664245605,15.664528846740723,4.805326461791992,17.184335708618164,28.832481384277344,7.734447479248047
2018-08-24,13.525057792663574,5.306158065795898,8.837775230407715,11.2305326461792,15.782073020935059,4.899024486541748,17.528343200683594,29.264835357666016,7.6479339599609375
2018-08-27,13.567609786987305,5.464439392089844,9.109108924865723,11.531917572021484,16.305370330810547,5.008782863616943,18.2243595123291,30.0863037109375,7.786356449127197
2018-08-28,13.54633617401123,5.451877593994141,9.064385414123535,11.460543632507324,16.19160270690918,4.912408828735352,18.33635902404785,30.075498580932617,7.99832010269165
2018-08-29,13.652719497680664,5.590059280395508,9.249251365661621,11.599328994750977,16.460840225219727,5.1667304039001465,18.04034996032715,29.843107223510742,8.11078929901123
2018-08-30,13.475412368774414,5.444340705871582,8.924243927001953,11.103628158569336,15.812407493591309,5.032876491546631,17.14434051513672,29.491817474365234,8.14971923828125
2018-08-31,13.369028091430664,5.466951847076416,8.974935531616211,11.254331588745117,16.028553009033203,5.156020164489746,17.224334716796875,28.9783992767334,8.279488563537598
2018-09-03,13.212994575500488,5.356405735015869,8.763233184814453,11.155186653137207,15.806644439697266,5.086418151855469,17.440338134765625,29.21078872680664,8.132417678833008
2018-09-04,12.773271560668945,5.2533979415893555,8.539605140686035,10.90478229522705,15.670083999633789,4.9927215576171875,16.728328704833984,28.10289192199707,8.067532539367676
2018-09-05,12.865469932556152,5.48202657699585,8.55451488494873,10.97223949432373,15.761126518249512,5.019491672515869,17.112337112426758,28.183956146240234,8.032925605773926
2018-09-06,12.993131637573242,5.487051486968994,8.745341300964355,11.285734176635742,16.15941619873047,5.083741188049316,17.504348754882812,28.902734756469727,8.430893898010254
2018-09-10,12.971856117248535,5.497100353240967,8.626073837280273,11.329386711120605,16.307355880737305,5.156020164489746,17.384340286254883,28.76222801208496,8.4568510055542
2018-09-11,12.900934219360352,5.2910847663879395,8.235472679138184,10.988113403320312,15.745945930480957,4.952565670013428,17.47234535217285,28.421751022338867,8.262192726135254
2018-09-12,13.085334777832031,5.326257705688477,8.273005485534668,10.992081642150879,15.791472434997559,5.073032855987549,17.400339126586914,28.88652801513672,8.132417678833008
2018-09-13,13.000225067138672,5.326257705688477,8.162337303161621,10.948432922363281,15.70423412322998,5.008782863616943,16.760326385498047,29.064868927001953,8.106460571289062
2018-09-14,12.929302215576172,5.434292793273926,8.228141784667969,10.996051788330078,15.981133460998535,5.0301995277404785,16.920331954956055,29.832294464111328,8.30544662475586
2018-09-17,13.021502494812012,5.557397842407227,8.509292602539062,11.30954360961914,16.360471725463867,5.193500518798828,17.85634422302246,29.74582862854004,8.348706245422363
2018-09-18,13.326470375061035,5.577496528625488,8.889142036437988,11.4008150100708,16.345294952392578,5.421050548553467,18.40036392211914,30.98883819580078,8.283819198608398
2018-09-19,13.326470375061035,5.612670421600342,8.799416542053223,11.45240306854248,16.459095001220703,5.348770618438721,18.2243595123291,31.65898323059082,8.21461009979248
2018-09-20,13.298102378845215,5.695579528808594,8.823341369628906,11.42859172821045,16.352874755859375,5.3193230628967285,18.160356521606445,32.05891036987305,8.257865905761719
2018-09-21,13.369028091430664,5.803612232208252,9.146366119384766,11.611128807067871,16.62978744506836,5.391602039337158,18.8643741607666,32.972251892089844,8.413596153259277
2018-09-24,13.042779922485352,5.76718807220459,8.892132759094238,11.301605224609375,16.21632194519043,5.354123115539551,18.23235321044922,32.53449249267578,8.361274719238281
2018-09-25,13.049872398376465,5.69123649597168,8.838294982910156,11.30954360961914,16.254255294799805,5.375541687011719,17.984352111816406,33.61537551879883,8.456631660461426
2018-09-26,13.262643814086914,5.721617221832275,8.808384895324707,11.337319374084473,16.432544708251953,5.404989242553711,18.10435676574707,32.43181228637695,8.530317306518555
2018-09-27,13.106608390808105,5.916556358337402,9.0596284866333,11.595258712768555,16.88394546508789,5.7449750900268555,18.448360443115234,32.14537811279297,8.625679969787598
2018-09-28,13.007320404052734,5.9241533279418945,8.808384895324707,11.377008438110352,16.739795684814453,5.645925521850586,18.253578186035156,32.32912826538086,8.56065845489502
2018-10-01,13.071148872375488,5.810225963592529,8.437509536743164,11.250018119812012,16.551959991455078,5.621829509735107,17.539485931396484,32.6425895690918,8.44796085357666
2018-10-02,12.943488121032715,6.0507354736328125,9.400599479675293,11.912758827209473,17.189453125,6.109055519104004,18.373926162719727,33.0749397277832,8.55632495880127
2018-10-03,12.858376502990723,6.1444091796875,10.253024101257324,12.428976058959961,17.967342376708984,6.368731498718262,19.697816848754883,32.399383544921875,8.421957015991211
2018-10-04,12.67397689819336,6.195042610168457,10.504263877868652,12.488536834716797,17.986310958862305,6.430303573608398,19.21640396118164,31.777873992919922,8.28325366973877
2018-10-05,12.51794719696045,6.139346122741699,10.689704895019531,12.301908493041992,17.925607681274414,6.41424036026001,19.376873016357422,31.06989860534668,8.278919219970703
2018-10-08,12.766179084777832,6.253270149230957,11.724575996398926,13.1358003616333,18.991891860961914,7.120985984802246,20.315631866455078,30.832109451293945,8.257243156433105
2018-10-09,12.397377967834473,6.354538917541504,11.664761543273926,13.183450698852539,18.893218994140625,7.179881572723389,19.866315841674805,31.18339729309082,7.932154178619385
2018-10-10,12.198793411254883,6.278589248657227,11.171247482299805,12.754590034484863,18.24054718017578,6.973746299743652,19.38490104675293,30.205198287963867,7.975500106811523
2018-10-11,12.049853324890137,6.030481815338135,11.126385688781738,12.679145812988281,18.024269104003906,6.770289421081543,19.336759567260742,30.52406120300293,7.9885029792785645
2018-10-15,12.00730037689209,6.103900909423828,11.281911849975586,12.746658325195312,18.23296356201172,6.898788928985596,19.256521224975586,31.16718101501465,7.932154178619385
2018-10-16,12.34773063659668,6.329223155975342,11.775424003601074,13.35419750213623,18.961519241333008,7.155787467956543,20.267492294311523,31.18339729309082,8.12721061706543
2018-10-17,12.0924072265625,6.405173301696777,11.877115249633789,13.370080947875977,18.764198303222656,7.080829620361328,20.50017738342285,31.777873992919922,8.083863258361816
2018-10-18,11.808714866638184,6.1444091796875,11.739532470703125,13.00078010559082,18.206398010253906,6.880051612854004,20.02678108215332,30.534866333007812,7.979835033416748
2018-10-19,11.957653999328613,6.088711261749268,11.838236808776855,13.04447078704834,18.18743133544922,6.938945293426514,20.47610092163086,30.551082611083984,8.0621919631958
2018-10-22,11.929285049438477,6.227954387664795,11.918990135192871,13.2033052444458,18.45305824279785,7.102244853973389,20.90135383605957,31.545495986938477,8.083863258361816
2018-10-23,11.794530868530273,6.329223155975342,11.960861206054688,13.250958442687988,18.517555236816406,7.013904571533203,20.740877151489258,30.66997528076172,8.322258949279785
2018-10-24,11.269700050354004,6.220359802246094,11.69466781616211,12.933279991149902,18.03564453125,6.874695301055908,20.25946807861328,29.416160583496094,8.387279510498047
2018-10-25,10.638482093811035,6.20263671875,11.993765830993652,13.306548118591309,18.244338989257812,7.046027660369873,20.861230850219727,29.513437271118164,8.23990249633789
2018-10-26,10.773236274719238,6.425426006317139,12.687665939331055,13.536867141723633,18.58586311340332,7.38869047164917,21.358692169189453,30.048463821411133,7.836795806884766
2018-10-29,10.943452835083008,6.354538917541504,12.523164749145508,13.282718658447266,18.244338989257812,7.0727996826171875,21.093910217285156,28.697372436523438,7.585395336151123
2018-10-30,11.383176803588867,6.683658599853516,12.891048431396484,13.798948287963867,18.779380798339844,7.4957733154296875,22.27337646484375,29.113510131835938,7.932154178619385
2018-10-31,11.588851928710938,6.719102382659912,12.786370277404785,13.620260238647461,18.688312530517578,7.39404821395874,23.06770896911621,30.64835548400879,7.802120208740234
2018-11-01,11.610130310058594,6.946953296661377,12.974799156188965,14.398547172546387,18.955917358398438,7.313734531402588,23.16399383544922,31.075307846069336,7.888812065124512
2018-11-05,11.673961639404297,6.898852348327637,12.983773231506348,14.708039283752441,19.160879135131836,7.538608074188232,22.86712074279785,31.091520309448242,8.109869956970215
2018-11-06,11.80162239074707,6.80011510848999,12.702618598937988,14.549120903015137,19.282352447509766,7.278931617736816,22.786882400512695,30.92938995361328,8.105535507202148
2018-11-07,11.595945358276367,6.569732666015625,12.397541046142578,14.26703929901123,19.301321029663086,7.040674209594727,22.185115814208984,31.123947143554688,8.17488956451416
2018-11-08,11.142036437988281,6.468464374542236,12.143312454223633,13.969059944152832,19.03561782836914,6.786352634429932,21.358692169189453,30.81589698791504,8.0621919631958
2018-11-09,11.404454231262207,6.503908634185791,12.412496566772461,14.175649642944336,19.274755477905273,6.815800189971924,21.631494522094727,29.535051345825195,8.0621919631958
2018-11-12,11.31225299835205,6.554542064666748,12.615884780883789,14.16374397277832,19.327898025512695,6.780998706817627,21.84813117980957,29.643142700195312,7.997171878814697
2018-11-13,11.177498817443848,6.519099712371826,12.47231674194336,13.909465789794922,19.25577163696289,6.48919677734375,21.511138916015625,30.410568237304688,7.8584699630737305
2018-11-14,11.368992805480957,6.582391262054443,12.493253707885742,14.104147911071777,19.42279052734375,6.719425201416016,21.527185440063477,29.810678482055664,7.9841694831848145
2018-11-16,11.702330589294434,6.908980846405029,12.8880615234375,14.787505149841309,20.02252197265625,6.906822204589844,22.257335662841797,30.345718383789062,8.040519714355469
2018-11-19,11.673961639404297,6.6482157707214355,13.190150260925293,14.723928451538086,20.011133193969727,6.960363388061523,22.762815475463867,29.924171447753906,7.888812065124512
2018-11-21,11.617222785949707,6.746951580047607,13.160242080688477,14.561037063598633,19.751121520996094,6.738163948059082,22.658506393432617,29.470199584960938,7.784782886505127
2018-11-22,11.702330589294434,6.731760501861572,13.551629066467285,14.620634078979492,19.705564498901367,6.759668827056885,22.329545974731445,29.20538902282715,7.63740873336792
2018-11-23,11.4895601272583,6.683658599853516,13.658340454101562,14.588848114013672,19.68279266357422,6.550023555755615,22.385705947875977,27.211158752441406,7.663416385650635
2018-11-26,11.454099655151367,6.681125640869141,13.417486190795898,14.378273963928223,19.358264923095703,6.517772197723389,22.13697624206543,27.086864471435547,7.689424991607666
2018-11-27,11.73069953918457,7.103918075561523,13.734556198120117,14.96628189086914,20.013019561767578,6.861801624298096,22.465940475463867,26.97877311706543,7.823795318603516
2018-11-28,11.837085723876953,7.139363765716553,13.951017379760742,15.272199630737305,20.514068603515625,6.821486949920654,22.48198890686035,28.265024185180664,7.862799167633057
2018-11-29,11.80162239074707,7.253288269042969,13.792478561401367,15.462910652160645,20.696258544921875,6.765042304992676,22.32151222229004,28.10289192199707,7.8931450843811035
2018-11-30,12.000208854675293,7.139363765716553,13.606512069702148,15.280158042907715,20.508373260498047,6.842987537384033,21.59137535095215,28.535242080688477,7.724099636077881
2018-12-03,11.872547149658203,7.12670373916626,13.444926261901855,15.017931938171387,20.24919891357422,6.9720001220703125,21.3105525970459,29.243215560913086,7.784782886505127
2018-12-04,11.808714866638184,7.063412666320801,13.310786247253418,14.977783203125,20.22642707824707,6.810735702514648,21.158103942871094,28.578468322753906,7.819456577301025
2018-12-05,11.73069953918457,7.141892910003662,13.444926261901855,14.969820022583008,20.237808227539062,6.8698649406433105,21.262407302856445,28.535242080688477,7.737104892730713
2018-12-06,11.624314308166504,7.238097667694092,13.527240753173828,15.132793426513672,20.420080184936523,6.6091532707214355,21.743818283081055,28.265024185180664,7.7284321784973145
2018-12-07,11.425729751586914,7.21531343460083,13.42358112335205,15.061243057250977,20.254899978637695,6.657533168792725,21.71975326538086,27.71917724609375,7.667751789093018
2018-12-10,11.269700050354004,6.964676856994629,13.030298233032227,14.771077156066895,19.713777542114258,6.300065517425537,21.511138916015625,27.130098342895508,7.459693431854248
2018-12-11,11.31225299835205,6.984928131103516,13.106513977050781,14.941986083984375,19.890356063842773,6.259747505187988,21.84813117980957,27.34626579284668,7.542047500610352
2018-12-12,11.31225299835205,7.12670373916626,13.141887664794922,15.041382789611816,20.027061462402344,6.262434482574463,22.393726348876953,27.221973419189453,7.4987030029296875
2018-12-13,11.574667930603027,7.012778282165527,13.478224754333496,15.438874244689941,20.380205154418945,6.278561592102051,22.425825119018555,27.34626579284668,7.529045581817627
2018-12-14,11.390267372131348,6.924168586730957,13.48434829711914,15.263968467712402,20.23211097717285,6.195241928100586,22.706653594970703,27.49759864807129,7.520376205444336
2018-12-17,11.418638229370117,6.78492546081543,13.362035751342773,14.965850830078125,19.690996170043945,6.146862506866455,22.24127960205078,27.697553634643555,7.3339924812316895
2018-12-18,11.262606620788574,6.746951580047607,13.392611503601074,15.244100570678711,20.010414123535156,5.91303014755249,22.161046981811523,27.80023765563965,7.294981956481934
2018-12-19,11.146795272827148,6.622897624969482,13.392611503601074,15.025472640991211,19.74262237548828,5.980222702026367,22.329545974731445,27.027406692504883,7.412014961242676
2018-12-20,11.009269714355469,6.607707977294922,13.478224754333496,15.104968070983887,19.736919403076172,5.775954723358154,22.55832862854004,26.91931915283203,7.477032661437988
2018-12-21,10.980318069458008,6.7697367668151855,13.481287956237793,14.98969841003418,19.645753860473633,5.792080402374268,23.29846954345703,27.486787796020508,7.516043663024902
2018-12-26,10.958603858947754,6.646484375,13.569961547851562,14.83574390411377,19.21843147277832,6.027441024780273,23.169748306274414,27.259803771972656,7.390580654144287
2018-12-27,10.92965030670166,6.674548625946045,13.79622745513916,15.180290222167969,19.543195724487305,6.024661540985107,23.330656051635742,26.751785278320312,7.447098255157471
2018-12-28,11.132319450378418,6.840391159057617,14.215126991271973,15.666706085205078,20.226926803588867,6.305459976196289,23.934032440185547,27.562450408935547,7.625340938568115
2019-01-02,11.689659118652344,7.090432167053223,14.860297203063965,16.37203025817871,21.09049415588379,6.689126014709473,24.8350772857666,27.611085891723633,7.816626071929932
2019-01-03,11.8199462890625,7.39915657043457,14.921455383300781,16.537866592407227,21.438203811645508,6.853156089782715,24.424779891967773,26.4815673828125,7.994869232177734
2019-01-04,11.979185104370117,7.131253719329834,14.921455383300781,16.408098220825195,21.079092025756836,6.872618198394775,24.17538833618164,28.20557403564453,8.086164474487305
2019-01-07,11.928520202636719,7.092980861663818,14.823609352111816,16.602764129638672,21.118999481201172,6.981044769287109,23.724863052368164,28.054243087768555,7.960089206695557
2019-01-08,11.689659118652344,7.113393783569336,14.655434608459473,16.70413589477539,21.386905670166016,6.939342021942139,23.740951538085938,28.324462890625,7.8948774337768555
2019-01-09,11.8561372756958,7.1465630531311035,14.615693092346191,16.992082595825195,21.711809158325195,7.083912372589111,24.29605484008789,29.016231536865234,7.98183012008667
2019-01-10,12.196331977844238,7.212900161743164,14.829727172851562,16.93936538696289,21.563600540161133,7.0227484703063965,24.17538833618164,28.697372436523438,8.042693138122559
2019-01-11,12.514812469482422,7.3659868240356445,14.890874862670898,16.829866409301758,21.43250274658203,6.947681903839111,23.716814041137695,28.308258056640625,8.125292778015137
2019-01-14,12.695768356323242,7.529278755187988,15.236388206481934,17.02857780456543,21.59210205078125,6.908760070800781,23.62831687927246,28.427148818969727,8.216586112976074
2019-01-15,12.811577796936035,7.455288410186768,15.059042930603027,16.996139526367188,21.255800247192383,6.903200149536133,23.193889617919922,28.292043685913086,8.055733680725098
2019-01-16,12.883959770202637,7.616029262542725,14.915342330932617,17.07724380493164,21.19310188293457,6.90041971206665,23.36283302307129,28.45417022705078,8.22528076171875
2019-01-17,12.920147895812988,7.654297351837158,14.970376968383789,17.134010314941406,21.19310188293457,6.994945049285889,24.827035903930664,29.30807113647461,8.173112869262695
2019-01-18,13.028722763061523,7.756357669830322,14.845013618469238,17.308385848999023,21.466703414916992,7.061670780181885,25.08447265625,29.59449577331543,8.129639625549316
2019-01-21,13.028722763061523,7.7818708419799805,14.765510559082031,17.10968589782715,21.290002822875977,7.097812175750732,25.98552131652832,29.87552261352539,8.181806564331055
2019-01-22,12.695768356323242,7.595616340637207,14.737988471984863,17.032630920410156,21.255800247192383,6.986605167388916,25.583267211914062,29.76743507385254,8.068774223327637
2019-01-23,12.435193061828613,7.838000297546387,15.043757438659668,17.324615478515625,21.398311614990234,7.070009708404541,25.808528900146484,30.075498580932617,8.160070419311523
2019-01-24,12.42071533203125,8.075285911560059,14.967315673828125,17.498994827270508,21.369810104370117,7.100593090057373,25.921161651611328,30.345718383789062,8.181806564331055
2019-01-28,12.992531776428223,8.223267555236816,14.774680137634277,17.640939712524414,21.751708984375,6.886518955230713,25.752214431762695,22.89304542541504,8.312227249145508
2019-01-29,12.934624671936035,8.049771308898926,15.266968727111816,17.413835525512695,21.59210205078125,7.053327560424805,25.663715362548828,23.098411560058594,8.351354598999023
2019-01-30,13.007006645202637,8.029358863830566,15.465721130371094,17.37328338623047,21.728897094726562,7.122836112976074,26.709575653076172,25.18450927734375,8.44265365600586
2019-01-31,12.674052238464355,8.029358863830566,15.857100486755371,18.35468101501465,22.105117797851562,7.11171293258667,26.790029525756836,24.59003257751465,8.190502166748047
2019-02-01,13.108343124389648,8.149277687072754,15.933542251586914,18.127588272094727,22.13077735900879,7.172876358032227,26.387767791748047,24.995351791381836,8.533946990966797
2019-02-04,13.35444164276123,8.23347282409668,16.236249923706055,18.52882194519043,22.6325740814209,7.23682165145874,26.42799949645996,24.14686393737793,8.564383506774902
2019-02-05,13.491966247558594,8.41462516784668,16.71019172668457,18.53693389892578,21.66889190673828,7.2507219314575195,25.90506362915039,24.060400009155273,8.716540336608887
2019-02-06,13.093867301940918,8.215612411499023,15.691984176635742,17.664661407470703,20.75651741027832,7.0866923332214355,25.229280471801758,22.94709014892578,8.407872200012207
2019-02-07,13.571587562561035,7.9094438552856445,15.795945167541504,17.93243408203125,20.83064842224121,6.975485324859619,25.55108642578125,22.47690773010254,8.333966255187988
2019-02-08,13.187959671020508,7.9936394691467285,15.817346572875977,18.123109817504883,21.27543067932129,6.986605167388916,26.77393341064453,23.325397491455078,8.26006031036377
2019-02-11,13.542630195617676,7.8533124923706055,15.34952449798584,18.017620086669922,21.035921096801758,6.905979156494141,26.315370559692383,22.709293365478516,8.212240219116211
2019-02-12,13.513681411743164,7.940059185028076,16.294347763061523,18.378713607788086,21.537734985351562,7.150635719299316,26.76589012145996,23.941499710083008,8.203544616699219
2019-02-13,13.311012268066406,7.919651031494141,15.924369812011719,18.094715118408203,21.04732894897461,7.242382049560547,26.918745040893555,24.584625244140625,8.112253189086914
2019-02-14,13.455775260925293,8.256436347961426,16.73771095275879,18.784421920776367,21.60616111755371,7.4925994873046875,27.66693687438965,24.676498413085938,8.190502166748047
2019-02-15,13.383393287658691,8.246232986450195,16.759113311767578,18.662704467773438,21.38378143310547,7.462016582489014,27.497989654541016,24.795391082763672,8.216586112976074
2019-02-18,13.166248321533203,8.156929016113281,16.5939998626709,18.23670768737793,21.0416316986084,7.439774036407471,27.586483001708984,24.45491600036621,8.294840812683105
2019-02-19,13.26034164428711,8.368698120117188,16.664329528808594,18.390872955322266,21.526344299316406,7.612145900726318,27.48994255065918,24.584625244140625,8.429611206054688
2019-02-20,13.137296676635742,8.304916381835938,16.193443298339844,18.08659553527832,21.25261878967285,7.517621040344238,27.007240295410156,24.752159118652344,8.1687650680542
2019-02-21,13.26034164428711,8.253886222839355,16.266822814941406,18.244829177856445,21.64036750793457,7.617706298828125,27.353181838989258,24.52517318725586,8.207892417907715
2019-02-22,13.26034164428711,8.468204498291016,16.415834426879883,18.094715118408203,21.945743560791016,7.5426411628723145,27.892200469970703,25.395286560058594,8.281795501708984
2019-02-25,13.311012268066406,8.53454303741455,16.146821975708008,17.912145614624023,21.610511779785156,7.423093318939209,28.028955459594727,25.46554183959961,8.060379981994629
2019-02-26,13.383393287658691,8.636602401733398,16.233402252197266,18.232648849487305,21.688335418701172,7.389732360839844,28.23813819885254,25.50877571105957,8.003619194030762
2019-02-27,13.28929615020752,8.503924369812012,16.047874450683594,18.029794692993164,21.496761322021484,7.528739929199219,27.843929290771484,25.308809280395508,8.11277961730957
2019-02-28,12.471383094787598,8.366148948669434,15.645902633666992,17.55512046813965,21.089706420898438,7.523181438446045,27.79566192626953,25.454727172851562,8.042915344238281
2019-03-01,12.13118839263916,8.133970260620117,15.865442276000977,17.26300621032715,20.865114212036133,7.423093318939209,27.031375885009766,25.260169982910156,8.007984161376953
2019-03-06,11.848898887634277,8.065079689025879,15.655189514160156,17.132699966430664,20.871103286743164,7.439774036407471,27.152050018310547,25.968149185180664,8.11277961730957
2019-03-07,12.080520629882812,7.932405471801758,15.593337059020996,17.254474639892578,21.15857696533203,7.442554950714111,26.64521598815918,26.405906677246094,8.086579322814941
2019-03-08,12.008139610290527,8.065079689025879,16.14064598083496,17.493959426879883,21.41010093688965,7.414753437042236,27.232501983642578,26.400503158569336,8.20883846282959
2019-03-11,12.384526252746582,8.394213676452637,16.635372161865234,18.204254150390625,22.110801696777344,7.715013027191162,28.3105411529541,26.957157135009766,8.287433624267578
2019-03-12,12.30490493774414,8.43248462677002,16.5411319732666,18.25703239440918,22.158708572387695,7.6455078125,28.141599655151367,27.005796432495117,8.30053424835205
2019-03-13,12.232522010803223,8.491168022155762,16.795421600341797,18.431554794311523,22.398258209228516,7.812319278717041,27.634754180908203,27.400314331054688,8.374765396118164
2019-03-14,12.058806419372559,8.465655326843262,16.66827964782715,18.472148895263672,22.0449275970459,7.837343692779541,27.884151458740234,27.405723571777344,8.335465431213379
2019-03-15,12.13118839263916,8.641704559326172,16.810928344726562,18.549266815185547,22.0389404296875,7.854023456573486,27.674976348876953,27.319250106811523,8.40969467163086
2019-03-18,12.529287338256836,8.766725540161133,16.683786392211914,18.646684646606445,22.074865341186523,7.99025297164917,27.835880279541016,27.270605087280273,8.335465431213379
2019-03-19,12.442429542541504,8.848370552062988,16.327157974243164,18.244844436645508,21.55982780456543,8.11814022064209,27.554302215576172,28.048843383789062,8.335465431213379
2019-03-20,12.30490493774414,8.687627792358398,15.961233139038086,17.74966049194336,21.07473373413086,8.054195404052734,27.031375885009766,27.324655532836914,8.191372871398926
2019-03-21,12.290426254272461,8.53964614868164,15.626320838928223,17.360002517700195,20.703420639038086,7.940208435058594,26.66130256652832,27.503000259399414,8.104043006896973
2019-03-22,12.102234840393066,8.304916381835938,14.776622772216797,16.74710464477539,20.092554092407227,7.506500244140625,25.929203033447266,27.049030303955078,7.955587387084961
2019-03-25,11.957473754882812,8.287055969238281,14.882060050964355,16.783628463745117,20.122509002685547,7.6010260581970215,26.041833877563477,26.7788028717041,7.9058637619018555
2019-03-26,12.2976655960083,8.496272087097168,15.2324800491333,16.893232345581055,20.33211326599121,7.9596686363220215,26.242965698242188,27.173330307006836,7.888355255126953
2019-03-27,11.97194766998291,8.02483081817627,14.388994216918945,16.308744430541992,19.643402099609375,7.6010260581970215,25.328125,26.805835723876953,7.638834476470947
2019-03-28,12.123950958251953,8.230132102966309,14.891366004943848,17.136754989624023,20.42194366455078,7.801199436187744,26.135011672973633,26.64369773864746,7.90148401260376
2019-03-29,12.181853294372559,8.242963790893555,15.108434677124023,17.429000854492188,20.619583129882812,7.801199436187744,26.67562484741211,27.524612426757812,7.879598617553711
2019-04-01,12.174616813659668,8.36101245880127,15.257290840148926,17.56863021850586,20.466793060302734,7.784518241882324,26.659481048583984,28.427148818969727,7.91024112701416
2019-04-02,12.138425827026367,8.38154411315918,15.123945236206055,17.343965530395508,20.143253326416016,7.8651442527771,26.74824333190918,27.902931213378906,7.989037036895752
2019-04-03,12.189094543457031,8.09925365447998,14.962687492370605,17.14902687072754,19.963510513305664,7.656628608703613,25.771909713745117,27.983993530273438,8.085341453552246
2019-04-04,12.536526679992676,8.40207290649414,15.142545700073242,17.592498779296875,20.263086318969727,7.915187835693359,25.739635467529297,28.18935775756836,8.23418140411377
2019-04-05,12.623383522033691,8.443137168884277,15.229379653930664,17.738697052001953,20.70045280456543,8.001371383666992,25.723499298095703,28.092079162597656,8.347996711730957
2019-04-08,12.558241844177246,8.46880054473877,15.254186630249023,17.7630672454834,20.574644088745117,8.132040977478027,25.303913116455078,28.854097366333008,8.207917213439941
2019-04-09,12.804340362548828,8.217302322387695,15.024706840515137,17.694841384887695,20.46080207824707,8.107019424438477,24.690685272216797,28.292043685913086,8.102853775024414
2019-04-10,12.703003883361816,8.248099327087402,15.13634967803955,17.441431045532227,20.424856185913086,8.001371383666992,25.481430053710938,27.97317886352539,8.02405834197998
2019-04-11,12.485857009887695,8.063322067260742,14.993699073791504,17.163650512695312,19.9515323638916,7.784518241882324,25.658946990966797,27.989395141601562,7.980284214019775
2019-04-12,12.348333358764648,7.873419284820557,14.491327285766602,17.007705688476562,19.7418270111084,7.181218147277832,25.61860466003418,27.82185935974121,7.984659671783447
2019-04-15,12.608908653259277,7.994035243988037,14.531634330749512,16.96872329711914,19.729846954345703,7.209021091461182,26.22376251220703,27.74079704284668,8.054701805114746
2019-04-16,12.688529968261719,8.071024894714355,14.832442283630371,16.939485549926758,19.71186637878418,7.428654193878174,26.36900520324707,28.697372436523438,8.207917213439941
2019-04-17,12.341094017028809,7.981202125549316,14.637072563171387,16.70555877685547,19.40631103515625,7.436995029449463,26.207626342773438,28.237995147705078,8.102853775024414
2019-04-18,12.362808227539062,8.19933795928955,15.14875316619873,16.934606552124023,19.669933319091797,7.673310279846191,26.433561325073242,28.416345596313477,8.155385971069336
2019-04-22,12.6668119430542,8.19933795928955,14.990593910217285,17.0759334564209,19.61600685119629,7.628828048706055,26.643348693847656,27.724576950073242,8.207917213439941
2019-04-23,12.789861679077148,8.427739143371582,15.291399002075195,17.490154266357422,19.867652893066406,7.69555139541626,27.490577697753906,28.05965232849121,8.426791191101074
2019-04-24,12.826051712036133,8.597113609313965,14.98129940032959,17.373197555541992,19.897613525390625,7.673310279846191,27.046791076660156,27.216564178466797,8.229801177978516
2019-04-25,13.253105163574219,8.923035621643066,15.226276397705078,17.577877044677734,20.203174591064453,7.728915214538574,27.676156997680664,27.200353622436523,8.339240074157715
2019-04-26,13.238630294799805,8.7562255859375,15.303801536560059,17.52427101135254,20.251100540161133,7.5813212394714355,28.942974090576172,27.248994827270508,8.352375030517578
2019-04-29,13.282059669494629,8.828081130981445,15.31001091003418,17.29522132873535,20.089332580566406,7.614706993103027,29.24958610534668,27.157119750976562,8.207917213439941
2019-04-30,13.368917465209961,8.840914726257324,15.406135559082031,17.339082717895508,20.269071578979492,7.5423712730407715,29.209243774414062,27.0760498046875,8.133498191833496
2019-05-02,12.992531776428223,8.699766159057617,15.440251350402832,17.348834991455078,20.403945922851562,7.436647891998291,29.01559066772461,26.449142456054688,8.216670036315918
2019-05-03,12.970817565917969,8.743395805358887,15.53018569946289,17.53361701965332,20.206144332885742,7.470036506652832,28.926836013793945,27.238183975219727,8.164137840270996
2019-05-06,13.072152137756348,8.648439407348633,15.31001091003418,17.060657501220703,19.762577056884766,7.447778224945068,28.49103546142578,26.8382568359375,8.037191390991211
2019-05-07,12.775384902954102,8.638177871704102,15.34721565246582,16.953392028808594,19.540803909301758,7.33092737197876,28.27311134338379,26.85987663269043,7.940884590148926
2019-05-08,12.970817565917969,8.815251350402832,15.688342094421387,17.304445266723633,19.762577056884766,7.614706993103027,29.620988845825195,26.4815673828125,8.14663028717041
2019-05-09,12.659574508666992,8.699766159057617,15.824786186218262,17.002140045166016,19.516817092895508,7.46447229385376,29.31428337097168,26.23296546936035,8.12036418914795
2019-05-10,12.522048950195312,8.545790672302246,15.55499267578125,16.850990295410156,19.42691421508789,7.422740459442139,29.65326690673828,26.73017120361328,8.067832946777344
2019-05-13,12.312142372131348,8.299424171447754,14.99990177154541,16.43167495727539,19.12120819091797,7.205731391906738,28.248897552490234,25.633075714111328,7.879598617553711
2019-05-14,12.261475563049316,8.3661470413208,14.85414981842041,16.382917404174805,19.031299591064453,7.233554363250732,29.03180503845215,25.71954345703125,7.883975028991699
2019-05-15,12.022615432739258,8.340486526489258,14.609162330627441,16.207374572753906,19.091245651245117,7.20016622543335,29.04793357849121,25.914106369018555,7.879598617553711
2019-05-16,12.044329643249512,8.186507225036621,14.153303146362305,16.017227172851562,18.84547996520996,7.03045654296875,28.813871383666992,25.076419830322266,7.879598617553711
2019-05-17,11.935758590698242,8.13517951965332,13.908321380615234,16.139118194580078,18.881433486938477,6.866310119628906,28.135894775390625,25.789804458618164,7.9365057945251465
2019-05-20,11.935758590698242,8.394377708435059,14.4417085647583,16.577945709228516,19.37295913696289,7.100009918212891,29.378854751586914,25.26557731628418,8.089722633361816
2019-05-21,12.370047569274902,8.807549476623535,15.266586303710938,17.26056671142578,20.122215270996094,7.36987829208374,29.306217193603516,25.62226676940918,8.229801177978516
2019-05-22,12.456904411315918,8.720296859741211,15.268106460571289,16.953392028808594,20.140201568603516,7.341951370239258,29.05600929260254,25.649290084838867,8.216670036315918
2019-05-23,12.456904411315918,8.812684059143066,15.29312515258789,16.87050437927246,20.098241806030273,7.216280460357666,29.346569061279297,25.84384536743164,8.09847640991211
2019-05-24,12.348333358764648,8.776761054992676,15.518298149108887,16.704715728759766,19.798542022705078,7.286098480224609,29.33848762512207,26.10866355895996,7.962772369384766
2019-05-27,12.464143753051758,8.907638549804688,15.821663856506348,16.94363784790039,19.870481491088867,7.327988147735596,30.040687561035156,27.124692916870117,8.006547927856445
2019-05-28,12.529287338256836,9.171965599060059,16.028064727783203,17.411720275878906,20.427919387817383,7.484377384185791,30.53301239013672,27.157119750976562,8.251691818237305
2019-05-29,12.493098258972168,9.266921997070312,16.012428283691406,17.757911682128906,20.811546325683594,7.40059757232666,30.775150299072266,26.85987663269043,8.356751441955566
2019-05-30,12.616145133972168,9.418331146240234,16.246994018554688,18.084590911865234,21.02733039855957,7.302853584289551,30.799360275268555,27.027406692504883,8.343618392944336
2019-05-31,12.703003883361816,9.384971618652344,16.21571922302246,18.04070472717285,20.979379653930664,7.1352925300598145,30.702510833740234,26.4815673828125,8.339240074157715
2019-06-03,12.608908653259277,9.367005348205566,16.290773391723633,17.982192993164062,21.036344528198242,7.258170127868652,30.896223068237305,26.389690399169922,8.378637313842773
2019-06-04,12.558241844177246,9.328511238098145,16.556604385375977,18.074384689331055,21.000362396240234,7.316819190979004,30.67022705078125,26.541017532348633,8.326108932495117
2019-06-05,12.601669311523438,9.218162536621094,16.100004196166992,17.79631996154785,20.59259605407715,7.221867084503174,30.30702781677246,26.151899337768555,8.269200325012207
2019-06-06,12.768147468566895,9.572311401367188,16.50969123840332,18.18659210205078,20.808475494384766,7.339158535003662,30.9123592376709,26.373476028442383,8.269200325012207
2019-06-07,12.746434211730957,9.51841926574707,16.37521743774414,18.191471099853516,21.030345916748047,7.473206996917725,31.315919876098633,26.297815322875977,8.404902458190918
2019-06-10,12.775384902954102,9.559475898742676,16.221973419189453,17.976816177368164,20.766494750976562,7.442485809326172,31.259431838989258,26.124881744384766,8.418035507202148
2019-06-11,12.826051712036133,9.757084846496582,16.54410171508789,18.05976104736328,20.868444442749023,7.5849151611328125,31.71947479248047,27.794837951660156,8.479325294494629
2019-06-12,12.797101020812988,9.659564971923828,16.39695930480957,17.849977493286133,20.748502731323242,7.498342514038086,31.46927261352539,27.827260971069336,8.619405746459961
2019-06-13,12.920147895812988,9.690359115600586,16.13654327392578,17.65484619140625,20.3767147064209,7.590501308441162,31.81633186340332,28.021821975708008,8.755111694335938
2019-06-14,12.768147468566895,9.17453384399414,15.851024627685547,17.62557601928711,20.382709503173828,7.5569868087768555,31.784042358398438,27.778623580932617,8.724466323852539
2019-06-17,12.883959770202637,9.110379219055176,15.83533763885498,17.5816650390625,20.358722686767578,7.570950984954834,32.082672119140625,27.130098342895508,8.886433601379395
2019-06-18,13.06491470336914,9.780179977416992,16.20557403564453,17.7329044342041,20.886432647705078,7.6659040451049805,32.38130569458008,28.10289192199707,9.035273551940918
2019-06-19,13.173487663269043,9.595407485961914,16.472259521484375,17.952428817749023,21.216243743896484,7.685449123382568,33.05927276611328,28.265024185180664,9.267282485961914
2019-06-21,13.35444164276123,10.201055526733398,16.600906372070312,18.357328414916992,21.695985794067383,7.8976945877075195,33.0108528137207,28.340679168701172,9.381098747253418
2019-06-24,13.245867729187012,10.188223838806152,16.641691207885742,18.50367546081543,21.648012161254883,7.889316558837891,33.5516242980957,28.319061279296875,9.446762084960938
2019-06-25,13.151771545410156,9.664700508117676,16.487945556640625,18.347578048706055,21.37816047668457,7.682658672332764,32.600677490234375,27.767812728881836,9.267282485961914
2019-06-26,13.101102828979492,9.517796516418457,16.845632553100586,18.576858520507812,21.88788414001465,7.727342128753662,32.64113235473633,27.87590217590332,9.258527755737305
2019-06-27,13.06491470336914,9.695768356323242,16.880144119262695,18.489046096801758,21.737960815429688,7.604462146759033,32.58449935913086,27.94075584411621,9.350460052490234
2019-06-28,12.949102401733398,9.662240028381348,16.92407989501953,18.410987854003906,21.743946075439453,7.654732704162598,33.15898895263672,28.005605697631836,9.350460052490234
2019-07-01,12.891196250915527,9.84021282196045,16.90524673461914,18.450109481811523,21.644962310791016,7.61284065246582,33.013343811035156,28.99461555480957,9.465765953063965
2019-07-02,13.12281608581543,9.685450553894043,16.688758850097656,18.50848388671875,21.566980361938477,7.489964008331299,33.24799346923828,27.77321434020996,9.456995010375977
2019-07-03,13.63672924041748,9.904698371887207,17.037031173706055,18.837146759033203,21.93893051147461,7.590501308441162,33.83058166503906,27.71917724609375,9.518403053283691
2019-07-04,13.752540588378906,10.250329971313477,17.313135147094727,19.16581916809082,22.190876007080078,7.649145603179932,34.510276794433594,27.924543380737305,9.737723350524902
2019-07-05,13.752540588378906,10.447701454162598,17.256662368774414,19.332609176635742,22.436853408813477,7.651937961578369,34.69636535644531,27.216564178466797,9.825447082519531
2019-07-08,13.70910930633545,10.421841621398926,17.240970611572266,19.244308471679688,22.37686538696289,7.721755027770996,35.19804000854492,27.53542137145996,9.88247013092041
2019-07-10,13.767017364501953,10.887332916259766,17.024477005004883,19.156002044677734,22.316877365112305,7.839049339294434,35.70781326293945,28.17314338684082,10.391288757324219
2019-07-11,13.528156280517578,10.644241333007812,16.69189453125,18.994115829467773,22.286882400512695,7.931208610534668,34.882476806640625,28.12990951538086,10.351814270019531
2019-07-12,13.173487663269043,10.266676902770996,16.315383911132812,18.640928268432617,21.872941970825195,7.967513561248779,34.18660354614258,28.00020408630371,10.128108978271484
2019-07-15,13.209676742553711,10.277020454406738,16.21811866760254,18.56243324279785,21.812944412231445,7.8697686195373535,33.96814727783203,28.475791931152344,9.825447082519531
2019-07-16,13.101102828979492,10.602865219116211,16.24321937561035,18.567346572875977,21.896934509277344,7.772022724151611,34.79346466064453,28.670351028442383,9.873700141906738
2019-07-17,13.021484375,10.677863121032715,16.246356964111328,18.469236373901367,21.836938858032227,7.730133056640625,34.947208404541016,28.475791931152344,9.88247013092041
2019-07-18,13.209676742553711,10.610620498657227,16.522462844848633,18.871482849121094,22.418861389160156,7.682658672332764,35.27897262573242,28.421751022338867,9.97896957397461
2019-07-19,13.093867301940918,10.442529678344727,16.315383911132812,18.444713592529297,21.836938858032227,7.663110733032227,34.68018341064453,28.492002487182617,9.996515274047852
2019-07-22,13.021484375,10.693375587463379,16.318517684936523,18.699804306030273,22.208892822265625,7.677072525024414,34.8501091003418,28.34609031677246,9.913174629211426
2019-07-23,13.050436973571777,10.538214683532715,16.127124786376953,18.763568878173828,22.424863815307617,7.685449123382568,34.3889045715332,27.97317886352539,9.904403686523438
2019-07-24,12.999768257141113,10.998534202575684,16.418926239013672,19.116758346557617,22.4068603515625,7.637975215911865,34.97148132324219,27.373291015625,10.088630676269531
2019-07-25,14.107209205627441,10.835611343383789,15.725525856018066,18.00320816040039,21.716955184936523,7.509512901306152,35.036216735839844,27.28681755065918,9.996515274047852
2019-07-26,14.33159351348877,10.897675514221191,15.687867164611816,17.77264976501465,22.106903076171875,7.300059795379639,34.97956848144531,27.14630889892578,10.246538162231445
2019-07-29,14.83826732635498,11.021804809570312,15.829059600830078,17.733407974243164,22.196897506713867,7.367083549499512,35.440792083740234,27.162521362304688,10.382637977600098
2019-07-30,14.722456932067871,11.153696060180664,15.66904354095459,17.365489959716797,21.4589900970459,7.327988147735596,35.60262680053711,27.027406692504883,10.567575454711914
2019-07-31,14.570453643798828,10.910606384277344,15.443140029907227,16.923992156982422,20.889081954956055,7.2833051681518555,35.60262680053711,26.91931915283203,10.48831558227539
2019-08-01,14.780363082885742,11.081286430358887,15.295674324035645,16.776832580566406,20.934093475341797,7.330779552459717,36.31467056274414,26.15730094909668,10.316591262817383
2019-08-02,14.831029891967773,11.151107788085938,15.298810958862305,16.825410842895508,20.96409034729004,7.406181812286377,36.98626708984375,25.854658126831055,10.453091621398926
2019-08-05,14.592168807983398,10.724410057067871,15.013288497924805,16.521099090576172,20.676010131835938,7.1352925300598145,35.68354797363281,24.860246658325195,10.259354591369629
2019-08-06,14.82379150390625,11.06835651397705,15.217231750488281,16.771419525146484,21.300199508666992,7.227450370788574,36.33086013793945,25.1953182220459,10.523541450500488
2019-08-07,14.932363510131836,11.233861923217773,15.20154857635498,17.124805450439453,22.08641242980957,7.149257183074951,35.1899528503418,25.119659423828125,10.704071998596191
2019-08-08,14.599408149719238,11.722627639770508,15.311362266540527,17.20825958251953,22.20645523071289,7.358707904815674,36.41177749633789,25.497966766357422,10.761313438415527
2019-08-09,14.527024269104004,11.766594886779785,15.264300346374512,16.923568725585938,22.03840446472168,7.339158535003662,36.08811569213867,24.584625244140625,10.646827697753906
2019-08-12,14.099974632263184,11.440747261047363,14.746600151062012,16.570180892944336,21.126144409179688,7.1632208824157715,35.53789138793945,24.406274795532227,10.457494735717773
2019-08-13,14.027589797973633,11.859688758850098,14.919164657592773,16.737062454223633,21.54026222229004,7.258917331695557,36.395591735839844,25.130468368530273,10.690864562988281
2019-08-14,13.75977897644043,11.301100730895996,14.398327827453613,16.408205032348633,21.066125869750977,7.014044284820557,35.659271240234375,24.25495147705078,10.166888236999512
2019-08-15,13.593299865722656,11.210589408874512,14.385780334472656,16.295324325561523,21.00611114501953,6.819836616516113,35.15758514404297,23.719919204711914,9.841053009033203
2019-08-16,13.680159568786621,11.507987976074219,14.348122596740723,16.329673767089844,21.090158462524414,6.729766845703125,36.4036750793457,23.611827850341797,10.039196014404297
2019-08-19,13.832160949707031,11.766594886779785,14.06574821472168,16.09408187866211,20.99806785583496,6.763542652130127,36.2094841003418,23.59021759033203,9.924713134765625
2019-08-20,13.70910930633545,11.833830833435059,14.053196907043457,15.937023162841797,20.764751434326172,6.760727882385254,35.829185485839844,23.692895889282227,9.951129913330078
2019-08-21,13.607775688171387,11.849347114562988,14.856415748596191,16.25114631652832,20.924394607543945,7.1632208824157715,36.73543930053711,23.860431671142578,10.153676986694336
2019-08-22,13.368917465209961,11.758833885192871,14.776010513305664,16.040088653564453,20.592838287353516,7.098483562469482,36.112388610839844,23.719919204711914,10.00837230682373
2019-08-23,13.267580032348633,11.33471965789795,14.237548828125,15.691612243652344,20.35338020324707,6.833909034729004,35.408424377441406,23.39025115966797,9.78381061553955
2019-08-26,13.093867301940918,10.93905258178711,14.171031951904297,15.529638290405273,20.347246170043945,6.74384069442749,34.720645904541016,23.130836486816406,9.488802909851074
2019-08-27,13.151771545410156,11.120075225830078,14.057004928588867,15.725975036621094,20.586700439453125,6.850797176361084,36.169029235839844,23.411863327026367,9.546039581298828
2019-08-28,13.137296676635742,11.282999992370605,13.93980884552002,15.632708549499512,20.820018768310547,6.9211626052856445,36.46841812133789,23.498334884643555,9.726567268371582
2019-08-29,13.426820755004883,11.453679084777832,14.278727531433105,15.927202224731445,20.930524826049805,7.177294731140137,37.38275146484375,24.373849868774414,9.863067626953125
2019-08-30,13.549870491027832,11.585566520690918,14.646146774291992,16.172618865966797,20.83842658996582,7.177294731140137,38.06245422363281,24.627857208251953,9.907098770141602
2019-09-02,13.30377197265625,11.363168716430664,14.459274291992188,16.005739212036133,20.57737159729004,7.120999336242676,37.949153900146484,24.865652084350586,10.030386924743652
2019-09-03,13.405107498168945,11.314032554626465,14.190042495727539,15.744945526123047,20.184263229370117,7.205438613891602,37.67404556274414,24.600831985473633,9.77060317993164
2019-09-04,13.607775688171387,11.541604042053223,14.525785446166992,15.94139289855957,20.325529098510742,7.391205310821533,38.175724029541016,25.141277313232422,9.964338302612305
2019-09-05,13.528156280517578,11.714873313903809,15.032567024230957,16.30971908569336,20.902929306030273,7.427794456481934,38.23236083984375,25.141277313232422,10.030386924743652
2019-09-06,13.549870491027832,11.870037078857422,15.643884658813477,16.99236297607422,21.60317039489746,7.464385032653809,37.892520904541016,25.10344886779785,10.05681037902832
2019-09-09,13.658445358276367,11.332135200500488,15.837092399597168,17.208452224731445,22.131423950195312,7.5797834396362305,36.83253479003906,25.881681442260742,9.9423246383667
2019-09-10,13.62225341796875,11.352821350097656,15.571028709411621,16.903972625732422,21.701446533203125,7.627633094787598,36.40550994873047,26.070829391479492,10.096436500549316
2019-09-11,13.687397956848145,11.5157470703125,15.20044231414795,16.830291748046875,21.60317039489746,7.562896251678467,37.02186965942383,25.914106369018555,10.162483215332031
2019-09-12,14.020352363586426,11.502814292907715,15.277772903442383,16.64858627319336,21.738304138183594,7.616373538970947,36.85966873168945,26.854467391967773,10.149273872375488
2019-09-13,13.82492446899414,11.120075225830078,15.004050254821777,16.432497024536133,22.03314781188965,7.565711975097656,35.68373489379883,26.908519744873047,10.444283485412598
2019-09-16,13.86111068725586,11.138178825378418,14.848085403442383,16.216413497924805,21.64002799987793,7.897838592529297,35.87837219238281,26.25998878479004,10.23293399810791
2019-09-17,14.063780784606934,11.40971565246582,15.054972648620605,16.64858627319336,21.719879150390625,7.793694972991943,36.089229583740234,26.427522659301758,10.479508399963379
2019-09-18,13.940733909606934,11.61660099029541,15.284141540527344,16.697696685791016,21.652320861816406,7.661408424377441,36.60014724731445,26.15730094909668,10.567575454711914
2019-09-19,14.005877494812012,11.52867603302002,14.886281967163086,16.496347427368164,21.289905548095703,7.681110382080078,37.200279235839844,26.11406707763672,10.431074142456055
2019-09-20,14.034829139709473,11.72004222869873,15.121816635131836,16.78609275817871,21.345184326171875,7.5994873046875,37.281394958496094,26.16811180114746,10.743701934814453
2019-09-23,14.049304962158203,11.601086616516113,15.04861068725586,16.82047462463379,21.27762222290039,7.734589576721191,36.04056167602539,25.99517250061035,10.6735200881958
2019-09-24,14.005877494812012,11.456266403198242,14.590270042419434,16.604387283325195,21.056489944458008,7.67548131942749,35.359336853027344,25.362857818603516,10.532379150390625
2019-09-25,14.186829566955566,11.463459014892578,14.494789123535156,16.712425231933594,21.30219268798828,7.695184707641602,36.202762603759766,25.86546516418457,10.691160202026367
2019-09-26,14.136164665222168,11.661416053771973,14.548897743225098,16.953073501586914,21.916431427001953,7.796510696411133,35.983795166015625,25.86546516418457,10.691160202026367
2019-09-27,14.078261375427246,11.559832572937012,14.431131362915039,16.94324493408203,21.82430076599121,7.785251140594482,35.8134765625,25.757375717163086,10.642644882202148
2019-09-30,13.93349552154541,11.364477157592773,14.478877067565918,16.658409118652344,21.51717185974121,7.7542924880981445,36.8677864074707,25.806013107299805,10.686751365661621
2019-10-01,13.976922988891602,11.400944709777832,14.306998252868652,16.432497024536133,21.028635025024414,7.743032455444336,36.0162353515625,25.78440284729004,10.686751365661621
2019-10-02,13.65120792388916,11.226428031921387,13.82002067565918,15.798096656799316,20.45099639892578,7.5206780433654785,34.62943649291992,24.373849868774414,10.51032829284668
2019-10-03,13.44853687286377,11.35666275024414,14.415216445922852,15.842327117919922,20.45713996887207,7.52630615234375,34.98628234863281,24.55760383605957,10.444172859191895
2019-10-04,13.904541969299316,11.604113578796387,14.513884544372559,16.004484176635742,20.555465698242188,7.46157169342041,35.56208038330078,25.179113388061523,10.413298606872559
2019-10-07,13.658445358276367,11.200376510620117,13.940970420837402,15.901288986206055,20.174468994140625,7.365870952606201,35.03493881225586,24.88186264038086,10.07809829711914
2019-10-08,13.463013648986816,11.278520584106445,13.689519882202148,15.886548042297363,20.08843421936035,7.323653697967529,34.83218765258789,24.492746353149414,10.060454368591309
2019-10-09,13.513681411743164,11.43480396270752,14.068283081054688,16.338619232177734,20.407981872558594,7.464385032653809,34.93761444091797,24.681900024414062,10.08691692352295
2019-10-10,13.332725524902344,11.476482391357422,14.13194465637207,16.52535629272461,20.555465698242188,7.52630615234375,34.1185188293457,25.530397415161133,10.131024360656738
2019-10-11,13.44853687286377,11.734352111816406,14.396121978759766,16.71207046508789,20.8196964263916,7.672667503356934,35.11602783203125,26.28700828552246,10.439760208129883
2019-10-14,13.549870491027832,11.763001441955566,14.322912216186523,16.94795036315918,21.169979095458984,7.686739921569824,35.732391357421875,25.93572425842285,10.475043296813965
2019-10-15,13.672919273376465,11.593692779541016,14.125574111938477,17.085529327392578,21.12082290649414,7.768362998962402,36.42174530029297,25.892488479614258,10.488277435302734
2019-10-16,13.672919273376465,11.773422241210938,14.322912216186523,17.493385314941406,21.421924591064453,7.861248016357422,35.91891860961914,25.292598724365234,10.748498916625977
2019-10-17,13.586061477661133,12.02087116241455,14.294262886047363,17.19856071472168,21.29287338256836,7.785251140594482,35.87837219238281,25.243961334228516,10.691160202026367
2019-10-18,13.513681411743164,12.096406936645508,14.66030216217041,17.114234924316406,21.040925979614258,7.768362998962402,36.43794631958008,24.8764591217041,10.74409008026123
2019-10-21,13.745299339294434,12.213623046875,14.76852035522461,17.23578643798828,21.385055541992188,7.816211700439453,36.17032241821289,25.514175415039062,10.779373168945312
2019-10-22,13.586061477661133,12.380326271057129,15.086798667907715,17.727088928222656,22.048728942871094,8.0413818359375,36.24330520629883,25.56281852722168,10.911688804626465
2019-10-23,13.520917892456055,12.565261840820312,15.150459289550781,17.879026412963867,22.362136840820312,8.148337364196777,35.99191665649414,25.460134506225586,11.396848678588867
2019-10-24,13.890064239501953,12.664241790771484,15.054972648620605,17.85877227783203,22.46660614013672,7.9710164070129395,33.7697868347168,25.26557731628418,11.511521339416504
2019-10-25,12.739194869995117,12.609543800354004,15.191831588745117,18.091758728027344,22.61408233642578,8.232776641845703,33.87520980834961,26.243770599365234,11.207194328308105
2019-10-28,12.695768356323242,12.698103904724121,15.529221534729004,18.745128631591797,22.921344757080078,8.331291198730469,33.599464416503906,26.319440841674805,11.282175064086914
2019-10-29,12.72472095489502,12.476700782775879,15.487842559814453,18.486820220947266,22.515771865844727,8.393210411071777,33.599464416503906,26.29241371154785,11.25571060180664
2019-10-30,12.710241317749023,12.632986068725586,15.729743003845215,18.572917938232422,22.657102584838867,8.466391563415527,34.81596755981445,26.25998878479004,11.401257514953613
2019-10-31,12.579954147338867,12.601729393005371,15.325517654418945,17.813190460205078,22.263816833496094,8.553645133972168,35.018707275390625,25.50877571105957,11.246891021728516
2019-11-01,12.543764114379883,12.81531810760498,15.265039443969727,17.66124153137207,22.346811294555664,8.56490421295166,35.11602783203125,26.178916931152344,11.414488792419434
2019-11-04,12.71748161315918,12.833549499511719,15.179106712341309,17.68099594116211,22.420570373535156,8.545201301574707,34.264488220214844,26.924720764160156,11.52475357055664
2019-11-05,12.818815231323242,12.841362953186035,15.274589538574219,17.919174194335938,22.80787467956543,8.345361709594727,34.20771789550781,26.951749801635742,11.793798446655273
2019-11-06,12.681288719177246,12.737173080444336,15.172739028930664,17.822885513305664,22.500503540039062,8.362248420715332,34.21583557128906,26.854467391967773,11.983450889587402
2019-11-07,12.710241317749023,12.867408752441406,15.172739028930664,17.86849594116211,22.635746002197266,8.697190284729004,34.3455810546875,27.081457138061523,12.389220237731934
2019-11-08,12.522048950195312,12.685080528259277,14.959487915039062,17.351600646972656,22.29762840270996,8.449502944946289,33.69679641723633,26.5788516998291,12.4553804397583
2019-11-11,12.695768356323242,13.049742698669434,15.03587532043457,17.311052322387695,22.395992279052734,8.57053279876709,34.167171478271484,26.01138687133789,12.830279350280762
2019-11-12,12.572717666625977,12.81531810760498,14.870368957519531,17.14889144897461,22.014833450317383,8.505627632141113,33.485931396484375,25.8870849609375,12.570058822631836
2019-11-13,12.572717666625977,12.901274681091309,14.625286102294922,16.97152328491211,21.79352378845215,8.471628189086914,33.38050842285156,25.46554183959961,12.883206367492676
2019-11-14,12.630623817443848,12.97160530090332,14.803529739379883,16.90057945251465,21.93490219116211,8.301628112792969,33.85898971557617,25.40068817138672,12.905257225036621
2019-11-18,12.710241317749023,12.773639678955078,14.809893608093262,16.789094924926758,21.8365535736084,8.23929500579834,33.37239456176758,25.73035430908203,12.922895431518555
2019-11-19,12.789861679077148,12.487120628356934,14.574358940124512,16.75868797302246,21.59678840637207,8.154296875,33.26696014404297,26.033000946044922,12.878790855407715
2019-11-21,13.079387664794922,12.731965065002441,14.76214599609375,16.85496711730957,21.818103790283203,8.457460403442383,35.13225173950195,26.16811180114746,12.737655639648438
2019-11-22,13.166248321533203,12.890854835510254,14.997960090637207,17.133689880371094,21.965654373168945,8.494294166564941,35.90270233154297,27.038223266601562,12.817048072814941
2019-11-25,13.173487663269043,12.442838668823242,14.949835777282715,17.047534942626953,21.652114868164062,8.423460960388184,35.732391357421875,27.486787796020508,12.834689140319824
2019-11-26,13.050436973571777,12.112038612365723,14.75735092163086,16.682668685913086,21.209491729736328,8.27046012878418,35.294456481933594,27.68134880065918,12.627391815185547
2019-11-27,12.999768257141113,12.35948657989502,15.187234878540039,16.961389541625977,21.332447052001953,8.310131072998047,35.091697692871094,27.33546257019043,12.812634468078613
2019-11-28,13.035961151123047,12.541817665100098,15.270647048950195,16.829627990722656,21.270957946777344,8.366792678833008,36.29196548461914,27.221973419189453,12.980236053466797
2019-11-29,13.06491470336914,12.429816246032715,15.33802318572998,16.910717010498047,21.393917083740234,8.259130477905273,36.527164459228516,27.011198043823242,13.416879653930664
2019-12-02,13.007006645202637,12.398560523986816,15.216114044189453,17.022201538085938,21.698352813720703,8.23646354675293,36.137882232666016,27.746200561523438,13.302205085754395
2019-12-03,12.934624671936035,12.531401634216309,15.524088859558105,17.082538604736328,21.704498291015625,8.21096420288086,36.36495590209961,27.248994827270508,13.544784545898438
2019-12-04,13.245867729187012,12.862204551696777,15.7486572265625,17.523658752441406,22.485597610473633,8.403629302978516,36.00812530517578,27.519207000732422,14.034355163574219
2019-12-05,13.137296676635742,12.828337669372559,15.613922119140625,17.594646453857422,22.454843521118164,8.514128684997559,36.527164459228516,27.53542137145996,14.453354835510254
2019-12-06,13.35444164276123,12.789271354675293,15.549763679504395,17.39690589904785,22.048925399780273,8.599126815795898,37.06242752075195,27.75160026550293,14.440126419067383
2019-12-09,13.347203254699707,12.411581993103027,15.59787654876709,17.543943405151367,22.47945213317871,8.55946159362793,36.60825729370117,27.80023765563965,14.074050903320312
2019-12-10,13.29653549194336,12.187576293945312,15.373305320739746,17.483097076416016,22.15348243713379,8.624627113342285,36.04867935180664,27.670536041259766,14.100513458251953
2019-12-11,13.35444164276123,12.033894538879395,15.350851058959961,17.38169288635254,21.895164489746094,8.61329460144043,36.98942947387695,28.011016845703125,14.585673332214355
2019-12-12,13.535396575927734,12.16152572631836,15.748896598815918,17.614927291870117,21.88901710510254,8.77479076385498,37.938297271728516,28.616308212280273,14.907645225524902
2019-12-13,13.75977897644043,12.085988998413086,15.62653923034668,17.645353317260742,22.355430603027344,8.494294166564941,37.978851318359375,29.054065704345703,15.017909049987793
2019-12-16,13.810445785522461,12.039104461669922,15.414020538330078,17.336048126220703,21.844411849975586,8.332794189453125,38.52220153808594,28.82707405090332,14.770917892456055
2019-12-17,13.687397956848145,12.448047637939453,15.761777877807617,17.655494689941406,22.176881790161133,8.457460403442383,38.36001205444336,28.870304107666016,14.978214263916016
2019-12-18,13.817684173583984,12.648612022399902,16.305952072143555,18.14733123779297,22.46009063720703,8.652960777282715,39.277984619140625,28.897335052490234,14.951750755310059
2019-12-19,13.875589370727539,12.648612022399902,16.473392486572266,18.481990814208984,22.570919036865234,8.672792434692383,39.74123001098633,29.183767318725586,14.819430351257324
2019-12-20,14.046887397766113,12.789271354675293,16.441192626953125,18.375774383544922,22.472408294677734,8.573630332946777,38.86350631713867,29.6107177734375,14.947339057922363
2019-12-23,14.084025382995605,12.208413124084473,16.937068939208984,18.489049911499023,22.681753158569336,8.641627311706543,39.936275482177734,29.49722671508789,14.920065879821777
2019-12-26,14.277161598205566,12.15110969543457,17.130268096923828,18.720741271972656,23.026531219482422,8.757789611816406,41.182159423828125,29.6107177734375,15.388111114501953
2019-12-27,14.232593536376953,11.515549659729004,17.05620574951172,18.648658752441406,22.964954376220703,8.766968727111816,40.926151275634766,29.73518180847168,15.604474067687988
2019-12-30,13.868607521057129,11.19256591796875,17.007911682128906,18.622920989990234,22.841825485229492,8.669303894042969,40.45680236816406,29.568756103515625,15.304216384887695
2020-01-02,14.262308120727539,11.847539901733398,17.323467254638672,19.312847137451172,23.423873901367188,8.818674087524414,42.34270095825195,30.14015769958496,15.560317993164062
2020-01-03,14.061741828918457,11.506110191345215,17.294483184814453,19.322622299194336,23.177494049072266,8.746861457824707,41.72827911376953,29.918251037597656,15.361618041992188
2020-01-06,14.128597259521484,11.395804405212402,17.065866470336914,18.97747802734375,22.832590103149414,8.850272178649902,41.24188232421875,29.740737915039062,15.401358604431152
2020-01-07,14.158309936523438,11.763494491577148,16.937068939208984,18.64778709411621,22.302881240844727,8.815802574157715,41.6429557800293,29.957090377807617,15.52057933807373
2020-01-08,14.091456413269043,11.731980323791504,16.782514572143555,18.359317779541016,21.93947982788086,8.761223793029785,41.438148498535156,29.962635040283203,14.933314323425293
2020-01-09,13.98003101348877,11.726723670959473,16.441192626953125,18.065690994262695,21.502172470092773,8.732499122619629,41.66001892089844,29.568756103515625,14.712536811828613
2020-01-10,14.032028198242188,11.634803771972656,16.054800033569336,17.73600959777832,21.311229705810547,8.695154190063477,40.83228302001953,29.60204315185547,15.012791633605957
2020-01-13,14.269734382629395,11.647936820983887,16.235109329223633,17.926607131958008,21.594558715820312,8.71238899230957,40.96027374267578,30.678274154663086,15.154088020324707
2020-01-14,14.188024520874023,11.726723670959473,16.148178100585938,17.906005859375,21.594558715820312,8.617596626281738,41.130943298339844,30.86689567565918,15.454347610473633
2020-01-15,13.935461044311523,11.41156005859375,15.851936340332031,17.591766357421875,21.329696655273438,8.488333702087402,41.13948440551758,30.767038345336914,15.555906295776367
2020-01-16,13.890893936157227,11.542882919311523,15.922771453857422,17.84418487548828,21.372825622558594,8.479716300964355,41.94162368774414,30.606155395507812,15.838485717773438
2020-01-17,13.890893936157227,11.90794563293457,16.13850975036621,18.261445999145508,21.520648956298828,8.574508666992188,42.231754302978516,31.621368408203125,16.2491455078125
2020-01-20,13.965174674987793,11.949965476989746,16.035472869873047,17.906005859375,21.08333969116211,8.617596626281738,42.325626373291016,31.821088790893555,16.74809455871582
2020-01-21,13.920602798461914,11.73985767364502,15.571800231933594,17.308446884155273,20.633710861206055,8.508441925048828,41.98429489135742,31.083253860473633,16.553815841674805
2020-01-22,14.15088176727295,12.475238800048828,15.6941556930542,17.370267868041992,20.756895065307617,8.413647651672363,42.521888732910156,31.23303985595703,17.176406860351562
2020-01-23,13.853752136230469,12.790403366088867,16.576431274414062,17.828731536865234,21.249637603759766,8.517057418823242,44.15176773071289,30.789230346679688,17.507564544677734
2020-01-24,14.106308937072754,12.866568565368652,16.35747528076172,17.694791793823242,21.08949851989746,8.416519165039062,43.870174407958984,29.84613609313965,18.293527603149414
2020-01-27,13.77946662902832,12.514636993408203,16.196475982666016,17.287851333618164,20.633710861206055,8.05170726776123,43.895774841308594,28.020971298217773,18.090421676635742
2020-01-28,13.965174674987793,12.890206336975098,16.328495025634766,17.308446884155273,20.62754249572754,8.272892951965332,45.14164733886719,28.403757095336914,18.54962921142578
2020-01-29,13.59376049041748,12.764141082763672,15.925997734069824,17.061189651489258,20.307268142700195,8.28725528717041,46.29364776611328,28.15411949157715,18.71742057800293
2020-01-30,13.623475074768066,12.816669464111328,16.035472869873047,17.231184005737305,20.602914810180664,8.3131103515625,45.93525695800781,28.5701847076416,18.090421676635742
2020-01-31,13.259486198425293,12.659085273742676,15.629754066467285,16.94270133972168,20.21486473083496,8.172355651855469,45.76457595825195,27.88783073425293,17.40159034729004
2020-02-03,13.066352844238281,13.155467987060547,15.707043647766113,17.050880432128906,20.273412704467773,8.094797134399414,46.47285461425781,28.24287986755371,17.95795249938965
2020-02-04,13.110920906066895,13.121328353881836,15.536381721496582,17.060659408569336,20.433616638183594,8.22406005859375,46.93364715576172,28.99735450744629,17.891719818115234
2020-02-05,12.813789367675781,12.961121559143066,16.228673934936523,17.390535354614258,20.556873321533203,8.155120849609375,47.37739562988281,29.396778106689453,18.26703643798828
2020-02-06,12.531517028808594,12.7877779006958,15.954974174499512,17.189525604248047,20.50757598876953,8.382049560546875,45.943782806396484,29.557661056518555,18.916120529174805
2020-02-07,12.568657875061035,12.68535041809082,15.971074104309082,17.385379791259766,20.772550582885742,8.310236930847168,45.167232513427734,28.903043746948242,18.147817611694336
2020-02-10,12.427519798278809,12.77202033996582,15.813299179077148,17.57093620300293,21.123779296875,8.367684364318848,44.646705627441406,27.843448638916016,18.337682723999023
2020-02-11,12.479516983032227,12.842933654785156,16.5249080657959,17.72556495666504,21.610593795776367,8.468226432800293,46.165645599365234,28.875308990478516,19.00884246826172
2020-02-12,12.368093490600586,13.100313186645508,16.621509552001953,17.48847007751465,21.524324417114258,8.654939651489258,47.34326171875,29.441158294677734,19.675586700439453
2020-02-13,12.085819244384766,13.021525382995605,16.363910675048828,17.15343475341797,21.191574096679688,8.537165641784668,46.95071792602539,28.92523193359375,20.121562957763672
2020-02-14,12.189814567565918,13.18436050415039,16.05157470703125,16.76686668395996,20.83416175842285,8.450992584228516,46.93364715576172,28.292808532714844,20.121562957763672
2020-02-17,12.330953598022461,13.57568645477295,15.810076713562012,16.627704620361328,20.64314842224121,8.433754920959473,47.129920959472656,29.629783630371094,20.214284896850586
2020-02-18,12.018963813781738,13.428613662719727,15.96141529083252,16.562646865844727,20.729408264160156,8.545782089233398,47.18966293334961,29.2913761138916,19.737403869628906
2020-02-19,11.98182201385498,13.953882217407227,16.000057220458984,16.800214767456055,21.02520179748535,8.77558422088623,46.976314544677734,29.296924591064453,21.556610107421875
2020-02-20,12.01153564453125,13.738523483276367,15.835832595825195,16.557483673095703,20.95124053955078,8.59461784362793,46.69472122192383,28.958520889282227,20.969341278076172
2020-02-21,12.070962905883789,13.670238494873047,15.84871768951416,16.428375244140625,20.752296447753906,8.370558738708496,46.42165756225586,27.81015968322754,21.989328384399414
2020-02-26,11.751546859741211,12.593426704406738,14.694976806640625,15.545236587524414,19.71722412109375,7.5289082527160645,43.20456314086914,25.158409118652344,20.747804641723633
2020-02-27,10.771011352539062,12.091793060302734,14.87691879272461,15.478093147277832,19.729928970336914,7.267505645751953,42.112281799316406,24.670217514038086,19.480703353881836
2020-02-28,10.800726890563965,12.606559753417969,15.224557876586914,15.767309188842773,20.320476531982422,7.278998374938965,42.27442932128906,24.581453323364258,19.117401123046875
2020-03-02,10.934433937072754,13.131832122802734,15.318777084350586,15.979053497314453,20.253780364990234,7.620829105377197,42.5389518737793,25.718717575073242,20.81870460510254
2020-03-03,10.949291229248047,13.029402732849121,14.8704195022583,15.565103530883789,19.88530158996582,7.482945919036865,42.376827239990234,25.713167190551758,21.230724334716797
2020-03-04,11.372703552246094,13.076675415039062,14.886670112609863,15.735645294189453,20.075891494750977,7.724240303039551,43.34963607788086,26.944738388061523,21.469970703125
2020-03-05,11.313276290893555,12.37281322479248,14.00620174407959,15.218871116638184,19.389755249023438,7.264636039733887,41.17362594604492,25.990549087524414,20.690214157104492
2020-03-06,11.380130767822266,12.207351684570312,13.743038177490234,14.784788131713867,18.976797103881836,6.5579915046691895,38.442935943603516,24.74788475036621,19.502851486206055
2020-03-09,10.897292137145996,10.741838455200195,12.225778579711914,13.72023868560791,17.66170310974121,4.610414028167725,33.962894439697266,20.986604690551758,17.611045837402344
2020-03-10,10.711585998535156,12.081282615661621,12.869073867797852,14.050966262817383,18.100065231323242,5.0441670417785645,35.797576904296875,24.85883903503418,18.568031311035156
2020-03-11,10.213891983032227,11.175189971923828,11.757929801940918,12.914083480834961,16.62613868713379,4.552964210510254,33.246097564697266,22.6009578704834,17.367374420166016
2020-03-12,8.601953506469727,9.688665390014648,10.204105377197266,11.182902336120605,14.99338150024414,3.619391441345215,28.160192489624023,19.610795974731445,14.620495796203613
2020-03-13,9.433920860290527,10.73658561706543,11.915132522583008,13.069109916687012,16.65155601501465,4.423698425292969,30.720211029052734,23.799245834350586,15.298355102539062
2020-03-16,8.193398475646973,9.005809783935547,9.926554679870605,11.203570365905762,15.120445251464844,3.760145425796509,23.524869918823242,21.65786361694336,12.143869400024414
2020-03-17,8.68366527557373,9.334107398986816,10.40655517578125,12.102752685546875,16.0098819732666,3.7342920303344727,23.695959091186523,23.028125762939453,12.706539154052734
2020-03-18,8.312250137329102,8.614482879638672,8.68900203704834,10.691970825195312,14.898085594177246,3.243089199066162,20.419588088989258,21.44150733947754,11.727407455444336
2020-03-19,8.691094398498535,8.538317680358887,8.349410057067871,10.722972869873047,14.516901016235352,3.5073626041412354,22.310123443603516,20.193296432495117,12.728689193725586
2020-03-20,8.951083183288574,8.51993179321289,8.032671928405762,9.942652702331543,14.008649826049805,3.4470386505126953,23.56764030456543,19.52203369140625,14.341370582580566
2020-03-23,8.549954414367676,7.997286796569824,7.226140975952148,9.131325721740723,13.036628723144531,3.303412675857544,20.616334915161133,18.917348861694336,15.609770774841309
2020-03-24,8.3865327835083,9.536337852478027,8.46369457244873,10.505928039550781,14.294537544250488,3.806105852127075,23.251123428344727,20.881202697753906,15.991146087646484
2020-03-25,8.653950691223145,10.187676429748535,9.479207992553711,11.291420936584473,14.99338150024414,4.113466739654541,29.487348556518555,22.66197967529297,16.567646026611328
2020-03-26,9.508204460144043,10.315793991088867,9.955942153930664,11.52914047241211,15.406336784362793,4.133574485778809,29.67554473876953,23.299957275390625,16.829288482666016
2020-03-27,9.27792739868164,9.853933334350586,9.221244812011719,10.77981948852539,14.593135833740234,3.820467710494995,26.792686462402344,22.245906829833984,15.680726051330566
2020-03-30,9.322497367858887,9.877960205078125,9.466146469116211,11.115716934204102,15.317395210266113,3.8434479236602783,24.551406860351562,23.17236328125,15.086488723754883
2020-03-31,8.854515075683594,9.58428955078125,9.106961250305176,10.73331069946289,14.669378280639648,4.018671989440918,22.49832534790039,23.976768493652344,14.886932373046875
2020-04-01,8.68366527557373,9.25057601928711,8.72165584564209,10.26304817199707,13.604537010192871,4.107721328735352,20.274158477783203,24.059982299804688,14.381390571594238
2020-04-02,8.906513214111328,9.824566841125488,8.822880744934082,10.319414138793945,13.66810131072998,4.455297946929932,22.3614501953125,23.73267364501953,15.121971130371094
2020-04-03,8.460816383361816,9.570940971374512,8.326549530029297,9.936643600463867,13.134093284606934,4.40646505355835,19.940532684326172,22.467815399169922,14.585382461547852
2020-04-06,8.809946060180664,9.9340238571167,9.097167015075684,10.878058433532715,14.100403785705566,4.529983997344971,23.95258903503418,23.926837921142578,14.758331298828125
2020-04-07,9.218502044677734,10.278417587280273,9.524920463562012,11.286707878112793,14.62169075012207,4.710953712463379,24.996244430541992,24.287431716918945,16.541038513183594
2020-04-08,9.144217491149902,10.494664192199707,9.707781791687012,11.586715698242188,15.37185287475586,4.975225925445557,27.288846969604492,24.137645721435547,17.733945846557617
2020-04-09,8.988224029541016,10.414573669433594,9.681655883789062,11.581541061401367,14.939566612243652,4.831599712371826,25.791807174682617,24.010051727294922,16.984495162963867
2020-04-13,8.988224029541016,10.502676010131836,9.874308586120605,11.88155746459961,15.257425308227539,4.863196849822998,25.449628829956055,24.725692749023438,17.41021728515625
2020-04-14,8.980794906616211,10.561406135559082,9.864513397216797,12.011395454406738,15.448143005371094,4.8057451248168945,26.082660675048828,24.70350456237793,17.25057601928711
2020-04-15,8.847086906433105,10.657517433166504,9.681655883789062,11.664302825927734,14.875991821289062,4.705207347869873,25.766141891479492,23.960124969482422,16.85146141052246
2020-04-16,8.505385398864746,10.494664192199707,9.404104232788086,11.362739562988281,14.500907897949219,4.515622138977051,25.28709602355957,23.721580505371094,16.855894088745117
2020-04-17,8.61681079864502,10.553399085998535,9.658798217773438,11.584644317626953,14.761561393737793,4.633394241333008,27.400053024291992,24.409482955932617,17.05544662475586
2020-04-20,8.624238014221191,10.836389541625977,9.466146469116211,11.20910930633545,14.392833709716797,4.581689357757568,29.08528709411621,23.555147171020508,17.33926010131836
2020-04-22,8.63166618347168,11.215487480163574,9.423699378967285,11.169276237487793,14.221187591552734,4.811490535736084,31.223913192749023,23.799245834350586,18.146364212036133
2020-04-23,8.579668998718262,11.012592315673828,9.159204483032227,11.009964942932129,14.017759323120117,4.868941783905029,29.923622131347656,24.137645721435547,17.556562423706055
2020-04-24,8.252823829650879,9.877960205078125,7.9347147941589355,10.15079116821289,13.273959159851074,4.581689357757568,28.212730407714844,24.276336669921875,17.166322708129883
2020-04-27,8.624238014221191,10.473307609558105,8.388590812683105,10.44666576385498,13.712606430053711,4.725316047668457,28.657562255859375,24.714599609375,18.004453659057617
2020-04-28,8.691094398498535,10.625479698181152,9.515124320983887,11.362739562988281,14.844206809997559,4.9551191329956055,30.111831665039062,24.74788475036621,18.439043045043945
2020-04-29,8.668807029724121,10.652180671691895,9.65226936340332,11.743963241577148,15.041279792785645,5.2280097007751465,30.924501419067383,25.92397689819336,18.35921859741211
2020-04-30,8.423674583435059,10.257061004638672,9.306142807006836,10.896166801452637,14.475480079650879,5.184920787811279,29.247825622558594,24.886577606201172,17.711767196655273
2020-05-04,8.735662460327148,10.246379852294922,9.064515113830566,10.412524223327637,13.925206184387207,4.992460250854492,28.580575942993164,24.37064552307129,17.667423248291016
2020-05-05,8.86937141418457,10.342490196228027,9.077570915222168,10.423330307006836,14.4404935836792,5.153322696685791,28.768779754638672,24.243051528930664,17.299352645874023
2020-05-06,8.787660598754883,10.262397766113281,8.81308364868164,10.206893920898438,14.147862434387207,4.9637346267700195,27.802114486694336,24.592552185058594,17.21953010559082
2020-05-07,8.572239875793457,9.837912559509277,8.574715614318848,9.768316268920898,13.63895320892334,5.009696960449219,25.466737747192383,25.54673957824707,17.334836959838867
2020-05-08,8.94365406036377,10.080859184265137,8.849000930786133,10.206893920898438,14.198756217956543,5.3084397315979,25.364086151123047,27.10007095336914,16.9578914642334
2020-05-11,8.86937141418457,9.824566841125488,8.904513359069824,10.053107261657715,14.236923217773438,5.213645935058594,24.038135528564453,26.478736877441406,17.21953010559082
2020-05-12,8.705947875976562,9.538905143737793,8.591041564941406,9.73983383178711,13.747091293334961,5.21077299118042,23.533424377441406,26.32895278930664,16.629724502563477
2020-05-13,8.36424732208252,9.653702735900879,8.342876434326172,9.654398918151855,13.740728378295898,5.052783966064453,23.362337112426758,26.928096771240234,16.85146141052246
2020-05-14,8.720805168151855,10.09687614440918,8.702059745788574,10.184104919433594,14.345073699951172,4.998205184936523,25.056121826171875,26.67844581604004,16.56320571899414
2020-05-15,8.646523475646973,10.556068420410156,8.538796424865723,9.745532035827637,13.759812355041504,4.926393032073975,25.83458137512207,26.65626335144043,16.1463623046875
2020-05-18,8.988224029541016,11.210151672363281,8.946959495544434,10.25815486907959,14.421408653259277,5.3256754875183105,28.66611671447754,28.437042236328125,16.239486694335938
2020-05-19,8.86937141418457,10.87109375,8.705328941345215,9.956275939941406,13.797983169555664,5.365890979766846,30.000627517700195,29.013996124267578,16.372522354125977
2020-05-20,9.017938613891602,10.849740028381348,8.924101829528809,10.058799743652344,13.740728378295898,5.543987274169922,30.197383880615234,29.12494468688965,16.691814422607422
2020-05-21,8.824800491333008,11.645313262939453,9.55430793762207,10.616991996765137,14.529553413391113,5.512391090393066,31.044269561767578,28.36492919921875,16.603118896484375
2020-05-22,8.720805168151855,11.714726448059082,9.309410095214844,10.679644584655762,14.60588550567627,5.3630170822143555,30.958736419677734,27.88783073425293,16.514429092407227
2020-05-25,9.11450481414795,12.414194107055664,10.285737037658691,11.437189102172852,15.242040634155273,5.5956926345825195,31.39499855041504,27.793519973754883,16.86919593811035
2020-05-26,9.307638168334961,12.414194107055664,10.053900718688965,10.94165325164795,14.637703895568848,5.650271892547607,31.548980712890625,27.29423713684082,17.92462921142578
2020-05-27,9.939044952392578,12.438220024108887,10.089818954467773,11.12961196899414,15.095720291137695,5.724956512451172,33.44807815551758,28.093093872070312,17.99557876586914
2020-05-28,9.52306079864502,12.267358779907227,10.053900718688965,10.878994941711426,14.828537940979004,5.6789960861206055,31.925384521484375,27.787973403930664,18.03993034362793
2020-05-29,9.270498275756836,12.160572052001953,10.070228576660156,10.793559074401855,14.656781196594238,5.84273099899292,32.91770935058594,29.402326583862305,18.549909591674805
2020-06-01,9.359638214111328,12.155230522155762,10.38369369506836,11.277709007263184,15.061001777648926,5.839858531951904,32.1734619140625,29.63532257080078,18.696250915527344
2020-06-02,9.63448429107666,12.40351390838623,10.716761589050293,11.784528732299805,16.073122024536133,6.147219181060791,32.72095489501953,29.63532257080078,18.811546325683594
2020-06-03,9.842476844787598,13.033568382263184,11.346964836120605,12.309043884277344,16.499610900878906,6.1673264503479,35.09054946899414,29.768468856811523,18.891374588012695
2020-06-04,9.939044952392578,13.236467361450195,11.409006118774414,12.48579216003418,16.9770450592041,6.155836582183838,34.21798324584961,30.877988815307617,19.42352294921875
2020-06-05,10.436738967895508,13.100311279296875,11.49390697479248,12.713839530944824,17.35260772705078,6.348297119140625,34.93656539916992,30.29549217224121,19.658557891845703
2020-06-08,10.845294952392578,13.807784080505371,11.882475852966309,13.380887985229492,18.052827835083008,6.471816539764404,36.95542907714844,30.38980484008789,20.31043815612793
2020-06-09,10.637304306030273,13.634252548217773,11.686559677124023,13.084417343139648,17.69635581970215,6.23914098739624,36.698787689208984,30.506303787231445,20.31487464904785
2020-06-10,10.36988639831543,13.546156883239746,11.170638084411621,12.474385261535645,16.926115036010742,6.147219181060791,35.15898132324219,30.068044662475586,19.951236724853516
2020-06-12,10.080182075500488,13.308548927307129,10.889819145202637,12.331855773925781,16.588729858398438,5.917416095733643,34.466064453125,29.624235153198242,19.623083114624023
2020-06-15,9.976184844970703,13.217779159545898,10.798393249511719,12.058197021484375,16.200441360473633,5.946142673492432,34.816810607910156,29.890520095825195,19.631946563720703
2020-06-16,9.849905014038086,13.215109825134277,10.938801765441895,12.559906005859375,16.665124893188477,6.138601779937744,34.3634147644043,30.728206634521484,19.8492431640625
2020-06-17,10.228747367858887,13.66895866394043,11.265334129333496,12.759448051452637,16.87519073486328,6.1587090492248535,34.928009033203125,31.177560806274414,20.470088958740234
2020-06-18,10.161893844604492,13.444705963134766,11.232681274414062,12.713839530944824,17.537216186523438,6.204670429229736,35.25307083129883,31.16091537475586,20.456790924072266
2020-06-19,10.280745506286621,13.615567207336426,11.082476615905762,12.748045921325684,17.880952835083008,6.1673264503479,35.843345642089844,30.606155395507812,20.492263793945312
2020-06-22,10.48130989074707,13.436695098876953,10.853902816772461,12.3033447265625,17.32714080810547,6.017955303192139,35.278751373291016,30.511852264404297,20.221750259399414
2020-06-23,10.347599983215332,13.957289695739746,10.948596954345703,12.286246299743652,17.097993850708008,6.219031810760498,35.723575592041016,30.839160919189453,20.45235252380371
2020-06-24,10.161893844604492,14.056066513061523,10.520838737487793,11.887152671813965,16.44869613647461,6.032319068908691,35.12871170043945,30.728206634521484,20.421308517456055
2020-06-25,10.533308029174805,14.683453559875488,10.778801918029785,12.172219276428223,16.646038055419922,6.1673264503479,35.5316047668457,31.066612243652344,21.82707405090332
2020-06-26,10.362457275390625,14.269646644592285,10.390229225158691,11.795934677124023,16.365947723388672,5.98635721206665,34.50293731689453,30.85580062866211,22.172969818115234
2020-06-29,10.592734336853027,14.67277717590332,10.919209480285645,12.2064208984375,16.856094360351562,6.221905708312988,35.325862884521484,30.861352920532227,22.15443992614746
2020-06-30,10.503594398498535,14.707477569580078,10.49798583984375,11.801633834838867,16.200441360473633,6.190308094024658,35.068695068359375,31.02223014831543,22.460660934448242
2020-07-01,10.667015075683594,14.998398780822754,10.798393249511719,12.063897132873535,16.623994827270508,6.236268520355225,36.3031005859375,30.25666046142578,23.33938217163086
2020-07-02,10.52587890625,15.04391098022461,10.827781677246094,12.103253364562988,16.91062355041504,6.336805820465088,36.337371826171875,30.7836856842041,23.77429962158203
2020-07-03,10.503594398498535,15.124214172363281,10.938801765441895,12.183147430419922,16.87877082824707,6.313826084136963,36.60311508178711,30.65608787536621,23.96514129638672
2020-07-06,10.667015075683594,15.129563331604004,11.320843696594238,12.924971580505371,17.662202835083008,6.466070652008057,37.0745849609375,31.382829666137695,23.610103607177734
2020-07-07,10.733870506286621,15.303560256958008,10.866964340209961,12.388578414916992,16.795961380004883,6.38563871383667,37.72606658935547,31.271875381469727,23.925195693969727
2020-07-08,10.927005767822266,16.235105514526367,11.13145637512207,12.810847282409668,17.159025192260742,6.506284713745117,38.07752227783203,31.79889678955078,24.098278045654297
2020-07-09,10.875008583068848,15.763980865478516,11.089003562927246,12.525528907775879,17.16539192199707,6.359786510467529,37.14316177368164,31.299612045288086,24.16928482055664
2020-07-10,11.03100299835205,16.047731399536133,11.147783279418945,12.7081298828125,17.32463836669922,6.466070652008057,37.323177337646484,31.6047306060791,24.275798797607422
2020-07-13,10.39959716796875,16.03166389465332,11.036759376525879,12.531229972839355,17.069852828979492,6.365533351898193,36.088783264160156,31.98196792602539,24.382312774658203
2020-07-14,10.332743644714355,16.366273880004883,11.216352462768555,12.742366790771484,17.356477737426758,6.578099727630615,37.63177490234375,34.22875213623047,23.96070098876953
2020-07-15,10.615017890930176,16.567035675048828,11.327372550964355,12.953509330749512,17.477495193481445,6.704490661621094,38.351829528808594,34.27867889404297,24.120460510253906
2020-07-16,10.436738967895508,16.462642669677734,11.232681274414062,12.725252151489258,17.184505462646484,6.526392936706543,38.22325134277344,33.35222244262695,24.209226608276367
2020-07-17,10.518450736999512,17.102401733398438,11.578802108764648,12.78802490234375,17.337356567382812,6.532139301300049,39.38906478881836,33.86260986328125,25.780271530151367
2020-07-20,10.488738059997559,18.041980743408203,11.53309154510498,12.907853126525879,17.388328552246094,6.532139301300049,39.611942291259766,33.729469299316406,26.698942184448242
2020-07-21,10.9047212600708,17.7020206451416,11.588602066040039,13.255941390991211,17.694047927856445,6.713107109069824,40.19485092163086,33.119224548339844,26.57467269897461
2020-07-22,10.927005767822266,17.85460662841797,11.49390697479248,13.02768611907959,17.2418212890625,6.621185302734375,39.76625061035156,32.864036560058594,30.267080307006836
2020-07-23,10.69672966003418,17.53873062133789,11.216352462768555,12.839373588562012,16.87877082824707,6.483434677124023,39.32905197143555,32.647682189941406,29.725643157958984
2020-07-24,11.090428352355957,17.49323081970215,11.085744857788086,12.919272422790527,16.859661102294922,6.529395580291748,38.317535400390625,32.50897979736328,29.60581398010254
2020-07-27,11.350419044494629,17.728788375854492,11.399209022521973,13.512738227844238,17.706790924072266,6.664408206939697,38.92616271972656,34.045677185058594,31.102848052978516
2020-07-28,11.209281921386719,17.461105346679688,11.438393592834473,13.421433448791504,17.60487937927246,6.54950475692749,38.48042678833008,33.474273681640625,29.875627517700195
2020-07-29,11.253849983215332,17.300491333007812,11.738804817199707,13.843705177307129,18.018884658813477,6.655790328979492,38.63471221923828,34.922203063964844,29.782255172729492
2020-07-30,10.808154106140137,17.295141220092773,11.363293647766113,13.358662605285645,17.713159561157227,6.555249214172363,42.82651138305664,33.990203857421875,30.235794067382812
2020-07-31,10.325316429138184,16.981950759887695,10.964922904968262,12.805139541625977,17.127180099487305,6.377150535583496,43.64942932128906,33.67953872680664,29.9467830657959
2020-08-03,10.18417739868164,17.102401733398438,11.216352462768555,12.668191909790039,17.385278701782227,6.262247085571289,43.109378814697266,33.42988967895508,29.599946975708008
2020-08-04,9.953901290893555,16.923059463500977,10.873494148254395,12.404878616333008,16.371992111206055,6.256502151489258,42.77505874633789,33.67398452758789,29.697778701782227
2020-08-05,9.79047966003418,16.998014450073242,10.883293151855469,12.461994171142578,16.3592472076416,6.658663272857666,43.726585388183594,34.500579833984375,30.324724197387695
2020-08-06,9.849905014038086,17.145231246948242,11.216352462768555,12.547662734985352,16.588661193847656,6.670153617858887,44.2580451965332,34.30086898803711,31.049497604370117
2020-08-07,9.887046813964844,16.74370765686035,11.137989044189453,12.473417282104492,16.23816680908203,6.546632766723633,43.555137634277344,33.53529357910156,30.43587875366211
2020-08-10,9.835049629211426,16.663402557373047,11.242475509643555,12.581930160522461,16.448463439941406,6.736224174499512,43.64086151123047,34.506134033203125,30.675996780395508
2020-08-11,9.96133041381836,16.285968780517578,11.079209327697754,12.479132652282715,16.257282257080078,6.62993860244751,43.537994384765625,33.440982818603516,29.955665588378906
2020-08-12,10.013326644897461,16.462642669677734,11.02043342590332,12.364904403686523,16.072460174560547,6.7448410987854,43.24654006958008,34.117794036865234,30.235794067382812
2020-08-13,9.812763214111328,16.235105514526367,10.798393249511719,12.107895851135254,15.613616943359375,6.560995578765869,42.02070999145508,33.479820251464844,30.635969161987305
2020-08-14,9.849905014038086,16.213695526123047,10.83431339263916,12.125030517578125,15.760191917419434,6.512160778045654,42.500762939453125,34.03458786010742,30.756017684936523
2020-08-17,9.5453462600708,15.552509307861328,10.556760787963867,11.770927429199219,15.384191513061523,6.492053031921387,40.906333923339844,34.52277374267578,30.222455978393555
2020-08-18,9.716196060180664,16.542949676513672,10.700433731079102,11.89657974243164,15.481843948364258,6.612701892852783,42.51790237426758,34.98322296142578,30.102394104003906
2020-08-19,9.5453462600708,15.94601058959961,10.651453018188477,11.850890159606934,15.405202865600586,6.575357913970947,42.012142181396484,34.61153030395508,29.293155670166016
2020-08-20,9.567630767822266,16.6874942779541,10.661250114440918,11.8223295211792,15.405202865600586,6.529395580291748,42.809356689453125,34.922203063964844,29.888973236083984
2020-08-21,9.63448429107666,16.32076644897461,10.759208679199219,11.8223295211792,15.379657745361328,6.480563163757324,41.97785568237305,34.506134033203125,30.057947158813477
2020-08-24,9.55277156829834,16.302030563354492,11.070980072021484,12.090764999389648,15.635136604309082,6.598337650299072,42.03786849975586,34.9277458190918,29.55548667907715
2020-08-25,9.471061706542969,16.55632781982422,11.00478458404541,12.090764999389648,15.520163536071777,6.569613456726074,42.14930725097656,34.18436813354492,30.364736557006836
2020-08-26,9.433920860290527,16.1949520111084,10.740011215209961,11.83946418762207,15.194433212280273,6.3828959465026855,41.50639343261719,34.25648880004883,29.537702560424805
2020-08-27,9.419065475463867,16.13606071472168,10.839302062988281,12.016514778137207,15.443524360656738,6.362787246704102,42.09785842895508,33.72391128540039,29.475452423095703
2020-08-28,9.471061706542969,16.334152221679688,11.05112075805664,12.262097358703613,15.603193283081055,6.474818229675293,42.86078643798828,33.89588928222656,29.875627517700195
2020-08-31,9.144217491149902,15.739889144897461,10.806203842163086,11.845173835754395,15.041150093078613,6.2880988121032715,41.34352111816406,33.10812759399414,28.732894897460938
2020-09-01,9.39677906036377,16.07449722290039,10.991548538208008,12.085054397583008,15.555620193481445,6.569613456726074,43.20367431640625,34.26203536987305,29.76002311706543
2020-09-02,9.47849178314209,16.053081512451172,11.00478458404541,12.073028564453125,15.523674011230469,6.54950475692749,43.7608642578125,34.0179328918457,29.7066650390625
2020-09-03,9.359638214111328,15.477558135986328,11.176891326904297,12.54749584197998,15.900742530822754,6.572484493255615,43.4522705078125,32.90842056274414,28.648412704467773
2020-09-04,9.359638214111328,15.61407470703125,11.236470222473145,12.558926582336426,15.951860427856445,6.5839762687683105,43.50369644165039,33.557491302490234,28.675090789794922
2020-09-08,9.173932075500488,15.26876449584961,11.00809383392334,12.358843803405762,15.593957901000977,6.39438533782959,46.05821228027344,32.880680084228516,28.012577056884766
2020-09-09,9.173932075500488,15.595340728759766,10.994856834411621,12.324546813964844,15.61313247680664,6.529395580291748,47.035430908203125,33.28565979003906,28.87073516845703
2020-09-10,9.144217491149902,14.990372657775879,10.766487121582031,11.918688774108887,15.28080940246582,6.354168891906738,44.506649017333984,32.47015380859375,27.75467872619629
2020-09-11,8.94365406036377,14.995722770690918,10.591072082519531,11.695747375488281,15.1018648147583,6.285225868225098,43.39653396606445,34.36743927001953,27.607942581176758
2020-09-14,9.337353706359863,15.721156120300293,10.744762420654297,11.832941055297852,15.370285034179688,6.2277750968933105,45.362876892089844,34.34524917602539,28.159313201904297
2020-09-15,9.575057983398438,15.333008766174316,10.621906280517578,11.707184791564941,15.16577434539795,6.224903106689453,45.354278564453125,34.7280387878418,28.4927921295166
2020-09-16,9.329926490783691,15.263410568237305,10.655112266540527,11.730046272277832,15.121040344238281,6.242137432098389,45.234066009521484,33.82377624511719,27.98589324951172
2020-09-17,9.77562141418457,15.172392845153809,10.675033569335938,11.758630752563477,15.140213012695312,6.362787246704102,45.46590042114258,34.4395637512207,27.93253517150879
2020-09-18,9.500776290893555,15.025168418884277,10.406082153320312,11.47852897644043,14.763137817382812,6.219156742095947,45.25123977661133,34.20656967163086,27.563480377197266
2020-09-21,9.456205368041992,15.017143249511719,10.253344535827637,11.307032585144043,14.635327339172363,6.003712177276611,43.62837600708008,33.28565979003906,28.1904296875
2020-09-22,9.508204460144043,15.354425430297852,10.233421325683594,11.375628471374512,14.763137817382812,5.974987506866455,44.42692184448242,33.41136932373047,28.732894897460938
2020-09-23,9.2407865524292,14.96092414855957,10.020915985107422,11.106958389282227,14.366904258728027,5.811249256134033,50.635013580322266,34.15692138671875,27.79024887084961
2020-09-24,9.411636352539062,15.785396575927734,10.100606918334961,11.31846809387207,14.718402862548828,5.860082626342773,49.79352569580078,33.902626037597656,28.675090789794922
2020-09-25,9.537918090820312,15.561970710754395,10.060761451721191,11.307032585144043,14.641711235046387,5.782522678375244,50.66077423095703,34.243614196777344,28.56838035583496
2020-09-28,9.270498275756836,14.927010536193848,10.130485534667969,11.272737503051758,14.635327339172363,5.638894557952881,48.6429328918457,33.971981048583984,27.97867202758789
2020-09-29,9.173932075500488,14.55797004699707,9.88145923614502,11.004064559936523,14.315773010253906,5.546970844268799,48.76314926147461,33.723453521728516,28.890687942504883
2020-09-30,9.315067291259766,14.927010536193848,9.834977149963379,11.095526695251465,14.379682540893555,5.633148193359375,48.66011428833008,34.16270065307617,29.22879409790039
2020-10-01,9.433920860290527,14.796761512756348,9.891425132751465,11.14697551727295,14.40207290649414,5.702092170715332,49.046504974365234,34.01821517944336,29.762651443481445
2020-10-02,9.307638168334961,14.452143669128418,9.864856719970703,11.23793888092041,14.446832656860352,5.4636664390563965,48.68586349487305,33.706119537353516,29.82938575744629
2020-10-05,9.515630722045898,15.1278076171875,10.037518501281738,11.398155212402344,14.600318908691406,5.7537970542907715,49.15813064575195,34.440120697021484,31.221866607666016
2020-10-06,9.909332275390625,14.587820053100586,9.971110343933105,11.358104705810547,14.625905990600586,5.725072383880615,49.20964431762695,33.87950897216797,31.800214767456055
2020-10-07,10.050468444824219,14.574254989624023,9.898061752319336,11.23793888092041,14.517182350158691,5.6848554611206055,48.84901809692383,34.77532958984375,32.552059173583984
2020-10-08,10.161893844604492,14.88359260559082,10.376195907592773,11.815855026245117,15.393336296081543,5.871573448181152,51.485084533691406,35.422630310058594,33.446292877197266
2020-10-09,10.080182075500488,14.845601081848145,10.306468963623047,11.867353439331055,15.348565101623535,5.687728404998779,51.648231506347656,35.6017951965332,34.21146774291992
2020-10-13,10.213891983032227,14.870020866394043,10.30979061126709,11.93602466583252,15.2014741897583,5.782522678375244,50.978492736816406,35.91389465332031,35.212467193603516
2020-10-14,10.251032829284668,15.298760414123535,10.243382453918457,11.947463989257812,15.156704902648926,5.736562252044678,52.97056579589844,36.41093826293945,35.84864807128906
2020-10-15,9.983613967895508,15.08981990814209,10.313111305236816,11.867353439331055,15.022400856018066,5.673364639282227,53.56303787231445,36.104618072509766,35.93317413330078
2020-10-16,9.857333183288574,14.745201110839844,10.050800323486328,11.632757186889648,14.779386520385742,5.552714824676514,53.46859359741211,35.9716911315918,36.502628326416016
2020-10-19,9.768193244934082,15.233633995056152,10.160371780395508,11.792963027954102,14.939260482788086,5.607295513153076,52.961978912353516,35.804080963134766,36.5070686340332
2020-10-20,9.939044952392578,15.711211204528809,10.628544807434082,12.30223274230957,15.53402328491211,5.796886444091797,55.35763931274414,35.74050521850586,37.16994857788086
2020-10-21,9.931615829467773,15.567398071289062,10.708235740661621,12.428104400634766,15.67471694946289,5.791141510009766,54.000953674316406,36.32424545288086,34.87879943847656
2020-10-22,10.080182075500488,15.214642524719238,11.173090934753418,13.000301361083984,16.480518341064453,5.986478328704834,54.95405578613281,36.468727111816406,36.529319763183594
2020-10-23,10.317887306213379,14.870020866394043,11.133245468139648,12.943084716796875,16.269468307495117,5.908916473388672,53.71759796142578,36.67100524902344,36.33356475830078
2020-10-26,10.548162460327148,14.91887092590332,11.123285293579102,13.103299140930176,16.38458824157715,5.816994667053223,54.000953674316406,36.1219596862793,36.814048767089844
2020-10-27,10.191605567932129,14.313754081726074,10.88421630859375,12.737095832824707,15.917737007141113,5.710708141326904,55.44349670410156,36.1392936706543,37.03203582763672
2020-10-28,9.931615829467773,13.928437232971191,10.33967113494873,12.01612663269043,15.207867622375488,5.363125801086426,53.709014892578125,34.82734298706055,35.20801544189453
2020-10-29,9.575057983398438,14.376169204711914,10.279906272888184,11.89596176147461,15.284615516662598,5.541225910186768,53.71759796142578,35.844547271728516,35.603946685791016
2020-10-30,9.047650337219238,13.852458953857422,9.89474105834961,11.535481452941895,15.016007423400879,5.440685749053955,52.10331344604492,34.99494934082031,33.73545837402344
2020-11-03,9.49334716796875,13.830753326416016,9.994352340698242,11.930298805236816,15.383970260620117,5.6446380615234375,54.756568908691406,36.60743713378906,34.39833450317383
2020-11-04,9.52306079864502,14.680076599121094,10.067402839660645,11.84380054473877,15.998309135437012,5.664746284484863,56.928977966308594,35.59024429321289,36.569358825683594
2020-11-05,9.90190315246582,15.36117172241211,10.190256118774414,12.027073860168457,16.37586212158203,5.71358060836792,58.28565216064453,36.150856018066406,38.14870834350586
2020-11-06,9.842476844787598,15.363883018493652,10.123849868774414,11.998443603515625,16.356664657592773,5.673364639282227,58.388694763183594,36.5207405090332,37.37013626098633
2020-11-09,10.563020706176758,14.6122407913208,10.857653617858887,13.138150215148926,17.681318283081055,6.207666873931885,56.75724792480469,36.5207405090332,36.53821563720703
2020-11-10,11.298419952392578,14.680076599121094,11.412155151367188,13.985766410827637,18.481246948242188,6.62993860244751,56.94614028930664,36.5034065246582,35.15906524658203
2020-11-11,11.068142890930176,15.032833099365234,11.342428207397461,13.928492546081543,18.327655792236328,6.572484493255615,56.86029052734375,36.7577018737793,35.85310363769531
2020-11-12,10.860153198242188,14.593247413635254,10.867612838745117,13.378684043884277,17.87970733642578,6.293845176696777,56.199119567871094,36.22019958496094,35.9465217590332
2020-11-13,11.224137306213379,14.571541786193848,10.97386646270752,13.854044914245605,18.218873977661133,6.500670433044434,57.530033111572266,36.555423736572266,36.867435455322266
2020-11-16,11.409845352172852,14.490132331848145,11.256099700927734,14.466851234436035,18.858800888061523,6.690262317657471,57.37548065185547,37.52060317993164,36.29353713989258
2020-11-17,11.48412799835205,14.53083610534668,11.421330451965332,14.547027587890625,18.871606826782227,6.805163860321045,56.67137908935547,38.70539855957031,36.342464447021484
2020-11-18,11.023574829101562,14.666509628295898,11.448049545288086,14.100309371948242,18.410856246948242,6.76494836807251,55.374813079833984,38.40486526489258,36.075538635253906
2020-11-19,10.941864013671875,15.011128425598145,11.561594009399414,14.111766815185547,18.43644905090332,6.842507839202881,56.22488021850586,39.13886260986328,36.00434494018555
2020-11-23,10.889863967895508,14.677369117736816,11.5281982421875,14.020132064819336,18.494041442871094,7.210198879241943,56.121849060058594,41.2021484375,34.927738189697266
2020-11-24,10.956719398498535,15.114240646362305,11.835437774658203,14.650115966796875,19.01238250732422,7.531930446624756,56.32791519165039,43.23075866699219,34.22927474975586
2020-11-25,10.763583183288574,15.36117172241211,11.802043914794922,14.461128234863281,18.788410186767578,7.540549278259277,56.45671463012695,43.635318756103516,34.39833450317383
2020-11-26,10.711585998535156,15.466999053955078,11.615025520324707,14.22630786895752,18.39165687561035,7.417026042938232,56.19053268432617,44.25373077392578,34.56737518310547
2020-11-27,10.637304306030273,15.439861297607422,11.558255195617676,14.111766815185547,18.532434463500977,7.325104236602783,57.0491943359375,45.33449935913086,34.25596237182617
2020-11-30,10.38474178314209,15.230921745300293,11.307788848876953,13.91703987121582,18.276470184326172,7.1527485847473145,57.718936920166016,45.08020782470703,32.730018615722656
2020-12-01,10.9047212600708,15.40730094909668,11.618369102478027,14.695939064025879,19.047985076904297,7.353830814361572,56.199119567871094,46.95854949951172,32.74337387084961
2020-12-02,11.053287506103516,16.172510147094727,11.668461799621582,14.855827331542969,19.19525146484375,7.4428791999816895,56.30215072631836,46.14363098144531,32.57876968383789
2020-12-03,10.919577598571777,15.97984790802002,11.768647193908691,14.660966873168945,19.182451248168945,7.652579307556152,58.465965270996094,45.63502883911133,32.89017105102539
2020-12-04,10.949291229248047,15.94728946685791,12.015774726867676,14.787047386169434,19.374521255493164,7.908239841461182,57.54720687866211,47.38045120239258,31.94257164001465
2020-12-07,11.120142936706543,15.863166809082031,12.072550773620605,14.88448429107666,19.489774703979492,7.755993366241455,55.77838134765625,47.94105911254883,31.858051300048828
2020-12-08,11.17956829071045,15.770915031433105,12.176074028015137,14.706816673278809,19.43854522705078,7.658323287963867,56.63703155517578,47.91216278076172,32.34296417236328
2020-12-09,11.33556079864502,15.372024536132812,12.009096145629883,14.746933937072754,19.553796768188477,7.738757133483887,54.84244155883789,47.796566009521484,31.586681365966797
2020-12-10,11.654976844787598,15.795331954956055,12.633596420288086,15.354466438293457,20.200471878051758,7.991546630859375,54.55050277709961,49.12586975097656,31.586681365966797
2020-12-11,11.513840675354004,15.966278076171875,12.85400676727295,15.234102249145508,20.08110809326172,7.919730186462402,54.69647979736328,49.044952392578125,31.586681365966797
2020-12-14,11.380130767822266,15.814324378967285,12.8965425491333,15.153860092163086,19.81165313720703,7.934093952178955,54.34442138671875,48.28783416748047,31.386476516723633
2020-12-15,11.55841064453125,15.977136611938477,13.06068229675293,15.153860092163086,19.99129295349121,8.000162124633789,55.55512237548828,48.83689498901367,32.3652229309082
2020-12-16,11.751546859741211,16.430294036865234,13.181270599365234,15.497748374938965,20.36982536315918,8.097831726074219,56.71129608154297,49.83096694946289,32.60989761352539
2020-12-17,11.92982292175293,16.403156280517578,13.194673538208008,15.572257041931152,20.34415626525879,8.112194061279297,57.71723937988281,50.39735412597656,33.70876693725586
2020-12-18,12.092763900756836,16.226776123046875,13.097528457641602,15.600912094116211,20.31208610534668,8.071976661682129,57.35613250732422,50.74412155151367,32.41859817504883
2020-12-21,11.757277488708496,16.009695053100586,12.658714294433594,15.222640037536621,19.952802658081055,7.761737823486328,56.522151947021484,50.20084762573242,32.052215576171875
2020-12-22,11.825900077819824,16.357025146484375,12.826200485229492,15.532129287719727,20.049030303955078,7.836424827575684,55.78273010253906,50.24708557128906,32.412757873535156
2020-12-23,11.818275451660156,16.278331756591797,13.037233352661133,15.887480735778809,20.491716384887695,8.028889656066895,57.26155471801758,50.489830017089844,32.32374572753906
2020-12-28,12.02414321899414,16.68807601928711,13.181270599365234,16.042238235473633,20.6392765045166,8.094959259033203,57.3475456237793,50.46092224121094,33.605648040771484
2020-12-29,12.161386489868164,16.774906158447266,13.104228019714355,16.01621437072754,20.594362258911133,8.120811462402344,57.65705108642578,50.32222366333008,33.449867248535156
2020-12-30,11.932645797729492,16.81832504272461,12.997034072875977,15.789319038391113,20.29283332824707,8.14091968536377,59.28204345703125,50.54183578491211,33.71248245239258
2021-01-04,11.803024291992188,16.69713592529297,12.591718673706055,15.376261711120605,19.833887100219727,8.304655075073242,58.276100158691406,52.85942459106445,33.213958740234375
2021-01-05,12.054641723632812,16.729990005493164,12.461075782775879,15.282512664794922,19.705522537231445,8.629260063171387,57.932186126708984,53.74947738647461,35.25254821777344
2021-01-06,12.298630714416504,16.456174850463867,12.745806694030762,15.789024353027344,20.283205032348633,8.64649772644043,54.596221923828125,55.512229919433594,36.18727493286133
2021-01-07,12.237632751464844,16.916189193725586,13.251619338989258,16.20819854736328,21.072710037231445,8.905029296875,57.184165954589844,59.13597869873047,37.68284606933594
2021-01-08,12.603618621826172,17.165355682373047,13.32866096496582,16.06846809387207,21.066287994384766,8.93950080871582,61.04460144042969,58.95103454589844,39.9617919921875
2021-01-11,12.2757568359375,16.45891571044922,13.110926628112793,15.783199310302734,20.591306686401367,8.864813804626465,59.85810852050781,58.93947219848633,38.73775100708008
2021-01-12,12.809483528137207,16.93535041809082,13.231520652770996,15.771557807922363,20.655494689941406,8.79874038696289,61.11338424682617,57.32699203491211,40.09087371826172
2021-01-13,12.329130172729492,17.003801345825195,12.578317642211914,15.532852172851562,20.315296173095703,8.3735990524292,61.08760070800781,55.6104736328125,40.18435287475586
2021-01-14,12.456839561462402,16.883325576782227,12.54817008972168,16.010250091552734,20.91866111755371,8.459779739379883,63.56377410888672,56.52363586425781,40.001853942871094
2021-01-15,12.21934700012207,16.37950897216797,12.159599304199219,15.56778335571289,20.129146575927734,8.077723503112793,60.79526901245117,54.06734848022461,38.35049819946289
2021-01-18,12.42619514465332,16.647851943969727,12.035661697387695,15.620184898376465,20.02645492553711,8.063360214233398,60.77806091308594,54.506595611572266,41.04341125488281
2021-01-19,12.46450138092041,16.590349197387695,11.831326484680176,15.369837760925293,19.788969039916992,8.241460800170898,59.153079986572266,54.362098693847656,39.88167953491211
2021-01-20,12.272974967956543,16.428794860839844,11.566694259643555,15.04963207244873,19.461606979370117,8.103575706481934,59.81510543823242,53.35646057128906,39.4810791015625
2021-01-21,11.95887279510498,15.908552169799805,11.44945240020752,14.834226608276367,19.19843292236328,7.9139862060546875,58.38786697387695,53.95753860473633,39.01371383666992
2021-01-22,11.606463432312012,16.031768798828125,11.28531551361084,14.56059455871582,18.787630081176758,7.781845569610596,58.04395294189453,53.847713470458984,39.601253509521484
2021-01-26,11.797989845275879,16.237125396728516,10.983837127685547,14.211274147033691,18.164051055908203,7.755993366241455,56.71129608154297,53.027034759521484,39.59236526489258
2021-01-27,11.797989845275879,16.1577205657959,11.305411338806152,14.415040016174316,18.164051055908203,7.870895862579346,55.868709564208984,51.55326461791992,39.47663497924805
2021-01-28,11.905244827270508,16.78201675415039,11.570038795471191,14.863333702087402,18.897045135498047,7.97430944442749,57.81182098388672,52.651371002197266,39.156150817871094
2021-01-29,11.575820922851562,16.3740291595459,11.342262268066406,14.403400421142578,18.221923828125,7.666942119598389,54.92294692993164,50.830810546875,37.295597076416016
2021-02-01,11.951211929321289,16.771060943603516,11.486302375793457,14.700324058532715,18.70762825012207,7.908239841461182,54.98313522338867,52.74962615966797,37.629432678222656
2021-02-02,11.95887279510498,17.165355682373047,11.409255981445312,14.641458511352539,18.308774948120117,8.232843399047852,58.04395294189453,50.66321563720703,37.93655014038086
2021-02-03,12.012500762939453,17.239280700683594,11.4996976852417,14.711380004882812,18.21870231628418,8.313275337219238,59.153079986572266,52.26414489746094,39.46772766113281
2021-02-04,11.951211929321289,17.09690284729004,11.452802658081055,15.154170989990234,18.141508102416992,8.278804779052734,59.840904235839844,51.60527420043945,38.087886810302734
2021-02-05,11.889923095703125,17.373455047607422,11.37575626373291,15.072608947753906,18.064294815063477,8.284550666809082,59.21327209472656,53.570308685302734,37.61161804199219
2021-02-08,11.445581436157227,17.11606788635254,11.345611572265625,14.75216007232666,17.72978401184082,8.074851036071777,59.54859161376953,54.33320236206055,38.05673599243164
2021-02-09,11.460904121398926,17.036663055419922,11.482949256896973,14.827900886535645,17.942079544067383,7.911112308502197,58.91234588623047,54.4719123840332,37.838623046875
2021-02-10,11.499210357666016,16.44248390197754,11.325511932373047,14.664766311645508,17.813413619995117,7.985800743103027,57.906394958496094,54.73198318481445,38.29264450073242
2021-02-11,11.45324420928955,16.51641845703125,11.369057655334473,14.682245254516602,17.813413619995117,8.066232681274414,57.57108688354492,53.8072624206543,38.724395751953125
2021-02-12,11.330667495727539,16.390460968017578,11.305411338806152,14.682245254516602,17.858444213867188,8.169645309448242,57.51948928833008,54.263851165771484,38.5775146484375
2021-02-17,11.698397636413574,16.1577205657959,11.174773216247559,14.670589447021484,18.083602905273438,8.499992370605469,56.66831588745117,55.685604095458984,37.36681365966797
2021-02-18,11.330667495727539,15.886643409729004,11.141271591186523,14.525857925415039,17.95494270324707,8.408069610595703,55.55059051513672,56.29246520996094,37.11310577392578
2021-02-19,11.40727710723877,15.894864082336426,10.930242538452148,14.403402328491211,17.768383026123047,7.850788116455078,55.97187805175781,56.50629425048828,37.0507926940918
2021-02-22,11.169784545898438,15.262350082397461,9.657334327697754,13.458724021911621,16.475318908691406,6.224903106689453,52.52415084838867,55.10765838623047,36.819332122802734
2021-02-23,11.254055976867676,15.152828216552734,10.34976863861084,14.100172996520996,17.53034782409668,6.91145133972168,52.704708099365234,56.03238296508789,37.23773193359375
2021-02-24,11.2463960647583,15.229496002197266,10.308953285217285,14.001039505004883,17.273029327392578,7.009120464324951,52.05126953125,56.598777770996094,38.590858459472656
2021-02-25,10.878666877746582,15.029608726501465,10.019854545593262,13.69781494140625,16.732646942138672,6.661535739898682,51.466617584228516,55.31570816040039,35.608642578125
2021-02-26,10.740767478942871,14.868060111999512,9.540287971496582,13.412074089050293,16.530134201049805,6.388640403747559,49.86742401123047,54.62795639038086,34.74068069458008
2021-03-01,10.549242973327637,14.881752967834473,9.475663185119629,12.968893051147461,16.034912109375,6.319698333740234,50.86478042602539,56.968658447265625,34.8745231628418
2021-03-02,10.717784881591797,15.336282730102539,9.839591979980469,13.318474769592285,16.682260513305664,6.316824913024902,50.38329315185547,58.7198486328125,34.45423889160156
2021-03-03,10.855683326721191,15.49509334564209,9.860001564025879,13.435200691223145,16.72109603881836,6.0870184898376465,50.572444915771484,57.99740982055664,34.42741775512695
2021-03-04,11.323004722595215,15.193900108337402,10.217121124267578,13.954634666442871,17.24545669555664,6.3828959465026855,52.37799072265625,57.136268615722656,32.741817474365234
2021-03-05,11.552837371826172,15.467713356018066,10.407587051391602,14.6141357421875,17.886327743530273,6.431729316711426,52.300621032714844,60.5256233215332,32.65686798095703
2021-03-08,11.254055976867676,14.42721939086914,9.93142318725586,14.09469985961914,17.316667556762695,6.0611653327941895,47.39124298095703,60.1994743347168,30.917612075805664
2021-03-09,11.61412525177002,14.649007797241211,9.860001564025879,14.211427688598633,17.556188583374023,6.201921463012695,47.7867546081543,59.595481872558594,31.968318939208984
2021-03-10,11.698397636413574,15.144613265991211,10.16950511932373,14.45071792602539,17.68565559387207,6.417365074157715,48.612144470214844,58.67743682861328,32.31705856323242
2021-03-11,11.560498237609863,15.525211334228516,10.220519065856934,14.701680183410645,17.7115535736084,6.690262317657471,51.20009231567383,60.217586517333984,32.15608596801758
2021-03-12,11.514532089233398,15.152828216552734,10.253236770629883,14.60246467590332,17.59503936767578,6.655790328979492,51.157100677490234,58.82842254638672,31.811826705932617
2021-03-15,11.721379280090332,14.731149673461914,10.181463241577148,14.806735038757324,17.802181243896484,6.793674945831299,51.01953125,58.478111267089844,32.737335205078125
2021-03-16,11.529853820800781,14.361507415771484,10.208806037902832,14.561610221862793,17.439661026000977,6.687390327453613,49.86742401123047,58.290889739990234,32.81781005859375
2021-03-17,11.813311576843262,14.498411178588867,10.492476463317871,15.168582916259766,18.1193790435791,6.917196273803711,51.39783477783203,59.13043212890625,32.72393035888672
2021-03-18,11.721379280090332,14.711987495422363,10.403617858886719,15.448725700378418,18.22295379638672,6.675899982452393,49.6524772644043,58.079490661621094,32.1069221496582
2021-03-19,11.951211929321289,15.234968185424805,10.492476463317871,15.606306076049805,18.261802673339844,6.894215106964111,50.98514175415039,57.245975494384766,32.16950988769531
2021-03-22,11.905244827270508,15.065208435058594,10.523238182067871,15.524595260620117,18.365375518798828,6.756332874298096,49.729854583740234,56.29771041870117,31.878889083862305
2021-03-23,11.552837371826172,14.832463264465332,10.143868446350098,15.35534954071045,17.899288177490234,6.54950475692749,48.62074661254883,54.9991455078125,32.01750183105469
2021-03-24,11.33832836151123,14.728415489196777,9.959311485290527,15.197770118713379,17.588558197021484,6.555249214172363,47.39984130859375,56.26148223876953,31.530139923095703
2021-03-25,11.483885765075684,14.99862289428711,10.10285472869873,15.536270141601562,17.899288177490234,6.664408206939697,48.83568572998047,55.83264923095703,31.77604866027832
2021-03-26,11.606463432312012,15.062764167785645,10.137030601501465,15.641328811645508,18.20450782775879,6.739095687866211,49.377349853515625,57.69896697998047,32.52272415161133
2021-03-29,11.721379280090332,14.980175971984863,10.184879302978516,15.705526351928711,18.198034286499023,6.845381736755371,49.48052215576172,59.17873001098633,32.251564025878906
2021-03-30,11.943550109863281,14.95222282409668,10.499312400817871,15.968162536621094,18.49636459350586,6.845381736755371,51.4907341003418,58.62910842895508,33.571170806884766
2021-03-31,11.713719367980957,15.265244483947754,10.407034873962402,15.623809814453125,18.13965606689453,6.922942161560059,51.43046569824219,59.172698974609375,33.35197448730469
2021-04-01,11.491549491882324,14.982970237731934,10.236145973205566,15.051859855651855,17.584857940673828,6.8626179695129395,51.69739532470703,58.822383880615234,33.57563781738281
2021-04-05,11.698397636413574,15.181402206420898,10.222475051879883,15.191428184509277,17.81196403503418,6.905706405639648,52.98035430908203,62.446311950683594,34.403167724609375
2021-04-06,11.790328979492188,15.391010284423828,10.099437713623047,14.951971054077148,17.604320526123047,6.899961471557617,53.69502639770508,61.63697814941406,34.48815155029297
2021-04-07,11.660091400146484,15.357468605041504,10.03449821472168,14.788434028625488,17.44860076904297,6.894215106964111,53.72947692871094,63.15296173095703,34.067684173583984
2021-04-08,11.836295127868652,15.609004974365234,9.949055671691895,14.741711616516113,17.31232261657715,6.808039665222168,54.762733459472656,63.11674118041992,34.20186996459961
2021-04-09,11.767345428466797,15.43293285369873,9.976399421691895,14.718344688415527,17.2863712310791,6.793674945831299,54.237491607666016,62.21076583862305,33.776920318603516
2021-04-12,11.882261276245117,15.586645126342773,10.099437713623047,14.992860794067383,17.714643478393555,6.8626179695129395,54.22888946533203,62.45235824584961,33.776920318603516
2021-04-13,11.974194526672363,15.455290794372559,10.099437713623047,14.893564224243164,17.708147048950195,6.885598659515381,54.418312072753906,62.56107711791992,33.53984832763672
2021-04-14,12.112093925476074,15.379830360412598,10.11652660369873,15.068779945373535,17.935258865356445,6.994756698608398,54.8057861328125,64.62670135498047,34.0989990234375
2021-04-15,12.158059120178223,15.248477935791016,10.130196571350098,15.068779945373535,17.935258865356445,6.856042385101318,54.762733459472656,65.35752868652344,35.02494812011719
2021-04-16,12.10443115234375,15.483241081237793,10.174627304077148,15.24400520324707,18.136409759521484,6.8144731521606445,55.26213455200195,65.63536834716797,34.46579360961914
2021-04-19,12.05080509185791,15.192577362060547,10.123361587524414,15.175079345703125,17.863880157470703,7.209385871887207,53.76390838623047,65.06763458251953,33.90665054321289
2021-04-20,11.966533660888672,15.013707160949707,10.28741455078125,14.943792343139648,17.773035049438477,7.072798728942871,53.19561767578125,64.1193618774414,33.0433235168457
2021-04-22,12.181042671203613,14.910304069519043,10.1951322555542,14.840994834899902,17.779518127441406,7.040136337280273,52.41206359863281,64.16165161132812,32.60049057006836
2021-04-23,12.14273738861084,15.013707160949707,10.2771577835083,15.117263793945312,17.863880157470703,7.034199237823486,53.12673568725586,65.22464752197266,33.642730712890625
2021-04-26,11.943550109863281,14.815279960632324,10.28741455078125,15.130106925964355,17.850906372070312,7.060922145843506,53.3161735534668,65.5749740600586,33.3832893371582
2021-04-27,11.713719367980957,14.798507690429688,10.174627304077148,14.995194435119629,17.5783748626709,6.859011650085449,52.558433532714844,66.51115417480469,33.11043167114258
2021-04-28,11.652429580688477,14.980175971984863,10.355767250061035,15.798274993896484,18.343372344970703,7.108429908752441,54.34943389892578,67.59832763671875,32.65415573120117
2021-04-29,11.690735816955566,14.686718940734863,10.130196571350098,15.27145004272461,17.764652252197266,7.0134148597717285,54.564693450927734,67.61644744873047,31.750581741333008
2021-04-30,11.445581436157227,14.393264770507812,10.130196571350098,15.322851181030273,17.901203155517578,7.0134148597717285,55.36546325683594,65.84676361083984,31.321142196655273
2021-05-03,11.33832836151123,14.390467643737793,10.167791366577148,15.779001235961914,18.151695251464844,6.956998825073242,55.2225341796875,65.5085220336914,30.820159912109375
2021-05-04,11.215751647949219,14.161293983459473,10.037917137145996,15.302547454833984,17.377471923828125,6.796656608581543,54.042449951171875,66.49907684326172,30.149188995361328
2021-05-05,11.384293556213379,14.393264770507812,10.000320434570312,15.328268051147461,17.871931076049805,7.0757670402526855,53.06048583984375,66.86750793457031,31.052762985229492
2021-05-06,12.395550727844238,14.197628021240234,9.983232498168945,15.405423164367676,17.76132583618164,6.977783203125,53.20691680908203,69.48882293701172,30.1760196685791
2021-05-07,12.418532371520996,14.907508850097656,10.23272705078125,15.469719886779785,17.97601318359375,7.239077568054199,54.447288513183594,69.73041534423828,29.898683547973633
2021-05-10,12.640704154968262,14.896333694458008,10.366021156311035,15.842643737792969,18.242767333984375,7.334095478057861,54.223331451416016,69.2713851928711,28.905643463134766
2021-05-11,12.924162864685059,14.770562171936035,10.441211700439453,15.816922187805176,18.203733444213867,7.46771240234375,54.12857437133789,71.70545196533203,28.887758255004883
2021-05-12,12.924162864685059,14.393264770507812,10.372855186462402,15.49543571472168,17.93698501586914,7.357848644256592,50.21795654296875,69.05393981933594,27.975221633911133
2021-05-13,12.931821823120117,14.463132858276367,10.649693489074707,15.855498313903809,18.45746421813965,7.420203685760498,50.64003372192383,67.9426040649414,28.44937515258789
2021-05-14,13.161654472351074,14.966205596923828,10.649693489074707,16.003379821777344,18.867347717285156,7.809176921844482,50.64003372192383,66.77690887451172,28.717771530151367
2021-05-17,13.330196380615234,14.739818572998047,10.837668418884277,16.074106216430664,18.85433006286621,7.916070938110352,51.613380432128906,68.52847290039062,28.7803897857666
2021-05-18,13.345519065856934,14.50505542755127,10.988052368164062,16.331295013427734,18.815298080444336,7.824024200439453,52.54365539550781,69.2170181274414,28.986160278320312
2021-05-19,13.452773094177246,14.437976837158203,11.176025390625,16.440593719482422,18.951923370361328,7.764638423919678,51.475563049316406,67.79764556884766,28.270456314086914
2021-05-20,13.43745231628418,14.463132858276367,11.210205078125,16.59490203857422,19.056005477905273,7.699314594268799,53.809879302978516,67.10908508300781,28.50305938720703
2021-05-21,13.49107837677002,14.546977043151855,11.305903434753418,16.672069549560547,19.147096633911133,7.705254077911377,54.16304016113281,66.07627868652344,28.368858337402344
2021-05-24,13.506399154663086,14.63082218170166,11.38012409210205,16.62705421447754,19.095046997070312,7.835899829864502,55.34312057495117,66.30579376220703,29.209814071655273
2021-05-25,13.49107837677002,14.253522872924805,11.227834701538086,16.543468475341797,18.89873504638672,7.672590732574463,54.43868637084961,64.65690612792969,29.496103286743164
2021-05-26,13.38382339477539,14.337368965148926,11.414732933044434,16.922819137573242,19.159400939941406,7.746823310852051,54.6109504699707,66.55945587158203,29.34400749206543
2021-05-27,13.55236530303955,14.23675537109375,11.57048511505127,17.02569007873535,18.996475219726562,7.693376541137695,53.18107604980469,67.03662109375,29.352968215942383
2021-05-28,13.674942016601562,14.655974388122559,11.608558654785156,17.064266204833984,19.309284210205078,8.014057159423828,53.35334777832031,67.39901733398438,30.775434494018555
2021-05-31,13.751554489135742,14.706281661987305,11.591249465942383,17.02569007873535,19.25063133239746,7.978427886962891,53.96493148803711,69.32573699951172,30.551767349243164
2021-06-01,14.37975788116455,14.840432167053223,11.760844230651855,17.41146469116211,19.95155143737793,8.10313606262207,55.265594482421875,68.37142944335938,30.587556838989258
2021-06-02,14.839421272277832,14.261906623840332,12.183100700378418,18.092824935913086,20.61659812927246,8.275354385375977,55.7565803527832,69.33781433105469,29.925525665283203
2021-06-04,14.847078323364258,14.454750061035156,12.373461723327637,18.07352638244629,21.046924591064453,8.46241569519043,57.410404205322266,68.19023895263672,30.61440086364746
2021-06-07,15.01562213897705,14.496670722961426,12.639969825744629,18.298725128173828,21.542455673217773,8.400063514709473,57.71189880371094,67.5258560180664,30.53387451171875
2021-06-08,15.007962226867676,13.691766738891602,12.563820838928223,18.1700382232666,21.392492294311523,8.509925842285156,57.47069549560547,66.39035034179688,30.435466766357422
2021-06-09,14.79345417022705,13.750459671020508,12.321544647216797,18.0799617767334,21.685894012451172,8.509925842285156,56.454288482666016,67.76744842529297,30.6412353515625
2021-06-10,14.801116943359375,13.415080070495605,12.286933898925781,18.112136840820312,21.607656478881836,8.515864372253418,56.33369827270508,67.5439682006836,30.354951858520508
2021-06-11,14.509995460510254,13.524076461791992,12.252323150634766,18.041353225708008,21.35336685180664,8.483201026916504,55.1622314453125,69.05998229980469,30.60544776916504
2021-06-14,14.923690795898438,13.683382034301758,12.387433052062988,17.964139938354492,21.281644821166992,8.53664779663086,55.61014938354492,68.68550109863281,31.204862594604492
2021-06-15,14.655555725097656,13.976836204528809,12.345703125,17.97701644897461,21.281644821166992,8.61978816986084,55.47233200073242,67.34465789794922,31.72374725341797
2021-06-16,14.62491226196289,14.178060531616211,12.432648658752441,18.067089080810547,21.705453872680664,8.652449607849121,55.231143951416016,65.32130432128906,31.160123825073242
2021-06-17,14.563624382019043,14.396059036254883,12.137043952941895,17.989885330200195,21.451169967651367,8.352553367614746,53.904632568359375,63.96231460571289,30.793325424194336
2021-06-18,14.372095108032227,14.572132110595703,12.119653701782227,17.758251190185547,21.059959411621094,8.408970832824707,54.10274887084961,65.8890380859375,31.48218536376953
2021-06-21,14.349113464355469,14.312212944030762,12.0257568359375,17.803293228149414,21.157766342163086,8.596033096313477,54.455902099609375,66.50511169433594,31.53586769104004
2021-06-22,14.012027740478516,14.24514102935791,11.771890640258789,17.475156784057617,20.883926391601562,8.640573501586914,54.26640701293945,67.28426361083984,30.677019119262695
2021-06-23,13.78219985961914,14.270293235778809,11.771890640258789,17.397932052612305,20.733964920043945,8.699957847595215,55.12777328491211,68.29291534423828,30.372846603393555
2021-06-24,13.751554489135742,14.24514102935791,11.796233177185059,17.526628494262695,20.740474700927734,8.803882598876953,55.55845642089844,68.38510131835938,30.71280860900879
2021-06-25,12.985451698303223,13.993607521057129,11.441514015197754,16.979717254638672,20.08194923400879,8.640573501586914,54.78322219848633,69.22891235351562,30.023935317993164
2021-06-28,13.406806945800781,14.24514102935791,11.354571342468262,16.896074295043945,19.853744506835938,8.62572956085205,55.34312057495117,68.12025451660156,30.436195373535156
2021-06-29,13.245925903320312,14.28706169128418,11.278060913085938,16.793128967285156,19.658143997192383,8.664325714111328,55.58430480957031,69.2966537475586,31.062828063964844
2021-06-30,13.077383041381836,14.282516479492188,11.173733711242676,16.555070877075195,19.429935455322266,8.73855972290039,55.209903717041016,69.75242614746094,30.15869140625
2021-07-01,13.176976203918457,13.857948303222656,11.05549144744873,16.34917640686035,19.367961883544922,8.628695487976074,53.915924072265625,68.5390853881836,30.659990310668945
2021-07-02,13.353178977966309,13.942862510681152,11.17720890045166,16.741289138793945,19.576709747314453,8.664325714111328,55.60672378540039,69.9556884765625,31.564125061035156
2021-07-05,13.74389362335205,13.679631233215332,11.107654571533203,16.44475555419922,19.30925750732422,8.566340446472168,55.30480194091797,69.70315551757812,31.250804901123047
2021-07-06,13.445112228393555,13.518294334411621,10.940728187561035,16.240922927856445,19.276630401611328,8.215967178344727,54.29549026489258,70.07270050048828,30.928543090820312
2021-07-07,13.613655090332031,13.815491676330566,11.086790084838867,16.359268188476562,19.361446380615234,8.3287992477417,57.23713684082031,70.27596282958984,32.2802734375
2021-07-08,13.299552917480469,13.713595390319824,11.05549144744873,16.16859245300293,19.107019424438477,8.162521362304688,56.51251220703125,70.00496673583984,31.089675903320312
2021-07-12,13.52938175201416,14.18911361694336,11.33718204498291,16.57625389099121,19.367961883544922,8.233782768249512,57.03010559082031,70.87340545654297,31.850582122802734
2021-07-13,13.636637687683105,14.392908096313477,11.288494110107422,16.563106536865234,19.485382080078125,8.284260749816895,57.08186340332031,71.29222869873047,31.492509841918945
2021-07-14,13.720909118652344,14.537261962890625,11.365001678466797,16.635435104370117,19.511476516723633,8.215967178344727,59.160865783691406,70.90419006347656,31.34032440185547
2021-07-15,13.498740196228027,14.43536376953125,11.191118240356445,16.385576248168945,19.276630401611328,8.040780067443848,59.27299880981445,71.12591552734375,31.259754180908203
2021-07-16,13.353178977966309,14.08721923828125,11.05549144744873,16.385576248168945,18.96350860595703,7.9220099449157715,58.40172576904297,69.84481811523438,30.69580078125
2021-07-19,13.031415939331055,13.934371948242188,10.972027778625488,15.787225723266602,18.852619171142578,7.791362285614014,58.01353073120117,69.08109283447266,30.597322463989258
2021-07-20,13.046738624572754,13.942862510681152,11.16677474975586,16.0305118560791,19.10050392150879,7.8952860832214355,58.229190826416016,69.66004943847656,30.928543090820312
2021-07-21,13.176976203918457,13.883421897888184,11.278060913085938,16.037086486816406,19.178789138793945,8.00515079498291,57.63397216796875,70.46073913574219,30.839027404785156
2021-07-22,13.046738624572754,14.010794639587402,11.111135482788086,15.912152290344238,18.983083724975586,7.987334251403809,58.91932678222656,70.6455078125,31.4208984375
2021-07-23,12.832229614257812,13.883421897888184,11.05201244354248,15.747774124145508,18.930896759033203,7.93982458114624,58.936580657958984,70.28828430175781,31.15234375
2021-07-26,13.092704772949219,13.934371948242188,11.222418785095215,15.879279136657715,19.263591766357422,8.156582832336426,58.67777633666992,71.81575012207031,31.018064498901367
2021-07-27,12.962468147277832,13.671138763427734,11.274582862854004,16.004207611083984,19.45276641845703,8.061566352844238,57.63397216796875,70.32524871826172,30.785303115844727
2021-07-28,13.276568412780762,13.450363159179688,11.441514015197754,16.378992080688477,20.085538864135742,8.227845191955566,57.05599594116211,72.24690246582031,33.30077362060547
2021-07-29,13.1233491897583,13.424888610839844,11.260673522949219,16.22119140625,19.981155395507812,8.257536888122559,57.87551498413086,71.18136596679688,32.342933654785156
2021-07-30,12.747956275939941,12.949372291564941,10.999852180480957,15.945025444030762,19.765892028808594,7.990301609039307,53.61398696899414,66.98697662353516,31.966951370239258
2021-08-02,12.916501998901367,13.26355266571045,11.149389266967773,16.043663024902344,19.886634826660156,7.841841697692871,52.768592834472656,67.0916748046875,32.95439529418945
2021-08-03,13.077383041381836,13.59471607208252,11.086790084838867,16.135112762451172,20.082426071166992,7.9724884033203125,52.716835021972656,69.3767318725586,32.74759292602539
2021-08-04,12.740297317504883,13.5352783203125,10.92333984375,15.496810913085938,19.521137237548828,7.8032402992248535,51.03465270996094,69.30281829833984,32.43287658691406
2021-08-05,12.732636451721191,13.339974403381348,10.728591918945312,15.266493797302246,19.579885482788086,8.417880058288574,50.46529769897461,67.18406677246094,32.24405288696289
2021-08-06,13.100366592407227,13.501311302185059,11.05549144744873,15.602092742919922,20.128122329711914,8.429755210876465,50.2496337890625,67.56592559814453,32.585731506347656
2021-08-09,13.146331787109375,13.390925407409668,10.954639434814453,15.595515251159668,20.363069534301758,8.37037181854248,50.551570892333984,67.14095306396484,32.51380920410156
2021-08-10,12.801586151123047,13.170148849487305,10.676426887512207,15.371781349182129,19.978002548217773,8.39709186553955,49.54225540161133,67.78765106201172,32.450870513916016
2021-08-11,12.694330215454102,12.779541015625,10.572096824645996,15.43100643157959,20.19991111755371,8.512895584106445,49.50775909423828,67.30108642578125,32.504817962646484
2021-08-12,12.70199203491211,11.794543266296387,10.342570304870605,15.21385669708252,19.821369171142578,8.640573501586914,50.094364166259766,67.25798034667969,31.929353713989258
2021-08-13,12.755619049072266,12.431396484375,10.25910758972168,15.28624153137207,20.088960647583008,8.714804649353027,49.55951690673828,66.70365905761719,32.16313171386719
2021-08-16,12.564093589782715,11.870964050292969,10.241718292236328,15.161219596862793,19.86881446838379,8.503987312316895,48.39493179321289,67.01161193847656,30.94025993347168
2021-08-17,12.502805709838867,11.735100746154785,10.199987411499023,15.101988792419434,19.796781539916992,8.503959655761719,47.100955963134766,65.90294647216797,31.192026138305664
2021-08-18,12.617720603942871,11.497342109680176,10.248673439025879,15.003283500671387,19.8360652923584,8.428452491760254,47.627166748046875,63.69182205200195,30.193958282470703
2021-08-19,13.16931438446045,12.040791511535645,10.31822681427002,14.970380783081055,19.580671310424805,8.38125991821289,50.154754638671875,60.05792999267578,31.641603469848633
2021-08-20,13.43745231628418,12.05777359008789,10.332136154174805,14.884836196899414,19.50862693786621,8.368675231933594,50.66370391845703,60.08256149291992,32.35194778442383
2021-08-23,13.299552917480469,11.590747833251953,10.426033020019531,14.990119934082031,19.718196868896484,8.500812530517578,48.679603576660156,59.25105667114258,32.1451530456543
2021-08-24,13.47575569152832,11.803031921386719,10.766728401184082,15.384949684143066,20.268291473388672,8.676992416381836,49.21446228027344,61.41293716430664,32.06421661376953
2021-08-25,13.468095779418945,11.879453659057617,10.731544494628906,15.411274909973145,20.294485092163086,8.724185943603516,49.62852096557617,61.28359603881836,32.711631774902344
2021-08-26,13.108026504516602,11.599237442016602,10.580246925354004,15.115150451660156,19.80333709716797,8.648681640625,48.2741584777832,60.501380920410156,33.062286376953125
2021-08-27,13.054400444030762,11.836997985839844,10.74210262298584,15.312557220458984,20.143857955932617,8.963292121887207,50.29277038574219,62.01654052734375,33.1791877746582
2021-08-30,13.161654472351074,11.63320541381836,10.640061378479004,15.148055076599121,19.999792098999023,8.90351390838623,48.955657958984375,61.62234878540039,32.98137283325195
2021-08-31,13.100366592407227,11.947386741638184,10.706914901733398,15.233598709106445,20.26173973083496,8.554296493530273,47.842830657958984,60.77854537963867,31.97430419921875
2021-09-01,13.222942352294922,12.253076553344727,10.717470169067383,15.20727252960205,20.350187301635742,8.507102966308594,47.42013168334961,60.883243560791016,32.63069534301758
2021-09-02,12.656027793884277,11.947386741638184,10.27413558959961,14.673148155212402,19.616374969482422,8.368675231933594,46.77314376831055,60.692325592041016,32.13615798950195
2021-09-03,12.686668395996094,11.930403709411621,10.249506950378418,14.600709915161133,19.505001068115234,8.283729553222656,47.264862060546875,60.735435485839844,32.594730377197266
2021-09-06,13.16931438446045,12.159669876098633,10.432467460632324,14.752179145812988,19.753969192504883,8.324628829956055,47.816959381103516,59.780757904052734,32.711631774902344
2021-09-08,12.418532371520996,11.140706062316895,9.992652893066406,13.902613639831543,18.817039489746094,7.8558573722839355,51.65576171875,58.536617279052734,32.8105354309082
2021-09-09,12.495144844055176,11.573765754699707,10.16857624053955,13.961884498596191,19.066022872924805,8.022603034973145,51.759281158447266,58.32720184326172,34.92356872558594
2021-09-10,12.33426284790039,11.72661304473877,10.200247764587402,13.79065990447998,18.876008987426758,7.97226619720459,49.404232025146484,58.39494705200195,34.76171875
2021-09-13,12.525788307189941,12.05777359008789,10.425431251525879,14.073845863342285,19.11188316345215,8.25226879119873,50.896629333496094,58.36415100097656,34.97751998901367
2021-09-14,12.594738006591797,11.998335838317871,10.349212646484375,13.98163890838623,18.99394989013672,8.142152786254883,50.03398132324219,57.95148849487305,35.409114837646484
2021-09-15,12.272974967956543,11.930403709411621,10.267782211303711,13.8565092086792,18.686002731323242,8.283729553222656,49.516387939453125,56.504093170166016,35.82274627685547
2021-09-16,12.357245445251465,11.989842414855957,10.434191703796387,13.678698539733887,18.672908782958984,8.211369514465332,49.36974334716797,54.15745162963867,35.87668991088867
2021-09-17,12.058465003967285,12.040791511535645,10.246539115905762,13.184758186340332,18.227375030517578,7.8432722091674805,49.119564056396484,53.061126708984375,35.2382698059082
2021-09-20,11.95887279510498,11.616223335266113,9.913722038269043,12.690829277038574,17.814599990844727,7.755180835723877,47.82557678222656,50.96700668334961,34.96852493286133
2021-09-21,11.997177124023438,11.505836486816406,10.165104866027832,12.875224113464355,17.768741607666016,7.9313645362854,49.248966217041016,51.81081008911133,35.74180603027344
2021-09-22,12.043144226074219,12.10023307800293,10.402325630187988,13.066215515136719,18.181507110595703,8.132716178894043,49.79242706298828,53.65240478515625,36.4791259765625
2021-09-23,12.165719985961914,11.811521530151367,10.42711067199707,13.645766258239746,18.81049919128418,8.444181442260742,50.120243072509766,53.65052032470703,37.01861572265625
2021-09-24,12.135076522827148,11.786048889160156,10.345675468444824,13.342817306518555,18.548423767089844,8.46306037902832,49.04192352294922,52.82105255126953,37.17147445678711
2021-09-27,12.12741470336914,11.616223335266113,10.575817108154297,13.744549751281738,19.033262252807617,8.53856372833252,48.83489227294922,53.57573699951172,36.758296966552734
2021-09-28,11.828633308410645,10.987858772277832,10.359837532043457,13.454779624938965,18.600833892822266,8.481935501098633,47.91184997558594,50.8901481628418,36.587364196777344
2021-09-29,11.866939544677734,10.82652473449707,10.416489601135254,13.69845199584961,18.934982299804688,8.617217063903809,47.230342864990234,51.53606033325195,35.867671966552734
2021-09-30,11.721379280090332,10.818029403686523,10.232373237609863,13.718210220336914,18.95463752746582,8.56688117980957,47.082523345947266,51.8351936340332,35.65176010131836
2021-10-01,11.698397636413574,11.234110832214355,10.462514877319336,14.060672760009766,19.44956398010254,8.80913257598877,48.232139587402344,51.808006286621094,36.13755798339844
2021-10-04,11.522192001342773,10.529325485229492,10.33859634399414,13.664488792419434,15.955589294433594,9.0576753616333,45.89832305908203,51.325286865234375,34.887088775634766
2021-10-05,11.629447937011719,10.317038536071777,10.830742835998535,13.89520263671875,16.342350006103516,9.255882263183594,46.20085525512695,50.95813751220703,33.762569427490234
2021-10-06,11.568158149719238,10.376480102539062,10.848442077636719,14.000672340393066,16.394790649414062,9.010483741760254,46.38237380981445,52.392723083496094,33.74457931518555
2021-10-07,11.552837371826172,10.410446166992188,10.735145568847656,13.651307106018066,16.047365188598633,8.997900009155273,45.63037109375,53.956485748291016,33.78956604003906
2021-10-08,11.767345428466797,10.605746269226074,10.961742401123047,13.743593215942383,16.16535758972168,9.16149616241455,47.58384704589844,54.28962326049805,34.77014923095703
2021-10-11,11.675413131713867,10.300056457519531,10.876770973205566,13.493108749389648,15.883475303649902,9.224420547485352,47.24674987792969,55.4930419921875,34.74315643310547
2021-10-13,11.882261276245117,10.911437034606934,10.89093017578125,13.453561782836914,15.903143882751465,9.321949005126953,48.00740051269531,53.847686767578125,36.50639343261719
2021-10-14,11.866939544677734,10.809539794921875,10.837821960449219,13.328329086303711,15.824480056762695,9.337678909301758,48.02468490600586,53.847686767578125,36.52438735961914
2021-10-15,11.8975830078125,11.166180610656738,11.181260108947754,14.027032852172852,16.230911254882812,9.312512397766113,48.94956970214844,54.85393524169922,36.09257125854492
2021-10-18,11.966533660888672,10.970878601074219,11.404319763183594,14.270925521850586,16.342350006103516,9.265320777893066,48.62110900878906,54.33721160888672,36.30848693847656
2021-10-19,11.598804473876953,10.631221771240234,10.844901084899902,13.829283714294434,15.955589294433594,8.812278747558594,46.30458450317383,53.71171951293945,35.399864196777344
2021-10-20,11.805649757385254,11.157689094543457,11.046717643737793,14.3038911819458,16.381681442260742,8.966437339782715,44.809207916259766,52.12754821777344,36.09257125854492
2021-10-21,11.598804473876953,11.047300338745117,10.558113098144531,14.0072603225708,16.047365188598633,8.636096000671387,42.708778381347656,51.100929260253906,35.399864196777344
2021-10-22,11.491549491882324,10.716135025024414,10.235916137695312,13.479928970336914,15.431166648864746,8.55115032196045,41.36035919189453,51.72642135620117,34.98603820800781
2021-10-25,11.698397636413574,10.945404052734375,10.44835376739502,13.684272766113281,15.732709884643555,9.136327743530273,41.913551330566406,52.351924896240234,35.57978820800781
2021-10-26,11.61412525177002,10.317038536071777,10.33859634399414,13.37446117401123,15.562273979187012,9.048235893249512,39.32907485961914,51.79440689086914,35.67875289916992
2021-10-27,11.660091400146484,10.291563034057617,10.327971458435059,13.552433013916016,15.680269241333008,9.026215553283691,40.07243347167969,50.618186950683594,35.264930725097656
2021-10-28,12.793925285339355,10.223630905151367,10.235916137695312,13.506293296813965,15.647494316101074,9.111159324645996,39.71804428100586,50.10826873779297,34.0324592590332
2021-10-29,13.016093254089355,10.113245010375977,10.090752601623535,13.117383003234863,15.280386924743652,8.541712760925293,39.15620040893555,48.68728256225586,33.2857780456543
2021-11-01,13.299552917480469,10.172683715820312,10.320891380310059,13.572210311889648,15.888955116271973,8.80913257598877,39.398216247558594,49.170013427734375,33.249786376953125
2021-11-03,13.659622192382812,10.189668655395508,10.388165473937988,13.459378242492676,16.039844512939453,8.4473295211792,41.74931716918945,45.43739318847656,33.89751434326172
2021-11-04,13.697925567626953,10.138720512390137,10.1438627243042,12.568680763244629,15.193567276000977,8.17990779876709,41.714744567871094,44.92066955566406,33.93349075317383
2021-11-05,13.713248252868652,10.503849983215332,10.370460510253906,13.188867568969727,15.009876251220703,8.132716178894043,43.29655075073242,43.58807373046875,33.89751434326172
2021-11-08,13.59067153930664,10.393463134765625,10.437731742858887,12.88537311553955,14.931156158447266,8.21766185760498,41.913551330566406,45.960906982421875,33.375736236572266
2021-11-09,13.705586433410645,10.733118057250977,10.42357063293457,12.74022102355957,14.780267715454102,8.38125991821289,42.87300491333008,44.8322868347168,33.09685516357422
2021-11-10,13.598331451416016,10.758591651916504,10.9015531539917,13.452774047851562,15.154203414916992,8.315192222595215,43.65094757080078,44.66230773925781,32.638057708740234
2021-11-11,13.49107837677002,11.166180610656738,10.692657470703125,13.518753051757812,15.121399879455566,8.321484565734863,45.91560745239258,46.239662170410156,32.83596420288086
2021-11-12,13.414467811584473,11.081266403198242,10.67495346069336,13.650707244873047,15.088602066040039,8.491374969482422,44.63633728027344,46.43683624267578,32.07129669189453
2021-11-16,13.414467811584473,10.82652473449707,10.526247024536133,13.63090991973877,14.931156158447266,8.579463958740234,43.988059997558594,45.097442626953125,31.828401565551758
2021-11-17,13.43745231628418,10.750101089477539,10.377541542053223,13.690298080444336,14.990200996398926,8.362384796142578,44.523963928222656,44.193180084228516,32.17924880981445
2021-11-18,13.483418464660645,10.588765144348145,10.299649238586426,13.558341026306152,14.740907669067383,8.349799156188965,45.483421325683594,42.377864837646484,32.31418228149414
2021-11-19,13.32253646850586,10.588765144348145,10.285486221313477,13.54513931274414,14.616263389587402,8.211369514465332,46.52067565917969,43.5336799621582,32.19724655151367
2021-11-22,13.268908500671387,10.274582862854004,10.228835105895996,13.314227104187012,14.65247917175293,8.293169021606445,45.62172317504883,45.954105377197266,31.189668655395508
2021-11-23,13.176976203918457,10.172683715820312,10.656509399414062,13.571535110473633,14.898125648498535,8.746212005615234,46.23542785644531,47.164329528808594,30.730857849121094
2021-11-24,13.100366592407227,10.351003646850586,10.853918075561523,13.921218872070312,15.296473503112793,8.925537109375,45.699520111083984,48.258949279785156,30.164100646972656
2021-11-25,13.199957847595215,10.503849983215332,11.417430877685547,14.033378601074219,15.435896873474121,9.318805694580078,46.77133560180664,47.93260192871094,30.407012939453125
2021-11-26,12.786263465881348,10.002860069274902,11.040557861328125,13.47257137298584,15.143778800964355,8.956998825073242,45.25868225097656,46.66800308227539,29.408432006835938
2021-11-29,12.51812744140625,9.76509952545166,11.058503150939941,13.373602867126465,15.044187545776367,9.27160930633545,45.163604736328125,47.25270462036133,29.156536102294922
2021-11-30,12.303618431091309,9.433935165405273,11.428201675415039,13.13608169555664,14.858291625976562,9.259027481079102,44.178218841552734,47.55867004394531,28.994606018066406
2021-12-01,12.150397300720215,9.349020004272461,11.234379768371582,13.083306312561035,14.763713836669922,9.312512397766113,43.57315444946289,47.7490348815918,29.22850799560547
2021-12-02,12.265313148498535,9.731133460998535,11.543054580688477,13.7496337890625,15.321839332580566,10.023062705993652,46.434234619140625,49.96548843383789,29.4354190826416
2021-12-03,12.257652282714844,9.87549114227295,11.557414054870605,13.710012435913086,15.268683433532715,10.164432525634766,47.41962814331055,48.86406707763672,29.489395141601562
2021-12-06,12.318941116333008,10.002860069274902,11.86967945098877,14.00058650970459,15.448083877563477,10.210376739501953,47.34182357788086,51.515647888183594,29.696304321289062
2021-12-07,12.33426284790039,10.232129096984863,11.700982093811035,13.835484504699707,15.255387306213379,10.376483917236328,46.581172943115234,51.896392822265625,31.09071159362793
2021-12-08,12.318941116333008,10.291563034057617,11.75482177734375,13.7496337890625,15.10921859741211,10.372950553894043,48.37908172607422,51.50885772705078,32.422149658203125
2021-12-09,12.112093925476074,9.94342041015625,11.492806434631348,13.399618148803711,14.703910827636719,10.351744651794434,47.748077392578125,51.1145133972168,32.83596420288086
2021-12-10,12.21934700012207,10.512340545654297,11.66508960723877,13.346784591674805,14.723845481872559,10.478979110717773,49.01007843017578,51.4340705871582,32.20623016357422
2021-12-13,12.265313148498535,10.317038536071777,11.568181037902832,13.102438926696777,14.331830978393555,10.415362358093262,49.468204498291016,52.93663024902344,32.02632141113281
2021-12-14,12.387889862060547,10.274582862854004,11.569982528686523,13.300558090209961,14.47136402130127,10.29166316986084,49.692928314208984,52.92982482910156,31.747432708740234
2021-12-15,12.318941116333008,10.240615844726562,11.37149429321289,13.300558090209961,14.424848556518555,10.355278015136719,51.248802185058594,52.63069152832031,32.035308837890625
2021-12-16,12.33426284790039,10.249107360839844,11.335404396057129,13.465657234191895,14.571020126342773,10.493115425109863,51.629127502441406,54.690757751464844,32.02632141113281
2021-12-17,12.311278343200684,10.452901840209961,10.945650100708008,13.0892333984375,14.252098083496094,10.245718002319336,49.06193542480469,53.82729721069336,31.351594924926758
2021-12-20,12.274345397949219,10.087772369384766,10.617240905761719,12.818465232849121,14.032833099365234,9.952375411987305,48.51518630981445,53.22218704223633,30.624042510986328
2021-12-21,12.258423805236816,9.777714729309082,10.646114349365234,12.763559341430664,14.052766799926758,9.96651554107666,48.42855453491211,54.622764587402344,30.543004989624023
2021-12-22,12.250465393066406,9.889507293701172,10.584766387939453,12.82373332977295,14.105920791625977,9.952375411987305,48.20329284667969,54.33721160888672,30.31788444519043
2021-12-23,12.377825736999512,9.786314964294434,10.545066833496094,12.86384391784668,14.17900562286377,10.012460708618164,47.432247161865234,53.81370162963867,30.137805938720703
2021-12-27,12.361905097961426,9.726118087768555,10.56672191619873,13.010940551757812,14.32518482208252,10.160898208618164,47.69215393066406,53.6777229309082,29.8676700592041
2021-12-28,12.3539457321167,9.597123146057129,10.505370140075684,12.96413803100586,14.272028923034668,10.171499252319336,46.39264678955078,52.38592529296875,29.975730895996094
2021-12-29,12.298224449157715,9.528327941894531,10.451236724853516,12.903964042663574,14.152432441711426,10.086679458618164,45.136444091796875,52.52189636230469,29.48048210144043
2021-12-30,12.274345397949219,9.579924583435059,10.411540031433105,12.843791961669922,13.919880867004395,10.054869651794434,45.91615676879883,53.00461959838867,29.69658660888672
2022-01-03,12.202705383300781,9.260119438171387,10.400713920593262,13.164717674255371,14.304014205932617,10.281063079833984,44.08817672729492,53.03181457519531,28.832164764404297
2022-01-04,12.186785697937012,9.458796501159668,10.411540031433105,13.251031875610352,14.709662437438965,10.319938659667969,44.33940124511719,52.40631103515625,28.688093185424805
2022-01-05,11.94798469543457,9.260119438171387,10.238314628601074,13.15733814239502,14.430360794067383,9.920571327209473,43.057228088378906,52.90263366699219,27.175350189208984
2022-01-06,11.756943702697754,9.484711647033691,10.321317672729492,13.34472370147705,14.722960472106934,9.913501739501953,43.221824645996094,53.970069885253906,27.16634750366211
2022-01-07,11.565903663635254,9.709305763244629,10.332145690917969,13.53880786895752,15.048803329467773,9.95944595336914,42.85796356201172,57.11118698120117,26.482009887695312
2022-01-10,11.661423683166504,9.657476425170898,10.386277198791504,13.585654258728027,15.188456535339355,9.899365425109863,42.017616271972656,56.43130111694336,25.716630935668945
2022-01-11,11.685304641723633,9.683391571044922,10.429582595825195,13.605742454528809,15.527600288391113,10.192704200744629,42.624053955078125,57.505531311035156,26.148845672607422
2022-01-12,11.844503402709961,10.02891731262207,10.530632972717285,13.505343437194824,15.461101531982422,10.503716468811035,42.98792266845703,58.13103103637695,27.21137046813965
2022-01-13,11.932063102722168,10.011640548706055,10.700246810913086,13.746275901794434,15.74704647064209,10.71576976776123,42.84063720703125,57.247169494628906,26.20287322998047
2022-01-14,12.019624710083008,10.55584716796875,10.974520683288574,13.967121124267578,15.627358436584473,11.115137100219727,44.417381286621094,57.5803108215332,27.64358139038086
2022-01-17,11.780824661254883,10.676780700683594,10.996176719665527,14.047431945800781,15.627358436584473,11.132807731628418,43.73297119140625,57.28116226196289,27.328426361083984
2022-01-18,11.605703353881836,10.633587837219238,11.093611717224121,14.301749229431152,15.720458030700684,11.182287216186523,43.065887451171875,58.68174743652344,27.499513626098633
2022-01-19,11.573864936828613,10.590399742126465,11.19105339050293,14.121049880981445,15.614044189453125,11.129274368286133,43.18717956542969,59.973548889160156,27.463489532470703
2022-01-20,11.534064292907715,11.445578575134277,11.25961971282959,14.107661247253418,15.48770809173584,11.210562705993652,46.89512252807617,58.95370864868164,27.67959213256836
2022-01-21,11.69326400756836,11.782464981079102,11.25961971282959,13.960429191589355,15.494357109069824,11.228233337402344,47.562198638916016,57.729896545410156,27.562536239624023
2022-01-24,11.701224327087402,11.281453132629395,11.313754081726074,14.254898071289062,15.474403381347656,11.291849136352539,46.45329284667969,57.022796630859375,26.92322540283203
2022-01-25,11.995744705200195,11.506043434143066,11.606069564819336,14.823756217956543,16.032997131347656,11.659409523010254,48.2985954284668,57.1519889831543,27.193357467651367
2022-01-26,11.940025329589844,11.903401374816895,11.494196891784668,14.837141990661621,16.20589256286621,11.970419883728027,50.14390563964844,57.31516647338867,27.67959213256836
2022-01-27,12.258423805236816,12.490796089172363,11.652984619140625,14.910755157470703,16.285696029663086,11.973956108093262,50.04861068725586,57.444339752197266,29.17433738708496
2022-01-28,11.884305000305176,12.732665061950684,11.725162506103516,15.12491512298584,16.485191345214844,11.50036907196045,49.76271438598633,56.88002014160156,28.47199058532715
2022-01-31,11.916145324707031,12.629007339477539,11.78651237487793,15.258763313293457,16.84429168701172,11.433216094970703,50.76767349243164,54.98311996459961,28.958219528198242
2022-02-01,11.820625305175781,12.318032264709473,11.768468856811523,15.31230640411377,16.962499618530273,11.662943840026855,50.82831573486328,58.001853942871094,28.868179321289062
2022-02-02,11.557944297790527,12.20573616027832,11.573590278625488,15.036995887756348,16.696319580078125,11.49329948425293,50.646385192871094,58.32821273803711,28.607053756713867
2022-02-03,11.510183334350586,12.214375495910645,11.652984619140625,15.258035659790039,16.889301300048828,11.334259033203125,49.814693450927734,58.301002502441406,27.86869239807129
2022-02-04,11.470383644104004,12.20573616027832,11.631331443786621,15.358501434326172,16.94253921508789,11.532175064086914,49.572120666503906,59.83076095581055,27.778640747070312
2022-02-07,11.374863624572754,11.834296226501465,11.497804641723633,15.30491828918457,16.849382400512695,11.362534523010254,48.255279541015625,61.27894973754883,27.913715362548828
2022-02-08,11.271383285522461,11.704723358154297,11.62050724029541,15.217844009399414,17.035709381103516,11.249438285827637,48.6104850769043,62.135623931884766,27.21137046813965
2022-02-09,11.573864936828613,12.231649398803711,11.51945972442627,13.911733627319336,16.35694122314453,11.291849136352539,49.15627670288086,62.149227142333984,27.274398803710938
2022-02-10,11.7410249710083,12.179824829101562,11.645766258239746,14.11267375946045,16.669710159301758,11.4650239944458,49.286231994628906,63.821746826171875,26.779159545898438
2022-02-11,11.828584671020508,12.024337768554688,12.053567886352539,14.159560203552246,17.654582977294922,11.931543350219727,49.68474197387695,62.52994918823242,26.590063095092773
2022-02-14,11.987786293029785,12.197098731994629,12.104092597961426,14.179659843444824,17.614648818969727,11.662943840026855,50.78499984741211,62.257991790771484,27.40946388244629
2022-02-15,12.24250602722168,12.611729621887207,12.677897453308105,14.193048477172852,17.781015396118164,11.47916316986084,52.491695404052734,60.408687591552734,29.60654067993164
2022-02-16,12.003705024719238,12.603093147277832,12.750076293945312,14.360502243041992,17.594694137573242,11.638200759887695,52.02387237548828,60.850616455078125,28.1838436126709
2022-02-17,11.820625305175781,12.26620101928711,12.750076293945312,14.193048477172852,17.348472595214844,11.592260360717773,51.47806930541992,58.23301696777344,27.598556518554688
2022-02-18,11.756943702697754,12.326671600341797,13.00991153717041,14.273421287536621,17.41502571105957,11.662943840026855,50.629058837890625,58.35539627075195,26.842185974121094
2022-02-21,11.502223014831543,12.153905868530273,12.732030868530273,14.105977058410645,16.989124298095703,11.963349342346191,50.29117965698242,58.402992248535156,26.765304565429688
2022-02-22,11.709184646606445,12.430329322814941,12.85112476348877,14.05239200592041,17.14470100402832,11.924477577209473,53.34937286376953,59.4160270690918,26.774372100830078
2022-02-23,11.788785934448242,12.603093147277832,12.916086196899414,13.985418319702148,16.905004501342773,12.0941162109375,50.55974197387695,58.7905387878418,25.931150436401367
2022-02-24,11.812665939331055,12.698111534118652,12.504673957824707,13.563438415527344,16.61870765686035,11.800775527954102,50.542423248291016,59.51802444458008,26.58397102355957
2022-02-25,12.099225044250488,12.594453811645508,12.706770896911621,13.63042163848877,16.958276748657227,12.016366958618164,49.8320198059082,62.74071502685547,26.656503677368164
2022-03-02,11.557944297790527,12.369860649108887,12.847514152526855,13.489760398864746,16.67686653137207,12.253158569335938,49.000335693359375,67.75154876708984,27.427181243896484
2022-03-03,11.287304878234863,12.758580207824707,12.848939895629883,13.750406265258789,16.69019889831543,12.101187705993652,48.13398742675781,67.7855453491211,28.333864212036133
2022-03-04,11.088303565979004,12.473519325256348,12.52743911743164,13.354862213134766,16.437015533447266,12.097651481628418,46.09808349609375,69.32890319824219,28.56960105895996
2022-03-07,10.690302848815918,12.007057189941406,11.991605758666992,13.012941360473633,16.083885192871094,11.238836288452148,44.1834716796875,71.43658447265625,28.179729461669922
2022-03-08,10.698262214660645,11.765189170837402,12.083990097045898,13.180547714233398,15.930643081665039,11.472092628479004,44.859222412109375,68.30226135253906,28.623998641967773
2022-03-09,11.088303565979004,11.92067813873291,12.767642974853516,14.025283813476562,16.7235050201416,11.507437705993652,48.3245849609375,66.5013427734375,29.62135124206543
2022-03-10,10.65050220489502,11.497407913208008,12.601347923278809,13.938128471374512,16.736833572387695,11.910340309143066,47.7008171081543,68.69712829589844,28.760005950927734
2022-03-11,10.491302490234375,11.454216003417969,12.350058555603027,13.877791404724121,16.550275802612305,11.482698440551758,46.53125,68.3370361328125,28.46079444885254
2022-03-14,10.602742195129395,11.454216003417969,12.427665710449219,13.978347778320312,16.78347396850586,11.263575553894043,46.34933090209961,64.67272186279297,28.12532615661621
2022-03-15,10.722142219543457,11.48876953125,12.28658676147461,13.944823265075684,16.7235050201416,10.991440773010254,46.037437438964844,62.81584548950195,27.381851196289062
2022-03-16,10.968901634216309,11.747913360595703,12.450211524963379,14.145956039428711,17.04998016357422,10.896017074584961,46.76516342163086,64.34088134765625,28.995744705200195
2022-03-17,11.088303565979004,12.007057189941406,12.565488815307617,14.199593544006348,17.423107147216797,10.606209754943848,47.30230712890625,66.57901000976562,30.011226654052734
2022-03-18,11.343023300170898,12.188458442687988,12.539458274841309,14.166069984436035,17.549684524536133,10.818262100219727,48.79241180419922,67.84281921386719,30.18349838256836
2022-03-21,11.287304878234863,11.98978328704834,12.79604721069336,14.50128173828125,17.982770919799805,11.22469711303711,47.86541748046875,69.76322937011719,29.512556076049805
2022-03-22,11.446504592895508,12.63764476776123,13.05263900756836,14.68229866027832,18.229290008544922,11.17522144317627,49.71939468383789,68.20288848876953,29.920560836791992
2022-03-23,11.295263290405273,12.7499418258667,12.985698699951172,14.588440895080566,18.149337768554688,11.327189445495605,49.8320198059082,68.09697723388672,29.693891525268555
2022-03-24,11.303223609924316,12.862237930297852,13.134452819824219,14.802977561950684,18.269271850585938,11.45795726776123,51.25282287597656,68.42176055908203,30.038423538208008
2022-03-25,11.39874267578125,13.23955249786377,13.12701416015625,14.937057495117188,18.302581787109375,11.415545463562012,52.69961166381836,67.23562622070312,29.811758041381836
2022-03-28,11.733064651489258,13.195828437805176,13.000578880310059,14.863314628601074,18.289255142211914,11.168150901794434,53.04615020751953,67.31328582763672,30.498674392700195
2022-03-29,12.139025688171387,13.589341163635254,13.056358337402344,15.131485939025879,18.502470016479492,11.415545463562012,53.84318542480469,66.73434448242188,30.816360473632812
2022-03-30,12.075345993041992,13.703024864196777,12.978263854980469,15.037622451782227,18.542444229125977,11.659409523010254,53.49269104003906,67.6875,30.997909545898438
2022-03-31,12.258423805236816,13.73800277709961,12.903891563415527,14.896834373474121,18.309249877929688,11.821983337402344,53.05850601196289,67.49685668945312,31.651453018188477
2022-04-01,12.250465393066406,14.026579856872559,12.896453857421875,14.73593807220459,18.361011505126953,11.666474342346191,54.12662124633789,68.45706176757812,32.1143798828125
2022-04-04,12.091263771057129,14.114025115966797,12.77745246887207,14.674848556518555,18.194339752197266,11.556916236877441,53.86609649658203,69.14899444580078,31.787599563598633
2022-04-05,11.995744705200195,13.842938423156738,12.439055442810059,14.265543937683105,17.827651977539062,11.44735336303711,52.88482666015625,67.15088653564453,31.433597564697266
2022-04-06,11.900225639343262,13.877917289733887,12.50227165222168,14.191729545593262,17.820985794067383,11.436750411987305,51.29566955566406,68.16759490966797,31.16130256652832
2022-04-07,11.987786293029785,13.860430717468262,12.732831954956055,14.252121925354004,17.80765151977539,12.030502319335938,50.531490325927734,68.57709503173828,30.970674514770508
2022-04-08,11.884305000305176,13.641810417175293,12.959670066833496,14.413162231445312,17.77431297302246,12.09058666229248,50.166778564453125,67.17913818359375,30.988828659057617
2022-04-11,12.099225044250488,13.012187004089355,13.041481018066406,14.393036842346191,17.7076473236084,11.998695373535156,50.105979919433594,66.36720275878906,29.54559326171875
2022-04-12,11.979825019836426,12.548715591430664,13.01545238494873,14.265543937683105,17.394290924072266,11.963349342346191,50.35780715942383,65.92240905761719,29.382204055786133
2022-04-13,11.804703712463379,12.60118293762207,13.078666687011719,14.413162231445312,17.44096565246582,12.217817306518555,50.06256103515625,65.9435806274414,29.554662704467773
2022-04-14,11.701224327087402,12.671144485473633,13.089828491210938,14.379611015319824,17.554304122924805,12.090320587158203,49.6544189453125,65.0186767578125,29.30959129333496
2022-04-18,11.709184646606445,12.697378158569336,13.57325553894043,14.634591102600098,17.654300689697266,11.877667427062988,49.76731872558594,63.94550704956055,28.964662551879883
2022-04-19,11.661423683166504,12.71486759185791,13.093542098999023,14.444696426391602,17.340961456298828,12.237244606018066,50.670433044433594,61.90507507324219,28.474504470825195
2022-04-20,11.725103378295898,12.846038818359375,13.07495403289795,14.393036842346191,17.454296112060547,12.295241355895996,50.505435943603516,60.295310974121094,28.5198917388916
2022-04-22,11.7410249710083,12.557461738586426,12.803485870361328,14.186361312866211,17.114282608032227,11.815802574157715,48.542884826660156,56.800437927246094,28.420040130615234
2022-04-25,12.035544395446777,12.347588539123535,12.903891563415527,14.09778881072998,17.047603607177734,11.641817092895508,48.065269470214844,55.83317184448242,28.329269409179688
2022-04-26,11.7410249710083,11.901602745056152,12.61383056640625,13.492547988891602,16.467580795288086,11.622480392456055,46.18954849243164,55.070655822753906,27.21280288696289
2022-04-27,11.685304641723633,11.814157485961914,12.669612884521484,13.573739051818848,16.3342342376709,11.622480392456055,46.63243103027344,58.01482009887695,28.71050453186035
2022-04-28,11.709184646606445,11.875370025634766,12.647299766540527,13.448260307312012,16.200895309448242,11.699813842773438,47.41398620605469,59.44807052612305,28.25665283203125
2022-04-29,11.557944297790527,11.630518913269043,12.353522300720215,13.271113395690918,15.914210319519043,11.707544326782227,45.97246170043945,58.80557632446289,27.321727752685547
2022-05-02,11.518143653869629,11.193282127380371,12.264272689819336,13.263729095458984,15.845927238464355,11.59154987335205,44.92808532714844,58.54433822631836,26.268796920776367
2022-05-03,11.335062026977539,10.974662780761719,12.517147064208984,13.351639747619629,15.92598819732666,11.695943832397461,45.78351593017578,58.24781799316406,25.787715911865234
2022-05-04,11.414664268493652,11.06210994720459,12.881576538085938,13.543746948242188,15.905973434448242,12.399633407592773,47.74754333496094,57.760643005371094,26.268796920776367
2022-05-05,10.929101943969727,10.598636627197266,12.546896934509277,13.100421905517578,15.539013862609863,12.376433372497559,46.48183822631836,56.71571350097656,25.560792922973633
2022-05-06,10.769901275634766,10.292572021484375,12.587798118591309,13.37380313873291,15.872612953186035,12.78240966796875,45.460548400878906,56.31328582763672,24.644018173217773
2022-05-09,10.897261619567871,10.266336441040039,12.621269226074219,13.5733060836792,15.645767211914062,12.434432983398438,45.137577056884766,54.004539489746094,24.19924545288086
2022-05-10,10.929101943969727,10.117674827575684,12.476241111755371,13.706304550170898,15.565701484680176,12.54269027709961,45.87080383300781,53.33381271362305,23.709087371826172
2022-05-11,11.104223251342773,9.872823715209961,12.751425743103027,13.942743301391602,16.08611488342285,12.979601860046387,47.07540512084961,55.55781936645508,23.690933227539062
2022-05-12,11.526103019714355,10.406253814697266,13.07495403289795,14.031410217285156,16.339649200439453,13.080126762390137,48.2800178527832,55.000064849853516,23.972322463989258
2022-05-13,11.573864936828613,10.030229568481445,13.056358337402344,14.193973541259766,16.53314208984375,13.250248908996582,48.97833251953125,54.93650436401367,24.05400848388672
2022-05-16,11.69326400756836,10.030229568481445,13.056358337402344,14.430416107177734,16.70660972595215,13.381707191467285,48.79501724243164,56.581565856933594,23.781702041625977
2022-05-17,11.725103378295898,10.406253814697266,13.547224998474121,14.725967407226562,16.8533935546875,13.20771598815918,49.38859558105469,56.34151077270508,24.426166534423828
2022-05-18,11.319143295288086,10.100187301635742,13.353852272033691,14.452583312988281,16.613203048706055,12.99119758605957,48.35857009887695,54.91533279418945,23.990474700927734
2022-05-19,11.255462646484375,10.32755184173584,13.275761604309082,14.341748237609863,16.559825897216797,13.211583137512207,47.939579010009766,56.37681579589844,23.173547744750977
2022-05-20,11.159943580627441,10.528678894042969,13.75918960571289,14.533858299255371,16.766658782958984,13.466771125793457,48.2800178527832,57.372318267822266,23.591093063354492
2022-05-23,11.207703590393066,10.581149101257324,14.339306831359863,14.770296096801758,17.200340270996094,13.99647045135498,48.969600677490234,58.54433822631836,24.117555618286133
2022-05-24,11.247503280639648,10.511191368103027,14.306411743164062,15.080629348754883,17.460542678833008,13.615362167358398,48.24509811401367,59.335105895996094,23.67277717590332
2022-05-25,11.175863265991211,10.414998054504395,14.21935749053955,14.910685539245605,17.146955490112305,13.80925178527832,49.66792297363281,59.518680572509766,22.973852157592773
2022-05-26,11.311182975769043,10.852235794067383,14.177727699279785,14.99196720123291,17.36046028137207,13.843724250793457,50.50591278076172,59.483375549316406,23.33692741394043
2022-05-27,11.311182975769043,11.10583209991455,14.022551536560059,15.206242561340332,17.453868865966797,13.18449592590332,50.994728088378906,60.52123260498047,23.79985809326172
2022-05-30,11.21566390991211,11.193282127380371,13.651644706726074,15.058467864990234,17.293739318847656,12.921669960021973,49.75520706176758,61.1778564453125,23.1826229095459
2022-05-31,11.295263290405273,11.167044639587402,13.859804153442383,15.147134780883789,17.453868865966797,12.951828956604004,50.2091178894043,60.86720275878906,23.028310775756836
2022-06-01,11.239542961120605,10.930938720703125,13.886298179626465,14.873739242553711,17.21194839477539,12.934596061706543,50.095638275146484,62.30044174194336,23.790781021118164
2022-06-02,11.239542961120605,11.271984100341797,13.89765453338623,14.813817977905273,17.285385131835938,12.822571754455566,49.13544845581055,63.47246551513672,23.899702072143555
2022-06-03,11.207703590393066,11.079598426818848,13.704630851745605,14.725065231323242,17.125152587890625,13.04662036895752,47.72135543823242,62.45576858520508,23.527545928955078
2022-06-06,11.183822631835938,10.738554000854492,13.534316062927246,14.739863395690918,17.0650634765625,13.055240631103516,46.534210205078125,62.51932144165039,23.582008361816406
2022-06-07,10.929101943969727,10.397507667541504,13.439695358276367,14.614128112792969,17.0650634765625,13.210348129272461,46.73497772216797,63.980804443359375,23.554777145385742
2022-06-08,10.952983856201172,10.310059547424316,13.318589210510254,14.355277061462402,16.737918853759766,13.145721435546875,45.43436050415039,61.77796936035156,22.156923294067383
2022-06-09,10.833581924438477,10.449976921081543,13.299662590026855,14.347885131835938,16.450822830200195,12.956140518188477,46.18505859375,59.68812942504883,22.256771087646484
2022-06-10,10.817662239074707,10.196377754211426,13.076360702514648,14.133406639099121,16.09029769897461,12.775177001953125,45.18994903564453,59.70223617553711,21.784765243530273
2022-06-13,10.610702514648438,10.09144115447998,12.777361869812012,13.92632007598877,15.896681785583496,12.611444473266602,42.66727066040039,57.81007766723633,21.621381759643555
2022-06-14,10.46742057800293,10.047717094421387,12.781285285949707,13.785801887512207,15.789859771728516,12.753632545471191,42.93788146972656,57.697105407714844,22.011690139770508
2022-06-15,10.395782470703125,10.152652740478516,12.983378410339355,13.881949424743652,15.856622695922852,12.529582023620605,44.99790954589844,57.661808013916016,21.784765243530273
2022-06-17,10.371899604797363,10.012738227844238,13.01388168334961,13.667471885681152,15.656327247619629,11.766947746276855,43.994075775146484,54.65410614013672,20.722759246826172
2022-06-20,10.387821197509766,10.100187301635742,13.113018989562988,14.029861450195312,16.337324142456055,11.900519371032715,43.56636047363281,53.305572509765625,21.875534057617188
2022-06-21,10.483342170715332,10.047717094421387,12.575380325317383,13.930166244506836,16.163742065429688,11.663541793823242,43.383052825927734,53.658592224121094,22.964773178100586
2022-06-22,10.586822509765625,10.187633514404297,12.529626846313477,13.87037467956543,16.043569564819336,11.629070281982422,44.04644775390625,53.19966125488281,23.409547805786133
2022-06-23,10.610702514648438,10.126420974731445,12.449552536010742,13.50418472290039,15.67635726928711,11.413640022277832,44.45671844482422,51.25807571411133,23.518474578857422
2022-06-24,10.881342887878418,10.143911361694336,12.377103805541992,13.39208698272705,15.649651527404785,11.327466011047363,43.91551971435547,52.68426513671875,24.0177001953125
2022-06-27,10.921142578125,10.143911361694336,12.63257884979248,13.578919410705566,15.743122100830078,12.055630683898926,45.11138153076172,55.1059684753418,23.5752010345459
2022-06-28,10.761942863464355,9.855335235595703,12.678332328796387,13.38461685180664,15.569536209106445,12.206433296203613,45.120113372802734,56.09440994262695,23.775217056274414
2022-06-29,10.833581924438477,9.687918663024902,12.61351203918457,13.152950286865234,15.409296035766602,12.098715782165527,45.32960891723633,55.62842559814453,23.666120529174805
2022-06-30,10.666420936584473,9.696767807006836,12.727904319763184,12.854015350341797,15.13555908203125,12.034086227416992,45.74860763549805,54.053958892822266,24.0479736328125
2022-07-01,10.952983856201172,9.900256156921387,12.640204429626465,12.951163291931152,15.26762866973877,12.29260540008545,46.51456832885742,53.02315139770508,24.093433380126953
2022-07-04,10.889303207397461,9.802935600280762,12.598259925842285,12.8157320022583,15.12062931060791,12.55543327331543,46.173004150390625,52.719573974609375,24.084341049194336
2022-07-05,11.21566390991211,9.971036911010742,12.529626846313477,12.845656394958496,15.227530479431152,12.07717227935791,45.5599250793457,52.458335876464844,24.566213607788086
2022-07-06,11.327102661132812,9.829477310180664,12.449552536010742,12.740918159484863,15.087226867675781,11.922059059143066,46.71601104736328,52.952552795410156,24.638946533203125
2022-07-07,11.327102661132812,10.05066204071045,12.63257884979248,13.002768516540527,15.301037788391113,12.271063804626465,49.04567337036133,54.49170684814453,25.102628707885742
2022-07-08,11.39078426361084,10.121440887451172,12.754596710205078,13.010250091552734,15.307716369628906,12.40893840789795,48.914302825927734,53.23496627807617,24.793508529663086
2022-07-11,11.223623275756836,9.528665542602539,12.544877052307129,12.748404502868652,15.0604887008667,12.34861946105957,47.32907485961914,51.42045593261719,24.166168212890625
2022-07-12,10.976862907409668,9.325176239013672,12.58681869506836,12.800769805908203,15.027087211608887,12.163346290588379,47.241493225097656,51.575782775878906,24.175264358520508
2022-07-13,11.597743034362793,9.095142364501953,12.449552536010742,12.508995056152344,14.966950416564941,12.171964645385742,48.30998992919922,51.3992805480957,24.30254364013672
2022-07-14,11.812665939331055,9.095142364501953,12.434300422668457,12.224701881408691,14.79990291595459,11.844504356384277,47.731956481933594,47.975013732910156,24.00251579284668
2022-07-15,11.613664627075195,8.873957633972168,12.689772605895996,12.299511909484863,15.067174911499023,12.047014236450195,47.644371032714844,48.271549224853516,24.138891220092773
2022-07-18,11.534064292907715,9.086295127868652,12.868985176086426,12.456624031066895,15.26762866973877,12.32276725769043,47.556793212890625,48.525718688964844,23.747949600219727
2022-07-19,11.526103019714355,9.033211708068848,13.215974807739258,12.912993431091309,15.782109260559082,12.572668075561523,47.63561248779297,48.631629943847656,24.511659622192383
2022-07-20,11.382823944091797,9.325176239013672,13.219785690307617,12.748404502868652,15.58166790008545,12.568359375,47.25900650024414,47.57963180541992,23.629745483398438
2022-07-21,11.589783668518066,9.74100399017334,13.311297416687012,12.9204740524292,15.708611488342285,12.503729820251465,48.003448486328125,48.412750244140625,23.02968406677246
2022-07-22,11.549983024597168,9.484427452087402,13.219785690307617,12.755881309509277,15.541573524475098,12.637296676635742,48.537696838378906,48.86461639404297,23.493370056152344
2022-07-25,11.685304641723633,9.49327564239502,13.421878814697266,12.927958488464355,15.768756866455078,13.227585792541504,49.26462936401367,49.768341064453125,24.198820114135742
2022-07-26,11.796743392944336,9.49327564239502,13.467634201049805,12.838177680969238,15.681889533996582,13.361153602600098,48.12606430053711,49.67654800415039,23.94293975830078
2022-07-27,11.924102783203125,9.625988006591797,13.555331230163574,12.912993431091309,15.735346794128418,13.507645606994629,50.35939407348633,49.789520263671875,24.555221557617188
2022-07-28,12.019624710083008,9.962191581726074,13.80699348449707,13.010250091552734,15.8355712890625,13.9126615524292,50.39442443847656,49.90956115722656,25.523902893066406
2022-07-29,11.884305000305176,9.811781883239746,13.715479850769043,13.040175437927246,15.782109260559082,14.714072227478027,50.45573043823242,49.24587631225586,25.62442970275879
2022-08-01,11.645503997802734,9.617138862609863,13.604901313781738,13.010250091552734,15.693618774414062,14.511566162109375,50.06161880493164,48.06679916381836,25.478208541870117
2022-08-02,11.709184646606445,9.555207252502441,13.78792667388916,13.234170913696289,15.860785484313965,14.576196670532227,50.298091888427734,49.59889221191406,25.935134887695312
2022-08-03,11.645503997802734,9.873714447021484,13.883249282836914,13.443882942199707,15.974456787109375,14.584809303283691,51.86579513549805,47.67141342163086,25.697540283203125
2022-08-04,11.685304641723633,10.528423309326172,14.146349906921387,13.69104290008545,16.362285614013672,14.7399263381958,54.42318344116211,47.39606475830078,26.32809829711914
2022-08-05,11.621624946594238,10.67883014678955,14.409451484680176,13.85581111907959,16.669876098632812,15.02429485321045,54.43193817138672,48.01031494140625,26.346372604370117
2022-08-08,11.780824661254883,11.015031814575195,14.863203048706055,13.900749206542969,16.877159118652344,15.782620429992676,55.52671432495117,48.41981506347656,27.16883659362793
2022-08-09,11.733064651489258,10.838083267211914,15.11104965209961,14.102965354919434,17.318479537963867,16.041141510009766,54.125404357910156,49.42238235473633,27.03175926208496
2022-08-10,12.06738567352295,10.944252014160156,15.24069595336914,14.327656745910645,17.639440536499023,15.989435195922852,55.92081832885742,49.45769119262695,28.036996841430664
2022-08-11,12.04350471496582,10.74960708618164,15.91559886932373,14.447493553161621,17.66619110107422,15.618888854980469,55.09756088256836,51.1804084777832,27.534379959106445
2022-08-12,12.107184410095215,11.59011459350586,16.81547737121582,14.627242088317871,17.880159378051758,16.778745651245117,55.605533599853516,51.835453033447266,28.238046646118164
2022-08-15,12.274345397949219,11.678587913513184,16.392227172851562,14.552345275878906,18.033952713012695,16.784042358398438,56.244873046875,50.72150802612305,27.726285934448242
2022-08-16,12.338025093078613,11.607810020446777,16.472301483154297,14.762049674987793,18.241239547729492,16.937484741210938,55.17637634277344,51.85029983520508,27.954757690429688
2022-08-17,12.377825736999512,11.38662338256836,16.32359504699707,14.784523010253906,18.288043975830078,17.334331512451172,55.789451599121094,50.669525146484375,27.80853843688965
2022-08-18,12.7360258102417,11.368927955627441,15.946104049682617,14.874402046203613,18.234548568725586,17.683557510375977,56.05219268798828,50.29079055786133,28.18321418762207
2022-08-19,12.465384483337402,11.068115234375,15.652501106262207,14.68715763092041,18.015783309936523,16.789329528808594,54.957420349121094,49.72638702392578,27.27850341796875
2022-08-22,12.274345397949219,10.882320404052734,15.812649726867676,14.484936714172363,17.81290054321289,17.149137496948242,54.283042907714844,48.99860763549805,26.456037521362305
2022-08-23,12.290265083312988,10.997335433959961,16.138341903686523,14.58979606628418,17.860233306884766,17.694141387939453,55.4128532409668,52.13992691040039,26.31895637512207
2022-08-24,12.576826095581055,11.023879051208496,15.870147705078125,14.507411003112793,17.93462371826172,17.799970626831055,55.92958450317383,50.461585998535156,26.309816360473633
2022-08-25,12.592745780944824,11.298148155212402,16.247175216674805,14.612263679504395,18.15779685974121,17.60948371887207,55.745662689208984,51.44185256958008,26.456037521362305
2022-08-26,12.473345756530762,10.997335433959961,16.165552139282227,14.55983829498291,18.04959487915039,17.799970626831055,53.90644836425781,50.669525146484375,26.32809829711914
2022-08-29,12.425585746765137,10.917712211608887,16.499828338623047,14.612263679504395,17.988725662231445,18.24444007873535,53.73128890991211,49.68925476074219,25.926002502441406
2022-08-30,12.250465393066406,10.784997940063477,16.453182220458984,14.567327499389648,17.907573699951172,17.159719467163086,54.50200653076172,48.24855422973633,25.944276809692383
2022-08-31,12.154946327209473,10.484185218811035,16.204418182373047,14.200333595275879,17.45448112487793,17.583026885986328,53.2671012878418,47.89951705932617,25.85289764404297
2022-09-01,12.282306671142578,10.705371856689453,16.453182220458984,14.320169448852539,17.723583221435547,17.91108512878418,54.8260612487793,47.44651794433594,25.935134887695312
2022-09-02,12.322104454040527,11.183131217956543,16.530920028686523,14.476838111877441,17.96719741821289,17.683557510375977,55.018741607666016,46.726165771484375,27.60748863220215
2022-09-05,12.377825736999512,11.368927955627441,16.18109703063965,14.506823539733887,18.25819969177246,17.641231536865234,55.614288330078125,48.4342155456543,28.238046646118164
2022-09-06,12.385786056518555,10.961946487426758,15.403719902038574,14.416854858398438,18.089021682739258,16.985103607177734,54.08161544799805,47.283138275146484,27.68059539794922
2022-09-08,12.338025093078613,11.501639366149902,15.337647438049316,14.334393501281738,17.960433959960938,16.826372146606445,54.370628356933594,47.906951904296875,27.60748863220215
2022-09-09,12.51314640045166,11.457402229309082,15.761314392089844,14.529312133789062,18.10255241394043,16.821081161499023,55.4128532409668,51.64979934692383,27.826812744140625
2022-09-12,12.49722671508789,11.722825050354004,16.006189346313477,14.671762466430664,18.325870513916016,16.65704917907715,56.840431213378906,52.1027946472168,29.060508728027344
2022-09-13,12.409666061401367,11.39547061920166,15.737658500671387,14.55930233001709,18.136383056640625,16.21786880493164,55.570499420166016,50.68437576293945,27.9730281829834
2022-09-14,12.24250602722168,11.306994438171387,15.753312110900879,14.49183177947998,18.06871223449707,16.466562271118164,55.94710159301758,49.75608825683594,27.98217010498047
2022-09-15,12.178824424743652,11.112353324890137,15.59288215637207,14.439348220825195,18.116086959838867,16.434812545776367,54.57206726074219,50.758636474609375,27.424715042114258
2022-09-16,12.154946327209473,10.953100204467773,15.416802406311035,14.274413108825684,18.0551700592041,16.28665542602539,54.177947998046875,50.68437576293945,27.854225158691406
2022-09-19,12.314146041870117,11.696282386779785,15.722010612487793,14.64177417755127,18.73190689086914,16.545928955078125,55.4128532409668,52.325584411621094,27.963890075683594
2022-09-20,12.5449857711792,12.06787395477295,15.96069622039795,15.114082336425781,19.35449981689453,16.450685501098633,56.236122131347656,51.57552719116211,28.448232650756836
2022-09-21,12.377825736999512,11.784756660461426,15.847222328186035,15.024124145507812,19.151479721069336,16.493017196655273,55.36905288696289,50.8328971862793,28.493925094604492
2022-09-22,12.473345756530762,11.890924453735352,16.136777877807617,15.368987083435059,19.53721809387207,16.900447845458984,57.015602111816406,51.99882507324219,28.33856964111328
2022-09-23,12.23454475402832,11.92019271850586,15.937220573425293,15.069104194641113,19.151479721069336,15.84218692779541,56.57768249511719,50.92201614379883,27.936473846435547
2022-09-26,12.154946327209473,11.45727252960205,15.272026062011719,14.799210548400879,18.738670349121094,15.49825382232666,54.72095489501953,51.03340530395508,27.976850509643555
2022-09-27,12.290265083312988,11.350443840026855,15.080297470092773,14.709247589111328,18.630403518676758,15.699317932128906,53.599918365478516,50.27592849731445,27.500957489013672
2022-09-28,12.51314640045166,11.439467430114746,15.084206581115723,14.71674633026123,18.623632431030273,15.4876708984375,53.0656623840332,50.75121307373047,27.74806022644043
2022-09-29,12.425585746765137,11.216911315917969,15.002037048339844,14.829200744628906,18.901086807250977,15.508832931518555,52.382972717285156,50.818050384521484,27.583324432373047
2022-09-30,12.369866371154785,11.617513656616211,15.072468757629395,14.874186515808105,18.98906707763672,15.768106460571289,53.846134185791016,53.498931884765625,29.413673400878906
2022-10-03,12.97482681274414,12.356405258178711,16.222858428955078,15.90127944946289,20.145414352416992,17.02743911743164,56.9487419128418,54.954490661621094,30.73152732849121
2022-10-04,12.927066802978516,12.890542984008789,15.350287437438965,15.893003463745117,20.17927360534668,16.59884262084961,57.86542510986328,56.28378677368164,30.420364379882812
2022-10-05,12.831546783447266,13.113100051879883,15.596797943115234,16.06559944152832,20.17927360534668,17.22321891784668,58.182735443115234,57.15265655517578,30.813888549804688
2022-10-06,12.855425834655762,13.20212459564209,15.87460994720459,15.735428810119629,19.813615798950195,17.8105525970459,58.76447677612305,55.867919921875,30.868799209594727
2022-10-07,12.274345397949219,13.175416946411133,15.909831047058105,15.360240936279297,19.85423469543457,17.794677734375,56.975181579589844,56.075862884521484,30.521032333374023
2022-10-10,12.099225044250488,13.211026191711426,15.678967475891113,15.127619743347168,19.644317626953125,17.593608856201172,57.59217834472656,54.947059631347656,31.363000869750977
2022-10-11,11.932063102722168,12.77481460571289,15.303333282470703,15.09010124206543,19.508882522583008,17.46133041381836,57.98881912231445,54.575748443603516,31.024377822875977
2022-10-13,11.94798469543457,12.374210357666016,15.408977508544922,14.872493743896484,19.39377212524414,17.958709716796875,58.10340881347656,53.6029052734375,30.63085174560547
2022-10-14,11.804703712463379,12.365304946899414,15.322891235351562,14.774944305419922,19.40054702758789,17.683557510375977,56.9399299621582,51.85772705078125,30.07259750366211
2022-10-17,11.876344680786133,12.596768379211426,15.452020645141602,14.879995346069336,19.556285858154297,17.66768455505371,58.43834686279297,52.67462158203125,30.75897789001465
2022-10-18,11.860424041748047,12.463232040405273,15.632014274597168,14.99255084991455,20.03706169128418,18.101573944091797,59.56657791137695,53.43952941894531,31.628395080566406
2022-10-19,11.85246467590332,12.685789108276367,16.29720687866211,15.060089111328125,20.043842315673828,18.7418270111084,60.976844787597656,52.808292388916016,31.710769653320312
2022-10-20,11.971864700317383,12.463232040405273,17.060218811035156,15.232672691345215,20.355329513549805,19.297414779663086,59.49605178833008,53.48408508300781,31.719905853271484
2022-10-21,12.186785697937012,13.024078369140625,17.482810974121094,15.555331230163574,21.03247833251953,19.958826065063477,60.068992614746094,55.051025390625,32.214107513427734
2022-10-24,12.083306312561035,12.498841285705566,15.729835510253906,14.895003318786621,20.077699661254883,18.122743606567383,59.71641540527344,53.41725540161133,31.95785140991211
2022-10-25,11.868385314941406,12.329699516296387,15.45984935760498,14.804957389831543,19.915180206298828,17.741764068603516,57.98881912231445,53.41725540161133,32.07682418823242
2022-10-26,12.019624710083008,11.733241081237793,14.912044525146484,14.159636497497559,19.488563537597656,17.307880401611328,55.864585876464844,54.60544967651367,34.75828552246094
2022-10-27,12.385786056518555,12.356405258178711,15.09986400604248,14.42226791381836,19.84746742248535,17.44016456604004,58.641075134277344,52.6597785949707,35.536190032958984
2022-10-28,12.552946090698242,12.6234769821167,15.18985652923584,14.504810333251953,20.00320816040039,17.233800888061523,59.06415939331055,50.090274810791016,35.20671463012695
2022-10-31,12.7360258102417,13.389074325561523,14.48553466796875,14.902511596679688,20.585569381713867,15.773397445678711,62.17557144165039,49.852630615234375,36.863182067871094
2022-11-01,12.568866729736328,13.46028995513916,14.829872131347656,14.985048294067383,20.63817024230957,15.799856185913086,62.21083068847656,51.367584228515625,36.066978454589844
2022-11-03,12.751946449279785,13.691750526428223,15.138985633850098,14.728904724121094,20.489118576049805,15.847479820251465,63.79738235473633,49.86747741699219,36.78996658325195
2022-11-04,13.09422779083252,13.887601852416992,15.362022399902344,14.571175575256348,20.56364631652832,14.974411010742188,64.83748626708984,53.6548957824707,37.33907699584961
2022-11-07,13.022586822509766,13.62053394317627,14.825955390930176,14.090476036071777,20.096134185791016,14.3659086227417,62.827842712402344,53.3726921081543,37.43059539794922
2022-11-08,13.325067520141602,13.647237777709961,14.896385192871094,13.95528793334961,20.03515625,14.471736907958984,62.87188720703125,54.99161911010742,37.33907699584961
2022-11-09,13.1181058883667,13.567120552062988,14.501188278198242,11.529253005981445,19.073034286499023,14.233627319335938,61.911155700683594,54.3232536315918,37.156044006347656
2022-11-10,12.728065490722656,11.848974227905273,14.215547561645508,11.191265106201172,18.713943481445312,13.820904731750488,57.23961639404297,55.36294174194336,35.90223693847656
2022-11-11,12.807666778564453,11.199105262756348,13.898602485656738,11.379037857055664,18.110916137695312,14.28125,56.69313430786133,61.118309020996094,36.597782135009766
2022-11-14,12.696226119995117,11.101180076599121,14.242937088012695,11.38654899597168,18.056705474853516,14.65693187713623,57.636253356933594,61.86834716796875,37.21095275878906
2022-11-16,12.290265083312988,11.038862228393555,13.792951583862305,11.424102783203125,17.799240112304688,14.3659086227417,53.405426025390625,61.22226333618164,35.42635726928711
2022-11-17,12.258423805236816,10.371190071105957,13.49948787689209,11.67196273803711,17.90764808654785,14.371199607849121,53.22032928466797,61.71240997314453,36.19511413574219
2022-11-18,12.43354606628418,10.567039489746094,13.452530860900879,11.724541664123535,18.04993438720703,14.127799987792969,53.07929229736328,60.026641845703125,35.948020935058594
2022-11-21,12.473345756530762,10.72728443145752,13.773390769958496,11.641918182373047,18.104143142700195,14.170133590698242,54.31328582763672,59.35084533691406,36.140201568603516
2022-11-22,12.465384483337402,10.673868179321289,13.631103515625,11.596853256225586,17.806015014648438,13.207036018371582,53.43186950683594,59.51422882080078,35.600250244140625
2022-11-23,12.51314640045166,10.673868179321289,13.799293518066406,11.514236450195312,17.623083114624023,13.269308090209961,52.34771728515625,60.10089874267578,35.6368522644043
2022-11-24,12.767867088317871,11.27032470703125,14.023541450500488,11.747074127197266,18.25320053100586,13.727842330932617,54.11937713623047,60.487060546875,36.387290954589844
2022-11-25,12.552946090698242,10.72728443145752,13.699180603027344,11.529253005981445,17.609525680541992,13.507068634033203,51.52798843383789,60.078617095947266,35.78327560424805
2022-11-28,12.664385795593262,10.753988265991211,13.947455406188965,11.514236450195312,17.291080474853516,13.790115356445312,51.60731506347656,60.37568283081055,34.31900405883789
2022-11-29,12.5449857711792,11.172396659851074,14.115642547607422,11.649428367614746,17.440134048461914,14.367531776428223,53.255577087402344,62.7075309753418,34.51118469238281
2022-11-30,12.672347068786621,11.33263874053955,14.127655029296875,11.702009201049805,17.616302490234375,15.092138290405273,52.97352600097656,63.650665283203125,35.69175338745117
2022-12-01,12.79970645904541,11.047764778137207,14.1116361618042,11.56680965423584,17.614707946777344,14.48641300201416,51.157798767089844,63.999698638916016,35.0602912902832
2022-12-02,12.998706817626953,11.30593204498291,14.427986145019531,11.558517456054688,17.852012634277344,14.667566299438477,51.889381408691406,64.46011352539062,35.3806037902832
2022-12-05,12.751946449279785,10.816304206848145,14.095621109008789,11.12986946105957,17.329946517944336,14.503398895263672,49.65056228637695,64.39330291748047,34.41051483154297
2022-12-06,12.775825500488281,10.843012809753418,14.239781379699707,11.393074989318848,17.729969024658203,14.51471996307373,49.43901824951172,65.3290023803711,34.51118469238281
2022-12-07,12.7360258102417,10.905327796936035,14.207743644714355,11.26523208618164,17.601152420043945,14.35055160522461,49.19221878051758,63.00457763671875,34.099361419677734
2022-12-08,12.49722671508789,10.451310157775879,14.027543067932129,10.941865921020508,16.984155654907227,14.027873992919922,47.30596923828125,63.776912689208984,34.04444885253906
2022-12-09,12.345985412597656,10.451310157775879,14.00752067565918,10.753861427307129,16.822492599487305,13.988248825073242,46.54795455932617,65.90082550048828,33.95293426513672
2022-12-12,12.131063461303711,10.193143844604492,13.53099250793457,10.633538246154785,16.6634578704834,13.535371780395508,45.410919189453125,63.93285369873047,33.01030731201172
2022-12-13,12.162904739379883,10.139728546142578,12.889945983886719,10.317688941955566,16.034255981445312,13.201373100280762,43.595184326171875,64.20262908935547,32.754058837890625
2022-12-14,12.04350471496582,10.486920356750488,12.570324897766113,10.535775184631348,16.103408813476562,12.154094696044922,44.26506423950195,64.74658203125,33.91632843017578
2022-12-15,11.940025329589844,10.264361381530762,12.926361083984375,10.40793228149414,16.193288803100586,12.476771354675293,44.35321044921875,64.95523071289062,33.93463897705078
2022-12-16,11.820625305175781,10.113021850585938,13.189335823059082,10.392891883850098,16.373062133789062,12.48243236541748,43.806724548339844,63.84494400024414,34.27324295043945
2022-12-19,12.123104095458984,10.76289176940918,13.330940246582031,10.678661346435547,16.863975524902344,12.669241905212402,45.5783805847168,63.613948822021484,34.93711853027344
2022-12-20,12.166930198669434,11.234712600708008,13.674832344055176,11.062187194824219,17.043745040893555,13.059849739074707,47.59684371948242,63.8971061706543,35.22123336791992
2022-12-21,12.024479866027832,11.18130111694336,13.804299354553223,11.152429580688477,17.112895965576172,13.342899322509766,46.847633361816406,64.26222229003906,35.1937370300293
2022-12-22,12.083135604858398,10.967643737792969,13.929719924926758,11.190030097961426,17.147457122802734,13.580657958984375,47.125282287597656,63.8971061706543,35.68864440917969
2022-12-23,12.250723838806152,11.907976150512695,14.273612976074219,11.385557174682617,17.417123794555664,14.220348358154297,49.701412200927734,64.32183837890625,35.28538131713867
2022-12-26,12.166930198669434,11.970414161682129,14.253379821777344,11.114828109741211,17.071401596069336,14.118451118469238,48.34228515625,64.91051483154297,35.00127029418945
2022-12-27,12.166930198669434,11.551180839538574,13.78002643585205,11.062187194824219,16.974605560302734,14.214688301086426,46.53900146484375,66.46043395996094,34.8362922668457
2022-12-28,12.19206714630127,11.952573776245117,14.026817321777344,11.400595664978027,17.320314407348633,14.039196014404297,48.226802825927734,66.3114013671875,35.468685150146484
2022-12-29,12.166930198669434,11.783097267150879,14.05109691619873,11.393074989318848,17.285741806030273,13.869370460510254,47.258541107177734,66.22944641113281,35.2945556640625
2023-01-02,11.890408515930176,10.979974746704102,13.4563570022583,11.092267990112305,16.945083618164062,12.974937438964844,45.52632141113281,66.61692810058594,34.91877746582031
2023-01-03,11.873649597167969,10.612480163574219,13.205519676208496,10.541816711425781,16.59221076965332,12.646600723266602,44.40703582763672,66.49769592285156,34.04811096191406
2023-01-04,11.94068431854248,10.693151473999023,13.375443458557129,10.571938514709473,16.6406307220459,13.048527717590332,44.931148529052734,66.61692810058594,34.2772331237793
2023-01-05,11.974202156066895,11.024789810180664,13.986358642578125,11.031253814697266,17.15957260131836,13.518385887145996,45.304237365722656,67.73465728759766,34.350555419921875
2023-01-06,11.999340057373047,11.2847261428833,14.180558204650879,11.339982032775879,17.45709991455078,13.439133644104004,46.16591262817383,68.80767059326172,34.85463333129883
2023-01-09,12.066375732421875,11.13235092163086,14.042999267578125,11.483650207519531,17.581649780273438,13.512727737426758,46.112606048583984,68.88219451904297,34.753814697265625
2023-01-10,12.18368911743164,11.52673053741455,14.281705856323242,11.828315734863281,17.920682907104492,13.637269020080566,47.59610366821289,69.73167419433594,34.414710998535156
2023-01-11,11.974202156066895,12.055562973022461,14.48399543762207,12.063316345214844,18.2320499420166,13.744828224182129,48.875274658203125,69.48577880859375,35.377044677734375
2023-01-12,11.814993858337402,11.983858108520508,14.39094066619873,11.781316757202148,17.97603988647461,13.942961692810059,48.44000244140625,69.85090637207031,35.2945556640625
2023-01-13,11.630646705627441,11.79563045501709,14.423307418823242,11.742148399353027,17.886085510253906,13.9089937210083,47.71158218383789,69.91050720214844,35.71614456176758
2023-01-16,11.060845375061035,11.607400894165039,14.407124519348145,11.381816864013672,17.692354202270508,13.608963966369629,47.74711608886719,68.74061584472656,34.54302215576172
2023-01-17,11.613886833190918,11.661179542541504,15.252693176269531,11.460150718688965,18.059078216552734,14.446786880493164,49.38161087036133,68.65119171142578,35.11124801635742
2023-01-18,11.546852111816406,11.723922729492188,15.471172332763672,11.63248348236084,18.384275436401367,14.192046165466309,51.47804641723633,69.55282592773438,34.81797409057617
2023-01-19,11.429539680480957,11.625328063964844,15.823158264160156,11.655982971191406,18.384275436401367,14.656243324279785,50.554203033447266,69.85090637207031,34.74464797973633
2023-01-20,11.33736515045166,11.446063995361328,16.2115535736084,11.49148178100586,18.059078216552734,14.927967071533203,49.03517532348633,70.03718566894531,34.21308135986328
2023-01-23,11.24519157409668,11.33850383758545,16.090179443359375,11.005820274353027,17.505535125732422,15.165732383728027,50.038978576660156,70.2681884765625,34.24974060058594
2023-01-24,11.404400825500488,11.508804321289062,16.009262084960938,11.123318672180176,17.6646785736084,15.058173179626465,51.726783752441406,71.01335144042969,34.10309600830078
2023-01-25,11.488195419311523,11.750812530517578,16.44621467590332,11.044983863830566,17.726945877075195,15.250645637512207,52.57956314086914,71.6839828491211,35.48701858520508
2023-01-26,11.513334274291992,11.759777069091797,16.438121795654297,11.076318740844727,17.623157501220703,14.860039710998535,52.668392181396484,73.02526092529297,35.019596099853516
2023-01-27,11.437918663024902,11.39228343963623,16.256057739257812,10.747316360473633,17.249530792236328,14.503398895263672,52.26865005493164,71.02823638916016,34.74464797973633
2023-01-30,11.33736515045166,11.53569507598877,16.51094627380371,10.802146911621094,17.25644874572754,14.57698917388916,51.96662521362305,70.77489471435547,34.23141098022461
2023-01-31,11.44629955291748,11.616364479064941,16.46643829345703,10.982317924499512,17.526290893554688,14.758137702941895,52.59733200073242,70.4246597290039,35.04710388183594
2023-02-01,11.044086456298828,11.57154655456543,16.268190383911133,10.770820617675781,17.296175003051758,14.554346084594727,51.99327087402344,69.64225769042969,35.18457794189453
2023-02-02,10.985430717468262,11.652217864990234,15.960713386535645,10.93474292755127,17.455427169799805,13.880692481994629,53.432350158691406,66.42317962646484,34.863800048828125
2023-02-03,10.876496315002441,10.854488372802734,15.859566688537598,10.691570281982422,17.393108367919922,14.03353500366211,51.46028137207031,66.28160095214844,34.74464797973633
2023-02-06,10.910016059875488,10.854488372802734,15.948577880859375,10.65235424041748,17.4000301361084,14.593974113464355,51.35369110107422,65.45448303222656,34.43304443359375
2023-02-07,10.85973834991455,10.65729808807373,15.730104446411133,10.589599609375,16.998437881469727,14.503398895263672,50.891761779785156,65.88667297363281,34.524688720703125
2023-02-08,11.052465438842773,10.863452911376953,16.102313995361328,11.107312202453613,18.404014587402344,14.746814727783203,52.011043548583984,66.1102066040039,34.51552963256836
2023-02-09,10.910016059875488,10.442179679870605,16.017356872558594,10.824923515319824,17.9470272064209,14.678885459899902,50.340999603271484,65.86432647705078,34.80880355834961
2023-02-10,10.775943756103516,10.576627731323242,16.332929611206055,9.938532829284668,17.863941192626953,15.126103401184082,50.46536636352539,64.67950439453125,35.377044677734375
2023-02-13,11.002188682556152,10.684187889099121,16.425981521606445,10.291520118713379,18.49403190612793,15.171391487121582,50.27882385253906,64.61245727539062,35.35871505737305
2023-02-14,10.893256187438965,10.253950119018555,16.810331344604492,10.385650634765625,18.265533447265625,15.114781379699707,49.26613998413086,64.90306091308594,35.15707778930664
2023-02-15,11.085983276367188,10.388397216796875,16.96407699584961,10.793545722961426,18.535566329956055,15.13742446899414,50.29658889770508,66.31886291503906,35.633663177490234
2023-02-16,10.960290908813477,10.191206932067871,17.15422821044922,10.997496604919434,18.67405128479004,15.199698448181152,51.602413177490234,66.46043395996094,35.542015075683594
2023-02-17,11.060845375061035,9.886459350585938,17.32415008544922,10.93474292755127,18.611732482910156,14.967596054077148,51.247093200683594,65.59605407714844,36.31186294555664
2023-02-22,11.069223403930664,9.725120544433594,16.895292282104492,10.824923515319824,18.265533447265625,14.582651138305664,49.33720397949219,65.09680938720703,35.395912170410156
2023-02-23,11.102742195129395,9.662376403808594,17.032852172851562,10.777859687805176,18.33477020263672,15.029866218566895,49.15065383911133,64.79129028320312,36.170204162597656
2023-02-24,11.161397933959961,9.344649314880371,16.705543518066406,10.432717323303223,17.77393341064453,14.66190242767334,48.85750961303711,63.3680419921875,35.81993103027344
2023-02-27,11.228432655334473,9.497544288635254,16.478567123413086,10.330740928649902,17.54543685913086,14.803425788879395,48.6976203918457,63.3680419921875,35.764625549316406
2023-02-28,11.220053672790527,9.488550186157227,16.631263732910156,10.26014518737793,17.607759475708008,14.288280487060547,49.292789459228516,63.57669448852539,36.096458435058594
2023-03-01,11.287089347839355,9.443580627441406,16.094772338867188,10.181703567504883,17.322044372558594,14.322244644165039,47.365142822265625,66.46788024902344,36.29925537109375
2023-03-02,11.002188682556152,9.524524688720703,15.446849822998047,10.047351837158203,16.753881454467773,13.948620796203613,47.20524978637695,66.31886291503906,36.096458435058594
2023-03-03,10.985430717468262,9.461570739746094,15.6201810836792,10.10234260559082,16.774667739868164,14.548685073852539,47.03645706176758,66.54240417480469,35.80149459838867
2023-03-06,11.312227249145508,9.857300758361816,15.975091934204102,10.440130233764648,17.15574836730957,14.695869445800781,47.382904052734375,64.1951675415039,36.34532928466797
2023-03-07,11.253572463989258,9.938246726989746,16.342384338378906,10.683658599853516,17.204256057739258,14.209027290344238,47.44508361816406,63.584144592285156,36.49281311035156
2023-03-08,11.41278076171875,10.477876663208008,16.50745391845703,11.013596534729004,17.419050216674805,14.390177726745605,49.74583053588867,64.16536712646484,37.01823043823242
2023-03-09,11.396021842956543,10.414921760559082,16.148418426513672,10.974315643310547,17.086463928222656,14.32790756225586,49.71030044555664,63.323333740234375,36.74169158935547
2023-03-10,11.32060718536377,10.127117156982422,15.843031883239746,10.6600923538208,16.677669525146484,14.141094207763672,48.77756118774414,63.114681243896484,36.446739196777344
2023-03-13,11.404400825500488,10.208062171936035,15.743986129760742,10.542257308959961,16.476726531982422,13.693879127502441,48.626548767089844,63.37549591064453,36.67717361450195
2023-03-14,11.689302444458008,10.289006233215332,15.624038696289062,10.479413986206055,16.421297073364258,13.450458526611328,46.645591735839844,63.95246505737305,37.110408782958984
2023-03-15,11.747958183288574,10.378945350646973,15.640703201293945,10.628669738769531,16.379732131958008,13.21269702911377,46.99204635620117,62.02581787109375,36.93526840209961
2023-03-16,11.949064254760742,10.666748046875,15.807313919067383,10.92718505859375,16.649944305419922,13.167407989501953,49.55928039550781,62.2542610168457,37.14727020263672
2023-03-17,11.915547370910645,10.163092613220215,15.536567687988281,10.471556663513184,16.17186164855957,13.308934211730957,47.73822784423828,63.00056076049805,36.75091552734375
2023-03-20,11.831751823425293,10.055166244506836,15.449097633361816,10.29088020324707,16.21343231201172,12.980596542358398,47.13417434692383,63.518402099609375,36.64314270019531
2023-03-21,11.689302444458008,10.046172142028809,15.63237190246582,10.322298049926758,16.546018600463867,13.246663093566895,46.25474166870117,62.985328674316406,36.883113861083984
2023-03-22,11.689302444458008,9.92924976348877,15.6698579788208,10.228031158447266,16.44901466369629,13.207036018371582,46.19255447387695,62.200950622558594,36.47699737548828
2023-03-23,11.546852111816406,9.371627807617188,15.4990816116333,9.874530792236328,16.04021644592285,12.907002449035645,44.469215393066406,60.601768493652344,36.818511962890625
2023-03-24,11.63902473449707,9.497544288635254,15.657365798950195,9.98451042175293,16.27288246154785,12.90134334564209,45.561851501464844,59.908790588378906,37.390769958496094
2023-03-27,11.6725435256958,9.524524688720703,15.665691375732422,10.165186882019043,16.553207397460938,13.122121810913086,46.077083587646484,59.809791564941406,38.01841735839844
2023-03-28,12.225584983825684,9.605472564697266,15.773990631103516,10.1494779586792,16.630292892456055,13.354222297668457,47.48061752319336,60.441856384277344,38.18455123901367
2023-03-29,12.409934043884277,9.524275779724121,15.95726490020752,10.20446491241455,16.791488647460938,13.529709815979004,47.56406021118164,61.30998611450195,38.51682662963867
2023-03-30,12.418312072753906,9.768486976623535,16.24883460998535,10.51083755493164,17.254018783569336,13.569336891174316,49.26533889770508,62.30757141113281,38.636817932128906
2023-03-31,12.007719039916992,9.361467361450195,16.29049301147461,10.345865249633789,17.338125228881836,13.274967193603516,47.81476593017578,61.14244842529297,37.42768478393555
2023-04-03,12.007719039916992,9.569499015808105,16.098886489868164,10.086630821228027,16.852561950683594,13.863707542419434,46.65074157714844,61.15768051147461,36.54160690307617
2023-04-04,12.09151554107666,9.79561996459961,16.365463256835938,10.313973426818848,17.189193725585938,13.739167213439941,47.626739501953125,59.42902374267578,36.578529357910156
2023-04-05,12.066375732421875,9.759442329406738,16.307151794433594,10.400514602661133,17.1751651763916,13.784454345703125,47.28648376464844,58.55328369140625,35.76629638671875
2023-04-06,12.09151554107666,9.678037643432617,16.25299835205078,10.2510347366333,17.119060516357422,13.586319923400879,46.77609634399414,58.44667434692383,35.63706588745117
2023-04-10,12.116652488708496,9.86798095703125,16.26133155822754,10.369048118591309,17.301406860351562,13.875031471252441,46.58806228637695,59.57371139526367,35.43401336669922
2023-04-11,12.384793281555176,10.519213676452637,16.63620948791504,10.911886215209961,17.862457275390625,14.526041030883789,50.859161376953125,62.71880340576172,36.080116271972656
2023-04-12,12.368035316467285,10.727245330810547,17.79416275024414,10.856816291809082,17.981679916381836,14.633599281311035,51.48594284057617,61.378509521484375,36.680057525634766
2023-04-13,12.225584983825684,10.618708610534668,17.785829544067383,10.86468505859375,17.981679916381836,14.73549747467041,51.888877868652344,60.548465728759766,36.33855056762695
2023-04-14,12.275861740112305,10.826739311218262,18.089900970458984,10.848949432373047,18.241165161132812,14.888343811035156,51.42326736450195,60.015403747558594,35.7755126953125
2023-04-17,12.35965633392334,10.871964454650879,18.13155174255371,10.80174446105957,18.206098556518555,15.120438575744629,51.82620620727539,59.29957962036133,36.44008255004883
2023-04-18,12.259103775024414,10.754380226135254,18.164871215820312,10.730938911437988,18.19207000732422,15.505385398864746,50.921836853027344,59.809791564941406,36.246246337890625
2023-04-19,12.217206001281738,10.48303508758545,17.952442169189453,10.534258842468262,17.904531478881836,15.007225036621094,49.11311340332031,58.06590270996094,36.09857177734375
2023-04-20,12.233964920043945,10.546348571777344,18.123218536376953,10.628666877746582,17.953624725341797,15.109121322631836,50.608455657958984,56.855098724365234,37.150787353515625
2023-04-24,12.01609992980957,10.636796951293945,18.085731506347656,10.54212474822998,17.792320251464844,15.397829055786133,50.59053421020508,54.798988342285156,37.24309158325195
2023-04-25,11.974202156066895,10.672974586486816,17.919116973876953,10.7781400680542,17.953624725341797,15.335558891296387,50.32191848754883,53.3064079284668,37.41845703125
2023-04-26,11.907166481018066,10.175507545471191,17.773332595825195,10.620798110961914,17.771282196044922,15.143087387084961,50.680084228515625,53.51201629638672,37.021568298339844
2023-04-27,11.865269660949707,10.383540153503418,17.79416275024414,10.825345039367676,18.086877822875977,14.775120735168457,51.611305236816406,54.64668655395508,37.24309158325195
2023-04-28,11.865269660949707,10.564437866210938,17.852476119995117,10.89615249633789,18.17804527282715,15.113202095031738,51.942604064941406,55.13405227661133,37.953792572021484
2023-05-02,11.949064254760742,10.247867584228516,17.4276123046875,10.738804817199707,17.474605560302734,14.501020431518555,50.16969299316406,52.956111907958984,37.676902770996094
2023-05-03,12.217206001281738,10.410675048828125,17.37346839904785,10.832535743713379,17.446535110473633,14.450006484985352,50.7248420715332,52.54487609863281,36.827754974365234
2023-05-04,12.259103775024414,10.700111389160156,17.569236755371094,11.08464241027832,17.58689308166504,14.679574966430664,51.57548522949219,50.91523361206055,36.2739372253418
2023-05-05,12.141791343688965,11.297075271606445,18.01491928100586,11.636115074157715,18.239561080932617,15.304508209228516,52.247047424316406,52.575347900390625,36.20009994506836
2023-05-08,12.158550262451172,11.251851081848145,17.944114685058594,12.069416999816895,18.492198944091797,15.629728317260742,52.09482192993164,53.28356170654297,36.181644439697266
2023-05-09,12.150171279907227,11.360390663146973,17.889963150024414,11.951241493225098,18.604490280151367,15.680744171142578,52.76638412475586,53.831851959228516,36.79081726074219
2023-05-10,12.066375732421875,11.351344108581543,18.123218536376953,11.974876403808594,18.878185272216797,15.642481803894043,53.76923370361328,52.81903839111328,36.320091247558594
2023-05-11,12.150171279907227,11.55937671661377,18.493934631347656,12.13244342803955,19.060657501220703,16.216402053833008,55.37201690673828,51.79098129272461,36.29240417480469
2023-05-12,12.10827350616455,11.604601860046387,18.42312240600586,12.187589645385742,18.88520622253418,16.739307403564453,55.09443283081055,51.84428405761719,35.91396713256836
2023-05-15,12.250723838806152,11.758363723754883,18.51059341430664,12.376663208007812,18.95538330078125,16.36307144165039,54.852684020996094,52.590579986572266,36.5877571105957
2023-05-16,12.233964920043945,11.586512565612793,17.977434158325195,12.384543418884277,18.892223358154297,16.77119255065918,54.736270904541016,51.50921630859375,36.64314270019531
2023-05-17,12.200447082519531,12.04780101776123,18.006593704223633,12.329397201538086,19.081708908081055,16.36307144165039,55.739131927490234,53.21501922607422,36.42162322998047
2023-05-18,12.19206714630127,12.20156478881836,17.99409294128418,12.36878776550293,19.01152992248535,16.458723068237305,56.35696792602539,53.291175842285156,36.2739372253418
2023-05-19,12.217206001281738,12.264878273010254,18.34398078918457,12.668161392211914,18.857133865356445,16.433218002319336,56.688270568847656,52.704811096191406,37.040035247802734
2023-05-22,12.250723838806152,12.111115455627441,18.102392196655273,12.542107582092285,18.499221801757812,16.337566375732422,56.688270568847656,51.859519958496094,37.2523307800293
2023-05-23,12.225584983825684,11.9483060836792,18.527252197265625,12.644524574279785,18.646596908569336,16.739307403564453,56.41069412231445,50.6867790222168,37.12310028076172
2023-05-24,12.284241676330566,11.631735801696777,18.58139991760254,12.258492469787598,18.54132843017578,16.994380950927734,56.12416076660156,49.53688049316406,36.753902435302734
2023-05-25,12.351277351379395,11.921173095703125,18.60222625732422,12.69966983795166,19.123817443847656,16.866846084594727,57.25236892700195,49.38457489013672,36.033958435058594
2023-05-26,12.368035316467285,12.355327606201172,18.493934631347656,12.69966983795166,18.976444244384766,17.09003448486328,57.520992279052734,50.51163101196289,36.4677619934082
2023-05-29,12.368035316467285,12.237743377685547,18.460609436035156,12.715431213378906,18.892223358154297,17.0198917388916,57.51203536987305,50.13086700439453,35.88628387451172
2023-05-30,12.133410453796387,12.074935913085938,18.618892669677734,12.36878776550293,18.62554168701172,16.828580856323242,56.59872817993164,48.95051193237305,35.38785934448242
2023-05-31,12.074755668640137,12.04780101776123,18.5855655670166,12.219099044799805,18.478168487548828,16.65640640258789,55.55109405517578,48.59260177612305,34.71406936645508
2023-06-01,11.932304382324219,12.934199333190918,18.63555145263672,12.43181324005127,18.750396728515625,17.192066192626953,58.67606735229492,49.62065124511719,34.3264045715332
2023-06-02,12.116652488708496,13.042739868164062,18.96510124206543,12.446779251098633,19.024280548095703,17.332353591918945,59.231224060058594,51.7376708984375,34.769447326660156
2023-06-05,12.074755668640137,13.07891845703125,19.08379364013672,12.880599975585938,19.06641960144043,17.51728630065918,59.5356559753418,51.31121826171875,34.73252868652344
2023-06-06,12.418312072753906,13.033692359924316,19.304218292236328,13.085685729980469,19.199848175048828,17.887142181396484,60.70865249633789,51.478755950927734,35.25863265991211
2023-06-07,12.443450927734375,13.332176208496094,19.295740127563477,13.077796936035156,19.25602912902832,18.410045623779297,60.48480224609375,52.2935791015625,35.21249771118164
2023-06-09,12.686453819274902,13.295995712280273,20.236787796020508,13.298653602600098,19.52288818359375,19.309188842773438,61.04889678955078,52.057518005371094,34.88943862915039
2023-06-12,12.70321273803711,13.47689437866211,20.97012710571289,13.188220977783203,19.31220817565918,19.647159576416016,60.19826889038086,51.11323547363281,34.84327697753906
2023-06-13,12.795387268066406,13.214591979980469,20.751867294311523,13.203997611999512,19.529905319213867,19.608827590942383,58.93574142456055,51.653907775878906,34.47408676147461
2023-06-14,12.845663070678711,13.76633071899414,20.85430335998535,13.290763854980469,19.796772003173828,20.451339721679688,60.06394958496094,52.560115814208984,34.95405197143555
2023-06-15,12.728349685668945,13.305041313171387,21.2811222076416,13.330202102661133,20.056602478027344,19.968935012817383,59.66997146606445,52.971336364746094,34.92635726928711
2023-06-16,12.62779712677002,13.223636627197266,21.123197555541992,13.369641304016113,20.119808197021484,20.138792037963867,58.273136138916016,53.05509948730469,34.93558120727539
2023-06-19,12.66131591796875,13.386445045471191,21.515871047973633,13.606271743774414,20.393688201904297,20.66876220703125,60.5474739074707,52.8494987487793,34.769447326660156
2023-06-20,12.686453819274902,13.323128700256348,21.51160430908203,13.637821197509766,20.383975982666016,20.770681381225586,60.05499267578125,51.48637390136719,34.104888916015625
2023-06-21,12.803766250610352,13.241726875305176,22.190244674682617,13.606271743774414,20.58243751525879,21.640371322631836,60.33256149291992,50.968544006347656,33.64338684082031
2023-06-22,13.030010223388672,12.843750953674316,21.767688751220703,13.251322746276855,20.383975982666016,21.36859130859375,60.753414154052734,50.69438934326172,33.59723663330078
2023-06-23,12.979734420776367,13.051783561706543,21.776229858398438,13.085685729980469,20.320194244384766,20.492107391357422,60.44002151489258,50.184173583984375,33.781837463378906
2023-06-26,12.854043006896973,12.708077430725098,21.82744789123535,13.0225830078125,20.29184341430664,20.954126358032227,60.44002151489258,50.29079055786133,33.65083312988281
2023-06-27,12.887560844421387,12.717123031616211,21.426239013671875,13.06800651550293,20.065040588378906,20.79106330871582,59.60728073120117,50.892391204833984,33.74327850341797
2023-06-28,12.75348949432373,12.722005844116211,21.165878295898438,12.852466583251953,19.95163917541504,20.988101959228516,59.41030502319336,49.28558349609375,33.81724166870117
2023-06-29,12.75348949432373,13.351265907287598,21.36221694946289,12.908347129821777,20.19261360168457,21.08322525024414,61.156349182128906,49.887184143066406,34.0576057434082
2023-06-30,12.912697792053223,13.323905944824219,21.084787368774414,13.131871223449707,20.143003463745117,20.064054489135742,61.33542251586914,48.90481948852539,34.898860931396484
2023-07-03,12.912697792053223,13.615738868713379,21.50733184814453,13.299507141113281,20.53848648071289,20.4377498626709,62.216007232666016,50.43547821044922,34.84340286254883
2023-07-04,12.686453819274902,13.442462921142578,21.370752334594727,13.218766212463379,20.41082763671875,20.485309600830078,62.05401611328125,50.184173583984375,34.38116455078125
2023-07-05,12.745109558105469,13.433341026306152,21.229904174804688,13.242744445800781,20.58812713623047,20.458133697509766,62.89100646972656,49.742488861083984,34.66773986816406
2023-07-06,12.426691055297852,12.93175983428955,20.91832733154297,12.923067092895508,20.283174514770508,20.14558982849121,62.32400894165039,49.38457489013672,34.103824615478516
2023-07-07,12.443450927734375,13.09591293334961,21.323802947998047,13.010976791381836,20.666152954101562,20.043670654296875,63.125,49.84910202026367,34.20552444458008
2023-07-10,12.577521324157715,12.840561866760254,20.931129455566406,13.018965721130371,20.531400680541992,20.077640533447266,62.75600051879883,49.087581634521484,33.54914093017578
2023-07-11,12.259103775024414,12.703765869140625,20.632356643676758,13.026962280273438,20.169706344604492,19.805864334106445,62.522010803222656,50.70200729370117,33.234825134277344
2023-07-12,12.309379577636719,12.995596885681152,20.2994384765625,12.907078742980957,20.049144744873047,19.8194522857666,63.179012298583984,51.05992126464844,33.336517333984375
2023-07-13,12.368035316467285,13.27830982208252,20.49150848388672,13.226757049560547,20.268991470336914,20.131996154785156,63.10699462890625,52.247901916503906,33.336517333984375
2023-07-14,12.351277351379395,13.177992820739746,20.35492515563965,13.130855560302734,20.056230545043945,19.737918853759766,61.63102340698242,52.247901916503906,33.28104019165039
2023-07-17,12.418312072753906,13.305668830871582,20.534191131591797,13.26672077178955,20.446292877197266,19.69715118408203,62.441009521484375,51.66913604736328,32.633914947509766
2023-07-18,12.292619705200195,13.415103912353516,20.60247802734375,13.242744445800781,20.049144744873047,19.588438034057617,62.31502151489258,51.341678619384766,33.2255744934082
2023-07-19,12.259103775024414,13.314787864685059,20.243955612182617,13.19478988647461,19.836376190185547,19.771888732910156,62.51301193237305,51.20460891723633,35.046791076660156
2023-07-20,12.502106666564941,13.323905944824219,20.465900421142578,13.20278549194336,20.20516014099121,19.79227638244629,62.98099899291992,51.318843841552734,35.27790832519531
2023-07-21,12.820524215698242,13.834611892700195,20.709184646606445,13.634346961975098,20.566862106323242,20.165969848632812,63.295989990234375,51.63106155395508,35.95277404785156
2023-07-24,12.669693946838379,13.770772933959961,20.303707122802734,13.26672077178955,20.240623474121094,20.587230682373047,62.594017028808594,53.192176818847656,38.546546936035156
2023-07-25,12.594280242919922,13.670456886291504,20.197002410888672,13.218766212463379,20.283174514770508,21.062841415405273,61.34303283691406,54.83706283569336,37.58149719238281
2023-07-26,12.552382469177246,13.633977890014648,20.36773109436035,13.354632377624512,20.396648406982422,21.062841415405273,61.24402618408203,54.64668655395508,37.562931060791016
2023-07-27,12.317758560180664,13.314787864685059,19.94945526123047,13.050933837890625,19.942758560180664,19.968935012817383,59.534053802490234,53.62623977661133,37.442298889160156
2023-07-28,12.535623550415039,13.424223899841309,20.179931640625,13.19478988647461,20.240623474121094,20.22032928466797,60.06504821777344,51.5015983581543,37.41446304321289
2023-07-31,12.45182991027832,13.588377952575684,20.568336486816406,13.31467056274414,20.311542510986328,21.1375789642334,60.497047424316406,52.66673278808594,37.04328536987305
2023-08-01,12.552382469177246,13.442462921142578,20.21407699584961,13.282703399658203,20.373748779296875,20.79106330871582,60.749027252197266,51.9356689453125,36.98760986328125
2023-08-02,12.611039161682129,13.46982192993164,20.303707122802734,13.337884902954102,20.30987548828125,20.74350357055664,60.884033203125,51.09038162231445,37.145355224609375
2023-08-03,12.259103775024414,13.561018943786621,20.337858200073242,13.241877555847168,20.15375518798828,21.008485794067383,60.047054290771484,51.41022491455078,37.51652908325195
2023-08-04,12.326138496398926,13.415103912353516,20.231149673461914,12.361750602722168,19.78474998474121,20.383394241333008,60.31703567504883,51.44829559326172,37.90626525878906
2023-08-07,12.301000595092773,13.342146873474121,20.197002410888672,12.2737398147583,19.628618240356445,20.512487411499023,59.75005340576172,51.707218170166016,37.98051071166992
2023-08-08,12.150171279907227,13.214471817016602,20.056156158447266,12.32974910736084,19.58604621887207,20.53287124633789,59.73204803466797,51.37214660644531,37.72996139526367
2023-08-09,12.049617767333984,13.041194915771484,19.945178985595703,12.265739440917969,19.515077590942383,20.695938110351562,59.5970573425293,50.907615661621094,37.841312408447266
2023-08-10,12.041236877441406,13.013836860656738,20.04762077331543,12.369754791259766,19.578950881958008,20.811445236206055,59.8940544128418,50.30601119995117,37.34022903442383
2023-08-11,12.032857894897461,12.949999809265137,20.265295028686523,12.29774284362793,19.614437103271484,20.763885498046875,59.94804763793945,49.887184143066406,36.93193817138672
2023-08-14,12.007719039916992,12.867919921875,20.064687728881836,12.233735084533691,19.3305721282959,20.818239212036133,57.84208679199219,48.56018829345703,36.477237701416016
2023-08-15,11.898787498474121,12.785844802856445,19.95798683166504,12.265739440917969,19.22412872314453,20.967716217041016,58.490074157714844,48.08164978027344,36.514366149902344
2023-08-16,11.88202953338623,12.594330787658691,20.128711700439453,12.201729774475098,19.209938049316406,21.42974090576172,57.680084228515625,47.893367767333984,34.899749755859375
2023-08-17,11.915547370910645,12.247780799865723,20.316509246826172,12.073711395263672,18.982851028442383,21.361797332763672,56.4741096496582,48.568031311035156,34.25019073486328
2023-08-18,12.032857894897461,12.457533836364746,20.397607803344727,12.153724670410156,19.131877899169922,21.416154861450195,56.672096252441406,48.0267333984375,33.647029876708984
2023-08-21,11.990962028503418,12.293378829956055,20.32505226135254,12.065710067749023,19.053817749023438,21.26667594909668,56.249107360839844,48.08948516845703,33.44288635253906
2023-08-22,12.083135604858398,12.639927864074707,20.831274032592773,12.145720481872559,19.35186767578125,21.59064483642578,58.22908020019531,49.09364700317383,33.841896057128906
2023-08-23,12.10827350616455,12.949999809265137,20.92246437072754,12.313746452331543,19.593141555786133,22.740358352661133,59.75904846191406,49.45451354980469,33.82334518432617
2023-08-24,11.890408515930176,12.484891891479492,20.648887634277344,12.017706871032715,19.36606216430664,22.705087661743164,58.9760627746582,48.79553985595703,33.387210845947266
2023-08-25,11.722819328308105,12.302499771118164,20.37965202331543,11.865684509277344,19.060909271240234,22.54991340637207,56.708099365234375,48.69355773925781,33.73982620239258
2023-08-28,11.907166481018066,12.33897876739502,20.965896606445312,12.249735832214355,19.706687927246094,22.803842544555664,56.57310485839844,49.39175033569336,33.98108673095703
2023-08-29,11.949064254760742,12.375455856323242,21.08314323425293,12.393757820129395,20.0189266204834,22.853212356567383,57.27508544921875,50.96858596801758,33.86046600341797
2023-08-30,11.88202953338623,12.056266784667969,20.779165267944336,12.129721641540527,19.635719299316406,23.008386611938477,57.12208557128906,50.97643280029297,33.68415069580078
2023-08-31,11.597128868103027,11.791793823242188,20.45347023010254,11.961697578430176,19.465402603149414,22.528751373291016,56.92409133911133,51.05488586425781,33.29441833496094
2023-09-01,11.62226676940918,11.83739185333252,20.592435836791992,11.993700981140137,19.6341552734375,23.015443801879883,57.3560905456543,54.04380416870117,33.359375
2023-09-04,11.613886833190918,11.910350799560547,20.52729606628418,11.936799049377441,19.45663070678711,22.775625228881836,57.014095306396484,54.44390106201172,33.52640914916992
2023-09-05,11.739578247070312,11.645879745483398,20.45347023010254,11.680438995361328,19.165498733520508,23.537397384643555,55.98811340332031,54.20853805541992,33.32225799560547
2023-09-06,11.71444034576416,11.436125755310059,20.314510345458984,11.52021312713623,18.980873107910156,23.643203735351562,54.53013610839844,53.33775329589844,32.98820114135742
2023-09-08,11.479816436767578,11.436125755310059,20.253713607788086,11.52021312713623,19.0092716217041,23.558561325073242,54.31414031982422,52.3336067199707,32.84900665283203
2023-09-11,11.62226676940918,11.773555755615234,20.575061798095703,11.736516952514648,19.492141723632812,23.537397384643555,55.11512756347656,53.08672332763672,32.73765182495117
2023-09-12,11.488195419311523,12.001547813415527,20.686237335205078,11.880722999572754,19.60576057434082,23.650251388549805,55.952110290527344,53.0474967956543,33.080989837646484
2023-09-13,11.429539680480957,12.047146797180176,20.668739318847656,11.928789138793945,19.705167770385742,23.297576904296875,56.636104583740234,52.84352493286133,34.26875305175781
2023-09-14,11.33736515045166,12.129223823547363,20.725595474243164,11.976856231689453,19.62706184387207,23.890071868896484,55.63711929321289,55.008731842041016,33.480010986328125
2023-09-15,11.24519157409668,12.038026809692383,20.795570373535156,11.9528226852417,19.584449768066406,23.904176712036133,54.26913833618164,54.5537223815918,33.49855422973633
2023-09-18,11.220053672790527,11.928589820861816,20.708101272583008,11.9528226852417,19.534746170043945,24.073461532592773,53.96314239501953,53.91044235229492,33.21090316772461
2023-09-19,11.253572463989258,11.782674789428711,20.677486419677734,11.816629409790039,19.476877212524414,24.129886627197266,53.909141540527344,54.012420654296875,33.387210845947266
2023-09-20,11.287089347839355,11.974187850952148,20.86117172241211,11.86469841003418,19.806751251220703,24.18631935119629,53.77415084838867,54.373291015625,33.21090316772461
2023-09-21,11.094362258911133,11.48172378540039,20.384469985961914,11.424078941345215,19.354969024658203,23.812484741210938,52.658164978027344,52.9533576965332,32.45927810668945
2023-09-22,10.993809700012207,11.339824676513672,20.419456481933594,11.335952758789062,19.304767608642578,24.0029239654541,52.33416748046875,53.345603942871094,32.09737014770508
2023-09-25,11.077604293823242,11.349021911621094,20.301374435424805,11.303909301757812,19.36213493347168,24.158100128173828,52.08217239379883,52.247310638427734,33.5844841003418
2023-09-26,10.926774024963379,11.100704193115234,20.01272964477539,11.18373966217041,19.075288772583008,23.60087776184082,51.605186462402344,51.43143081665039,33.53800964355469
2023-09-27,10.868118286132812,11.063915252685547,20.187664031982422,11.151695251464844,19.039432525634766,24.348548889160156,50.93019104003906,51.541263580322266,33.482242584228516
2023-09-28,10.876496315002441,11.229459762573242,20.834928512573242,11.41606616973877,19.541414260864258,24.299169540405273,51.84195327758789,52.32575607299805,33.82616424560547
2023-09-29,10.985430717468262,11.303035736083984,20.63375473022461,11.456124305725098,19.512727737426758,24.433185577392578,53.14889144897461,53.01612091064453,33.71462631225586
2023-10-02,10.968671798706055,11.036325454711914,20.576902389526367,11.2958984375,19.33165168762207,24.066402435302734,51.279239654541016,52.55326461791992,33.60308074951172
2023-10-03,10.935153007507324,10.567279815673828,20.314495086669922,11.158699989318848,19.08767318725586,23.96060562133789,50.008602142333984,52.23162078857422,32.69212341308594
2023-10-04,11.069223403930664,10.907567977905273,20.46756362915039,11.535737991333008,19.525394439697266,23.008386611938477,50.40795135498047,51.67463302612305,32.68281936645508
2023-10-05,10.801082611083984,10.788008689880371,20.528789520263672,11.58387279510498,19.833959579467773,23.085975646972656,50.371646881103516,51.69816589355469,32.51551055908203
2023-10-06,11.052465438842773,10.88917350769043,21.36411476135254,11.607934951782227,20.020532608032227,23.636146545410156,49.51850509643555,52.4512825012207,32.34819793701172
2023-10-09,11.035706520080566,10.833993911743164,21.250404357910156,11.503647804260254,19.84830093383789,24.651845932006836,49.64556884765625,52.0747184753418,32.39466094970703
2023-10-10,11.102742195129395,11.082310676574707,21.21541976928711,11.632002830505371,19.826784133911133,24.83523178100586,50.88896942138672,52.38852310180664,32.81296920776367
2023-10-11,11.136259078979492,11.063915252685547,21.416595458984375,11.80046558380127,20.077932357788086,24.771753311157227,50.453330993652344,52.84352493286133,32.69212341308594
2023-10-13,10.876496315002441,10.668449401855469,21.350994110107422,11.623980522155762,19.869834899902344,25.58995246887207,48.81964874267578,52.239463806152344,32.10650634765625
2023-10-16,10.901636123657227,10.797205924987793,21.783960342407227,11.744314193725586,19.898540496826172,25.87209701538086,48.42030715942383,52.79646682739258,32.20875930786133
2023-10-17,10.725667953491211,10.364949226379395,21.587158203125,11.623980522155762,19.604324340820312,26.57037925720215,48.09357452392578,53.22793197631836,31.864818572998047
2023-10-18,10.499422073364258,10.236191749572754,21.482192993164062,11.519695281982422,19.1953067779541,27.1699275970459,46.35098648071289,51.2745361328125,31.874122619628906
2023-10-19,10.491044998168945,10.116629600524902,21.648386001586914,11.575849533081055,19.417762756347656,27.042964935302734,46.35098648071289,50.537113189697266,31.54878044128418
2023-10-20,10.46590518951416,10.254585266113281,21.578414916992188,11.35925006866455,19.34600067138672,26.69734764099121,46.28746032714844,49.172096252441406,31.427942276000977
2023-10-23,10.457525253295898,10.40173625946045,21.547794342041016,11.375297546386719,19.367525100708008,24.933982849121094,46.94092559814453,49.07795715332031,31.511598587036133
2023-10-24,10.491044998168945,10.668449401855469,21.44721031188965,11.375297546386719,19.367525100708008,25.307815551757812,47.748687744140625,50.19977951049805,32.54339599609375
2023-10-25,10.4240083694458,10.613266944885254,21.451583862304688,11.343209266662598,19.403409957885742,25.441831588745117,46.614192962646484,50.152713775634766,29.252803802490234
2023-10-26,10.58321762084961,10.788008689880371,21.897666931152344,11.632002830505371,19.88418960571289,25.180850982666016,47.41287612915039,51.227474212646484,30.358964920043945
2023-10-27,10.298316955566406,10.30057144165039,21.342243194580078,11.511672973632812,19.589977264404297,24.99746322631836,45.77920913696289,53.008270263671875,29.401531219482422
2023-10-30,10.356973648071289,10.190206527709961,21.19355010986328,11.383316040039062,19.43210792541504,24.743539810180664,45.661216735839844,53.48681640625,30.024322509765625
2023-10-31,10.775943756103516,10.208600997924805,21.145442962646484,11.222877502441406,19.245532989501953,24.503725051879883,46.169464111328125,54.130096435546875,30.68429946899414
2023-11-01,10.88487720489502,10.62246322631836,21.167308807373047,11.327163696289062,19.5167179107666,24.771753311157227,47.12245178222656,55.16563034057617,30.749374389648438
2023-11-03,11.136259078979492,11.229459762573242,21.91078758239746,11.864542007446289,20.055253982543945,25.06800079345703,49.745399475097656,55.85597229003906,31.16766357421875
2023-11-06,11.32060718536377,11.257052421569824,22.063859939575195,11.856507301330566,20.2419490814209,25.046833038330078,49.01932144165039,56.091339111328125,30.870208740234375
2023-11-07,11.37088394165039,11.459385871887207,22.31314468383789,12.169788360595703,20.80921173095703,24.63068389892578,50.2264289855957,54.97734832763672,30.47050666809082
2023-11-08,11.345746040344238,11.468582153320312,22.597415924072266,12.234053611755371,20.902559280395508,24.101675033569336,50.371646881103516,55.01657485961914,30.16375732421875
2023-11-09,11.23681354522705,11.367414474487305,21.65275764465332,12.258153915405273,20.995912551879883,24.60247230529785,50.14474868774414,55.28330612182617,30.12657356262207
2023-11-10,11.18653678894043,11.919232368469238,21.97201919555664,12.081432342529297,21.247224807739258,24.489612579345703,51.44260787963867,56.13056564331055,30.833024978637695
2023-11-13,11.253572463989258,11.431794166564941,21.88892364501953,11.840444564819336,21.10361671447754,25.17380142211914,50.19012451171875,56.012882232666016,30.414735794067383
2023-11-14,11.479816436767578,11.643322944641113,21.993885040283203,12.089463233947754,21.419559478759766,25.519418716430664,53.54823303222656,57.746612548828125,31.10259246826172
2023-11-16,11.454678535461426,11.882445335388184,21.98950958251953,12.507173538208008,21.76422119140625,25.07505226135254,55.27267074584961,58.131019592285156,31.121191024780273
2023-11-17,11.396021842956543,11.70770263671875,22.15570068359375,12.3947114944458,21.86475372314453,25.89325523376465,55.18191146850586,58.2408447265625,30.916685104370117
2023-11-20,11.396021842956543,12.057183265686035,22.273786544799805,12.426843643188477,22.080167770385742,25.914417266845703,55.254512786865234,59.66862869262695,31.121191024780273
2023-11-21,11.261951446533203,11.808867454528809,22.43122673034668,12.378646850585938,22.044265747070312,25.646385192871094,54.49213409423828,61.112098693847656,31.288511276245117
2023-11-22,11.37088394165039,11.974411964416504,22.238792419433594,12.635696411132812,22.18069076538086,25.77190589904785,54.63734817504883,60.53116989135742,31.697509765625
2023-11-23,11.354125022888184,12.112366676330566,22.31314468383789,12.973075866699219,22.151968002319336,25.77923011779785,55.10929870605469,60.15108871459961,31.660327911376953
2023-11-24,11.220053672790527,11.882445335388184,22.286903381347656,12.981109619140625,22.0299015045166,25.852537155151367,54.27430725097656,59.64160919189453,31.344280242919922
2023-11-27,11.379262924194336,11.882445335388184,22.6980037689209,12.900778770446777,21.972454071044922,25.7059383392334,53.54823303222656,59.28578186035156,31.73468589782715
2023-11-28,11.437918663024902,12.158352851867676,23.026010513305664,13.021272659301758,22.1878719329834,26.094417572021484,53.60268783569336,59.41516876220703,31.948484420776367
2023-11-29,11.144639015197754,12.185943603515625,23.060998916625977,12.957009315490723,22.338668823242188,25.823209762573242,53.75698471069336,59.39899444580078,31.725391387939453
2023-11-30,11.471435546875,12.231926918029785,23.73450469970703,13.069475173950195,22.683326721191406,26.321651458740234,54.49213409423828,59.72247314453125,31.781164169311523
2023-12-01,11.798234939575195,12.443456649780273,23.782608032226562,13.109634399414062,22.631351470947266,26.145727157592773,55.12745666503906,60.83039855957031,32.32958984375
2023-12-04,11.781476974487305,12.452653884887695,23.69076919555664,13.012304306030273,22.660093307495117,25.588659286499023,55.045772552490234,59.46369171142578,32.311004638671875
2023-12-05,11.932304382324219,12.369881629943848,23.69076919555664,13.132936477661133,22.846885681152344,25.47137451171875,55.18191146850586,58.91377258300781,32.81296920776367
2023-12-06,11.722819328308105,12.167549133300781,23.183452606201172,12.996220588684082,22.645719528198242,24.555143356323242,55.42695999145508,58.52560806274414,32.896629333496094
2023-12-07,11.798234939575195,12.22273063659668,23.559566497802734,13.02839183807373,22.897172927856445,24.496503829956055,55.80814743041992,58.71160125732422,32.86874008178711
2023-12-08,11.990962028503418,12.452653884887695,23.81322479248047,13.237485885620117,23.18682289123535,25.28080177307129,55.436031341552734,58.87334442138672,32.20875930786133
2023-12-11,11.999340057373047,12.811334609985352,23.808849334716797,13.132936477661133,23.02751350402832,25.185514450073242,55.48141098022461,58.9218635559082,32.41325759887695
2023-12-12,11.923924446105957,12.73775863647461,23.10569190979004,13.068602561950684,22.911653518676758,24.98027801513672,54.92778015136719,59.02699279785156,32.561981201171875
2023-12-13,12.317758560180664,13.271181106567383,23.31694221496582,13.63960075378418,23.60681915283203,25.339439392089844,57.106014251708984,59.03507614135742,33.519412994384766
2023-12-14,12.150171279907227,13.639058113098145,23.470979690551758,13.872824668884277,23.802339553833008,25.889184951782227,59.275177001953125,59.358558654785156,33.74250030517578
2023-12-15,12.125032424926758,13.491907119750977,24.034318923950195,14.009540557861328,23.700958251953125,25.94782066345215,58.12253189086914,59.730560302734375,33.49153518676758
2023-12-18,12.19206714630127,13.556286811828613,24.051923751831055,14.114090919494629,23.816823959350586,26.270339965820312,58.422027587890625,60.013607025146484,33.567848205566406
2023-12-19,12.317758560180664,13.381545066833496,24.13994598388672,14.114090919494629,23.831300735473633,26.570863723754883,58.40388488769531,60.43412780761719,33.921783447265625
2023-12-20,12.115134239196777,13.032061576843262,23.858274459838867,13.880866050720215,23.585102081298828,26.66615104675293,57.36921691894531,60.24004364013672,33.67961120605469
2023-12-21,12.079863548278809,13.326362609863281,23.89348793029785,13.888910293579102,23.744407653808594,26.67348289489746,58.56724548339844,62.24562072753906,33.89384078979492
2023-12-22,12.088682174682617,13.344756126403809,23.959501266479492,14.097434043884277,24.120960235595703,26.93003273010254,58.558162689208984,61.77656173706055,34.005611419677734
2023-12-26,12.141587257385254,13.482711791992188,24.179555892944336,14.139315605163574,24.367162704467773,27.36249542236328,58.26773452758789,61.99492263793945,34.20121383666992
2023-12-27,12.203309059143066,13.409135818481445,24.144350051879883,14.22307300567627,24.533714294433594,27.384483337402344,58.130130767822266,62.593360900878906,34.3129768371582
2023-12-28,12.106316566467285,13.381545066833496,24.37760353088379,14.315217971801758,24.598894119262695,27.296524047851562,58.130130767822266,62.431617736816406,34.378177642822266
2024-01-02,12.088682174682617,13.122719764709473,24.10033416748047,14.030417442321777,24.285646438598633,27.692337036132812,55.99138259887695,62.31031799316406,34.06149673461914
2024-01-03,11.991690635681152,13.085675239562988,24.122344970703125,14.046329498291016,24.017578125,28.55726432800293,55.662349700927734,61.986839294433594,34.32228088378906
2024-01-04,12.035778045654297,12.705978393554688,23.86707878112793,13.853461265563965,23.858186721801758,28.315378189086914,54.50157165527344,61.153865814208984,33.86589813232422
2024-01-05,11.991690635681152,12.9375,24.15315055847168,14.155350685119629,24.416061401367188,28.38135528564453,55.29674530029297,60.36943817138672,33.502655029296875
2024-01-08,12.088682174682617,13.224589347839355,24.35999870300293,14.046329498291016,24.155229568481445,28.168777465820312,57.39893341064453,60.062129974365234,33.58647918701172
2024-01-09,12.009324073791504,13.02085018157959,23.994709014892578,13.66896915435791,24.140745162963867,27.926891326904297,56.85967254638672,59.30195999145508,32.757530212402344
2024-01-10,12.132769584655762,12.89119815826416,23.95509910583496,13.434164047241211,24.119003295898438,27.67034912109375,57.581729888916016,58.41238784790039,32.89723587036133
2024-01-11,11.956421852111816,12.91897964477539,24.11794090270996,13.367076873779297,24.16248321533203,27.904909133911133,55.76287841796875,58.719688415527344,32.43153381347656
2024-01-12,11.98287296295166,13.057893753051758,24.258771896362305,13.258063316345215,24.191463470458984,27.978199005126953,55.75374221801758,57.97568893432617,32.29182815551758
2024-01-15,11.98287296295166,13.085675239562988,24.734092712402344,13.308375358581543,24.234933853149414,28.278730392456055,55.91826248168945,57.86247634887695,31.965835571289062
2024-01-16,11.771255493164062,12.946762084960938,24.593259811401367,13.190975189208984,23.894407272338867,27.926891326904297,55.095664978027344,57.11037826538086,31.304536819458008
2024-01-17,11.841794967651367,12.715240478515625,24.64167022705078,13.216135025024414,23.908899307250977,27.765642166137695,55.69889831542969,56.08333206176758,31.10894203186035
2024-01-18,11.762438774108887,12.826369285583496,24.355602264404297,13.140658378601074,23.80747413635254,27.65568733215332,54.25478744506836,55.8002815246582,30.866777420043945
2024-01-19,11.771255493164062,12.770805358886719,24.610862731933594,13.115503311157227,23.865432739257812,27.509090423583984,54.9220085144043,55.072452545166016,31.183454513549805
2024-01-22,11.780072212219238,12.483716011047363,24.448022842407227,12.964554786682129,23.47418785095215,27.633703231811523,53.66069412231445,54.8298454284668,31.09031105041504
2024-01-23,11.788888931274414,12.715240478515625,24.883729934692383,12.897467613220215,23.582866668701172,27.978199005126953,54.126834869384766,55.9620246887207,31.45356559753418
2024-01-24,11.709532737731934,12.622631072998047,24.93214225769043,12.847153663635254,23.47418785095215,27.765642166137695,53.58757400512695,56.52812194824219,31.17414093017578
2024-01-25,11.638994216918945,12.437411308288574,24.901334762573242,12.880698204040527,23.42347526550293,28.791818618774414,53.34080123901367,55.13715362548828,30.969228744506836
2024-01-26,11.638994216918945,12.242934226989746,25.072975158691406,13.014869689941406,23.7712459564209,29.290250778198242,51.40312957763672,56.20463562011719,30.894712448120117
2024-01-29,11.683080673217773,12.233672142028809,24.874929428100586,12.897467613220215,23.6480770111084,29.737380981445312,50.681068420410156,55.93775939941406,30.969228744506836
2024-01-30,11.49791431427002,12.039193153381348,24.747295379638672,12.805221557617188,23.495929718017578,29.55413055419922,49.80363464355469,55.62236785888672,30.72707176208496
2024-01-31,11.533184051513672,12.122540473937988,24.844118118286133,12.87231159210205,23.7495059967041,29.87664222717285,49.4654541015625,54.7974967956543,30.121654510498047
2024-02-01,11.524367332458496,12.307759284973145,25.4118595123291,12.847153663635254,23.697057723999023,30.470365524291992,49.794490814208984,54.54679489135742,30.39175796508789
2024-02-02,11.524367332458496,12.196627616882324,25.403057098388672,12.863085746765137,23.733301162719727,30.074554443359375,48.95361328125,53.438880920410156,30.354501724243164
2024-02-05,11.54200267791748,12.104018211364746,25.675928115844727,13.123369216918945,24.1827449798584,30.206491470336914,49.118133544921875,52.97792434692383,30.97854232788086
2024-02-06,11.665445327758789,12.233672142028809,26.230459213256836,13.9378080368042,25.219358444213867,30.48502540588379,48.15843200683594,53.916011810302734,30.959917068481445
2024-02-07,11.462645530700684,12.437411308288574,26.160045623779297,11.72119140625,25.038127899169922,30.93215560913086,48.91705322265625,54.02114486694336,31.323162078857422
2024-02-08,11.418558120727539,12.187366485595703,25.763946533203125,11.385343551635742,24.545194625854492,30.68293571472168,48.121883392333984,53.54400634765625,31.481502532958984
2024-02-09,11.418558120727539,12.261453628540039,25.337039947509766,11.301380157470703,24.856903076171875,30.2724609375,47.984779357910156,53.30949020385742,31.081003189086914
2024-02-14,11.392106056213379,11.909538269042969,25.680326461791992,11.225813865661621,24.856903076171875,30.045236587524414,47.52777862548828,53.14775466918945,31.23002052307129
2024-02-15,11.330384254455566,11.752103805541992,25.68472671508789,11.276188850402832,25.067119598388672,31.00545310974121,47.646602630615234,52.97792434692383,30.93197250366211
2024-02-16,11.251028060913086,11.78914737701416,25.469072341918945,11.318172454833984,25.038127899169922,31.29131507873535,47.39982223510742,54.99158477783203,31.10894203186035
2024-02-19,11.295114517211914,11.752103805541992,25.931184768676758,11.460908889770508,25.31359100341797,31.44524574279785,48.039615631103516,54.57914352416992,31.192764282226562
2024-02-20,11.330384254455566,11.983627319335938,26.098424911499023,11.729589462280273,25.864521026611328,31.115398406982422,49.392337799072266,53.38227081298828,31.91927146911621
2024-02-21,11.374471664428711,11.863235473632812,26.160045623779297,11.687606811523438,25.719539642333984,31.15937614440918,49.3100700378418,53.786624908447266,34.11737823486328
2024-02-22,11.427374839782715,11.715060234069824,25.570297241210938,11.754778861999512,25.573644638061523,30.924821853637695,48.90791320800781,54.36079406738281,33.03694534301758
2024-02-23,11.365653038024902,11.529841423034668,25.253421783447266,11.603645324707031,25.648508071899414,30.712251663208008,48.61543273925781,54.49018478393555,33.511966705322266
2024-02-26,11.49791431427002,11.557624816894531,25.495481491088867,11.586851119995117,25.723377227783203,31.29131507873535,47.61003875732422,53.1720085144043,34.345909118652344
2024-02-27,11.73598575592041,11.807669639587402,25.803558349609375,11.771571159362793,26.037803649902344,31.247337341308594,49.812774658203125,54.57106399536133,34.71219253540039
2024-02-28,11.859429359436035,11.711684226989746,25.856369018554688,11.72119140625,26.052776336669922,29.6347599029541,49.227813720703125,53.972618103027344,34.66522979736328
2024-02-29,11.092313766479492,11.94443130493164,25.46467399597168,11.544872283935547,25.408946990966797,29.422191619873047,48.44178009033203,54.17479705810547,34.45860290527344
2024-03-01,10.96886920928955,11.562728881835938,25.491077423095703,11.586851119995117,25.519535064697266,29.451513290405273,47.984779357910156,54.08583450317383,35.022125244140625
2024-03-04,11.004138946533203,11.45101261138916,25.385452270507812,11.476688385009766,25.324792861938477,29.378211975097656,46.769161224365234,53.964534759521484,34.88124465942383
2024-03-05,11.242209434509277,11.348604202270508,25.561498641967773,11.535544395446777,25.302324295043945,29.290250778198242,46.44926834106445,53.25288009643555,35.153602600097656
2024-03-06,11.189305305480957,11.404463768005371,25.939990997314453,11.619621276855469,25.5794620513916,29.935283660888672,46.9154052734375,53.98070526123047,34.87185287475586
2024-03-07,11.154035568237305,11.46963119506836,25.693532943725586,11.569175720214844,25.30980682373047,29.605438232421875,48.59714889526367,53.79470443725586,34.65583801269531
2024-03-08,11.32156753540039,11.599967956542969,25.442668914794922,11.636439323425293,25.542009353637695,26.90070915222168,48.57887268066406,53.38227081298828,34.67462158203125
2024-03-11,11.286296844482422,11.711684226989746,25.18740463256836,11.703700065612793,25.66934585571289,26.13106918334961,47.801979064941406,51.72443771362305,34.900020599365234
2024-03-12,11.32156753540039,11.93511962890625,25.533180236816406,11.846630096435547,25.774208068847656,26.98866844177246,48.990169525146484,51.402156829833984,35.322662353515625
2024-03-13,11.242209434509277,11.87926197052002,25.249479293823242,11.97275161743164,26.028884887695312,26.66615104675293,49.812774658203125,51.731658935546875,35.70772171020508
2024-03-14,11.286296844482422,11.646517753601074,25.138662338256836,12.048420906066895,26.01390266418457,26.548877716064453,49.282649993896484,51.072654724121094,35.49171447753906
2024-03-15,11.136401176452637,11.478940963745117,25.39576530456543,11.863448143005371,25.871583938598633,26.622173309326172,48.258975982666016,50.489688873291016,35.68893814086914
2024-03-18,11.136401176452637,11.50687026977539,24.83722496032715,11.93912124633789,25.976449966430664,26.636837005615234,48.0121955871582,51.452850341796875,35.68893814086914
2024-03-19,11.05704402923584,11.460323333740234,24.74856948852539,11.871853828430176,26.01390266418457,26.43892478942871,48.67028045654297,51.87528991699219,36.402713775634766
2024-03-20,11.05704402923584,11.869951248168945,25.014541625976562,12.02319622039795,26.066333770751953,26.90070915222168,49.99557876586914,52.22168731689453,36.46846008300781
2024-03-21,11.118765830993652,11.544110298156738,24.664344787597656,11.888670921325684,25.796682357788086,26.16771697998047,49.20039749145508,52.09495162963867,37.03197479248047
2024-03-22,10.942418098449707,11.171717643737793,24.562387466430664,11.737330436706543,25.43596076965332,26.424266815185547,48.3046760559082,51.495094299316406,37.323116302490234
2024-03-25,10.783703804016113,11.078621864318848,24.659912109375,11.720514297485352,25.43596076965332,26.827411651611328,47.984779357910156,51.385257720947266,36.719058990478516
2024-03-26,10.942418098449707,11.078621864318848,24.792896270751953,11.888670921325684,25.94135856628418,26.57819175720215,49.29179382324219,50.73470687866211,36.47452926635742
2024-03-27,10.977686882019043,11.239883422851562,24.81062889099121,12.07364559173584,26.084680557250977,26.790756225585938,49.282649993896484,51.19938659667969,36.25819778442383
2024-03-28,11.012956619262695,11.21182918548584,25.09876251220703,11.989564895629883,26.12994384765625,27.384483337402344,49.97728729248047,51.393707275390625,35.92900848388672
2024-04-01,10.871878623962402,11.006107330322266,24.859390258789062,11.880267143249512,25.237606048583984,27.59705352783203,48.121883392333984,51.723209381103516,35.73148727416992
2024-04-02,10.818973541259766,10.96870231628418,24.89928436279297,11.946755409240723,25.267793655395508,28.308046340942383,48.280914306640625,52.33151626586914,35.900779724121094
2024-04-03,10.977686882019043,10.94064998626709,24.996807098388672,12.182491302490234,25.079118728637695,28.161453247070312,47.73771286010742,51.5795783996582,35.63743209838867
2024-04-04,10.995323181152344,11.18377685546875,25.165254592895508,12.258262634277344,24.74704360961914,27.83893394470215,49.173980712890625,51.00506591796875,35.834938049316406
2024-04-05,10.783703804016113,11.22118091583252,25.271644592285156,12.22458553314209,24.70176124572754,27.926891326904297,48.96222686767578,50.44744873046875,35.73148727416992
2024-04-08,10.730799674987793,11.342741966247559,25.666168212890625,12.3087797164917,25.071578979492188,28.315378189086914,49.625118255615234,53.20174026489258,35.92900848388672
2024-04-09,10.898330688476562,11.585868835449219,25.883377075195312,12.384551048278809,25.33571434020996,28.3886775970459,50.93250274658203,52.846893310546875,36.49332809448242
2024-04-10,10.66907787322998,11.18377685546875,25.533180236816406,12.123558044433594,24.799875259399414,29.019046783447266,49.33970642089844,52.04426193237305,36.11711120605469
2024-04-11,10.757251739501953,11.202478408813477,25.595245361328125,12.11513900756836,24.754592895507812,28.806480407714844,49.05429458618164,52.2639274597168,35.966636657714844
2024-04-12,10.686712265014648,10.950000762939453,25.262781143188477,11.963591575622559,24.497989654541016,28.542604446411133,47.73771286010742,52.06960678100586,35.722076416015625
2024-04-15,10.642624855041504,10.734928131103516,25.0278377532959,11.786791801452637,24.08289909362793,28.81381607055664,46.56843185424805,52.37376022338867,35.40229034423828
2024-04-16,10.527997970581055,10.594664573669434,24.7441349029541,11.70259952545166,23.901762008666992,28.945749282836914,46.09888458251953,51.909080505371094,36.465118408203125
2024-04-17,10.501546859741211,10.510505676269531,24.797330856323242,11.643667221069336,23.91686248779297,29.158315658569336,46.0344352722168,52.47515106201172,35.947811126708984
2024-04-18,10.545633316040039,10.416996955871582,24.761865615844727,11.593153953552246,23.947053909301758,29.209627151489258,46.87226486206055,52.669471740722656,36.30521774291992
2024-04-19,10.536816596984863,10.454400062561035,24.566822052001953,11.483702659606934,23.811199188232422,29.708053588867188,46.28302001953125,53.53123474121094,36.25819778442383
2024-04-22,10.536816596984863,10.538558959960938,24.28312110900879,11.43319034576416,23.796106338500977,30.41905403137207,45.61091995239258,53.505897521972656,35.994834899902344
2024-04-23,10.45745849609375,10.3702392578125,24.46929931640625,11.508959770202637,24.150827407836914,30.360416412353516,46.25540542602539,53.04120635986328,35.73148727416992
2024-04-24,10.61617374420166,10.229975700378418,24.380643844604492,11.508959770202637,24.045156478881836,30.22115135192871,45.59251022338867,53.70021438598633,35.95721435546875
2024-04-25,10.598538398742676,10.127115249633789,24.274255752563477,11.500541687011719,23.90930938720703,30.946815490722656,44.87437057495117,52.56808090209961,36.37105941772461
2024-04-26,10.589720726013184,10.491803169250488,24.274255752563477,11.685762405395508,24.30930519104004,31.383865356445312,46.494781494140625,52.56808090209961,36.888362884521484
2024-04-29,10.66907787322998,10.416996955871582,24.42497444152832,11.83730697631836,24.120634078979492,31.76062774658203,46.54081726074219,53.98747253417969,37.02003479003906
2024-04-30,10.713164329528809,10.089712142944336,24.309717178344727,11.786791801452637,23.667802810668945,31.66267204284668,45.141361236572266,53.47209930419922,37.1987419128418
2024-05-02,10.871878623962402,10.34218692779541,24.566822052001953,11.652087211608887,24.013391494750977,31.783235549926758,44.6626091003418,54.004364013671875,36.54035186767578
2024-05-03,10.907147407531738,10.65077018737793,25.018970489501953,11.617497444152832,24.315444946289062,31.37891387939453,45.9239501953125,54.06351089477539,36.465118408203125
2024-05-06,10.977686882019043,10.762983322143555,25.160823822021484,11.609068870544434,24.466472625732422,31.591310501098633,45.00326919555664,54.22404098510742,36.333438873291016
2024-05-07,11.10994815826416,10.828438758850098,25.081035614013672,11.609068870544434,24.97241973876953,31.976760864257812,45.69378662109375,54.561988830566406,36.58739471435547
2024-05-08,10.730799674987793,10.91259765625,25.160823822021484,11.634358406066895,25.130998611450195,32.46446990966797,46.20016098022461,54.06351089477539,36.766082763671875
2024-05-09,10.624990463256836,10.482453346252441,24.061477661132812,11.339284896850586,24.375858306884766,32.77912902832031,45.6201286315918,54.50284957885742,36.58739471435547
2024-05-10,10.61617374420166,10.229975700378418,24.487030029296875,11.271839141845703,24.655258178710938,32.70833206176758,43.272369384765625,54.31696701049805,36.65321731567383
2024-05-13,10.633808135986328,10.501154899597168,24.67321014404297,11.322425842285156,24.957311630249023,32.73979568481445,42.627891540527344,54.638023376464844,36.756690979003906
2024-05-14,10.7219820022583,10.725577354431152,24.832796096801758,11.31399154663086,25.229164123535156,32.14982223510742,43.272369384765625,54.604225158691406,37.25517654418945
2024-05-15,10.854243278503418,10.762983322143555,24.513628005981445,11.204395294189453,25.16120147705078,30.20682716369629,44.082576751708984,54.44371032714844,37.26457977294922
2024-05-16,10.91596508026123,10.828438758850098,24.540225982666016,11.263407707214355,25.085693359375,29.325796127319336,44.773094177246094,54.84080505371094,37.24576950073242
2024-05-17,10.91596508026123,10.67882251739502,24.549089431762695,11.322425842285156,25.093242645263672,28.861677169799805,44.561336517333984,55.91378402709961,37.28339385986328
2024-05-20,10.66907787322998,10.6881742477417,24.753002166748047,11.238116264343262,25.017730712890625,28.90888023376465,44.119407653808594,55.8884391784668,37.48090744018555
2024-05-21,10.598538398742676,10.66947078704834,24.73526954650879,11.297131538391113,24.88935089111328,28.853816986083984,42.92251205444336,55.727909088134766,37.39625549316406
2024-05-22,10.554450988769531,10.34218692779541,24.380643844604492,11.044210433959961,24.50423240661621,29.247127532958984,42.16754150390625,55.28858184814453,36.944793701171875
2024-05-23,10.545633316040039,10.38894271850586,23.884164810180664,10.858735084533691,24.285245895385742,28.956077575683594,42.07547378540039,54.959075927734375,36.70966339111328
2024-05-24,10.466276168823242,10.416996955871582,24.008283615112305,10.934611320495605,24.0511474609375,28.798748016357422,41.79926681518555,54.98442840576172,36.06067657470703
2024-05-27,10.413372993469238,10.37959098815918,24.300851821899414,10.90088939666748,23.968080520629883,29.1134033203125,41.37575149536133,55.17030334472656,36.07008361816406
2024-05-28,10.219389915466309,10.351537704467773,24.221059799194336,10.892459869384766,23.839710235595703,29.73484230041504,41.0258903503418,53.97902297973633,35.95721435546875
2024-05-29,10.157668113708496,10.173870086669922,24.221059799194336,10.782858848571777,23.6735782623291,29.695514678955078,40.51030349731445,53.42985534667969,35.48694610595703
2024-05-31,10.192936897277832,10.0055513381958,24.04374885559082,10.68169116973877,23.43193817138672,30.51361846923828,39.34103012084961,53.396060943603516,35.3176383972168
2024-06-03,10.18411922454834,9.996200561523438,24.070341110229492,10.749137878417969,23.762611389160156,30.348419189453125,39.267372131347656,52.272377014160156,35.12013244628906
2024-06-04,10.307562828063965,10.014904022216797,24.141271591186523,10.849589347839355,23.845727920532227,30.01017189025879,39.44230270385742,51.740108489990234,35.55278015136719
2024-06-05,10.201754570007324,10.04295539855957,24.1944637298584,10.790487289428711,23.800386428833008,30.04949951171875,39.6080322265625,51.00506591796875,35.30824661254883
2024-06-06,10.42219066619873,10.360888481140137,24.513628005981445,11.018455505371094,24.102617263793945,30.191099166870117,40.234100341796875,51.71475601196289,35.56218719482422
2024-06-07,10.192936897277832,10.05230712890625,24.096940994262695,10.934022903442383,23.762611389160156,29.058338165283203,39.359439849853516,51.03886032104492,35.59980773925781
2024-06-10,10.104762077331543,9.809182167053223,24.123537063598633,10.858033180236816,23.573719024658203,29.498849868774414,38.540035247802734,51.59647750854492,35.56218719482422
2024-06-11,10.051857948303223,9.865287780761719,24.389509201049805,10.917136192321777,23.838167190551758,29.62471580505371,38.254615783691406,51.520442962646484,35.55278015136719
2024-06-12,9.93723201751709,9.72502326965332,23.927854537963867,10.714498519897461,23.800386428833008,28.980100631713867,37.76665115356445,50.81074523925781,35.806724548339844
2024-06-13,9.778518676757812,9.425792694091797,24.090137481689453,10.722940444946289,23.55105209350586,28.688846588134766,36.9932746887207,51.393707275390625,36.13591766357422
2024-06-14,9.910778999328613,9.696969985961914,24.030391693115234,10.8327054977417,23.528385162353516,28.05778694152832,37.214237213134766,51.216285705566406,36.465118408203125
2024-06-17,9.910778999328613,9.874639511108398,24.030391693115234,10.950908660888672,24.102617263793945,28.1629638671875,36.275142669677734,51.01351547241211,36.465118408203125
2024-06-18,9.919597625732422,9.921393394470215,23.69424057006836,10.781142234802246,24.08750343322754,29.044828414916992,36.04496765136719,51.25008010864258,36.54976272583008
2024-06-19,9.875509262084961,9.861138343811035,23.866857528686523,10.833393096923828,24.276395797729492,29.06909942626953,36.759239196777344,51.410606384277344,37.443294525146484
2024-06-20,9.946048736572266,9.729154586791992,23.97588348388672,10.807265281677246,24.110172271728516,29.530256271362305,36.41011047363281,51.87528991699219,38.35561752319336
2024-06-21,9.946048736572266,9.795147895812988,24.175758361816406,10.798558235168457,24.27847671508789,29.683971405029297,38.31193161010742,51.393707275390625,38.63779067993164
2024-06-24,9.981318473815918,9.908275604248047,24.35746192932129,10.833393096923828,24.62879753112793,29.983327865600586,38.752925872802734,51.452850341796875,38.440269470214844
2024-06-25,10.034223556518555,9.729154586791992,24.43014144897461,10.746306419372559,24.704954147338867,29.959054946899414,38.798858642578125,51.24163055419922,39.098655700683594
2024-06-26,10.095945358276367,9.634880065917969,24.2666072845459,10.772432327270508,24.659255981445312,30.00759506225586,38.95505142211914,51.87528991699219,39.456058502197266
2024-06-27,10.104762077331543,9.80457592010498,24.257522583007812,10.815977096557617,24.704954147338867,30.50920295715332,39.82612228393555,52.01047134399414,39.220924377441406
2024-06-28,10.060675621032715,9.653735160827637,24.2666072845459,10.781142234802246,24.682104110717773,30.784278869628906,39.036109924316406,52.56808090209961,39.68179702758789
2024-07-01,10.095945358276367,9.870566368103027,23.948627471923828,10.685348510742188,24.56601905822754,31.25352668762207,38.82233810424805,53.345367431640625,39.533687591552734
2024-07-02,10.104762077331543,9.851712226867676,24.030391693115234,10.667007446289062,24.886037826538086,31.15643882751465,38.75727844238281,53.16794204711914,39.59020233154297
2024-07-03,10.034223556518555,9.832857131958008,24.2666072845459,10.701896667480469,25.038436889648438,30.614381790161133,39.1755256652832,54.22404098510742,39.66556167602539
2024-07-04,10.095945358276367,9.97426986694336,24.3938045501709,10.74550724029541,25.076536178588867,30.19367218017578,40.523193359375,53.953678131103516,39.45832824707031
2024-07-05,9.981318473815918,9.917705535888672,24.284778594970703,10.867616653442383,25.091777801513672,30.355484008789062,40.6533203125,53.734012603759766,39.74091339111328
2024-07-08,9.919597625732422,10.077971458435059,23.885028839111328,10.867616653442383,25.046058654785156,31.099803924560547,40.56037521362305,53.31156921386719,41.8885612487793
2024-07-09,9.919597625732422,10.011980056762695,23.803260803222656,10.867616653442383,25.221315383911133,31.091718673706055,41.28532409667969,53.243988037109375,41.96392059326172
2024-07-10,10.051857948303223,10.115680694580078,24.175758361816406,11.050775527954102,25.488008499145508,30.800458908081055,42.056758880615234,52.52583694458008,41.492942810058594
2024-07-11,10.166483879089355,10.417360305786133,24.057649612426758,11.050775527954102,25.640399932861328,31.010814666748047,43.311485290527344,52.39065933227539,42.35011672973633
2024-07-12,10.26347541809082,10.851024627685547,24.37563133239746,11.024611473083496,25.495624542236328,30.86518669128418,43.40443420410156,53.15949249267578,43.21671676635742
2024-07-15,10.26347541809082,10.803887367248535,24.484651565551758,10.998444557189941,25.594680786132812,31.14834976196289,43.16278076171875,53.21863555908203,43.810142517089844
2024-07-16,10.316380500793457,10.822741508483887,24.56641960144043,11.033333778381348,25.747072219848633,31.067445755004883,42.62371063232422,52.6610221862793,43.97027587890625
2024-07-17,10.42219066619873,10.832169532775879,24.811723709106445,11.164164543151855,26.029003143310547,31.2292537689209,41.945228576660156,52.17099380493164,44.31880187988281
2024-07-18,10.289928436279297,10.530488967895508,24.70269775390625,10.954835891723633,25.907085418701172,31.172626495361328,40.40237045288086,51.680965423583984,44.64847946166992
2024-07-19,10.342833518981934,10.530488967895508,24.63001823425293,10.893781661987305,26.105199813842773,31.302072525024414,40.34659957885742,51.63872146606445,44.544864654541016
2024-07-22,10.413372993469238,10.6436185836792,24.657272338867188,11.015891075134277,26.089963912963867,30.679101943969727,39.9190673828125,51.5795783996582,44.431827545166016
2024-07-23,10.386919021606445,10.539918899536133,24.51190757751465,10.937393188476562,26.05186653137207,30.282669067382812,40.318721771240234,50.88678741455078,44.31880187988281
2024-07-24,10.395737648010254,10.398505210876465,24.41197395324707,10.946114540100098,26.013769149780273,30.5253849029541,40.24436950683594,51.19938659667969,43.942020416259766
2024-07-25,10.448641777038574,10.275947570800781,24.43014144897461,10.771675109863281,25.89946937561035,30.484933853149414,40.021305084228516,51.174041748046875,43.282649993896484
2024-07-26,10.47509479522705,10.32308578491211,24.639102935791016,10.858891487121582,26.089963912963867,30.45256805419922,40.82991027832031,51.934425354003906,44.19634246826172
2024-07-29,10.42219066619873,10.228811264038086,24.67544174194336,10.902503967285156,26.280454635620117,29.83769416809082,39.59376525878906,52.02736282348633,43.78188705444336
2024-07-30,10.26347541809082,10.143964767456055,24.484651565551758,10.815284729003906,26.18140411376953,29.651613235473633,39.07328796386719,50.878334045410156,43.197879791259766
2024-07-31,10.2105712890625,10.228811264038086,24.121244430541992,10.841449737548828,25.815649032592773,30.266489028930664,40.736968994140625,52.06960678100586,47.719242095947266
2024-08-01,10.35165023803711,10.247666358947754,23.95771026611328,10.981000900268555,25.4403018951416,29.805328369140625,40.671905517578125,50.903682708740234,49.77269744873047
2024-08-02,10.466276168823242,10.238237380981445,23.766921997070312,11.04998779296875,25.12010383605957,28.907289505004883,41.89875793457031,50.19398498535156,46.928001403808594
2024-08-05,10.448641777038574,10.238237380981445,23.803260803222656,11.888566017150879,25.12010383605957,28.883014678955078,40.839202880859375,49.934593200683594,46.197635650634766
2024-08-06,10.589720726013184,10.266521453857422,24.212095260620117,12.281647682189941,25.6766357421875,29.384626388549805,41.3968620300293,50.188560485839844,46.30165100097656
2024-08-07,11.030591011047363,10.502208709716797,23.89410972595215,12.307851791381836,25.745248794555664,29.344173431396484,45.12387466430664,50.092227935791016,45.687068939208984
2024-08-08,10.898330688476562,10.70018482208252,23.794179916381836,12.447614669799805,25.653764724731445,29.813419342041016,45.04953384399414,49.78571319580078,46.9824104309082
2024-08-09,10.977686882019043,11.331825256347656,24.121244430541992,12.753344535827637,26.347522735595703,29.538345336914062,45.402713775634766,49.96961975097656,46.991878509521484
2024-08-12,10.924782752990723,11.501521110534668,24.639102935791016,12.840699195861816,26.385643005371094,30.209854125976562,45.746604919433594,49.715660095214844,47.82392120361328
2024-08-13,11.08349609375,11.916330337524414,24.95708465576172,12.997930526733398,27.132761001586914,30.023778915405273,44.70563507080078,49.496726989746094,48.34395217895508
2024-08-14,11.074679374694824,11.972892761230469,25.375003814697266,13.11148738861084,27.80364418029785,30.54965591430664,37.17724609375,49.04133987426758,48.73161315917969
2024-08-15,11.489096641540527,11.982320785522461,25.574880599975586,13.242515563964844,28.245820999145508,31.018903732299805,36.4337043762207,49.242759704589844,49.82840347290039
2024-08-16,11.471463203430176,11.77491569519043,25.774755477905273,13.076546669006348,28.009489059448242,31.14834976196289,39.59376525878906,49.11140060424805,50.34843444824219
2024-08-19,11.471463203430176,12.057741165161133,26.465227127075195,13.66180419921875,28.17721176147461,31.099803924560547,41.12732696533203,49.89956283569336,48.967987060546875
2024-08-20,11.40973949432373,12.161443710327148,26.583335876464844,13.714216232299805,28.383052825927734,30.97845458984375,39.937652587890625,50.092227935791016,50.216064453125
2024-08-21,11.40973949432373,12.218008995056152,26.465227127075195,13.653068542480469,28.268693923950195,30.792369842529297,40.61614227294922,51.055538177490234,50.51862716674805
2024-08-22,11.462645530700684,11.822054862976074,25.86920928955078,13.556981086730957,28.009489059448242,30.88656234741211,38.980342864990234,51.12559509277344,51.24666976928711
2024-08-23,11.533184051513672,12.010603904724121,26.06315803527832,13.679272651672363,27.79602813720703,30.69518280029297,39.314937591552734,50.26737594604492,50.87792205810547
2024-08-26,11.533184051513672,12.067169189453125,26.164751052856445,13.635600090026855,27.85700798034668,32.92513656616211,39.29634475708008,50.83659744262695,51.13320541381836
2024-08-27,11.489096641540527,11.925756454467773,25.86920928955078,13.469630241394043,27.88751220703125,32.4841423034668,39.87259292602539,52.369144439697266,51.05757141113281
2024-08-28,11.418558120727539,11.972892761230469,26.026212692260742,13.688006401062012,28.489774703979492,32.95009994506836,39.500823974609375,51.99257278442383,51.05757141113281
2024-08-29,11.339200973510742,11.822054862976074,26.13704490661621,13.653068542480469,28.17721176147461,32.72544860839844,38.80375289916992,51.931278228759766,50.62263488769531
2024-08-30,11.339200973510742,11.954039573669434,25.970800399780273,13.66180419921875,27.978988647460938,32.75872802734375,38.45056915283203,52.176483154296875,51.19939422607422
2024-09-02,11.348018646240234,11.718352317810059,26.24787139892578,13.626862525939941,27.756011962890625,32.45085906982422,38.33903503417969,51.44086456298828,49.497474670410156
2024-09-03,11.286296844482422,11.454381942749023,26.487998962402344,13.774645805358887,28.206022262573242,32.059783935546875,37.82785415649414,49.52299499511719,49.92295455932617
2024-09-04,11.453827857971191,11.83148193359375,26.774309158325195,13.879593849182129,28.40433120727539,32.06810760498047,38.97105026245117,49.908321380615234,50.480812072753906
2024-09-05,11.436192512512207,11.869192123413086,27.014432907104492,14.00203800201416,28.58738899230957,31.868408203125,39.49152755737305,50.26737594604492,51.048118591308594
2024-09-06,11.453827857971191,11.529802322387695,26.571123123168945,13.730916976928711,28.183143615722656,31.244354248046875,39.05469512939453,49.6368408203125,49.99859619140625
2024-09-09,11.559637069702148,11.595795631408691,26.903608322143555,13.774645805358887,28.457725524902344,31.58550262451172,38.61786651611328,49.6368408203125,49.59203338623047
2024-09-10,11.674263000488281,11.727778434753418,26.506471633911133,13.818373680114746,28.457725524902344,31.061298370361328,39.036109924316406,49.04133987426758,50.008052825927734
2024-09-11,11.49791431427002,11.435527801513672,26.515705108642578,13.660950660705566,28.511117935180664,31.028013229370117,39.37070083618164,50.43376541137695,50.584808349609375
2024-09-12,11.383289337158203,11.360108375549316,26.24295997619629,13.59972858428955,28.198396682739258,30.678544998168945,39.26846694946289,50.88914489746094,50.40516662597656
2024-09-13,11.224574089050293,11.435527801513672,26.419588088989258,13.59972858428955,28.22890281677246,30.537090301513672,41.08085250854492,51.230682373046875,50.69826889038086
2024-09-16,11.339200973510742,11.463809967041016,26.55902862548828,13.494780540466309,28.221277236938477,30.96145248413086,40.69978713989258,51.230682373046875,50.11205291748047
2024-09-17,11.427374839782715,11.558084487915039,26.391698837280273,13.407319068908691,28.152631759643555,30.81999969482422,41.16450881958008,50.985477447509766,50.41461944580078
2024-09-18,11.4450101852417,11.435527801513672,26.261550903320312,13.328609466552734,27.992454528808594,30.07945442199707,41.657100677490234,50.38998031616211,50.67936325073242
2024-09-19,11.418558120727539,11.312970161437988,25.945484161376953,13.144946098327637,27.916183471679688,30.17930030822754,41.1830940246582,50.994232177734375,50.35789489746094
2024-09-20,11.251028060913086,10.935872077941895,25.56434440612793,12.900063514709473,27.611085891723633,30.17098045349121,39.96553421020508,50.22358322143555,49.65821838378906
2024-09-23,11.242209434509277,10.558773040771484,25.47138214111328,12.56772232055664,27.449705123901367,30.478849411010742,39.69600296020508,50.38121795654297,51.36013412475586
2024-09-24,11.251028060913086,10.605910301208496,25.452789306640625,12.55023193359375,27.4420223236084,30.603654861450195,40.03989791870117,52.842044830322266,52.371822357177734
2024-09-25,11.180489540100098,10.25948429107666,25.378421783447266,12.62894344329834,27.78783416748047,30.828319549560547,38.92457962036133,53.078495025634766,52.64602279663086
2024-09-26,11.32156753540039,10.316534996032715,25.545751571655273,12.952539443969727,28.141328811645508,30.162656784057617,39.22441482543945,56.266178131103516,52.9958610534668
2024-09-27,11.392106056213379,10.202434539794922,25.331939697265625,13.066234588623047,28.248916625976562,30.046171188354492,38.82090759277344,56.0122184753418,52.976951599121094
2024-09-30,11.533184051513672,10.183419227600098,25.266868591308594,12.856338500976562,27.749406814575195,29.962955474853516,38.47370910644531,55.61812973022461,51.49070358276367
2024-10-01,11.991690635681152,10.183419227600098,25.173908233642578,13.022577285766602,27.293987274169922,30.761751174926758,38.56754684448242,55.889610290527344,52.901275634765625
2024-10-02,12.09749984741211,10.40211009979248,25.238977432250977,13.492117881774902,27.4631290435791,31.18610191345215,39.215030670166016,56.19612121582031,52.39952087402344
2024-10-03,11.815340995788574,10.192925453186035,25.006574630737305,13.350095748901367,26.786550521850586,31.56886100769043,38.0045166015625,55.118961334228516,51.68950653076172
2024-10-04,11.709532737731934,10.221451759338379,24.969392776489258,13.36784839630127,26.84036636352539,31.485654830932617,39.31825637817383,54.716121673583984,51.5948371887207
2024-10-07,11.612541198730469,10.031285285949707,25.090240478515625,13.492117881774902,27.017202377319336,31.926652908325195,38.867828369140625,55.197776794433594,50.55347442626953
2024-10-08,11.533184051513672,10.173909187316895,25.08094596862793,13.509867668151855,27.17865753173828,31.28595733642578,40.21910095214844,53.525115966796875,51.41496276855469
2024-10-09,11.533184051513672,10.154891967773438,24.569660186767578,13.24357795715332,26.678911209106445,30.969770431518555,38.924137115478516,53.3849983215332,51.121490478515625
2024-10-10,11.559637069702148,10.221451759338379,24.355846405029297,13.314589500427246,26.82498550415039,31.32756233215332,38.58631134033203,53.63896560668945,51.29189682006836
2024-10-11,11.356836318969727,10.16440200805664,24.47669792175293,13.137062072753906,26.625091552734375,31.30259895324707,39.01797103881836,54.40961837768555,51.28242492675781
2024-10-14,11.392106056213379,10.345060348510742,24.653322219848633,13.332342147827148,26.794235229492188,31.377485275268555,39.843746185302734,54.234466552734375,52.106056213378906
2024-10-15,11.356836318969727,10.307025909423828,24.606842041015625,13.447732925415039,27.101776123046875,31.119544982910156,39.99388885498047,53.568904876708984,53.51662826538086
2024-10-16,11.40973949432373,10.440141677856445,24.87643051147461,13.403351783752441,26.9403133392334,30.96145248413086,40.49123001098633,54.5935173034668,54.141441345214844
2024-10-17,11.339200973510742,10.192925453186035,24.839244842529297,13.492117881774902,26.994136810302734,30.728466033935547,40.02204513549805,53.20985412597656,53.223148345947266
2024-10-18,11.356836318969727,10.126367568969727,24.811359405517578,13.5986328125,27.124841690063477,30.645261764526367,39.646690368652344,53.02595138549805,52.27645492553711
2024-10-21,11.312748908996582,10.316534996032715,24.74628448486328,13.563126564025879,26.98644256591797,30.162656784057617,39.90005111694336,52.833290100097656,52.106056213378906
2024-10-22,11.30393123626709,10.088334083557129,24.44880485534668,13.47436237335205,27.032577514648438,30.046171188354492,39.92820358276367,52.903343200683594,52.96754455566406
2024-10-23,11.242209434509277,10.097844123840332,24.47669792175293,13.421104431152344,27.201723098754883,29.671733856201172,39.75929260253906,51.97506332397461,53.204219818115234
2024-10-24,11.312748908996582,10.24997615814209,24.50458526611328,13.447732925415039,27.44775390625,29.87143325805664,40.819671630859375,52.28157043457031,53.27048873901367
2024-10-25,11.242209434509277,10.183419227600098,24.51388168334961,13.252452850341797,27.140214920043945,30.07945442199707,39.53408432006836,54.05931854248047,52.51313400268555
2024-10-28,11.365653038024902,10.354567527770996,24.4674015045166,13.492117881774902,27.4708194732666,30.029529571533203,39.768672943115234,55.0664176940918,53.261016845703125
2024-10-29,11.4450101852417,10.297517776489258,24.327960968017578,13.296835899353027,27.17865753173828,29.962955474853516,39.5528450012207,54.873756408691406,53.9047737121582
2024-10-30,11.400923728942871,10.24997615814209,24.51388168334961,13.341215133666992,27.101776123046875,29.829824447631836,40.00327682495117,54.707366943359375,51.121490478515625
2024-10-31,11.145217895507812,10.097844123840332,24.47669792175293,12.755374908447266,26.924938201904297,29.879756927490234,39.43085861206055,54.34831237792969,51.225624084472656
2024-11-01,11.05704402923584,9.907676696777344,24.253589630126953,12.524590492248535,26.776973724365234,29.472034454345703,38.24849319458008,54.32204055786133,51.7841796875
2024-11-04,11.171669960021973,10.326042175292969,24.39303207397461,12.54145622253418,27.138519287109375,29.538604736328125,39.787445068359375,54.882511138916016,53.19475173950195
2024-11-05,11.180489540100098,10.430635452270508,24.402326583862305,12.381464004516602,27.953903198242188,29.44707489013672,39.72175979614258,54.400856018066406,53.02434158325195
2024-11-06,11.021774291992188,10.126367568969727,24.44880485534668,12.274805068969727,27.82313346862793,29.455392837524414,40.02204513549805,53.787837982177734,53.10007858276367
2024-11-07,11.065861701965332,10.183419227600098,24.3465518951416,12.141478538513184,27.415435791015625,29.546918869018555,39.45900344848633,55.66191864013672,52.797142028808594
2024-11-08,10.871878623962402,9.803085327148438,24.160627365112305,12.00815486907959,26.984670639038086,30.104412078857422,38.37986755371094,53.09600830078125,52.15338897705078
2024-11-11,11.030591011047363,9.660460472106934,24.17922019958496,11.963714599609375,27.015438079833984,30.162656784057617,39.94696807861328,51.36204528808594,52.532066345214844
2024-11-12,11.092313766479492,9.803085327148438,24.123443603515625,11.901495933532715,26.69236183166504,30.728466033935547,42.658897399902344,50.19731521606445,52.465789794921875
2024-11-13,11.224574089050293,9.727017402648926,24.123443603515625,11.981489181518555,26.55389976501465,30.686864852905273,42.39615249633789,50.057193756103516,51.7841796875
2024-11-14,11.145217895507812,9.76505184173584,23.584272384643555,12.025931358337402,26.47697639465332,31.01137351989746,41.973880767822266,49.776954650878906,51.45282745361328
2024-11-18,10.951234817504883,9.50832748413086,23.90033531188965,12.19481086730957,26.38466453552246,31.785200119018555,40.67890548706055,50.39873123168945,51.121490478515625
2024-11-19,10.960052490234375,9.52734375,24.030481338500977,12.28369140625,26.623130798339844,31.452367782592773,41.185638427734375,50.512577056884766,51.24456787109375
2024-11-21,10.924782752990723,9.337176322937012,23.482009887695312,12.239252090454102,26.161592483520508,31.543899536132812,40.857200622558594,50.46003723144531,50.86587905883789
2024-11-22,11.180489540100098,9.52734375,23.798080444335938,12.265915870666504,26.238513946533203,32.80032730102539,41.47653579711914,50.95044708251953,51.13095474243164
2024-11-25,11.05704402923584,9.641443252563477,23.93752098083496,12.088149070739746,26.230825424194336,32.60063171386719,40.84782028198242,50.941688537597656,49.3701057434082
2024-11-26,11.118765830993652,9.679476737976074,24.319610595703125,12.168144226074219,26.730823516845703,32.55903244018555,41.363929748535156,50.293643951416016,49.966522216796875
2024-11-27,11.065861701965332,9.28012752532959,23.893281936645508,11.839277267456055,26.07697296142578,32.442543029785156,38.98981475830078,50.90666198730469,49.332237243652344
2024-11-28,10.933599472045898,8.700118064880371,23.192211151123047,11.341530799865723,25.138513565063477,32.10970687866211,36.596946716308594,50.38121795654297,50.08959197998047
2024-11-29,11.224574089050293,8.80471134185791,23.466955184936523,11.225981712341309,25.07697296142578,32.367652893066406,35.264434814453125,51.47589111328125,51.06468200683594
2024-12-02,11.683080673217773,8.909302711486816,23.277475357055664,10.985994338989258,24.721128463745117,32.57566833496094,34.36358642578125,51.59849548339844,50.97948455810547
2024-12-03,12.212126731872559,8.994878768920898,23.561695098876953,10.949474334716797,24.998197555541992,32.86689758300781,34.83278274536133,51.20441436767578,51.68950653076172
2024-12-04,12.282666206359863,9.099468231201172,23.84591293334961,11.074102401733398,25.15212631225586,32.658878326416016,34.0257682800293,50.20606994628906,52.06818389892578
2024-12-05,12.71471881866455,9.299142837524414,24.139604568481445,11.225436210632324,25.690881729125977,32.98338317871094,34.72017288208008,50.61766815185547,52.001914978027344
2024-12-06,12.538371086120605,9.441768646240234,23.42905616760254,10.967279434204102,25.167524337768555,32.47582244873047,32.674503326416016,49.75068664550781,52.63620376586914
2024-12-09,12.529552459716797,9.50832748413086,23.372217178344727,10.896062850952148,25.290666580200195,33.316219329833984,31.388916015625,52.39542007446289,52.77820587158203
2024-12-10,12.58245849609375,9.660460472106934,23.5237979888916,11.109708786010742,25.632980346679688,33.44102096557617,32.30853271484375,52.342872619628906,53.84797286987305
2024-12-11,12.168038368225098,9.879152297973633,24.02591896057129,11.30555534362793,25.881616592407227,33.77385330200195,33.246917724609375,51.52843475341797,55.428951263427734
2024-12-12,11.550819396972656,9.77455997467041,23.707740783691406,10.913865089416504,25.236711502075195,33.169761657714844,31.670433044433594,50.106380462646484,54.71893310546875
2024-12-13,11.533184051513672,9.717510223388672,23.38336753845215,10.771432876586914,24.910377502441406,32.96212387084961,30.24408721923828,49.3553581237793,54.58639144897461
2024-12-16,11.32156753540039,9.622426986694336,23.049453735351562,10.593393325805664,24.638425827026367,32.823699951171875,28.817745208740234,49.328853607177734,54.06571578979492
2024-12-17,11.550819396972656,9.622426986694336,23.297504425048828,10.67350959777832,24.770511627197266,33.135154724121094,29.258787155151367,49.57624816894531,54.81360626220703
2024-12-18,11.251028060913086,9.375210762023926,22.648761749267578,10.228411674499512,24.06345558166504,32.278663635253906,28.45513153076172,48.42762756347656,54.00890350341797
2024-12-19,11.268661499023438,9.489309310913086,22.791866302490234,10.237313270568848,24.195541381835938,32.14889144897461,30.946025848388672,47.508731842041016,53.450355529785156
2024-12-20,11.378069877624512,9.76505184173584,22.973133087158203,10.468764305114746,24.47525978088379,31.880693435668945,32.02033996582031,48.25975036621094,52.57939910888672
2024-12-23,11.368766784667969,9.755544662475586,22.82048797607422,10.28182315826416,24.001293182373047,31.889345169067383,31.259761810302734,48.46296691894531,51.42254638671875
2024-12-26,11.294340133666992,9.822101593017578,23.087617874145508,10.361942291259766,24.15669059753418,32.129066467285156,30.927011489868164,48.60433578491211,51.820735931396484
2024-12-27,11.229215621948242,9.850625991821289,23.00175666809082,10.28182315826416,23.91582489013672,32.0302619934082,30.89849090576172,48.365779876708984,50.891639709472656
2024-12-30,10.922203063964844,9.812592506408691,23.058996200561523,10.290725708007812,23.876972198486328,32.50631332397461,30.61327362060547,48.197906494140625,50.028907775878906
